ma_phan_anh,ngay_tiep_nhan,kenh,ma_don_vi,ten_don_vi,linh_vuc,muc_do,noi_dung,han_xu_ly_ngay,so_ngay_xu_ly,dung_han,diem_hai_long
PA00001,2026-01-01,Tiếp công dân,DV02,Phường Tân Hoà,An sinh xã hội,Thường,"Danh sách nhận hỗ trợ ở Phường Tân Hoà niêm yết thiếu tên, đề nghị kiểm tra lại",10,4,1,
PA00002,2026-01-01,Ứng dụng di động,DV02,Phường Tân Hoà,Cấp thoát nước,Thường,"Nước máy ở Phường Tân Hoà mấy hôm nay có mùi lạ, đề nghị kiểm tra chất lượng",10,2,1,
PA00003,2026-01-01,Ứng dụng di động,DV02,Phường Tân Hoà,Cấp thoát nước,Thường,"Khu dân cư Phường Tân Hoà mất nước từ sáng đến chiều, không thấy thông báo trước",10,3,1,
PA00004,2026-01-01,Cổng dịch vụ công,DV02,Phường Tân Hoà,Vệ sinh môi trường,Thường,"Xe thu gom rác ở Phường Tân Hoà đổi giờ mà không báo, dân để rác ra đường cả buổi",10,5,1,5
PA00005,2026-01-01,Ứng dụng di động,DV03,Phường Đông Giang,Cấp thoát nước,Khẩn,"Ống nước trước nhà văn hoá Phường Đông Giang rò rỉ, nước chảy ra đường suốt ngày",5,3,1,
PA00006,2026-01-01,Tổng đài 1022,DV03,Phường Đông Giang,Hạ tầng giao thông,Thường,Nắp cống trên tuyến đường liên xã qua Phường Đông Giang bị vỡ đã hai tuần chưa ai sửa,10,36,0,
PA00007,2026-01-01,Ứng dụng di động,DV04,Phường Nam Phong,Hạ tầng giao thông,Thường,"Mặt đường Phường Nam Phong sau khi đào lắp ống nước hoàn trả không phẳng, đi rất xóc",10,5,1,
PA00008,2026-01-01,Tổng đài 1022,DV05,Xã Bình An,Cấp thoát nước,Thường,"Ống nước trước nhà văn hoá Xã Bình An rò rỉ, nước chảy ra đường suốt ngày",10,2,1,4
PA00009,2026-01-01,Cổng dịch vụ công,DV06,Xã Long Thành,Hạ tầng giao thông,Thường,"Đoạn đường trước Xã Long Thành xuống cấp, nhiều ổ gà, xe máy tránh nhau rất nguy hiểm",10,5,1,4
PA00010,2026-01-01,Cổng dịch vụ công,DV08,Xã Vĩnh Lộc,Cấp thoát nước,Thường,"Mưa là ngập cả tuyến ở Xã Vĩnh Lộc, cống thoát nghẹt không rút được",10,10,1,
PA00011,2026-01-01,Ứng dụng di động,DV11,Xã Mỹ Khánh,Hạ tầng giao thông,Thường,"Cầu nhỏ bắc qua kênh ở Xã Mỹ Khánh mục lan can, trẻ em đi học qua rất lo",10,3,1,
PA00012,2026-01-01,Cổng dịch vụ công,DV12,Xã Hương Trà,Chiếu sáng công cộng,Thường,"Ngõ vào cụm dân cư Xã Hương Trà chưa có đèn chiếu sáng, đã kiến nghị hai lần",10,7,1,
PA00013,2026-01-01,Tổng đài 1022,DV12,Xã Hương Trà,Thủ tục hành chính,Thường,Nộp hồ sơ chứng thực tại Xã Hương Trà hẹn 3 ngày nhưng quá 8 ngày chưa có kết quả,10,2,1,
PA00014,2026-01-01,Tổng đài 1022,DV12,Xã Hương Trà,Vệ sinh môi trường,Thường,"Rác tồn đọng ở điểm tập kết gần chợ Xã Hương Trà ba ngày chưa thu gom, mùi rất nặng",10,11,0,2
PA00015,2026-01-02,Cổng dịch vụ công,DV01,Phường Hoà Thuận,Hạ tầng giao thông,Khẩn,"Mặt đường Phường Hoà Thuận sau khi đào lắp ống nước hoàn trả không phẳng, đi rất xóc",5,5,1,5
PA00016,2026-01-02,Tổng đài 1022,DV02,Phường Tân Hoà,Trật tự đô thị,Thường,Xe tải trọng lớn chạy vào đường nội bộ Phường Tân Hoà ngoài giờ quy định,10,5,1,5
PA00017,2026-01-02,Ứng dụng di động,DV02,Phường Tân Hoà,Hạ tầng giao thông,Thường,"Mặt đường Phường Tân Hoà sau khi đào lắp ống nước hoàn trả không phẳng, đi rất xóc",10,8,1,
PA00018,2026-01-02,Cổng dịch vụ công,DV04,Phường Nam Phong,Chiếu sáng công cộng,Thường,"Ngõ vào cụm dân cư Phường Nam Phong chưa có đèn chiếu sáng, đã kiến nghị hai lần",10,8,1,
PA00019,2026-01-02,Tổng đài 1022,DV05,Xã Bình An,Vệ sinh môi trường,Khẩn,"Rác tồn đọng ở điểm tập kết gần chợ Xã Bình An ba ngày chưa thu gom, mùi rất nặng",5,1,1,
PA00020,2026-01-02,Ứng dụng di động,DV08,Xã Vĩnh Lộc,Thủ tục hành chính,Thường,Đã nộp trực tuyến nhưng Xã Vĩnh Lộc vẫn yêu cầu nộp thêm bản giấy,10,6,1,4
PA00021,2026-01-02,Văn bản giấy,DV09,Xã An Cư,Thủ tục hành chính,Khẩn,Cán bộ một cửa Xã An Cư yêu cầu giấy tờ ngoài danh mục niêm yết,5,5,1,4
PA00022,2026-01-02,Văn bản giấy,DV10,Xã Thanh Sơn,Hạ tầng giao thông,Thường,"Đoạn đường trước Xã Thanh Sơn xuống cấp, nhiều ổ gà, xe máy tránh nhau rất nguy hiểm",10,6,1,
PA00023,2026-01-02,Tổng đài 1022,DV11,Xã Mỹ Khánh,Cấp thoát nước,Thường,"Ống nước trước nhà văn hoá Xã Mỹ Khánh rò rỉ, nước chảy ra đường suốt ngày",10,9,1,5
PA00024,2026-01-03,Cổng dịch vụ công,DV01,Phường Hoà Thuận,An sinh xã hội,Thường,"Hộ cận nghèo ở Phường Hoà Thuận chưa nhận được hỗ trợ đợt này, đề nghị rà soát",10,10,1,
PA00025,2026-01-03,Tổng đài 1022,DV02,Phường Tân Hoà,Thủ tục hành chính,Thường,"Cổng dịch vụ công báo lỗi khi tải giấy tờ lên, gọi Phường Tân Hoà không ai nghe máy",10,10,1,3
PA00026,2026-01-03,Ứng dụng di động,DV02,Phường Tân Hoà,An sinh xã hội,Khẩn,Người cao tuổi ở Phường Tân Hoà chưa được hướng dẫn làm thủ tục trợ cấp,5,7,0,
PA00027,2026-01-03,Tổng đài 1022,DV03,Phường Đông Giang,Thủ tục hành chính,Thường,Đã nộp trực tuyến nhưng Phường Đông Giang vẫn yêu cầu nộp thêm bản giấy,10,2,1,
PA00028,2026-01-03,Tổng đài 1022,DV05,Xã Bình An,Hạ tầng giao thông,Thường,"Đoạn đường trước Xã Bình An xuống cấp, nhiều ổ gà, xe máy tránh nhau rất nguy hiểm",10,10,1,
PA00029,2026-01-03,Tổng đài 1022,DV05,Xã Bình An,Cấp thoát nước,Thường,"Khu dân cư Xã Bình An mất nước từ sáng đến chiều, không thấy thông báo trước",10,9,1,5
PA00030,2026-01-04,Ứng dụng di động,DV02,Phường Tân Hoà,Trật tự đô thị,Khẩn,Hàng quán lấn chiếm vỉa hè trước cổng trường tiểu học ở Phường Tân Hoà giờ tan học,5,1,1,
PA00031,2026-01-04,Ứng dụng di động,DV02,Phường Tân Hoà,Hạ tầng giao thông,Thường,"Đoạn đường trước Phường Tân Hoà xuống cấp, nhiều ổ gà, xe máy tránh nhau rất nguy hiểm",10,15,0,
PA00032,2026-01-04,Tổng đài 1022,DV02,Phường Tân Hoà,Hạ tầng giao thông,Thường,"Mặt đường Phường Tân Hoà sau khi đào lắp ống nước hoàn trả không phẳng, đi rất xóc",10,6,1,5
PA00033,2026-01-04,Ứng dụng di động,DV02,Phường Tân Hoà,Vệ sinh môi trường,Thường,"Có hộ đổ trộm xà bần ra bãi đất trống ở Phường Tân Hoà, đề nghị kiểm tra",10,6,1,4
PA00034,2026-01-04,Tiếp công dân,DV02,Phường Tân Hoà,Hạ tầng giao thông,Thường,"Mặt đường Phường Tân Hoà sau khi đào lắp ống nước hoàn trả không phẳng, đi rất xóc",10,6,1,4
PA00035,2026-01-04,Tổng đài 1022,DV03,Phường Đông Giang,Hạ tầng giao thông,Thường,Nắp cống trên tuyến đường liên xã qua Phường Đông Giang bị vỡ đã hai tuần chưa ai sửa,10,6,1,
PA00036,2026-01-04,Tiếp công dân,DV04,Phường Nam Phong,Thủ tục hành chính,Khẩn,Cán bộ một cửa Phường Nam Phong yêu cầu giấy tờ ngoài danh mục niêm yết,5,4,1,
PA00037,2026-01-04,Ứng dụng di động,DV05,Xã Bình An,Hạ tầng giao thông,Thường,"Mặt đường Xã Bình An sau khi đào lắp ống nước hoàn trả không phẳng, đi rất xóc",10,9,1,5
PA00038,2026-01-04,Cổng dịch vụ công,DV06,Xã Long Thành,Hạ tầng giao thông,Thường,"Mặt đường Xã Long Thành sau khi đào lắp ống nước hoàn trả không phẳng, đi rất xóc",10,3,1,5
PA00039,2026-01-04,Văn bản giấy,DV07,Xã Phú Điền,Vệ sinh môi trường,Khẩn,"Rác tồn đọng ở điểm tập kết gần chợ Xã Phú Điền ba ngày chưa thu gom, mùi rất nặng",5,2,1,
PA00040,2026-01-04,Ứng dụng di động,DV12,Xã Hương Trà,Hạ tầng giao thông,Thường,"Mặt đường Xã Hương Trà sau khi đào lắp ống nước hoàn trả không phẳng, đi rất xóc",10,12,0,3
PA00041,2026-01-05,Tổng đài 1022,DV01,Phường Hoà Thuận,Vệ sinh môi trường,Thường,"Xe thu gom rác ở Phường Hoà Thuận đổi giờ mà không báo, dân để rác ra đường cả buổi",10,15,0,3
PA00042,2026-01-05,Tiếp công dân,DV01,Phường Hoà Thuận,Cấp thoát nước,Thường,"Ống nước trước nhà văn hoá Phường Hoà Thuận rò rỉ, nước chảy ra đường suốt ngày",10,6,1,
PA00043,2026-01-05,Cổng dịch vụ công,DV02,Phường Tân Hoà,Trật tự đô thị,Thường,Bãi giữ xe tự phát ở Phường Tân Hoà chắn lối đi chung của khu dân cư,10,11,0,
PA00044,2026-01-05,Ứng dụng di động,DV02,Phường Tân Hoà,Vệ sinh môi trường,Thường,"Rác tồn đọng ở điểm tập kết gần chợ Phường Tân Hoà ba ngày chưa thu gom, mùi rất nặng",10,10,1,4
PA00045,2026-01-05,Cổng dịch vụ công,DV04,Phường Nam Phong,Vệ sinh môi trường,Thường,"Có hộ đổ trộm xà bần ra bãi đất trống ở Phường Nam Phong, đề nghị kiểm tra",10,3,1,3
PA00046,2026-01-05,Tổng đài 1022,DV04,Phường Nam Phong,Chiếu sáng công cộng,Thường,"Đèn chiếu sáng khu vực Phường Nam Phong bật cả ban ngày, rất lãng phí điện",10,4,1,
PA00047,2026-01-05,Tiếp công dân,DV04,Phường Nam Phong,Cấp thoát nước,Thường,"Ống nước trước nhà văn hoá Phường Nam Phong rò rỉ, nước chảy ra đường suốt ngày",10,7,1,4
PA00048,2026-01-05,Tổng đài 1022,DV04,Phường Nam Phong,Cấp thoát nước,Thường,"Nước máy ở Phường Nam Phong mấy hôm nay có mùi lạ, đề nghị kiểm tra chất lượng",10,7,1,5
PA00049,2026-01-05,Cổng dịch vụ công,DV05,Xã Bình An,Hạ tầng giao thông,Thường,"Cầu nhỏ bắc qua kênh ở Xã Bình An mục lan can, trẻ em đi học qua rất lo",10,5,1,
PA00050,2026-01-05,Tổng đài 1022,DV05,Xã Bình An,Trật tự đô thị,Thường,Xe tải trọng lớn chạy vào đường nội bộ Xã Bình An ngoài giờ quy định,10,9,1,
PA00051,2026-01-05,Văn bản giấy,DV07,Xã Phú Điền,Vệ sinh môi trường,Khẩn,"Rác tồn đọng ở điểm tập kết gần chợ Xã Phú Điền ba ngày chưa thu gom, mùi rất nặng",5,2,1,5
PA00052,2026-01-05,Tiếp công dân,DV11,Xã Mỹ Khánh,Trật tự đô thị,Thường,Xe tải trọng lớn chạy vào đường nội bộ Xã Mỹ Khánh ngoài giờ quy định,10,4,1,
PA00053,2026-01-06,Tổng đài 1022,DV02,Phường Tân Hoà,Cấp thoát nước,Thường,"Nước máy ở Phường Tân Hoà mấy hôm nay có mùi lạ, đề nghị kiểm tra chất lượng",10,4,1,5
PA00054,2026-01-06,Tổng đài 1022,DV02,Phường Tân Hoà,Trật tự đô thị,Khẩn,Xe tải trọng lớn chạy vào đường nội bộ Phường Tân Hoà ngoài giờ quy định,5,3,1,
PA00055,2026-01-06,Cổng dịch vụ công,DV02,Phường Tân Hoà,Vệ sinh môi trường,Thường,"Kênh chạy qua Phường Tân Hoà nổi váng đen, nghi có cơ sở xả thải ban đêm",10,9,1,4
PA00056,2026-01-06,Tổng đài 1022,DV03,Phường Đông Giang,Chiếu sáng công cộng,Thường,"Ngõ vào cụm dân cư Phường Đông Giang chưa có đèn chiếu sáng, đã kiến nghị hai lần",10,2,1,
PA00057,2026-01-06,Tổng đài 1022,DV03,Phường Đông Giang,Chiếu sáng công cộng,Khẩn,"Đèn chiếu sáng khu vực Phường Đông Giang bật cả ban ngày, rất lãng phí điện",5,3,1,
PA00058,2026-01-06,Tổng đài 1022,DV03,Phường Đông Giang,Vệ sinh môi trường,Khẩn,"Kênh chạy qua Phường Đông Giang nổi váng đen, nghi có cơ sở xả thải ban đêm",5,3,1,3
PA00059,2026-01-06,Cổng dịch vụ công,DV05,Xã Bình An,Trật tự đô thị,Thường,Hàng quán lấn chiếm vỉa hè trước cổng trường tiểu học ở Xã Bình An giờ tan học,10,13,0,4
PA00060,2026-01-06,Ứng dụng di động,DV05,Xã Bình An,Cấp thoát nước,Thường,"Khu dân cư Xã Bình An mất nước từ sáng đến chiều, không thấy thông báo trước",10,7,1,
PA00061,2026-01-06,Văn bản giấy,DV07,Xã Phú Điền,Hạ tầng giao thông,Thường,"Cầu nhỏ bắc qua kênh ở Xã Phú Điền mục lan can, trẻ em đi học qua rất lo",10,17,0,2
PA00062,2026-01-06,Văn bản giấy,DV08,Xã Vĩnh Lộc,Thủ tục hành chính,Khẩn,Đã nộp trực tuyến nhưng Xã Vĩnh Lộc vẫn yêu cầu nộp thêm bản giấy,5,4,1,
PA00063,2026-01-06,Tổng đài 1022,DV09,Xã An Cư,Hạ tầng giao thông,Thường,"Đoạn đường trước Xã An Cư xuống cấp, nhiều ổ gà, xe máy tránh nhau rất nguy hiểm",10,7,1,
PA00064,2026-01-07,Văn bản giấy,DV01,Phường Hoà Thuận,Khác,Thường,"Loa phát thanh ở Phường Hoà Thuận phát quá sớm, ảnh hưởng người già và trẻ nhỏ",10,5,1,
PA00065,2026-01-07,Văn bản giấy,DV02,Phường Tân Hoà,An sinh xã hội,Thường,"Danh sách nhận hỗ trợ ở Phường Tân Hoà niêm yết thiếu tên, đề nghị kiểm tra lại",10,7,1,
PA00066,2026-01-07,Ứng dụng di động,DV02,Phường Tân Hoà,Thủ tục hành chính,Thường,Nộp hồ sơ chứng thực tại Phường Tân Hoà hẹn 3 ngày nhưng quá 8 ngày chưa có kết quả,10,5,1,4
PA00067,2026-01-07,Cổng dịch vụ công,DV02,Phường Tân Hoà,Vệ sinh môi trường,Thường,"Có hộ đổ trộm xà bần ra bãi đất trống ở Phường Tân Hoà, đề nghị kiểm tra",10,7,1,
PA00068,2026-01-07,Tổng đài 1022,DV04,Phường Nam Phong,Vệ sinh môi trường,Thường,"Rác tồn đọng ở điểm tập kết gần chợ Phường Nam Phong ba ngày chưa thu gom, mùi rất nặng",10,10,1,
PA00069,2026-01-07,Tổng đài 1022,DV04,Phường Nam Phong,Vệ sinh môi trường,Thường,"Kênh chạy qua Phường Nam Phong nổi váng đen, nghi có cơ sở xả thải ban đêm",10,12,0,4
PA00070,2026-01-07,Cổng dịch vụ công,DV04,Phường Nam Phong,Cấp thoát nước,Thường,"Mưa là ngập cả tuyến ở Phường Nam Phong, cống thoát nghẹt không rút được",10,3,1,5
PA00071,2026-01-07,Ứng dụng di động,DV09,Xã An Cư,Chiếu sáng công cộng,Thường,"Ba cột đèn đường ở Xã An Cư cháy bóng, ban đêm tối om rất mất an toàn",10,7,1,4
PA00072,2026-01-07,Tổng đài 1022,DV09,Xã An Cư,Hạ tầng giao thông,Thường,"Mặt đường Xã An Cư sau khi đào lắp ống nước hoàn trả không phẳng, đi rất xóc",10,5,1,5
PA00073,2026-01-07,Văn bản giấy,DV11,Xã Mỹ Khánh,Chiếu sáng công cộng,Thường,"Đèn chiếu sáng khu vực Xã Mỹ Khánh bật cả ban ngày, rất lãng phí điện",10,13,0,
PA00074,2026-01-07,Cổng dịch vụ công,DV12,Xã Hương Trà,Khác,Thường,"Loa phát thanh ở Xã Hương Trà phát quá sớm, ảnh hưởng người già và trẻ nhỏ",10,6,1,
PA00075,2026-01-08,Tổng đài 1022,DV01,Phường Hoà Thuận,Vệ sinh môi trường,Thường,"Kênh chạy qua Phường Hoà Thuận nổi váng đen, nghi có cơ sở xả thải ban đêm",10,9,1,
PA00076,2026-01-08,Tổng đài 1022,DV02,Phường Tân Hoà,Vệ sinh môi trường,Thường,"Xe thu gom rác ở Phường Tân Hoà đổi giờ mà không báo, dân để rác ra đường cả buổi",10,7,1,
PA00077,2026-01-08,Tổng đài 1022,DV02,Phường Tân Hoà,Trật tự đô thị,Khẩn,"Có công trình ở Phường Tân Hoà thi công sau 22 giờ gây ồn, đề nghị kiểm tra giấy phép",5,6,0,
PA00078,2026-01-08,Tổng đài 1022,DV03,Phường Đông Giang,Vệ sinh môi trường,Khẩn,"Kênh chạy qua Phường Đông Giang nổi váng đen, nghi có cơ sở xả thải ban đêm",5,1,1,
PA00079,2026-01-08,Cổng dịch vụ công,DV03,Phường Đông Giang,Chiếu sáng công cộng,Thường,"Ba cột đèn đường ở Phường Đông Giang cháy bóng, ban đêm tối om rất mất an toàn",10,9,1,4
PA00080,2026-01-08,Cổng dịch vụ công,DV06,Xã Long Thành,An sinh xã hội,Rất khẩn,"Hộ cận nghèo ở Xã Long Thành chưa nhận được hỗ trợ đợt này, đề nghị rà soát",2,2,1,
PA00081,2026-01-08,Văn bản giấy,DV12,Xã Hương Trà,Vệ sinh môi trường,Khẩn,"Kênh chạy qua Xã Hương Trà nổi váng đen, nghi có cơ sở xả thải ban đêm",5,5,1,3
PA00082,2026-01-09,Cổng dịch vụ công,DV01,Phường Hoà Thuận,Vệ sinh môi trường,Thường,"Có hộ đổ trộm xà bần ra bãi đất trống ở Phường Hoà Thuận, đề nghị kiểm tra",10,6,1,5
PA00083,2026-01-09,Cổng dịch vụ công,DV02,Phường Tân Hoà,Cấp thoát nước,Khẩn,"Mưa là ngập cả tuyến ở Phường Tân Hoà, cống thoát nghẹt không rút được",5,5,1,3
PA00084,2026-01-09,Tổng đài 1022,DV02,Phường Tân Hoà,Thủ tục hành chính,Thường,"Cổng dịch vụ công báo lỗi khi tải giấy tờ lên, gọi Phường Tân Hoà không ai nghe máy",10,5,1,5
PA00085,2026-01-09,Cổng dịch vụ công,DV02,Phường Tân Hoà,Hạ tầng giao thông,Thường,"Đoạn đường trước Phường Tân Hoà xuống cấp, nhiều ổ gà, xe máy tránh nhau rất nguy hiểm",10,8,1,
PA00086,2026-01-09,Tổng đài 1022,DV02,Phường Tân Hoà,Hạ tầng giao thông,Khẩn,"Đoạn đường trước Phường Tân Hoà xuống cấp, nhiều ổ gà, xe máy tránh nhau rất nguy hiểm",5,5,1,4
PA00087,2026-01-09,Ứng dụng di động,DV03,Phường Đông Giang,Hạ tầng giao thông,Thường,"Cầu nhỏ bắc qua kênh ở Phường Đông Giang mục lan can, trẻ em đi học qua rất lo",10,2,1,4
PA00088,2026-01-09,Ứng dụng di động,DV03,Phường Đông Giang,Hạ tầng giao thông,Thường,"Mặt đường Phường Đông Giang sau khi đào lắp ống nước hoàn trả không phẳng, đi rất xóc",10,6,1,
PA00089,2026-01-09,Ứng dụng di động,DV08,Xã Vĩnh Lộc,Vệ sinh môi trường,Thường,"Kênh chạy qua Xã Vĩnh Lộc nổi váng đen, nghi có cơ sở xả thải ban đêm",10,12,0,3
PA00090,2026-01-09,Văn bản giấy,DV12,Xã Hương Trà,Hạ tầng giao thông,Thường,"Đoạn đường trước Xã Hương Trà xuống cấp, nhiều ổ gà, xe máy tránh nhau rất nguy hiểm",10,2,1,
PA00091,2026-01-09,Tổng đài 1022,DV12,Xã Hương Trà,Vệ sinh môi trường,Thường,"Rác tồn đọng ở điểm tập kết gần chợ Xã Hương Trà ba ngày chưa thu gom, mùi rất nặng",10,11,0,
PA00092,2026-01-10,Tổng đài 1022,DV01,Phường Hoà Thuận,Vệ sinh môi trường,Thường,"Có hộ đổ trộm xà bần ra bãi đất trống ở Phường Hoà Thuận, đề nghị kiểm tra",10,5,1,
PA00093,2026-01-10,Tổng đài 1022,DV01,Phường Hoà Thuận,Chiếu sáng công cộng,Thường,"Ba cột đèn đường ở Phường Hoà Thuận cháy bóng, ban đêm tối om rất mất an toàn",10,4,1,5
PA00094,2026-01-10,Cổng dịch vụ công,DV01,Phường Hoà Thuận,Trật tự đô thị,Thường,"Có công trình ở Phường Hoà Thuận thi công sau 22 giờ gây ồn, đề nghị kiểm tra giấy phép",10,6,1,
PA00095,2026-01-10,Cổng dịch vụ công,DV02,Phường Tân Hoà,Cấp thoát nước,Rất khẩn,"Nước máy ở Phường Tân Hoà mấy hôm nay có mùi lạ, đề nghị kiểm tra chất lượng",2,1,1,
PA00096,2026-01-10,Ứng dụng di động,DV02,Phường Tân Hoà,Hạ tầng giao thông,Thường,"Cầu nhỏ bắc qua kênh ở Phường Tân Hoà mục lan can, trẻ em đi học qua rất lo",10,10,1,5
PA00097,2026-01-10,Cổng dịch vụ công,DV04,Phường Nam Phong,Cấp thoát nước,Khẩn,"Nước máy ở Phường Nam Phong mấy hôm nay có mùi lạ, đề nghị kiểm tra chất lượng",5,4,1,4
PA00098,2026-01-10,Cổng dịch vụ công,DV05,Xã Bình An,Hạ tầng giao thông,Thường,"Cầu nhỏ bắc qua kênh ở Xã Bình An mục lan can, trẻ em đi học qua rất lo",10,12,0,
PA00099,2026-01-10,Cổng dịch vụ công,DV05,Xã Bình An,Khác,Thường,"Loa phát thanh ở Xã Bình An phát quá sớm, ảnh hưởng người già và trẻ nhỏ",10,11,0,4
PA00100,2026-01-10,Ứng dụng di động,DV07,Xã Phú Điền,Cấp thoát nước,Thường,"Khu dân cư Xã Phú Điền mất nước từ sáng đến chiều, không thấy thông báo trước",10,5,1,
PA00101,2026-01-10,Văn bản giấy,DV08,Xã Vĩnh Lộc,Trật tự đô thị,Thường,Bãi giữ xe tự phát ở Xã Vĩnh Lộc chắn lối đi chung của khu dân cư,10,8,1,5
PA00102,2026-01-10,Tổng đài 1022,DV09,Xã An Cư,Vệ sinh môi trường,Khẩn,"Rác tồn đọng ở điểm tập kết gần chợ Xã An Cư ba ngày chưa thu gom, mùi rất nặng",5,5,1,
PA00103,2026-01-11,Văn bản giấy,DV01,Phường Hoà Thuận,Hạ tầng giao thông,Khẩn,Nắp cống trên tuyến đường liên xã qua Phường Hoà Thuận bị vỡ đã hai tuần chưa ai sửa,5,4,1,2
PA00104,2026-01-11,Cổng dịch vụ công,DV02,Phường Tân Hoà,Hạ tầng giao thông,Thường,"Mặt đường Phường Tân Hoà sau khi đào lắp ống nước hoàn trả không phẳng, đi rất xóc",10,6,1,
PA00105,2026-01-11,Ứng dụng di động,DV02,Phường Tân Hoà,Thủ tục hành chính,Thường,Cán bộ một cửa Phường Tân Hoà yêu cầu giấy tờ ngoài danh mục niêm yết,10,6,1,4
PA00106,2026-01-11,Tổng đài 1022,DV02,Phường Tân Hoà,Hạ tầng giao thông,Thường,"Cầu nhỏ bắc qua kênh ở Phường Tân Hoà mục lan can, trẻ em đi học qua rất lo",10,2,1,
PA00107,2026-01-11,Tổng đài 1022,DV03,Phường Đông Giang,Trật tự đô thị,Thường,"Có công trình ở Phường Đông Giang thi công sau 22 giờ gây ồn, đề nghị kiểm tra giấy phép",10,12,0,
PA00108,2026-01-11,Cổng dịch vụ công,DV03,Phường Đông Giang,Trật tự đô thị,Thường,Hàng quán lấn chiếm vỉa hè trước cổng trường tiểu học ở Phường Đông Giang giờ tan học,10,5,1,4
PA00109,2026-01-11,Ứng dụng di động,DV04,Phường Nam Phong,Hạ tầng giao thông,Thường,"Cầu nhỏ bắc qua kênh ở Phường Nam Phong mục lan can, trẻ em đi học qua rất lo",10,12,0,3
PA00110,2026-01-11,Tổng đài 1022,DV05,Xã Bình An,Trật tự đô thị,Thường,Bãi giữ xe tự phát ở Xã Bình An chắn lối đi chung của khu dân cư,10,7,1,4
PA00111,2026-01-11,Văn bản giấy,DV05,Xã Bình An,Hạ tầng giao thông,Thường,Nắp cống trên tuyến đường liên xã qua Xã Bình An bị vỡ đã hai tuần chưa ai sửa,10,6,1,
PA00112,2026-01-11,Ứng dụng di động,DV06,Xã Long Thành,Hạ tầng giao thông,Thường,Nắp cống trên tuyến đường liên xã qua Xã Long Thành bị vỡ đã hai tuần chưa ai sửa,10,9,1,5
PA00113,2026-01-11,Tổng đài 1022,DV06,Xã Long Thành,Vệ sinh môi trường,Thường,"Rác tồn đọng ở điểm tập kết gần chợ Xã Long Thành ba ngày chưa thu gom, mùi rất nặng",10,45,0,3
PA00114,2026-01-11,Cổng dịch vụ công,DV06,Xã Long Thành,Trật tự đô thị,Thường,"Có công trình ở Xã Long Thành thi công sau 22 giờ gây ồn, đề nghị kiểm tra giấy phép",10,19,0,
PA00115,2026-01-11,Tổng đài 1022,DV11,Xã Mỹ Khánh,Vệ sinh môi trường,Thường,"Rác tồn đọng ở điểm tập kết gần chợ Xã Mỹ Khánh ba ngày chưa thu gom, mùi rất nặng",10,11,0,
PA00116,2026-01-11,Tổng đài 1022,DV12,Xã Hương Trà,Hạ tầng giao thông,Thường,Nắp cống trên tuyến đường liên xã qua Xã Hương Trà bị vỡ đã hai tuần chưa ai sửa,10,7,1,5
PA00117,2026-01-12,Tiếp công dân,DV01,Phường Hoà Thuận,Trật tự đô thị,Thường,Bãi giữ xe tự phát ở Phường Hoà Thuận chắn lối đi chung của khu dân cư,10,10,1,
PA00118,2026-01-12,Cổng dịch vụ công,DV01,Phường Hoà Thuận,Thủ tục hành chính,Thường,Cán bộ một cửa Phường Hoà Thuận yêu cầu giấy tờ ngoài danh mục niêm yết,10,6,1,
PA00119,2026-01-12,Tiếp công dân,DV02,Phường Tân Hoà,Hạ tầng giao thông,Thường,"Đoạn đường trước Phường Tân Hoà xuống cấp, nhiều ổ gà, xe máy tránh nhau rất nguy hiểm",10,6,1,
PA00120,2026-01-12,Cổng dịch vụ công,DV04,Phường Nam Phong,Hạ tầng giao thông,Thường,"Đoạn đường trước Phường Nam Phong xuống cấp, nhiều ổ gà, xe máy tránh nhau rất nguy hiểm",10,7,1,4
PA00121,2026-01-12,Văn bản giấy,DV04,Phường Nam Phong,Cấp thoát nước,Thường,"Mưa là ngập cả tuyến ở Phường Nam Phong, cống thoát nghẹt không rút được",10,3,1,
PA00122,2026-01-12,Tổng đài 1022,DV04,Phường Nam Phong,Trật tự đô thị,Thường,Xe tải trọng lớn chạy vào đường nội bộ Phường Nam Phong ngoài giờ quy định,10,5,1,4
PA00123,2026-01-12,Cổng dịch vụ công,DV05,Xã Bình An,Hạ tầng giao thông,Thường,"Đoạn đường trước Xã Bình An xuống cấp, nhiều ổ gà, xe máy tránh nhau rất nguy hiểm",10,7,1,4
PA00124,2026-01-12,Tổng đài 1022,DV05,Xã Bình An,Thủ tục hành chính,Thường,Đã nộp trực tuyến nhưng Xã Bình An vẫn yêu cầu nộp thêm bản giấy,10,8,1,5
PA00125,2026-01-12,Tổng đài 1022,DV05,Xã Bình An,An sinh xã hội,Khẩn,"Hộ cận nghèo ở Xã Bình An chưa nhận được hỗ trợ đợt này, đề nghị rà soát",5,2,1,
PA00126,2026-01-12,Tổng đài 1022,DV11,Xã Mỹ Khánh,An sinh xã hội,Thường,"Hộ cận nghèo ở Xã Mỹ Khánh chưa nhận được hỗ trợ đợt này, đề nghị rà soát",10,9,1,5
PA00127,2026-01-12,Cổng dịch vụ công,DV12,Xã Hương Trà,Hạ tầng giao thông,Khẩn,"Cầu nhỏ bắc qua kênh ở Xã Hương Trà mục lan can, trẻ em đi học qua rất lo",5,1,1,
PA00128,2026-01-13,Ứng dụng di động,DV01,Phường Hoà Thuận,Thủ tục hành chính,Thường,Cán bộ một cửa Phường Hoà Thuận yêu cầu giấy tờ ngoài danh mục niêm yết,10,6,1,
PA00129,2026-01-13,Tổng đài 1022,DV01,Phường Hoà Thuận,Khác,Thường,"Loa phát thanh ở Phường Hoà Thuận phát quá sớm, ảnh hưởng người già và trẻ nhỏ",10,11,0,
PA00130,2026-01-13,Tổng đài 1022,DV02,Phường Tân Hoà,Hạ tầng giao thông,Thường,"Đoạn đường trước Phường Tân Hoà xuống cấp, nhiều ổ gà, xe máy tránh nhau rất nguy hiểm",10,9,1,
PA00131,2026-01-13,Tiếp công dân,DV02,Phường Tân Hoà,Vệ sinh môi trường,Khẩn,"Kênh chạy qua Phường Tân Hoà nổi váng đen, nghi có cơ sở xả thải ban đêm",5,2,1,3
PA00132,2026-01-13,Cổng dịch vụ công,DV03,Phường Đông Giang,Trật tự đô thị,Khẩn,Xe tải trọng lớn chạy vào đường nội bộ Phường Đông Giang ngoài giờ quy định,5,4,1,
PA00133,2026-01-13,Cổng dịch vụ công,DV04,Phường Nam Phong,Cấp thoát nước,Khẩn,"Ống nước trước nhà văn hoá Phường Nam Phong rò rỉ, nước chảy ra đường suốt ngày",5,2,1,4
PA00134,2026-01-13,Ứng dụng di động,DV04,Phường Nam Phong,Khác,Thường,Đề nghị Phường Nam Phong thông tin rõ kế hoạch chỉnh trang khu dân cư năm tới,10,4,1,
PA00135,2026-01-13,Ứng dụng di động,DV05,Xã Bình An,Trật tự đô thị,Thường,Bãi giữ xe tự phát ở Xã Bình An chắn lối đi chung của khu dân cư,10,12,0,
PA00136,2026-01-13,Tổng đài 1022,DV05,Xã Bình An,Cấp thoát nước,Thường,"Nước máy ở Xã Bình An mấy hôm nay có mùi lạ, đề nghị kiểm tra chất lượng",10,6,1,3
PA00137,2026-01-13,Ứng dụng di động,DV05,Xã Bình An,Trật tự đô thị,Khẩn,Hàng quán lấn chiếm vỉa hè trước cổng trường tiểu học ở Xã Bình An giờ tan học,5,6,0,3
PA00138,2026-01-13,Tiếp công dân,DV09,Xã An Cư,Hạ tầng giao thông,Thường,"Đoạn đường trước Xã An Cư xuống cấp, nhiều ổ gà, xe máy tránh nhau rất nguy hiểm",10,13,0,3
PA00139,2026-01-13,Tổng đài 1022,DV11,Xã Mỹ Khánh,Cấp thoát nước,Thường,"Khu dân cư Xã Mỹ Khánh mất nước từ sáng đến chiều, không thấy thông báo trước",10,1,1,
PA00140,2026-01-14,Ứng dụng di động,DV01,Phường Hoà Thuận,Khác,Thường,Đề nghị Phường Hoà Thuận thông tin rõ kế hoạch chỉnh trang khu dân cư năm tới,10,16,0,
PA00141,2026-01-14,Tổng đài 1022,DV01,Phường Hoà Thuận,Trật tự đô thị,Thường,"Có công trình ở Phường Hoà Thuận thi công sau 22 giờ gây ồn, đề nghị kiểm tra giấy phép",10,13,0,3
PA00142,2026-01-14,Tổng đài 1022,DV01,Phường Hoà Thuận,Hạ tầng giao thông,Khẩn,"Cầu nhỏ bắc qua kênh ở Phường Hoà Thuận mục lan can, trẻ em đi học qua rất lo",5,2,1,
PA00143,2026-01-14,Cổng dịch vụ công,DV02,Phường Tân Hoà,Khác,Rất khẩn,Góp ý Phường Tân Hoà mở thêm khung giờ tiếp dân vào buổi chiều thứ bảy,2,1,1,
PA00144,2026-01-14,Văn bản giấy,DV03,Phường Đông Giang,Vệ sinh môi trường,Thường,"Kênh chạy qua Phường Đông Giang nổi váng đen, nghi có cơ sở xả thải ban đêm",10,11,0,3
PA00145,2026-01-14,Tổng đài 1022,DV04,Phường Nam Phong,Vệ sinh môi trường,Thường,"Rác tồn đọng ở điểm tập kết gần chợ Phường Nam Phong ba ngày chưa thu gom, mùi rất nặng",10,5,1,4
PA00146,2026-01-14,Cổng dịch vụ công,DV04,Phường Nam Phong,Cấp thoát nước,Thường,"Mưa là ngập cả tuyến ở Phường Nam Phong, cống thoát nghẹt không rút được",10,2,1,
PA00147,2026-01-14,Cổng dịch vụ công,DV04,Phường Nam Phong,Vệ sinh môi trường,Thường,"Kênh chạy qua Phường Nam Phong nổi váng đen, nghi có cơ sở xả thải ban đêm",10,10,1,
PA00148,2026-01-14,Tiếp công dân,DV07,Xã Phú Điền,Thủ tục hành chính,Thường,Đã nộp trực tuyến nhưng Xã Phú Điền vẫn yêu cầu nộp thêm bản giấy,10,8,1,5
PA00149,2026-01-14,Cổng dịch vụ công,DV07,Xã Phú Điền,Trật tự đô thị,Thường,"Có công trình ở Xã Phú Điền thi công sau 22 giờ gây ồn, đề nghị kiểm tra giấy phép",10,31,0,4
PA00150,2026-01-14,Cổng dịch vụ công,DV09,Xã An Cư,Trật tự đô thị,Thường,Xe tải trọng lớn chạy vào đường nội bộ Xã An Cư ngoài giờ quy định,10,10,1,5
PA00151,2026-01-14,Cổng dịch vụ công,DV10,Xã Thanh Sơn,Trật tự đô thị,Thường,"Có công trình ở Xã Thanh Sơn thi công sau 22 giờ gây ồn, đề nghị kiểm tra giấy phép",10,13,0,
PA00152,2026-01-14,Cổng dịch vụ công,DV12,Xã Hương Trà,Hạ tầng giao thông,Thường,"Đoạn đường trước Xã Hương Trà xuống cấp, nhiều ổ gà, xe máy tránh nhau rất nguy hiểm",10,15,0,
PA00153,2026-01-15,Cổng dịch vụ công,DV01,Phường Hoà Thuận,Cấp thoát nước,Khẩn,"Khu dân cư Phường Hoà Thuận mất nước từ sáng đến chiều, không thấy thông báo trước",5,1,1,4
PA00154,2026-01-15,Cổng dịch vụ công,DV02,Phường Tân Hoà,Chiếu sáng công cộng,Thường,"Đèn chiếu sáng khu vực Phường Tân Hoà bật cả ban ngày, rất lãng phí điện",10,9,1,
PA00155,2026-01-15,Tổng đài 1022,DV02,Phường Tân Hoà,Chiếu sáng công cộng,Thường,"Đèn chiếu sáng khu vực Phường Tân Hoà bật cả ban ngày, rất lãng phí điện",10,11,0,
PA00156,2026-01-15,Cổng dịch vụ công,DV03,Phường Đông Giang,An sinh xã hội,Thường,"Danh sách nhận hỗ trợ ở Phường Đông Giang niêm yết thiếu tên, đề nghị kiểm tra lại",10,8,1,2
PA00157,2026-01-15,Tổng đài 1022,DV04,Phường Nam Phong,Thủ tục hành chính,Thường,"Cổng dịch vụ công báo lỗi khi tải giấy tờ lên, gọi Phường Nam Phong không ai nghe máy",10,16,0,3
PA00158,2026-01-15,Tổng đài 1022,DV05,Xã Bình An,Trật tự đô thị,Thường,Bãi giữ xe tự phát ở Xã Bình An chắn lối đi chung của khu dân cư,10,6,1,2
PA00159,2026-01-15,Cổng dịch vụ công,DV06,Xã Long Thành,Hạ tầng giao thông,Khẩn,"Mặt đường Xã Long Thành sau khi đào lắp ống nước hoàn trả không phẳng, đi rất xóc",5,5,1,
PA00160,2026-01-15,Tổng đài 1022,DV06,Xã Long Thành,Cấp thoát nước,Thường,"Mưa là ngập cả tuyến ở Xã Long Thành, cống thoát nghẹt không rút được",10,6,1,
PA00161,2026-01-15,Cổng dịch vụ công,DV06,Xã Long Thành,Chiếu sáng công cộng,Thường,"Đèn chiếu sáng khu vực Xã Long Thành bật cả ban ngày, rất lãng phí điện",10,10,1,
PA00162,2026-01-15,Cổng dịch vụ công,DV07,Xã Phú Điền,Cấp thoát nước,Thường,"Mưa là ngập cả tuyến ở Xã Phú Điền, cống thoát nghẹt không rút được",10,10,1,
PA00163,2026-01-15,Tổng đài 1022,DV07,Xã Phú Điền,Cấp thoát nước,Thường,"Khu dân cư Xã Phú Điền mất nước từ sáng đến chiều, không thấy thông báo trước",10,10,1,4
PA00164,2026-01-15,Văn bản giấy,DV08,Xã Vĩnh Lộc,An sinh xã hội,Khẩn,Người cao tuổi ở Xã Vĩnh Lộc chưa được hướng dẫn làm thủ tục trợ cấp,5,3,1,
PA00165,2026-01-15,Văn bản giấy,DV12,Xã Hương Trà,Hạ tầng giao thông,Thường,Nắp cống trên tuyến đường liên xã qua Xã Hương Trà bị vỡ đã hai tuần chưa ai sửa,10,5,1,5
PA00166,2026-01-15,Tổng đài 1022,DV12,Xã Hương Trà,Vệ sinh môi trường,Khẩn,"Kênh chạy qua Xã Hương Trà nổi váng đen, nghi có cơ sở xả thải ban đêm",5,6,0,
PA00167,2026-01-16,Cổng dịch vụ công,DV01,Phường Hoà Thuận,Vệ sinh môi trường,Khẩn,"Kênh chạy qua Phường Hoà Thuận nổi váng đen, nghi có cơ sở xả thải ban đêm",5,4,1,
PA00168,2026-01-16,Tiếp công dân,DV02,Phường Tân Hoà,Vệ sinh môi trường,Thường,"Có hộ đổ trộm xà bần ra bãi đất trống ở Phường Tân Hoà, đề nghị kiểm tra",10,6,1,3
PA00169,2026-01-16,Tổng đài 1022,DV02,Phường Tân Hoà,An sinh xã hội,Thường,Người cao tuổi ở Phường Tân Hoà chưa được hướng dẫn làm thủ tục trợ cấp,10,8,1,3
PA00170,2026-01-16,Tổng đài 1022,DV03,Phường Đông Giang,Hạ tầng giao thông,Khẩn,"Cầu nhỏ bắc qua kênh ở Phường Đông Giang mục lan can, trẻ em đi học qua rất lo",5,2,1,
PA00171,2026-01-16,Tổng đài 1022,DV04,Phường Nam Phong,An sinh xã hội,Khẩn,"Danh sách nhận hỗ trợ ở Phường Nam Phong niêm yết thiếu tên, đề nghị kiểm tra lại",5,1,1,
PA00172,2026-01-16,Tổng đài 1022,DV05,Xã Bình An,Chiếu sáng công cộng,Thường,"Ngõ vào cụm dân cư Xã Bình An chưa có đèn chiếu sáng, đã kiến nghị hai lần",10,14,0,
PA00173,2026-01-16,Tổng đài 1022,DV06,Xã Long Thành,Cấp thoát nước,Thường,"Nước máy ở Xã Long Thành mấy hôm nay có mùi lạ, đề nghị kiểm tra chất lượng",10,5,1,
PA00174,2026-01-16,Cổng dịch vụ công,DV07,Xã Phú Điền,Khác,Thường,Góp ý Xã Phú Điền mở thêm khung giờ tiếp dân vào buổi chiều thứ bảy,10,15,0,
PA00175,2026-01-16,Tiếp công dân,DV09,Xã An Cư,Vệ sinh môi trường,Khẩn,"Kênh chạy qua Xã An Cư nổi váng đen, nghi có cơ sở xả thải ban đêm",5,6,0,3
PA00176,2026-01-16,Cổng dịch vụ công,DV09,Xã An Cư,Vệ sinh môi trường,Khẩn,"Có hộ đổ trộm xà bần ra bãi đất trống ở Xã An Cư, đề nghị kiểm tra",5,5,1,5
PA00177,2026-01-16,Tổng đài 1022,DV12,Xã Hương Trà,Vệ sinh môi trường,Thường,"Rác tồn đọng ở điểm tập kết gần chợ Xã Hương Trà ba ngày chưa thu gom, mùi rất nặng",10,9,1,5
PA00178,2026-01-16,Ứng dụng di động,DV12,Xã Hương Trà,Vệ sinh môi trường,Thường,"Kênh chạy qua Xã Hương Trà nổi váng đen, nghi có cơ sở xả thải ban đêm",10,1,1,5
PA00179,2026-01-17,Ứng dụng di động,DV01,Phường Hoà Thuận,Khác,Khẩn,"Loa phát thanh ở Phường Hoà Thuận phát quá sớm, ảnh hưởng người già và trẻ nhỏ",5,1,1,4
PA00180,2026-01-17,Tiếp công dân,DV02,Phường Tân Hoà,Thủ tục hành chính,Thường,Đã nộp trực tuyến nhưng Phường Tân Hoà vẫn yêu cầu nộp thêm bản giấy,10,1,1,
PA00181,2026-01-17,Tổng đài 1022,DV02,Phường Tân Hoà,Chiếu sáng công cộng,Thường,"Đèn chiếu sáng khu vực Phường Tân Hoà bật cả ban ngày, rất lãng phí điện",10,5,1,
PA00182,2026-01-17,Cổng dịch vụ công,DV03,Phường Đông Giang,Hạ tầng giao thông,Thường,"Cầu nhỏ bắc qua kênh ở Phường Đông Giang mục lan can, trẻ em đi học qua rất lo",10,7,1,5
PA00183,2026-01-17,Văn bản giấy,DV03,Phường Đông Giang,Vệ sinh môi trường,Thường,"Xe thu gom rác ở Phường Đông Giang đổi giờ mà không báo, dân để rác ra đường cả buổi",10,9,1,4
PA00184,2026-01-17,Tổng đài 1022,DV04,Phường Nam Phong,Trật tự đô thị,Thường,Xe tải trọng lớn chạy vào đường nội bộ Phường Nam Phong ngoài giờ quy định,10,6,1,
PA00185,2026-01-17,Ứng dụng di động,DV05,Xã Bình An,Cấp thoát nước,Thường,"Mưa là ngập cả tuyến ở Xã Bình An, cống thoát nghẹt không rút được",10,6,1,5
PA00186,2026-01-17,Ứng dụng di động,DV07,Xã Phú Điền,Vệ sinh môi trường,Thường,"Kênh chạy qua Xã Phú Điền nổi váng đen, nghi có cơ sở xả thải ban đêm",10,11,0,1
PA00187,2026-01-17,Ứng dụng di động,DV07,Xã Phú Điền,Khác,Thường,"Loa phát thanh ở Xã Phú Điền phát quá sớm, ảnh hưởng người già và trẻ nhỏ",10,15,0,2
PA00188,2026-01-17,Tổng đài 1022,DV07,Xã Phú Điền,Hạ tầng giao thông,Thường,Nắp cống trên tuyến đường liên xã qua Xã Phú Điền bị vỡ đã hai tuần chưa ai sửa,10,5,1,
PA00189,2026-01-17,Tiếp công dân,DV08,Xã Vĩnh Lộc,Vệ sinh môi trường,Thường,"Xe thu gom rác ở Xã Vĩnh Lộc đổi giờ mà không báo, dân để rác ra đường cả buổi",10,10,1,4
PA00190,2026-01-17,Cổng dịch vụ công,DV08,Xã Vĩnh Lộc,Cấp thoát nước,Khẩn,"Nước máy ở Xã Vĩnh Lộc mấy hôm nay có mùi lạ, đề nghị kiểm tra chất lượng",5,4,1,4
PA00191,2026-01-17,Ứng dụng di động,DV10,Xã Thanh Sơn,Chiếu sáng công cộng,Khẩn,"Ngõ vào cụm dân cư Xã Thanh Sơn chưa có đèn chiếu sáng, đã kiến nghị hai lần",5,2,1,4
PA00192,2026-01-18,Tổng đài 1022,DV02,Phường Tân Hoà,Khác,Khẩn,"Loa phát thanh ở Phường Tân Hoà phát quá sớm, ảnh hưởng người già và trẻ nhỏ",5,3,1,
PA00193,2026-01-18,Tổng đài 1022,DV02,Phường Tân Hoà,Vệ sinh môi trường,Thường,"Có hộ đổ trộm xà bần ra bãi đất trống ở Phường Tân Hoà, đề nghị kiểm tra",10,7,1,
PA00194,2026-01-18,Tổng đài 1022,DV02,Phường Tân Hoà,Chiếu sáng công cộng,Khẩn,"Đèn chiếu sáng khu vực Phường Tân Hoà bật cả ban ngày, rất lãng phí điện",5,1,1,
PA00195,2026-01-18,Ứng dụng di động,DV04,Phường Nam Phong,Khác,Thường,Góp ý Phường Nam Phong mở thêm khung giờ tiếp dân vào buổi chiều thứ bảy,10,4,1,
PA00196,2026-01-18,Văn bản giấy,DV04,Phường Nam Phong,Trật tự đô thị,Thường,Bãi giữ xe tự phát ở Phường Nam Phong chắn lối đi chung của khu dân cư,10,3,1,
PA00197,2026-01-18,Văn bản giấy,DV04,Phường Nam Phong,Khác,Thường,Đề nghị Phường Nam Phong thông tin rõ kế hoạch chỉnh trang khu dân cư năm tới,10,14,0,
PA00198,2026-01-18,Tổng đài 1022,DV04,Phường Nam Phong,Vệ sinh môi trường,Rất khẩn,"Có hộ đổ trộm xà bần ra bãi đất trống ở Phường Nam Phong, đề nghị kiểm tra",2,1,1,
PA00199,2026-01-18,Cổng dịch vụ công,DV05,Xã Bình An,Trật tự đô thị,Thường,Bãi giữ xe tự phát ở Xã Bình An chắn lối đi chung của khu dân cư,10,1,1,
PA00200,2026-01-18,Cổng dịch vụ công,DV05,Xã Bình An,Thủ tục hành chính,Thường,Nộp hồ sơ chứng thực tại Xã Bình An hẹn 3 ngày nhưng quá 8 ngày chưa có kết quả,10,7,1,
PA00201,2026-01-18,Ứng dụng di động,DV09,Xã An Cư,Vệ sinh môi trường,Thường,"Kênh chạy qua Xã An Cư nổi váng đen, nghi có cơ sở xả thải ban đêm",10,10,1,4
PA00202,2026-01-18,Ứng dụng di động,DV10,Xã Thanh Sơn,Trật tự đô thị,Khẩn,Bãi giữ xe tự phát ở Xã Thanh Sơn chắn lối đi chung của khu dân cư,5,4,1,
PA00203,2026-01-18,Ứng dụng di động,DV12,Xã Hương Trà,Thủ tục hành chính,Thường,Cán bộ một cửa Xã Hương Trà yêu cầu giấy tờ ngoài danh mục niêm yết,10,1,1,
PA00204,2026-01-18,Tổng đài 1022,DV12,Xã Hương Trà,An sinh xã hội,Thường,Người cao tuổi ở Xã Hương Trà chưa được hướng dẫn làm thủ tục trợ cấp,10,10,1,4
PA00205,2026-01-19,Tiếp công dân,DV01,Phường Hoà Thuận,Cấp thoát nước,Thường,"Nước máy ở Phường Hoà Thuận mấy hôm nay có mùi lạ, đề nghị kiểm tra chất lượng",10,9,1,
PA00206,2026-01-19,Tiếp công dân,DV03,Phường Đông Giang,Trật tự đô thị,Thường,Bãi giữ xe tự phát ở Phường Đông Giang chắn lối đi chung của khu dân cư,10,10,1,4
PA00207,2026-01-19,Văn bản giấy,DV04,Phường Nam Phong,Hạ tầng giao thông,Thường,"Đoạn đường trước Phường Nam Phong xuống cấp, nhiều ổ gà, xe máy tránh nhau rất nguy hiểm",10,6,1,
PA00208,2026-01-19,Cổng dịch vụ công,DV05,Xã Bình An,Trật tự đô thị,Thường,"Có công trình ở Xã Bình An thi công sau 22 giờ gây ồn, đề nghị kiểm tra giấy phép",10,6,1,5
PA00209,2026-01-19,Tiếp công dân,DV06,Xã Long Thành,Vệ sinh môi trường,Thường,"Rác tồn đọng ở điểm tập kết gần chợ Xã Long Thành ba ngày chưa thu gom, mùi rất nặng",10,7,1,
PA00210,2026-01-19,Cổng dịch vụ công,DV08,Xã Vĩnh Lộc,Hạ tầng giao thông,Khẩn,"Cầu nhỏ bắc qua kênh ở Xã Vĩnh Lộc mục lan can, trẻ em đi học qua rất lo",5,3,1,
PA00211,2026-01-19,Tổng đài 1022,DV09,Xã An Cư,Khác,Khẩn,Đề nghị Xã An Cư thông tin rõ kế hoạch chỉnh trang khu dân cư năm tới,5,7,0,
PA00212,2026-01-19,Văn bản giấy,DV11,Xã Mỹ Khánh,Hạ tầng giao thông,Thường,"Đoạn đường trước Xã Mỹ Khánh xuống cấp, nhiều ổ gà, xe máy tránh nhau rất nguy hiểm",10,4,1,3
PA00213,2026-01-19,Cổng dịch vụ công,DV11,Xã Mỹ Khánh,Trật tự đô thị,Thường,Xe tải trọng lớn chạy vào đường nội bộ Xã Mỹ Khánh ngoài giờ quy định,10,8,1,4
PA00214,2026-01-19,Tổng đài 1022,DV12,Xã Hương Trà,Chiếu sáng công cộng,Thường,"Ba cột đèn đường ở Xã Hương Trà cháy bóng, ban đêm tối om rất mất an toàn",10,11,0,
PA00215,2026-01-20,Ứng dụng di động,DV02,Phường Tân Hoà,Khác,Thường,"Loa phát thanh ở Phường Tân Hoà phát quá sớm, ảnh hưởng người già và trẻ nhỏ",10,14,0,
PA00216,2026-01-20,Tổng đài 1022,DV02,Phường Tân Hoà,Trật tự đô thị,Thường,Xe tải trọng lớn chạy vào đường nội bộ Phường Tân Hoà ngoài giờ quy định,10,5,1,
PA00217,2026-01-20,Tổng đài 1022,DV04,Phường Nam Phong,Cấp thoát nước,Thường,"Ống nước trước nhà văn hoá Phường Nam Phong rò rỉ, nước chảy ra đường suốt ngày",10,13,0,
PA00218,2026-01-20,Cổng dịch vụ công,DV05,Xã Bình An,Hạ tầng giao thông,Thường,Nắp cống trên tuyến đường liên xã qua Xã Bình An bị vỡ đã hai tuần chưa ai sửa,10,15,0,
PA00219,2026-01-20,Cổng dịch vụ công,DV08,Xã Vĩnh Lộc,Chiếu sáng công cộng,Thường,"Ngõ vào cụm dân cư Xã Vĩnh Lộc chưa có đèn chiếu sáng, đã kiến nghị hai lần",10,9,1,4
PA00220,2026-01-20,Tổng đài 1022,DV10,Xã Thanh Sơn,Chiếu sáng công cộng,Thường,"Ba cột đèn đường ở Xã Thanh Sơn cháy bóng, ban đêm tối om rất mất an toàn",10,9,1,
PA00221,2026-01-20,Ứng dụng di động,DV11,Xã Mỹ Khánh,Hạ tầng giao thông,Thường,Nắp cống trên tuyến đường liên xã qua Xã Mỹ Khánh bị vỡ đã hai tuần chưa ai sửa,10,5,1,
PA00222,2026-01-21,Tiếp công dân,DV01,Phường Hoà Thuận,Trật tự đô thị,Thường,Bãi giữ xe tự phát ở Phường Hoà Thuận chắn lối đi chung của khu dân cư,10,11,0,3
PA00223,2026-01-21,Tiếp công dân,DV02,Phường Tân Hoà,Thủ tục hành chính,Thường,Cán bộ một cửa Phường Tân Hoà yêu cầu giấy tờ ngoài danh mục niêm yết,10,6,1,
PA00224,2026-01-21,Cổng dịch vụ công,DV02,Phường Tân Hoà,Khác,Khẩn,"Loa phát thanh ở Phường Tân Hoà phát quá sớm, ảnh hưởng người già và trẻ nhỏ",5,6,0,
PA00225,2026-01-21,Cổng dịch vụ công,DV03,Phường Đông Giang,Cấp thoát nước,Thường,"Khu dân cư Phường Đông Giang mất nước từ sáng đến chiều, không thấy thông báo trước",10,9,1,
PA00226,2026-01-21,Tổng đài 1022,DV04,Phường Nam Phong,Chiếu sáng công cộng,Thường,"Ngõ vào cụm dân cư Phường Nam Phong chưa có đèn chiếu sáng, đã kiến nghị hai lần",10,11,0,
PA00227,2026-01-21,Ứng dụng di động,DV07,Xã Phú Điền,Vệ sinh môi trường,Thường,"Xe thu gom rác ở Xã Phú Điền đổi giờ mà không báo, dân để rác ra đường cả buổi",10,11,0,3
PA00228,2026-01-21,Tổng đài 1022,DV07,Xã Phú Điền,Trật tự đô thị,Thường,"Có công trình ở Xã Phú Điền thi công sau 22 giờ gây ồn, đề nghị kiểm tra giấy phép",10,12,0,3
PA00229,2026-01-21,Ứng dụng di động,DV09,Xã An Cư,Hạ tầng giao thông,Thường,"Mặt đường Xã An Cư sau khi đào lắp ống nước hoàn trả không phẳng, đi rất xóc",10,11,0,3
PA00230,2026-01-21,Tổng đài 1022,DV10,Xã Thanh Sơn,Thủ tục hành chính,Thường,Đã nộp trực tuyến nhưng Xã Thanh Sơn vẫn yêu cầu nộp thêm bản giấy,10,10,1,5
PA00231,2026-01-21,Tiếp công dân,DV12,Xã Hương Trà,Vệ sinh môi trường,Thường,"Kênh chạy qua Xã Hương Trà nổi váng đen, nghi có cơ sở xả thải ban đêm",10,12,0,
PA00232,2026-01-22,Tổng đài 1022,DV02,Phường Tân Hoà,Hạ tầng giao thông,Thường,"Mặt đường Phường Tân Hoà sau khi đào lắp ống nước hoàn trả không phẳng, đi rất xóc",10,7,1,
PA00233,2026-01-22,Tổng đài 1022,DV02,Phường Tân Hoà,Vệ sinh môi trường,Thường,"Xe thu gom rác ở Phường Tân Hoà đổi giờ mà không báo, dân để rác ra đường cả buổi",10,11,0,3
PA00234,2026-01-22,Ứng dụng di động,DV03,Phường Đông Giang,An sinh xã hội,Khẩn,"Danh sách nhận hỗ trợ ở Phường Đông Giang niêm yết thiếu tên, đề nghị kiểm tra lại",5,3,1,5
PA00235,2026-01-22,Tiếp công dân,DV03,Phường Đông Giang,Trật tự đô thị,Thường,"Có công trình ở Phường Đông Giang thi công sau 22 giờ gây ồn, đề nghị kiểm tra giấy phép",10,7,1,4
PA00236,2026-01-22,Tổng đài 1022,DV08,Xã Vĩnh Lộc,Cấp thoát nước,Thường,"Khu dân cư Xã Vĩnh Lộc mất nước từ sáng đến chiều, không thấy thông báo trước",10,16,0,
PA00237,2026-01-22,Tiếp công dân,DV08,Xã Vĩnh Lộc,Hạ tầng giao thông,Thường,"Mặt đường Xã Vĩnh Lộc sau khi đào lắp ống nước hoàn trả không phẳng, đi rất xóc",10,4,1,4
PA00238,2026-01-22,Cổng dịch vụ công,DV11,Xã Mỹ Khánh,Hạ tầng giao thông,Thường,Nắp cống trên tuyến đường liên xã qua Xã Mỹ Khánh bị vỡ đã hai tuần chưa ai sửa,10,8,1,4
PA00239,2026-01-23,Ứng dụng di động,DV01,Phường Hoà Thuận,Chiếu sáng công cộng,Thường,"Ba cột đèn đường ở Phường Hoà Thuận cháy bóng, ban đêm tối om rất mất an toàn",10,9,1,
PA00240,2026-01-23,Tiếp công dân,DV01,Phường Hoà Thuận,Chiếu sáng công cộng,Thường,"Ngõ vào cụm dân cư Phường Hoà Thuận chưa có đèn chiếu sáng, đã kiến nghị hai lần",10,10,1,5
PA00241,2026-01-23,Tiếp công dân,DV01,Phường Hoà Thuận,Hạ tầng giao thông,Khẩn,Nắp cống trên tuyến đường liên xã qua Phường Hoà Thuận bị vỡ đã hai tuần chưa ai sửa,5,5,1,
PA00242,2026-01-23,Tổng đài 1022,DV01,Phường Hoà Thuận,Trật tự đô thị,Thường,Bãi giữ xe tự phát ở Phường Hoà Thuận chắn lối đi chung của khu dân cư,10,10,1,4
PA00243,2026-01-23,Tổng đài 1022,DV02,Phường Tân Hoà,Hạ tầng giao thông,Rất khẩn,"Cầu nhỏ bắc qua kênh ở Phường Tân Hoà mục lan can, trẻ em đi học qua rất lo",2,2,1,
PA00244,2026-01-23,Văn bản giấy,DV02,Phường Tân Hoà,An sinh xã hội,Thường,Người cao tuổi ở Phường Tân Hoà chưa được hướng dẫn làm thủ tục trợ cấp,10,8,1,5
PA00245,2026-01-23,Tổng đài 1022,DV02,Phường Tân Hoà,Vệ sinh môi trường,Thường,"Xe thu gom rác ở Phường Tân Hoà đổi giờ mà không báo, dân để rác ra đường cả buổi",10,9,1,5
PA00246,2026-01-23,Cổng dịch vụ công,DV03,Phường Đông Giang,Trật tự đô thị,Rất khẩn,Hàng quán lấn chiếm vỉa hè trước cổng trường tiểu học ở Phường Đông Giang giờ tan học,2,3,0,
PA00247,2026-01-23,Cổng dịch vụ công,DV03,Phường Đông Giang,Trật tự đô thị,Thường,Hàng quán lấn chiếm vỉa hè trước cổng trường tiểu học ở Phường Đông Giang giờ tan học,10,8,1,4
PA00248,2026-01-23,Văn bản giấy,DV04,Phường Nam Phong,Vệ sinh môi trường,Thường,"Rác tồn đọng ở điểm tập kết gần chợ Phường Nam Phong ba ngày chưa thu gom, mùi rất nặng",10,1,1,
PA00249,2026-01-23,Cổng dịch vụ công,DV04,Phường Nam Phong,Chiếu sáng công cộng,Rất khẩn,"Đèn chiếu sáng khu vực Phường Nam Phong bật cả ban ngày, rất lãng phí điện",2,2,1,
PA00250,2026-01-23,Ứng dụng di động,DV04,Phường Nam Phong,Khác,Thường,"Loa phát thanh ở Phường Nam Phong phát quá sớm, ảnh hưởng người già và trẻ nhỏ",10,4,1,
PA00251,2026-01-23,Cổng dịch vụ công,DV06,Xã Long Thành,Thủ tục hành chính,Thường,Đã nộp trực tuyến nhưng Xã Long Thành vẫn yêu cầu nộp thêm bản giấy,10,4,1,
PA00252,2026-01-23,Cổng dịch vụ công,DV06,Xã Long Thành,Cấp thoát nước,Thường,"Nước máy ở Xã Long Thành mấy hôm nay có mùi lạ, đề nghị kiểm tra chất lượng",10,2,1,
PA00253,2026-01-23,Tổng đài 1022,DV07,Xã Phú Điền,An sinh xã hội,Khẩn,"Hộ cận nghèo ở Xã Phú Điền chưa nhận được hỗ trợ đợt này, đề nghị rà soát",5,4,1,
PA00254,2026-01-23,Tổng đài 1022,DV09,Xã An Cư,Trật tự đô thị,Thường,Hàng quán lấn chiếm vỉa hè trước cổng trường tiểu học ở Xã An Cư giờ tan học,10,4,1,
PA00255,2026-01-24,Cổng dịch vụ công,DV01,Phường Hoà Thuận,Thủ tục hành chính,Thường,Nộp hồ sơ chứng thực tại Phường Hoà Thuận hẹn 3 ngày nhưng quá 8 ngày chưa có kết quả,10,12,0,
PA00256,2026-01-24,Cổng dịch vụ công,DV02,Phường Tân Hoà,Chiếu sáng công cộng,Khẩn,"Ba cột đèn đường ở Phường Tân Hoà cháy bóng, ban đêm tối om rất mất an toàn",5,5,1,
PA00257,2026-01-24,Ứng dụng di động,DV02,Phường Tân Hoà,Hạ tầng giao thông,Thường,"Cầu nhỏ bắc qua kênh ở Phường Tân Hoà mục lan can, trẻ em đi học qua rất lo",10,4,1,
PA00258,2026-01-24,Tiếp công dân,DV02,Phường Tân Hoà,Trật tự đô thị,Thường,Bãi giữ xe tự phát ở Phường Tân Hoà chắn lối đi chung của khu dân cư,10,6,1,
PA00259,2026-01-24,Ứng dụng di động,DV02,Phường Tân Hoà,Vệ sinh môi trường,Thường,"Kênh chạy qua Phường Tân Hoà nổi váng đen, nghi có cơ sở xả thải ban đêm",10,10,1,5
PA00260,2026-01-24,Cổng dịch vụ công,DV03,Phường Đông Giang,Vệ sinh môi trường,Thường,"Rác tồn đọng ở điểm tập kết gần chợ Phường Đông Giang ba ngày chưa thu gom, mùi rất nặng",10,10,1,3
PA00261,2026-01-24,Văn bản giấy,DV04,Phường Nam Phong,An sinh xã hội,Thường,"Hộ cận nghèo ở Phường Nam Phong chưa nhận được hỗ trợ đợt này, đề nghị rà soát",10,1,1,4
PA00262,2026-01-24,Tổng đài 1022,DV04,Phường Nam Phong,Vệ sinh môi trường,Thường,"Có hộ đổ trộm xà bần ra bãi đất trống ở Phường Nam Phong, đề nghị kiểm tra",10,5,1,4
PA00263,2026-01-24,Cổng dịch vụ công,DV04,Phường Nam Phong,Trật tự đô thị,Thường,Xe tải trọng lớn chạy vào đường nội bộ Phường Nam Phong ngoài giờ quy định,10,13,0,4
PA00264,2026-01-24,Tổng đài 1022,DV06,Xã Long Thành,Thủ tục hành chính,Thường,Nộp hồ sơ chứng thực tại Xã Long Thành hẹn 3 ngày nhưng quá 8 ngày chưa có kết quả,10,6,1,5
PA00265,2026-01-24,Cổng dịch vụ công,DV09,Xã An Cư,Hạ tầng giao thông,Khẩn,Nắp cống trên tuyến đường liên xã qua Xã An Cư bị vỡ đã hai tuần chưa ai sửa,5,5,1,4
PA00266,2026-01-24,Ứng dụng di động,DV11,Xã Mỹ Khánh,Khác,Khẩn,Đề nghị Xã Mỹ Khánh thông tin rõ kế hoạch chỉnh trang khu dân cư năm tới,5,4,1,5
PA00267,2026-01-24,Tổng đài 1022,DV11,Xã Mỹ Khánh,Vệ sinh môi trường,Khẩn,"Có hộ đổ trộm xà bần ra bãi đất trống ở Xã Mỹ Khánh, đề nghị kiểm tra",5,2,1,
PA00268,2026-01-25,Cổng dịch vụ công,DV02,Phường Tân Hoà,Thủ tục hành chính,Thường,"Cổng dịch vụ công báo lỗi khi tải giấy tờ lên, gọi Phường Tân Hoà không ai nghe máy",10,11,0,
PA00269,2026-01-25,Văn bản giấy,DV02,Phường Tân Hoà,An sinh xã hội,Thường,Người cao tuổi ở Phường Tân Hoà chưa được hướng dẫn làm thủ tục trợ cấp,10,7,1,
PA00270,2026-01-25,Tổng đài 1022,DV03,Phường Đông Giang,Hạ tầng giao thông,Thường,Nắp cống trên tuyến đường liên xã qua Phường Đông Giang bị vỡ đã hai tuần chưa ai sửa,10,7,1,
PA00271,2026-01-25,Tổng đài 1022,DV05,Xã Bình An,Hạ tầng giao thông,Thường,"Đoạn đường trước Xã Bình An xuống cấp, nhiều ổ gà, xe máy tránh nhau rất nguy hiểm",10,7,1,5
PA00272,2026-01-25,Văn bản giấy,DV05,Xã Bình An,Hạ tầng giao thông,Thường,"Cầu nhỏ bắc qua kênh ở Xã Bình An mục lan can, trẻ em đi học qua rất lo",10,11,0,2
PA00273,2026-01-25,Tổng đài 1022,DV07,Xã Phú Điền,Hạ tầng giao thông,Thường,"Cầu nhỏ bắc qua kênh ở Xã Phú Điền mục lan can, trẻ em đi học qua rất lo",10,35,0,
PA00274,2026-01-25,Ứng dụng di động,DV07,Xã Phú Điền,An sinh xã hội,Khẩn,"Danh sách nhận hỗ trợ ở Xã Phú Điền niêm yết thiếu tên, đề nghị kiểm tra lại",5,6,0,
PA00275,2026-01-25,Cổng dịch vụ công,DV07,Xã Phú Điền,Thủ tục hành chính,Thường,Cán bộ một cửa Xã Phú Điền yêu cầu giấy tờ ngoài danh mục niêm yết,10,12,0,3
PA00276,2026-01-25,Ứng dụng di động,DV08,Xã Vĩnh Lộc,Thủ tục hành chính,Thường,Đã nộp trực tuyến nhưng Xã Vĩnh Lộc vẫn yêu cầu nộp thêm bản giấy,10,6,1,
PA00277,2026-01-25,Cổng dịch vụ công,DV09,Xã An Cư,Khác,Khẩn,Đề nghị Xã An Cư thông tin rõ kế hoạch chỉnh trang khu dân cư năm tới,5,5,1,4
PA00278,2026-01-25,Ứng dụng di động,DV11,Xã Mỹ Khánh,Cấp thoát nước,Thường,"Khu dân cư Xã Mỹ Khánh mất nước từ sáng đến chiều, không thấy thông báo trước",10,10,1,4
PA00279,2026-01-26,Tổng đài 1022,DV01,Phường Hoà Thuận,Trật tự đô thị,Thường,"Có công trình ở Phường Hoà Thuận thi công sau 22 giờ gây ồn, đề nghị kiểm tra giấy phép",10,9,1,
PA00280,2026-01-26,Cổng dịch vụ công,DV02,Phường Tân Hoà,Vệ sinh môi trường,Rất khẩn,"Xe thu gom rác ở Phường Tân Hoà đổi giờ mà không báo, dân để rác ra đường cả buổi",2,3,0,
PA00281,2026-01-26,Tổng đài 1022,DV02,Phường Tân Hoà,Hạ tầng giao thông,Thường,"Mặt đường Phường Tân Hoà sau khi đào lắp ống nước hoàn trả không phẳng, đi rất xóc",10,7,1,
PA00282,2026-01-26,Cổng dịch vụ công,DV04,Phường Nam Phong,Hạ tầng giao thông,Khẩn,Nắp cống trên tuyến đường liên xã qua Phường Nam Phong bị vỡ đã hai tuần chưa ai sửa,5,2,1,
PA00283,2026-01-26,Cổng dịch vụ công,DV04,Phường Nam Phong,Trật tự đô thị,Thường,Xe tải trọng lớn chạy vào đường nội bộ Phường Nam Phong ngoài giờ quy định,10,12,0,
PA00284,2026-01-26,Tổng đài 1022,DV05,Xã Bình An,Khác,Thường,"Loa phát thanh ở Xã Bình An phát quá sớm, ảnh hưởng người già và trẻ nhỏ",10,6,1,4
PA00285,2026-01-26,Tổng đài 1022,DV07,Xã Phú Điền,Vệ sinh môi trường,Thường,"Xe thu gom rác ở Xã Phú Điền đổi giờ mà không báo, dân để rác ra đường cả buổi",10,9,1,
PA00286,2026-01-26,Tổng đài 1022,DV10,Xã Thanh Sơn,Hạ tầng giao thông,Thường,"Mặt đường Xã Thanh Sơn sau khi đào lắp ống nước hoàn trả không phẳng, đi rất xóc",10,13,0,
PA00287,2026-01-26,Tổng đài 1022,DV10,Xã Thanh Sơn,Hạ tầng giao thông,Thường,"Đoạn đường trước Xã Thanh Sơn xuống cấp, nhiều ổ gà, xe máy tránh nhau rất nguy hiểm",10,8,1,5
PA00288,2026-01-27,Văn bản giấy,DV01,Phường Hoà Thuận,Vệ sinh môi trường,Thường,"Rác tồn đọng ở điểm tập kết gần chợ Phường Hoà Thuận ba ngày chưa thu gom, mùi rất nặng",10,7,1,
PA00289,2026-01-27,Tổng đài 1022,DV01,Phường Hoà Thuận,Hạ tầng giao thông,Thường,"Cầu nhỏ bắc qua kênh ở Phường Hoà Thuận mục lan can, trẻ em đi học qua rất lo",10,11,0,
PA00290,2026-01-27,Tổng đài 1022,DV02,Phường Tân Hoà,Thủ tục hành chính,Thường,Nộp hồ sơ chứng thực tại Phường Tân Hoà hẹn 3 ngày nhưng quá 8 ngày chưa có kết quả,10,10,1,4
PA00291,2026-01-27,Ứng dụng di động,DV02,Phường Tân Hoà,Vệ sinh môi trường,Thường,"Kênh chạy qua Phường Tân Hoà nổi váng đen, nghi có cơ sở xả thải ban đêm",10,11,0,
PA00292,2026-01-27,Cổng dịch vụ công,DV02,Phường Tân Hoà,Trật tự đô thị,Khẩn,Hàng quán lấn chiếm vỉa hè trước cổng trường tiểu học ở Phường Tân Hoà giờ tan học,5,2,1,4
PA00293,2026-01-27,Cổng dịch vụ công,DV03,Phường Đông Giang,Vệ sinh môi trường,Thường,"Xe thu gom rác ở Phường Đông Giang đổi giờ mà không báo, dân để rác ra đường cả buổi",10,1,1,
PA00294,2026-01-27,Ứng dụng di động,DV03,Phường Đông Giang,Chiếu sáng công cộng,Thường,"Đèn chiếu sáng khu vực Phường Đông Giang bật cả ban ngày, rất lãng phí điện",10,12,0,
PA00295,2026-01-27,Tổng đài 1022,DV05,Xã Bình An,Trật tự đô thị,Thường,"Có công trình ở Xã Bình An thi công sau 22 giờ gây ồn, đề nghị kiểm tra giấy phép",10,11,0,4
PA00296,2026-01-27,Ứng dụng di động,DV08,Xã Vĩnh Lộc,Cấp thoát nước,Thường,"Ống nước trước nhà văn hoá Xã Vĩnh Lộc rò rỉ, nước chảy ra đường suốt ngày",10,6,1,3
PA00297,2026-01-27,Cổng dịch vụ công,DV10,Xã Thanh Sơn,Khác,Thường,"Loa phát thanh ở Xã Thanh Sơn phát quá sớm, ảnh hưởng người già và trẻ nhỏ",10,10,1,5
PA00298,2026-01-27,Tổng đài 1022,DV11,Xã Mỹ Khánh,Cấp thoát nước,Thường,"Mưa là ngập cả tuyến ở Xã Mỹ Khánh, cống thoát nghẹt không rút được",10,6,1,
PA00299,2026-01-28,Tiếp công dân,DV04,Phường Nam Phong,Vệ sinh môi trường,Thường,"Rác tồn đọng ở điểm tập kết gần chợ Phường Nam Phong ba ngày chưa thu gom, mùi rất nặng",10,11,0,
PA00300,2026-01-28,Tiếp công dân,DV04,Phường Nam Phong,Cấp thoát nước,Khẩn,"Nước máy ở Phường Nam Phong mấy hôm nay có mùi lạ, đề nghị kiểm tra chất lượng",5,2,1,
PA00301,2026-01-28,Ứng dụng di động,DV05,Xã Bình An,Cấp thoát nước,Thường,"Khu dân cư Xã Bình An mất nước từ sáng đến chiều, không thấy thông báo trước",10,6,1,3
PA00302,2026-01-28,Văn bản giấy,DV07,Xã Phú Điền,Trật tự đô thị,Thường,"Có công trình ở Xã Phú Điền thi công sau 22 giờ gây ồn, đề nghị kiểm tra giấy phép",10,1,1,
PA00303,2026-01-28,Ứng dụng di động,DV08,Xã Vĩnh Lộc,Thủ tục hành chính,Thường,"Cổng dịch vụ công báo lỗi khi tải giấy tờ lên, gọi Xã Vĩnh Lộc không ai nghe máy",10,4,1,4
PA00304,2026-01-28,Tổng đài 1022,DV08,Xã Vĩnh Lộc,Hạ tầng giao thông,Thường,"Mặt đường Xã Vĩnh Lộc sau khi đào lắp ống nước hoàn trả không phẳng, đi rất xóc",10,9,1,
PA00305,2026-01-28,Cổng dịch vụ công,DV09,Xã An Cư,An sinh xã hội,Thường,Người cao tuổi ở Xã An Cư chưa được hướng dẫn làm thủ tục trợ cấp,10,5,1,4
PA00306,2026-01-28,Cổng dịch vụ công,DV10,Xã Thanh Sơn,Hạ tầng giao thông,Thường,"Đoạn đường trước Xã Thanh Sơn xuống cấp, nhiều ổ gà, xe máy tránh nhau rất nguy hiểm",10,10,1,
PA00307,2026-01-28,Ứng dụng di động,DV11,Xã Mỹ Khánh,Hạ tầng giao thông,Thường,"Cầu nhỏ bắc qua kênh ở Xã Mỹ Khánh mục lan can, trẻ em đi học qua rất lo",10,10,1,
PA00308,2026-01-28,Cổng dịch vụ công,DV11,Xã Mỹ Khánh,An sinh xã hội,Thường,Người cao tuổi ở Xã Mỹ Khánh chưa được hướng dẫn làm thủ tục trợ cấp,10,10,1,5
PA00309,2026-01-28,Văn bản giấy,DV11,Xã Mỹ Khánh,Hạ tầng giao thông,Thường,"Đoạn đường trước Xã Mỹ Khánh xuống cấp, nhiều ổ gà, xe máy tránh nhau rất nguy hiểm",10,6,1,
PA00310,2026-01-28,Ứng dụng di động,DV12,Xã Hương Trà,Hạ tầng giao thông,Thường,Nắp cống trên tuyến đường liên xã qua Xã Hương Trà bị vỡ đã hai tuần chưa ai sửa,10,10,1,5
PA00311,2026-01-29,Cổng dịch vụ công,DV01,Phường Hoà Thuận,An sinh xã hội,Khẩn,"Danh sách nhận hỗ trợ ở Phường Hoà Thuận niêm yết thiếu tên, đề nghị kiểm tra lại",5,2,1,
PA00312,2026-01-29,Cổng dịch vụ công,DV03,Phường Đông Giang,Cấp thoát nước,Thường,"Mưa là ngập cả tuyến ở Phường Đông Giang, cống thoát nghẹt không rút được",10,6,1,
PA00313,2026-01-29,Tổng đài 1022,DV03,Phường Đông Giang,Cấp thoát nước,Thường,"Nước máy ở Phường Đông Giang mấy hôm nay có mùi lạ, đề nghị kiểm tra chất lượng",10,12,0,
PA00314,2026-01-29,Ứng dụng di động,DV03,Phường Đông Giang,Cấp thoát nước,Thường,"Nước máy ở Phường Đông Giang mấy hôm nay có mùi lạ, đề nghị kiểm tra chất lượng",10,9,1,
PA00315,2026-01-29,Tổng đài 1022,DV03,Phường Đông Giang,Thủ tục hành chính,Thường,Đã nộp trực tuyến nhưng Phường Đông Giang vẫn yêu cầu nộp thêm bản giấy,10,6,1,
PA00316,2026-01-29,Cổng dịch vụ công,DV04,Phường Nam Phong,Thủ tục hành chính,Khẩn,Cán bộ một cửa Phường Nam Phong yêu cầu giấy tờ ngoài danh mục niêm yết,5,5,1,4
PA00317,2026-01-29,Cổng dịch vụ công,DV08,Xã Vĩnh Lộc,An sinh xã hội,Thường,"Danh sách nhận hỗ trợ ở Xã Vĩnh Lộc niêm yết thiếu tên, đề nghị kiểm tra lại",10,11,0,3
PA00318,2026-01-29,Tổng đài 1022,DV11,Xã Mỹ Khánh,Khác,Thường,"Loa phát thanh ở Xã Mỹ Khánh phát quá sớm, ảnh hưởng người già và trẻ nhỏ",10,15,0,
PA00319,2026-01-29,Tiếp công dân,DV12,Xã Hương Trà,Trật tự đô thị,Thường,Xe tải trọng lớn chạy vào đường nội bộ Xã Hương Trà ngoài giờ quy định,10,8,1,3
PA00320,2026-01-29,Ứng dụng di động,DV12,Xã Hương Trà,Khác,Khẩn,"Loa phát thanh ở Xã Hương Trà phát quá sớm, ảnh hưởng người già và trẻ nhỏ",5,4,1,
PA00321,2026-01-30,Ứng dụng di động,DV01,Phường Hoà Thuận,Vệ sinh môi trường,Rất khẩn,"Xe thu gom rác ở Phường Hoà Thuận đổi giờ mà không báo, dân để rác ra đường cả buổi",2,1,1,
PA00322,2026-01-30,Cổng dịch vụ công,DV01,Phường Hoà Thuận,Khác,Rất khẩn,"Loa phát thanh ở Phường Hoà Thuận phát quá sớm, ảnh hưởng người già và trẻ nhỏ",2,3,0,3
PA00323,2026-01-30,Cổng dịch vụ công,DV01,Phường Hoà Thuận,Cấp thoát nước,Rất khẩn,"Khu dân cư Phường Hoà Thuận mất nước từ sáng đến chiều, không thấy thông báo trước",2,2,1,4
PA00324,2026-01-30,Cổng dịch vụ công,DV02,Phường Tân Hoà,Vệ sinh môi trường,Thường,"Rác tồn đọng ở điểm tập kết gần chợ Phường Tân Hoà ba ngày chưa thu gom, mùi rất nặng",10,9,1,
PA00325,2026-01-30,Văn bản giấy,DV02,Phường Tân Hoà,Khác,Khẩn,Góp ý Phường Tân Hoà mở thêm khung giờ tiếp dân vào buổi chiều thứ bảy,5,4,1,
PA00326,2026-01-30,Ứng dụng di động,DV06,Xã Long Thành,Chiếu sáng công cộng,Thường,"Ngõ vào cụm dân cư Xã Long Thành chưa có đèn chiếu sáng, đã kiến nghị hai lần",10,4,1,
PA00327,2026-01-30,Tổng đài 1022,DV07,Xã Phú Điền,Hạ tầng giao thông,Thường,"Mặt đường Xã Phú Điền sau khi đào lắp ống nước hoàn trả không phẳng, đi rất xóc",10,7,1,5
PA00328,2026-01-30,Tiếp công dân,DV08,Xã Vĩnh Lộc,An sinh xã hội,Khẩn,Người cao tuổi ở Xã Vĩnh Lộc chưa được hướng dẫn làm thủ tục trợ cấp,5,5,1,
PA00329,2026-01-30,Tổng đài 1022,DV12,Xã Hương Trà,Khác,Thường,Góp ý Xã Hương Trà mở thêm khung giờ tiếp dân vào buổi chiều thứ bảy,10,10,1,
PA00330,2026-01-31,Cổng dịch vụ công,DV01,Phường Hoà Thuận,Trật tự đô thị,Thường,Bãi giữ xe tự phát ở Phường Hoà Thuận chắn lối đi chung của khu dân cư,10,10,1,4
PA00331,2026-01-31,Cổng dịch vụ công,DV02,Phường Tân Hoà,Cấp thoát nước,Khẩn,"Nước máy ở Phường Tân Hoà mấy hôm nay có mùi lạ, đề nghị kiểm tra chất lượng",5,2,1,5
PA00332,2026-01-31,Ứng dụng di động,DV02,Phường Tân Hoà,Cấp thoát nước,Khẩn,"Nước máy ở Phường Tân Hoà mấy hôm nay có mùi lạ, đề nghị kiểm tra chất lượng",5,3,1,
PA00333,2026-01-31,Tổng đài 1022,DV02,Phường Tân Hoà,Vệ sinh môi trường,Thường,"Rác tồn đọng ở điểm tập kết gần chợ Phường Tân Hoà ba ngày chưa thu gom, mùi rất nặng",10,9,1,3
PA00334,2026-01-31,Tiếp công dân,DV02,Phường Tân Hoà,An sinh xã hội,Thường,Người cao tuổi ở Phường Tân Hoà chưa được hướng dẫn làm thủ tục trợ cấp,10,9,1,5
PA00335,2026-01-31,Văn bản giấy,DV03,Phường Đông Giang,Trật tự đô thị,Thường,Hàng quán lấn chiếm vỉa hè trước cổng trường tiểu học ở Phường Đông Giang giờ tan học,10,2,1,
PA00336,2026-01-31,Ứng dụng di động,DV03,Phường Đông Giang,An sinh xã hội,Thường,"Hộ cận nghèo ở Phường Đông Giang chưa nhận được hỗ trợ đợt này, đề nghị rà soát",10,5,1,
PA00337,2026-01-31,Cổng dịch vụ công,DV06,Xã Long Thành,Hạ tầng giao thông,Thường,"Mặt đường Xã Long Thành sau khi đào lắp ống nước hoàn trả không phẳng, đi rất xóc",10,13,0,
PA00338,2026-01-31,Ứng dụng di động,DV07,Xã Phú Điền,Hạ tầng giao thông,Thường,"Cầu nhỏ bắc qua kênh ở Xã Phú Điền mục lan can, trẻ em đi học qua rất lo",10,7,1,5
PA00339,2026-01-31,Ứng dụng di động,DV08,Xã Vĩnh Lộc,Thủ tục hành chính,Thường,Nộp hồ sơ chứng thực tại Xã Vĩnh Lộc hẹn 3 ngày nhưng quá 8 ngày chưa có kết quả,10,14,0,
PA00340,2026-01-31,Cổng dịch vụ công,DV08,Xã Vĩnh Lộc,Trật tự đô thị,Thường,"Có công trình ở Xã Vĩnh Lộc thi công sau 22 giờ gây ồn, đề nghị kiểm tra giấy phép",10,3,1,5
PA00341,2026-01-31,Cổng dịch vụ công,DV10,Xã Thanh Sơn,Vệ sinh môi trường,Thường,"Có hộ đổ trộm xà bần ra bãi đất trống ở Xã Thanh Sơn, đề nghị kiểm tra",10,6,1,4
PA00342,2026-01-31,Tổng đài 1022,DV11,Xã Mỹ Khánh,Vệ sinh môi trường,Khẩn,"Xe thu gom rác ở Xã Mỹ Khánh đổi giờ mà không báo, dân để rác ra đường cả buổi",5,4,1,
PA00343,2026-02-01,Tổng đài 1022,DV01,Phường Hoà Thuận,Trật tự đô thị,Khẩn,"Có công trình ở Phường Hoà Thuận thi công sau 22 giờ gây ồn, đề nghị kiểm tra giấy phép",5,3,1,3
PA00344,2026-02-01,Cổng dịch vụ công,DV02,Phường Tân Hoà,An sinh xã hội,Khẩn,Người cao tuổi ở Phường Tân Hoà chưa được hướng dẫn làm thủ tục trợ cấp,5,2,1,
PA00345,2026-02-01,Tiếp công dân,DV02,Phường Tân Hoà,Cấp thoát nước,Thường,"Nước máy ở Phường Tân Hoà mấy hôm nay có mùi lạ, đề nghị kiểm tra chất lượng",10,6,1,
PA00346,2026-02-01,Ứng dụng di động,DV02,Phường Tân Hoà,Hạ tầng giao thông,Thường,"Cầu nhỏ bắc qua kênh ở Phường Tân Hoà mục lan can, trẻ em đi học qua rất lo",10,10,1,
PA00347,2026-02-01,Cổng dịch vụ công,DV02,Phường Tân Hoà,Khác,Thường,"Loa phát thanh ở Phường Tân Hoà phát quá sớm, ảnh hưởng người già và trẻ nhỏ",10,4,1,
PA00348,2026-02-01,Tổng đài 1022,DV02,Phường Tân Hoà,Thủ tục hành chính,Thường,Nộp hồ sơ chứng thực tại Phường Tân Hoà hẹn 3 ngày nhưng quá 8 ngày chưa có kết quả,10,11,0,3
PA00349,2026-02-01,Ứng dụng di động,DV02,Phường Tân Hoà,Hạ tầng giao thông,Thường,Nắp cống trên tuyến đường liên xã qua Phường Tân Hoà bị vỡ đã hai tuần chưa ai sửa,10,9,1,
PA00350,2026-02-01,Tổng đài 1022,DV03,Phường Đông Giang,Thủ tục hành chính,Thường,Cán bộ một cửa Phường Đông Giang yêu cầu giấy tờ ngoài danh mục niêm yết,10,3,1,3
PA00351,2026-02-01,Văn bản giấy,DV03,Phường Đông Giang,Hạ tầng giao thông,Khẩn,"Cầu nhỏ bắc qua kênh ở Phường Đông Giang mục lan can, trẻ em đi học qua rất lo",5,3,1,
PA00352,2026-02-01,Ứng dụng di động,DV03,Phường Đông Giang,Thủ tục hành chính,Thường,Đã nộp trực tuyến nhưng Phường Đông Giang vẫn yêu cầu nộp thêm bản giấy,10,6,1,3
PA00353,2026-02-01,Ứng dụng di động,DV03,Phường Đông Giang,Vệ sinh môi trường,Thường,"Có hộ đổ trộm xà bần ra bãi đất trống ở Phường Đông Giang, đề nghị kiểm tra",10,10,1,
PA00354,2026-02-01,Văn bản giấy,DV04,Phường Nam Phong,Chiếu sáng công cộng,Khẩn,"Đèn chiếu sáng khu vực Phường Nam Phong bật cả ban ngày, rất lãng phí điện",5,3,1,
PA00355,2026-02-01,Tổng đài 1022,DV04,Phường Nam Phong,Vệ sinh môi trường,Thường,"Có hộ đổ trộm xà bần ra bãi đất trống ở Phường Nam Phong, đề nghị kiểm tra",10,7,1,4
PA00356,2026-02-01,Tổng đài 1022,DV06,Xã Long Thành,An sinh xã hội,Thường,Người cao tuổi ở Xã Long Thành chưa được hướng dẫn làm thủ tục trợ cấp,10,22,0,5
PA00357,2026-02-01,Tổng đài 1022,DV07,Xã Phú Điền,Hạ tầng giao thông,Thường,Nắp cống trên tuyến đường liên xã qua Xã Phú Điền bị vỡ đã hai tuần chưa ai sửa,10,9,1,
PA00358,2026-02-01,Cổng dịch vụ công,DV07,Xã Phú Điền,Cấp thoát nước,Thường,"Nước máy ở Xã Phú Điền mấy hôm nay có mùi lạ, đề nghị kiểm tra chất lượng",10,8,1,
PA00359,2026-02-01,Cổng dịch vụ công,DV07,Xã Phú Điền,Khác,Thường,Góp ý Xã Phú Điền mở thêm khung giờ tiếp dân vào buổi chiều thứ bảy,10,13,0,
PA00360,2026-02-01,Cổng dịch vụ công,DV11,Xã Mỹ Khánh,Khác,Rất khẩn,Góp ý Xã Mỹ Khánh mở thêm khung giờ tiếp dân vào buổi chiều thứ bảy,2,2,1,
PA00361,2026-02-02,Ứng dụng di động,DV01,Phường Hoà Thuận,Chiếu sáng công cộng,Thường,"Ngõ vào cụm dân cư Phường Hoà Thuận chưa có đèn chiếu sáng, đã kiến nghị hai lần",10,11,0,2
PA00362,2026-02-02,Tổng đài 1022,DV03,Phường Đông Giang,Hạ tầng giao thông,Thường,"Mặt đường Phường Đông Giang sau khi đào lắp ống nước hoàn trả không phẳng, đi rất xóc",10,6,1,2
PA00363,2026-02-02,Văn bản giấy,DV03,Phường Đông Giang,Cấp thoát nước,Thường,"Ống nước trước nhà văn hoá Phường Đông Giang rò rỉ, nước chảy ra đường suốt ngày",10,8,1,
PA00364,2026-02-02,Văn bản giấy,DV03,Phường Đông Giang,Hạ tầng giao thông,Thường,"Cầu nhỏ bắc qua kênh ở Phường Đông Giang mục lan can, trẻ em đi học qua rất lo",10,9,1,
PA00365,2026-02-02,Cổng dịch vụ công,DV04,Phường Nam Phong,Vệ sinh môi trường,Thường,"Có hộ đổ trộm xà bần ra bãi đất trống ở Phường Nam Phong, đề nghị kiểm tra",10,3,1,5
PA00366,2026-02-02,Tiếp công dân,DV04,Phường Nam Phong,Trật tự đô thị,Thường,Hàng quán lấn chiếm vỉa hè trước cổng trường tiểu học ở Phường Nam Phong giờ tan học,10,12,0,
PA00367,2026-02-02,Cổng dịch vụ công,DV05,Xã Bình An,An sinh xã hội,Thường,"Hộ cận nghèo ở Xã Bình An chưa nhận được hỗ trợ đợt này, đề nghị rà soát",10,10,1,
PA00368,2026-02-02,Tổng đài 1022,DV06,Xã Long Thành,Cấp thoát nước,Thường,"Ống nước trước nhà văn hoá Xã Long Thành rò rỉ, nước chảy ra đường suốt ngày",10,3,1,4
PA00369,2026-02-02,Văn bản giấy,DV09,Xã An Cư,An sinh xã hội,Thường,Người cao tuổi ở Xã An Cư chưa được hướng dẫn làm thủ tục trợ cấp,10,6,1,
PA00370,2026-02-02,Cổng dịch vụ công,DV10,Xã Thanh Sơn,Hạ tầng giao thông,Thường,Nắp cống trên tuyến đường liên xã qua Xã Thanh Sơn bị vỡ đã hai tuần chưa ai sửa,10,8,1,
PA00371,2026-02-02,Tổng đài 1022,DV10,Xã Thanh Sơn,Hạ tầng giao thông,Thường,Nắp cống trên tuyến đường liên xã qua Xã Thanh Sơn bị vỡ đã hai tuần chưa ai sửa,10,8,1,5
PA00372,2026-02-02,Ứng dụng di động,DV10,Xã Thanh Sơn,Hạ tầng giao thông,Thường,"Cầu nhỏ bắc qua kênh ở Xã Thanh Sơn mục lan can, trẻ em đi học qua rất lo",10,5,1,4
PA00373,2026-02-03,Tiếp công dân,DV01,Phường Hoà Thuận,Trật tự đô thị,Thường,Xe tải trọng lớn chạy vào đường nội bộ Phường Hoà Thuận ngoài giờ quy định,10,4,1,5
PA00374,2026-02-03,Ứng dụng di động,DV02,Phường Tân Hoà,Hạ tầng giao thông,Thường,Nắp cống trên tuyến đường liên xã qua Phường Tân Hoà bị vỡ đã hai tuần chưa ai sửa,10,11,0,
PA00375,2026-02-03,Ứng dụng di động,DV02,Phường Tân Hoà,Thủ tục hành chính,Khẩn,Nộp hồ sơ chứng thực tại Phường Tân Hoà hẹn 3 ngày nhưng quá 8 ngày chưa có kết quả,5,5,1,
PA00376,2026-02-03,Cổng dịch vụ công,DV02,Phường Tân Hoà,Vệ sinh môi trường,Thường,"Rác tồn đọng ở điểm tập kết gần chợ Phường Tân Hoà ba ngày chưa thu gom, mùi rất nặng",10,9,1,4
PA00377,2026-02-03,Ứng dụng di động,DV02,Phường Tân Hoà,Hạ tầng giao thông,Thường,"Mặt đường Phường Tân Hoà sau khi đào lắp ống nước hoàn trả không phẳng, đi rất xóc",10,11,0,3
PA00378,2026-02-03,Cổng dịch vụ công,DV03,Phường Đông Giang,Hạ tầng giao thông,Khẩn,"Đoạn đường trước Phường Đông Giang xuống cấp, nhiều ổ gà, xe máy tránh nhau rất nguy hiểm",5,7,0,3
PA00379,2026-02-03,Cổng dịch vụ công,DV03,Phường Đông Giang,Cấp thoát nước,Thường,"Khu dân cư Phường Đông Giang mất nước từ sáng đến chiều, không thấy thông báo trước",10,11,0,
PA00380,2026-02-03,Văn bản giấy,DV03,Phường Đông Giang,Thủ tục hành chính,Rất khẩn,Cán bộ một cửa Phường Đông Giang yêu cầu giấy tờ ngoài danh mục niêm yết,2,2,1,5
PA00381,2026-02-03,Cổng dịch vụ công,DV04,Phường Nam Phong,Thủ tục hành chính,Thường,"Cổng dịch vụ công báo lỗi khi tải giấy tờ lên, gọi Phường Nam Phong không ai nghe máy",10,6,1,
PA00382,2026-02-03,Cổng dịch vụ công,DV04,Phường Nam Phong,Vệ sinh môi trường,Khẩn,"Rác tồn đọng ở điểm tập kết gần chợ Phường Nam Phong ba ngày chưa thu gom, mùi rất nặng",5,1,1,5
PA00383,2026-02-03,Tổng đài 1022,DV07,Xã Phú Điền,Khác,Khẩn,Đề nghị Xã Phú Điền thông tin rõ kế hoạch chỉnh trang khu dân cư năm tới,5,3,1,
PA00384,2026-02-03,Tổng đài 1022,DV08,Xã Vĩnh Lộc,Thủ tục hành chính,Thường,Đã nộp trực tuyến nhưng Xã Vĩnh Lộc vẫn yêu cầu nộp thêm bản giấy,10,13,0,3
PA00385,2026-02-03,Ứng dụng di động,DV11,Xã Mỹ Khánh,Khác,Thường,Góp ý Xã Mỹ Khánh mở thêm khung giờ tiếp dân vào buổi chiều thứ bảy,10,12,0,3
PA00386,2026-02-04,Tổng đài 1022,DV01,Phường Hoà Thuận,Chiếu sáng công cộng,Thường,"Ba cột đèn đường ở Phường Hoà Thuận cháy bóng, ban đêm tối om rất mất an toàn",10,6,1,
PA00387,2026-02-04,Cổng dịch vụ công,DV01,Phường Hoà Thuận,Trật tự đô thị,Thường,Hàng quán lấn chiếm vỉa hè trước cổng trường tiểu học ở Phường Hoà Thuận giờ tan học,10,8,1,4
PA00388,2026-02-04,Cổng dịch vụ công,DV02,Phường Tân Hoà,Thủ tục hành chính,Thường,Nộp hồ sơ chứng thực tại Phường Tân Hoà hẹn 3 ngày nhưng quá 8 ngày chưa có kết quả,10,6,1,5
PA00389,2026-02-04,Ứng dụng di động,DV04,Phường Nam Phong,Cấp thoát nước,Thường,"Ống nước trước nhà văn hoá Phường Nam Phong rò rỉ, nước chảy ra đường suốt ngày",10,9,1,
PA00390,2026-02-04,Tiếp công dân,DV07,Xã Phú Điền,Chiếu sáng công cộng,Khẩn,"Ba cột đèn đường ở Xã Phú Điền cháy bóng, ban đêm tối om rất mất an toàn",5,3,1,4
PA00391,2026-02-04,Ứng dụng di động,DV08,Xã Vĩnh Lộc,Vệ sinh môi trường,Khẩn,"Kênh chạy qua Xã Vĩnh Lộc nổi váng đen, nghi có cơ sở xả thải ban đêm",5,3,1,
PA00392,2026-02-04,Cổng dịch vụ công,DV09,Xã An Cư,Cấp thoát nước,Thường,"Nước máy ở Xã An Cư mấy hôm nay có mùi lạ, đề nghị kiểm tra chất lượng",10,3,1,
PA00393,2026-02-04,Tổng đài 1022,DV10,Xã Thanh Sơn,Hạ tầng giao thông,Thường,"Mặt đường Xã Thanh Sơn sau khi đào lắp ống nước hoàn trả không phẳng, đi rất xóc",10,7,1,
PA00394,2026-02-04,Tiếp công dân,DV12,Xã Hương Trà,Hạ tầng giao thông,Khẩn,"Mặt đường Xã Hương Trà sau khi đào lắp ống nước hoàn trả không phẳng, đi rất xóc",5,3,1,
PA00395,2026-02-05,Tổng đài 1022,DV01,Phường Hoà Thuận,Thủ tục hành chính,Khẩn,Nộp hồ sơ chứng thực tại Phường Hoà Thuận hẹn 3 ngày nhưng quá 8 ngày chưa có kết quả,5,5,1,3
PA00396,2026-02-05,Tổng đài 1022,DV01,Phường Hoà Thuận,Thủ tục hành chính,Thường,Cán bộ một cửa Phường Hoà Thuận yêu cầu giấy tờ ngoài danh mục niêm yết,10,8,1,
PA00397,2026-02-05,Ứng dụng di động,DV01,Phường Hoà Thuận,Thủ tục hành chính,Thường,Đã nộp trực tuyến nhưng Phường Hoà Thuận vẫn yêu cầu nộp thêm bản giấy,10,8,1,
PA00398,2026-02-05,Cổng dịch vụ công,DV02,Phường Tân Hoà,Trật tự đô thị,Thường,Hàng quán lấn chiếm vỉa hè trước cổng trường tiểu học ở Phường Tân Hoà giờ tan học,10,30,0,
PA00399,2026-02-05,Ứng dụng di động,DV04,Phường Nam Phong,Trật tự đô thị,Thường,Bãi giữ xe tự phát ở Phường Nam Phong chắn lối đi chung của khu dân cư,10,18,0,3
PA00400,2026-02-05,Ứng dụng di động,DV08,Xã Vĩnh Lộc,Vệ sinh môi trường,Khẩn,"Xe thu gom rác ở Xã Vĩnh Lộc đổi giờ mà không báo, dân để rác ra đường cả buổi",5,4,1,4
PA00401,2026-02-05,Cổng dịch vụ công,DV09,Xã An Cư,Cấp thoát nước,Thường,"Khu dân cư Xã An Cư mất nước từ sáng đến chiều, không thấy thông báo trước",10,10,1,
PA00402,2026-02-05,Tổng đài 1022,DV11,Xã Mỹ Khánh,Trật tự đô thị,Rất khẩn,Bãi giữ xe tự phát ở Xã Mỹ Khánh chắn lối đi chung của khu dân cư,2,2,1,4
PA00403,2026-02-06,Ứng dụng di động,DV02,Phường Tân Hoà,Trật tự đô thị,Thường,Hàng quán lấn chiếm vỉa hè trước cổng trường tiểu học ở Phường Tân Hoà giờ tan học,10,10,1,
PA00404,2026-02-06,Cổng dịch vụ công,DV03,Phường Đông Giang,Chiếu sáng công cộng,Thường,"Ba cột đèn đường ở Phường Đông Giang cháy bóng, ban đêm tối om rất mất an toàn",10,5,1,5
PA00405,2026-02-06,Ứng dụng di động,DV04,Phường Nam Phong,Hạ tầng giao thông,Khẩn,"Mặt đường Phường Nam Phong sau khi đào lắp ống nước hoàn trả không phẳng, đi rất xóc",5,1,1,
PA00406,2026-02-06,Cổng dịch vụ công,DV04,Phường Nam Phong,Vệ sinh môi trường,Thường,"Kênh chạy qua Phường Nam Phong nổi váng đen, nghi có cơ sở xả thải ban đêm",10,1,1,5
PA00407,2026-02-06,Tổng đài 1022,DV04,Phường Nam Phong,Hạ tầng giao thông,Thường,"Mặt đường Phường Nam Phong sau khi đào lắp ống nước hoàn trả không phẳng, đi rất xóc",10,6,1,
PA00408,2026-02-06,Văn bản giấy,DV05,Xã Bình An,Chiếu sáng công cộng,Khẩn,"Ba cột đèn đường ở Xã Bình An cháy bóng, ban đêm tối om rất mất an toàn",5,19,0,
PA00409,2026-02-06,Tổng đài 1022,DV06,Xã Long Thành,Hạ tầng giao thông,Thường,"Mặt đường Xã Long Thành sau khi đào lắp ống nước hoàn trả không phẳng, đi rất xóc",10,10,1,4
PA00410,2026-02-06,Cổng dịch vụ công,DV07,Xã Phú Điền,Thủ tục hành chính,Thường,Cán bộ một cửa Xã Phú Điền yêu cầu giấy tờ ngoài danh mục niêm yết,10,8,1,3
PA00411,2026-02-06,Tổng đài 1022,DV07,Xã Phú Điền,Vệ sinh môi trường,Thường,"Xe thu gom rác ở Xã Phú Điền đổi giờ mà không báo, dân để rác ra đường cả buổi",10,4,1,
PA00412,2026-02-06,Cổng dịch vụ công,DV09,Xã An Cư,Cấp thoát nước,Khẩn,"Khu dân cư Xã An Cư mất nước từ sáng đến chiều, không thấy thông báo trước",5,6,0,
PA00413,2026-02-06,Văn bản giấy,DV09,Xã An Cư,Hạ tầng giao thông,Thường,Nắp cống trên tuyến đường liên xã qua Xã An Cư bị vỡ đã hai tuần chưa ai sửa,10,9,1,
PA00414,2026-02-06,Cổng dịch vụ công,DV10,Xã Thanh Sơn,Hạ tầng giao thông,Thường,"Cầu nhỏ bắc qua kênh ở Xã Thanh Sơn mục lan can, trẻ em đi học qua rất lo",10,9,1,5
PA00415,2026-02-06,Cổng dịch vụ công,DV11,Xã Mỹ Khánh,Cấp thoát nước,Khẩn,"Ống nước trước nhà văn hoá Xã Mỹ Khánh rò rỉ, nước chảy ra đường suốt ngày",5,3,1,3
PA00416,2026-02-06,Tổng đài 1022,DV12,Xã Hương Trà,Hạ tầng giao thông,Thường,"Mặt đường Xã Hương Trà sau khi đào lắp ống nước hoàn trả không phẳng, đi rất xóc",10,12,0,3
PA00417,2026-02-06,Tổng đài 1022,DV12,Xã Hương Trà,Cấp thoát nước,Thường,"Ống nước trước nhà văn hoá Xã Hương Trà rò rỉ, nước chảy ra đường suốt ngày",10,11,0,
PA00418,2026-02-07,Cổng dịch vụ công,DV01,Phường Hoà Thuận,Hạ tầng giao thông,Khẩn,"Đoạn đường trước Phường Hoà Thuận xuống cấp, nhiều ổ gà, xe máy tránh nhau rất nguy hiểm",5,7,0,
PA00419,2026-02-07,Ứng dụng di động,DV01,Phường Hoà Thuận,Vệ sinh môi trường,Khẩn,"Có hộ đổ trộm xà bần ra bãi đất trống ở Phường Hoà Thuận, đề nghị kiểm tra",5,4,1,
PA00420,2026-02-07,Cổng dịch vụ công,DV01,Phường Hoà Thuận,Hạ tầng giao thông,Thường,"Cầu nhỏ bắc qua kênh ở Phường Hoà Thuận mục lan can, trẻ em đi học qua rất lo",10,4,1,
PA00421,2026-02-07,Văn bản giấy,DV01,Phường Hoà Thuận,Chiếu sáng công cộng,Khẩn,"Ba cột đèn đường ở Phường Hoà Thuận cháy bóng, ban đêm tối om rất mất an toàn",5,3,1,5
PA00422,2026-02-07,Cổng dịch vụ công,DV02,Phường Tân Hoà,Trật tự đô thị,Thường,Bãi giữ xe tự phát ở Phường Tân Hoà chắn lối đi chung của khu dân cư,10,10,1,4
PA00423,2026-02-07,Tổng đài 1022,DV02,Phường Tân Hoà,Chiếu sáng công cộng,Thường,"Đèn chiếu sáng khu vực Phường Tân Hoà bật cả ban ngày, rất lãng phí điện",10,7,1,
PA00424,2026-02-07,Ứng dụng di động,DV02,Phường Tân Hoà,Vệ sinh môi trường,Khẩn,"Có hộ đổ trộm xà bần ra bãi đất trống ở Phường Tân Hoà, đề nghị kiểm tra",5,4,1,4
PA00425,2026-02-07,Tổng đài 1022,DV02,Phường Tân Hoà,Chiếu sáng công cộng,Rất khẩn,"Ba cột đèn đường ở Phường Tân Hoà cháy bóng, ban đêm tối om rất mất an toàn",2,2,1,
PA00426,2026-02-07,Tổng đài 1022,DV04,Phường Nam Phong,Hạ tầng giao thông,Thường,Nắp cống trên tuyến đường liên xã qua Phường Nam Phong bị vỡ đã hai tuần chưa ai sửa,10,9,1,5
PA00427,2026-02-07,Cổng dịch vụ công,DV04,Phường Nam Phong,Thủ tục hành chính,Khẩn,Đã nộp trực tuyến nhưng Phường Nam Phong vẫn yêu cầu nộp thêm bản giấy,5,4,1,4
PA00428,2026-02-07,Cổng dịch vụ công,DV04,Phường Nam Phong,Vệ sinh môi trường,Khẩn,"Xe thu gom rác ở Phường Nam Phong đổi giờ mà không báo, dân để rác ra đường cả buổi",5,4,1,
PA00429,2026-02-07,Cổng dịch vụ công,DV05,Xã Bình An,An sinh xã hội,Khẩn,"Hộ cận nghèo ở Xã Bình An chưa nhận được hỗ trợ đợt này, đề nghị rà soát",5,5,1,
PA00430,2026-02-07,Ứng dụng di động,DV06,Xã Long Thành,Hạ tầng giao thông,Thường,"Đoạn đường trước Xã Long Thành xuống cấp, nhiều ổ gà, xe máy tránh nhau rất nguy hiểm",10,9,1,5
PA00431,2026-02-07,Tổng đài 1022,DV06,Xã Long Thành,Hạ tầng giao thông,Thường,"Mặt đường Xã Long Thành sau khi đào lắp ống nước hoàn trả không phẳng, đi rất xóc",10,6,1,4
PA00432,2026-02-07,Cổng dịch vụ công,DV09,Xã An Cư,Thủ tục hành chính,Thường,Nộp hồ sơ chứng thực tại Xã An Cư hẹn 3 ngày nhưng quá 8 ngày chưa có kết quả,10,5,1,
PA00433,2026-02-08,Tổng đài 1022,DV01,Phường Hoà Thuận,Hạ tầng giao thông,Thường,"Mặt đường Phường Hoà Thuận sau khi đào lắp ống nước hoàn trả không phẳng, đi rất xóc",10,5,1,5
PA00434,2026-02-08,Văn bản giấy,DV02,Phường Tân Hoà,Vệ sinh môi trường,Khẩn,"Kênh chạy qua Phường Tân Hoà nổi váng đen, nghi có cơ sở xả thải ban đêm",5,6,0,
PA00435,2026-02-08,Tổng đài 1022,DV02,Phường Tân Hoà,An sinh xã hội,Thường,"Danh sách nhận hỗ trợ ở Phường Tân Hoà niêm yết thiếu tên, đề nghị kiểm tra lại",10,13,0,4
PA00436,2026-02-08,Ứng dụng di động,DV02,Phường Tân Hoà,Chiếu sáng công cộng,Thường,"Ba cột đèn đường ở Phường Tân Hoà cháy bóng, ban đêm tối om rất mất an toàn",10,3,1,
PA00437,2026-02-08,Tổng đài 1022,DV03,Phường Đông Giang,Cấp thoát nước,Rất khẩn,"Khu dân cư Phường Đông Giang mất nước từ sáng đến chiều, không thấy thông báo trước",2,1,1,3
PA00438,2026-02-08,Tổng đài 1022,DV03,Phường Đông Giang,Khác,Thường,Góp ý Phường Đông Giang mở thêm khung giờ tiếp dân vào buổi chiều thứ bảy,10,14,0,4
PA00439,2026-02-08,Tiếp công dân,DV03,Phường Đông Giang,Cấp thoát nước,Thường,"Ống nước trước nhà văn hoá Phường Đông Giang rò rỉ, nước chảy ra đường suốt ngày",10,1,1,
PA00440,2026-02-08,Tổng đài 1022,DV03,Phường Đông Giang,Hạ tầng giao thông,Khẩn,Nắp cống trên tuyến đường liên xã qua Phường Đông Giang bị vỡ đã hai tuần chưa ai sửa,5,7,0,
PA00441,2026-02-08,Tổng đài 1022,DV04,Phường Nam Phong,Thủ tục hành chính,Thường,Cán bộ một cửa Phường Nam Phong yêu cầu giấy tờ ngoài danh mục niêm yết,10,10,1,5
PA00442,2026-02-08,Ứng dụng di động,DV04,Phường Nam Phong,Vệ sinh môi trường,Thường,"Rác tồn đọng ở điểm tập kết gần chợ Phường Nam Phong ba ngày chưa thu gom, mùi rất nặng",10,9,1,
PA00443,2026-02-08,Tổng đài 1022,DV05,Xã Bình An,Thủ tục hành chính,Khẩn,Nộp hồ sơ chứng thực tại Xã Bình An hẹn 3 ngày nhưng quá 8 ngày chưa có kết quả,5,6,0,2
PA00444,2026-02-08,Cổng dịch vụ công,DV06,Xã Long Thành,Hạ tầng giao thông,Thường,"Mặt đường Xã Long Thành sau khi đào lắp ống nước hoàn trả không phẳng, đi rất xóc",10,9,1,5
PA00445,2026-02-08,Cổng dịch vụ công,DV06,Xã Long Thành,Cấp thoát nước,Rất khẩn,"Khu dân cư Xã Long Thành mất nước từ sáng đến chiều, không thấy thông báo trước",2,1,1,5
PA00446,2026-02-08,Tiếp công dân,DV06,Xã Long Thành,Hạ tầng giao thông,Thường,"Mặt đường Xã Long Thành sau khi đào lắp ống nước hoàn trả không phẳng, đi rất xóc",10,10,1,
PA00447,2026-02-08,Tổng đài 1022,DV07,Xã Phú Điền,Trật tự đô thị,Thường,Xe tải trọng lớn chạy vào đường nội bộ Xã Phú Điền ngoài giờ quy định,10,5,1,
PA00448,2026-02-08,Văn bản giấy,DV08,Xã Vĩnh Lộc,Chiếu sáng công cộng,Thường,"Ngõ vào cụm dân cư Xã Vĩnh Lộc chưa có đèn chiếu sáng, đã kiến nghị hai lần",10,10,1,
PA00449,2026-02-08,Tiếp công dân,DV09,Xã An Cư,Chiếu sáng công cộng,Thường,"Ba cột đèn đường ở Xã An Cư cháy bóng, ban đêm tối om rất mất an toàn",10,14,0,3
PA00450,2026-02-08,Ứng dụng di động,DV11,Xã Mỹ Khánh,Thủ tục hành chính,Khẩn,Đã nộp trực tuyến nhưng Xã Mỹ Khánh vẫn yêu cầu nộp thêm bản giấy,5,6,0,
PA00451,2026-02-09,Tổng đài 1022,DV02,Phường Tân Hoà,Vệ sinh môi trường,Khẩn,"Rác tồn đọng ở điểm tập kết gần chợ Phường Tân Hoà ba ngày chưa thu gom, mùi rất nặng",5,4,1,
PA00452,2026-02-09,Ứng dụng di động,DV02,Phường Tân Hoà,Hạ tầng giao thông,Thường,Nắp cống trên tuyến đường liên xã qua Phường Tân Hoà bị vỡ đã hai tuần chưa ai sửa,10,10,1,
PA00453,2026-02-09,Văn bản giấy,DV04,Phường Nam Phong,Hạ tầng giao thông,Khẩn,"Mặt đường Phường Nam Phong sau khi đào lắp ống nước hoàn trả không phẳng, đi rất xóc",5,5,1,4
PA00454,2026-02-09,Ứng dụng di động,DV04,Phường Nam Phong,Trật tự đô thị,Thường,Hàng quán lấn chiếm vỉa hè trước cổng trường tiểu học ở Phường Nam Phong giờ tan học,10,2,1,5
PA00455,2026-02-09,Tổng đài 1022,DV04,Phường Nam Phong,Thủ tục hành chính,Thường,"Cổng dịch vụ công báo lỗi khi tải giấy tờ lên, gọi Phường Nam Phong không ai nghe máy",10,13,0,3
PA00456,2026-02-09,Cổng dịch vụ công,DV04,Phường Nam Phong,Thủ tục hành chính,Thường,"Cổng dịch vụ công báo lỗi khi tải giấy tờ lên, gọi Phường Nam Phong không ai nghe máy",10,22,0,4
PA00457,2026-02-09,Cổng dịch vụ công,DV06,Xã Long Thành,Vệ sinh môi trường,Thường,"Rác tồn đọng ở điểm tập kết gần chợ Xã Long Thành ba ngày chưa thu gom, mùi rất nặng",10,10,1,3
PA00458,2026-02-09,Ứng dụng di động,DV07,Xã Phú Điền,Trật tự đô thị,Thường,Hàng quán lấn chiếm vỉa hè trước cổng trường tiểu học ở Xã Phú Điền giờ tan học,10,10,1,
PA00459,2026-02-09,Cổng dịch vụ công,DV08,Xã Vĩnh Lộc,Hạ tầng giao thông,Thường,"Mặt đường Xã Vĩnh Lộc sau khi đào lắp ống nước hoàn trả không phẳng, đi rất xóc",10,10,1,
PA00460,2026-02-09,Tổng đài 1022,DV08,Xã Vĩnh Lộc,Vệ sinh môi trường,Rất khẩn,"Rác tồn đọng ở điểm tập kết gần chợ Xã Vĩnh Lộc ba ngày chưa thu gom, mùi rất nặng",2,2,1,5
PA00461,2026-02-09,Tổng đài 1022,DV09,Xã An Cư,Hạ tầng giao thông,Thường,"Đoạn đường trước Xã An Cư xuống cấp, nhiều ổ gà, xe máy tránh nhau rất nguy hiểm",10,9,1,5
PA00462,2026-02-09,Ứng dụng di động,DV10,Xã Thanh Sơn,Vệ sinh môi trường,Thường,"Xe thu gom rác ở Xã Thanh Sơn đổi giờ mà không báo, dân để rác ra đường cả buổi",10,12,0,
PA00463,2026-02-10,Tổng đài 1022,DV01,Phường Hoà Thuận,Hạ tầng giao thông,Thường,Nắp cống trên tuyến đường liên xã qua Phường Hoà Thuận bị vỡ đã hai tuần chưa ai sửa,10,5,1,
PA00464,2026-02-10,Cổng dịch vụ công,DV01,Phường Hoà Thuận,Khác,Thường,Góp ý Phường Hoà Thuận mở thêm khung giờ tiếp dân vào buổi chiều thứ bảy,10,7,1,
PA00465,2026-02-10,Văn bản giấy,DV01,Phường Hoà Thuận,Trật tự đô thị,Thường,Hàng quán lấn chiếm vỉa hè trước cổng trường tiểu học ở Phường Hoà Thuận giờ tan học,10,10,1,
PA00466,2026-02-10,Tổng đài 1022,DV03,Phường Đông Giang,Trật tự đô thị,Khẩn,Xe tải trọng lớn chạy vào đường nội bộ Phường Đông Giang ngoài giờ quy định,5,4,1,
PA00467,2026-02-10,Cổng dịch vụ công,DV03,Phường Đông Giang,Cấp thoát nước,Thường,"Ống nước trước nhà văn hoá Phường Đông Giang rò rỉ, nước chảy ra đường suốt ngày",10,4,1,5
PA00468,2026-02-10,Tổng đài 1022,DV04,Phường Nam Phong,An sinh xã hội,Thường,Người cao tuổi ở Phường Nam Phong chưa được hướng dẫn làm thủ tục trợ cấp,10,12,0,
PA00469,2026-02-10,Văn bản giấy,DV08,Xã Vĩnh Lộc,Trật tự đô thị,Thường,Bãi giữ xe tự phát ở Xã Vĩnh Lộc chắn lối đi chung của khu dân cư,10,6,1,
PA00470,2026-02-10,Cổng dịch vụ công,DV08,Xã Vĩnh Lộc,Hạ tầng giao thông,Thường,"Mặt đường Xã Vĩnh Lộc sau khi đào lắp ống nước hoàn trả không phẳng, đi rất xóc",10,7,1,3
PA00471,2026-02-10,Cổng dịch vụ công,DV09,Xã An Cư,Vệ sinh môi trường,Thường,"Có hộ đổ trộm xà bần ra bãi đất trống ở Xã An Cư, đề nghị kiểm tra",10,5,1,3
PA00472,2026-02-10,Cổng dịch vụ công,DV10,Xã Thanh Sơn,Vệ sinh môi trường,Khẩn,"Có hộ đổ trộm xà bần ra bãi đất trống ở Xã Thanh Sơn, đề nghị kiểm tra",5,2,1,4
PA00473,2026-02-10,Tổng đài 1022,DV11,Xã Mỹ Khánh,Vệ sinh môi trường,Thường,"Kênh chạy qua Xã Mỹ Khánh nổi váng đen, nghi có cơ sở xả thải ban đêm",10,3,1,
PA00474,2026-02-10,Tổng đài 1022,DV11,Xã Mỹ Khánh,Hạ tầng giao thông,Thường,"Mặt đường Xã Mỹ Khánh sau khi đào lắp ống nước hoàn trả không phẳng, đi rất xóc",10,10,1,
PA00475,2026-02-11,Cổng dịch vụ công,DV01,Phường Hoà Thuận,Cấp thoát nước,Thường,"Nước máy ở Phường Hoà Thuận mấy hôm nay có mùi lạ, đề nghị kiểm tra chất lượng",10,3,1,
PA00476,2026-02-11,Văn bản giấy,DV01,Phường Hoà Thuận,Thủ tục hành chính,Thường,"Cổng dịch vụ công báo lỗi khi tải giấy tờ lên, gọi Phường Hoà Thuận không ai nghe máy",10,10,1,
PA00477,2026-02-11,Cổng dịch vụ công,DV02,Phường Tân Hoà,Trật tự đô thị,Thường,"Có công trình ở Phường Tân Hoà thi công sau 22 giờ gây ồn, đề nghị kiểm tra giấy phép",10,9,1,5
PA00478,2026-02-11,Ứng dụng di động,DV03,Phường Đông Giang,Vệ sinh môi trường,Thường,"Có hộ đổ trộm xà bần ra bãi đất trống ở Phường Đông Giang, đề nghị kiểm tra",10,1,1,
PA00479,2026-02-11,Tổng đài 1022,DV04,Phường Nam Phong,Hạ tầng giao thông,Khẩn,"Cầu nhỏ bắc qua kênh ở Phường Nam Phong mục lan can, trẻ em đi học qua rất lo",5,4,1,3
PA00480,2026-02-11,Ứng dụng di động,DV06,Xã Long Thành,Hạ tầng giao thông,Thường,"Cầu nhỏ bắc qua kênh ở Xã Long Thành mục lan can, trẻ em đi học qua rất lo",10,6,1,
PA00481,2026-02-11,Ứng dụng di động,DV06,Xã Long Thành,Cấp thoát nước,Thường,"Mưa là ngập cả tuyến ở Xã Long Thành, cống thoát nghẹt không rút được",10,8,1,5
PA00482,2026-02-11,Ứng dụng di động,DV11,Xã Mỹ Khánh,Vệ sinh môi trường,Khẩn,"Xe thu gom rác ở Xã Mỹ Khánh đổi giờ mà không báo, dân để rác ra đường cả buổi",5,6,0,
PA00483,2026-02-11,Ứng dụng di động,DV11,Xã Mỹ Khánh,Thủ tục hành chính,Thường,"Cổng dịch vụ công báo lỗi khi tải giấy tờ lên, gọi Xã Mỹ Khánh không ai nghe máy",10,5,1,
PA00484,2026-02-11,Tổng đài 1022,DV12,Xã Hương Trà,Trật tự đô thị,Thường,Xe tải trọng lớn chạy vào đường nội bộ Xã Hương Trà ngoài giờ quy định,10,10,1,5
PA00485,2026-02-12,Ứng dụng di động,DV02,Phường Tân Hoà,Hạ tầng giao thông,Thường,"Cầu nhỏ bắc qua kênh ở Phường Tân Hoà mục lan can, trẻ em đi học qua rất lo",10,7,1,5
PA00486,2026-02-12,Ứng dụng di động,DV03,Phường Đông Giang,Trật tự đô thị,Khẩn,Bãi giữ xe tự phát ở Phường Đông Giang chắn lối đi chung của khu dân cư,5,3,1,5
PA00487,2026-02-12,Tổng đài 1022,DV04,Phường Nam Phong,Trật tự đô thị,Thường,Hàng quán lấn chiếm vỉa hè trước cổng trường tiểu học ở Phường Nam Phong giờ tan học,10,1,1,
PA00488,2026-02-12,Tổng đài 1022,DV04,Phường Nam Phong,An sinh xã hội,Thường,"Danh sách nhận hỗ trợ ở Phường Nam Phong niêm yết thiếu tên, đề nghị kiểm tra lại",10,4,1,
PA00489,2026-02-12,Tổng đài 1022,DV05,Xã Bình An,Vệ sinh môi trường,Thường,"Kênh chạy qua Xã Bình An nổi váng đen, nghi có cơ sở xả thải ban đêm",10,6,1,
PA00490,2026-02-12,Cổng dịch vụ công,DV06,Xã Long Thành,Vệ sinh môi trường,Thường,"Có hộ đổ trộm xà bần ra bãi đất trống ở Xã Long Thành, đề nghị kiểm tra",10,15,0,4
PA00491,2026-02-12,Tổng đài 1022,DV08,Xã Vĩnh Lộc,Chiếu sáng công cộng,Thường,"Ba cột đèn đường ở Xã Vĩnh Lộc cháy bóng, ban đêm tối om rất mất an toàn",10,9,1,
PA00492,2026-02-12,Cổng dịch vụ công,DV08,Xã Vĩnh Lộc,Cấp thoát nước,Thường,"Mưa là ngập cả tuyến ở Xã Vĩnh Lộc, cống thoát nghẹt không rút được",10,8,1,
PA00493,2026-02-12,Tổng đài 1022,DV08,Xã Vĩnh Lộc,Chiếu sáng công cộng,Thường,"Ba cột đèn đường ở Xã Vĩnh Lộc cháy bóng, ban đêm tối om rất mất an toàn",10,4,1,
PA00494,2026-02-12,Tổng đài 1022,DV12,Xã Hương Trà,Thủ tục hành chính,Thường,Nộp hồ sơ chứng thực tại Xã Hương Trà hẹn 3 ngày nhưng quá 8 ngày chưa có kết quả,10,5,1,
PA00495,2026-02-13,Tiếp công dân,DV01,Phường Hoà Thuận,Hạ tầng giao thông,Thường,Nắp cống trên tuyến đường liên xã qua Phường Hoà Thuận bị vỡ đã hai tuần chưa ai sửa,10,9,1,
PA00496,2026-02-13,Tổng đài 1022,DV02,Phường Tân Hoà,Thủ tục hành chính,Rất khẩn,Cán bộ một cửa Phường Tân Hoà yêu cầu giấy tờ ngoài danh mục niêm yết,2,1,1,3
PA00497,2026-02-13,Văn bản giấy,DV04,Phường Nam Phong,An sinh xã hội,Thường,Người cao tuổi ở Phường Nam Phong chưa được hướng dẫn làm thủ tục trợ cấp,10,2,1,4
PA00498,2026-02-13,Ứng dụng di động,DV04,Phường Nam Phong,Chiếu sáng công cộng,Thường,"Ngõ vào cụm dân cư Phường Nam Phong chưa có đèn chiếu sáng, đã kiến nghị hai lần",10,8,1,
PA00499,2026-02-13,Cổng dịch vụ công,DV05,Xã Bình An,Khác,Thường,"Loa phát thanh ở Xã Bình An phát quá sớm, ảnh hưởng người già và trẻ nhỏ",10,9,1,
PA00500,2026-02-13,Tổng đài 1022,DV06,Xã Long Thành,Hạ tầng giao thông,Thường,"Đoạn đường trước Xã Long Thành xuống cấp, nhiều ổ gà, xe máy tránh nhau rất nguy hiểm",10,4,1,5
PA00501,2026-02-13,Tổng đài 1022,DV08,Xã Vĩnh Lộc,An sinh xã hội,Thường,Người cao tuổi ở Xã Vĩnh Lộc chưa được hướng dẫn làm thủ tục trợ cấp,10,7,1,4
PA00502,2026-02-13,Tổng đài 1022,DV08,Xã Vĩnh Lộc,Cấp thoát nước,Thường,"Mưa là ngập cả tuyến ở Xã Vĩnh Lộc, cống thoát nghẹt không rút được",10,9,1,5
PA00503,2026-02-13,Tổng đài 1022,DV09,Xã An Cư,Vệ sinh môi trường,Thường,"Kênh chạy qua Xã An Cư nổi váng đen, nghi có cơ sở xả thải ban đêm",10,15,0,
PA00504,2026-02-13,Cổng dịch vụ công,DV11,Xã Mỹ Khánh,Hạ tầng giao thông,Thường,"Mặt đường Xã Mỹ Khánh sau khi đào lắp ống nước hoàn trả không phẳng, đi rất xóc",10,5,1,
PA00505,2026-02-14,Tổng đài 1022,DV01,Phường Hoà Thuận,Trật tự đô thị,Thường,"Có công trình ở Phường Hoà Thuận thi công sau 22 giờ gây ồn, đề nghị kiểm tra giấy phép",10,4,1,
PA00506,2026-02-14,Cổng dịch vụ công,DV01,Phường Hoà Thuận,Trật tự đô thị,Thường,Hàng quán lấn chiếm vỉa hè trước cổng trường tiểu học ở Phường Hoà Thuận giờ tan học,10,9,1,4
PA00507,2026-02-14,Văn bản giấy,DV01,Phường Hoà Thuận,Trật tự đô thị,Khẩn,Bãi giữ xe tự phát ở Phường Hoà Thuận chắn lối đi chung của khu dân cư,5,7,0,3
PA00508,2026-02-14,Văn bản giấy,DV01,Phường Hoà Thuận,Cấp thoát nước,Khẩn,"Khu dân cư Phường Hoà Thuận mất nước từ sáng đến chiều, không thấy thông báo trước",5,7,0,3
PA00509,2026-02-14,Tổng đài 1022,DV02,Phường Tân Hoà,Vệ sinh môi trường,Khẩn,"Rác tồn đọng ở điểm tập kết gần chợ Phường Tân Hoà ba ngày chưa thu gom, mùi rất nặng",5,4,1,3
PA00510,2026-02-14,Cổng dịch vụ công,DV02,Phường Tân Hoà,Hạ tầng giao thông,Thường,"Đoạn đường trước Phường Tân Hoà xuống cấp, nhiều ổ gà, xe máy tránh nhau rất nguy hiểm",10,12,0,
PA00511,2026-02-14,Ứng dụng di động,DV03,Phường Đông Giang,Hạ tầng giao thông,Thường,"Cầu nhỏ bắc qua kênh ở Phường Đông Giang mục lan can, trẻ em đi học qua rất lo",10,8,1,4
PA00512,2026-02-14,Tổng đài 1022,DV04,Phường Nam Phong,An sinh xã hội,Khẩn,"Danh sách nhận hỗ trợ ở Phường Nam Phong niêm yết thiếu tên, đề nghị kiểm tra lại",5,2,1,
PA00513,2026-02-14,Tổng đài 1022,DV04,Phường Nam Phong,Trật tự đô thị,Thường,Bãi giữ xe tự phát ở Phường Nam Phong chắn lối đi chung của khu dân cư,10,10,1,
PA00514,2026-02-14,Tổng đài 1022,DV06,Xã Long Thành,Vệ sinh môi trường,Khẩn,"Xe thu gom rác ở Xã Long Thành đổi giờ mà không báo, dân để rác ra đường cả buổi",5,2,1,
PA00515,2026-02-14,Văn bản giấy,DV06,Xã Long Thành,Trật tự đô thị,Khẩn,Hàng quán lấn chiếm vỉa hè trước cổng trường tiểu học ở Xã Long Thành giờ tan học,5,5,1,
PA00516,2026-02-14,Ứng dụng di động,DV08,Xã Vĩnh Lộc,Cấp thoát nước,Khẩn,"Ống nước trước nhà văn hoá Xã Vĩnh Lộc rò rỉ, nước chảy ra đường suốt ngày",5,7,0,
PA00517,2026-02-14,Ứng dụng di động,DV12,Xã Hương Trà,Vệ sinh môi trường,Thường,"Có hộ đổ trộm xà bần ra bãi đất trống ở Xã Hương Trà, đề nghị kiểm tra",10,3,1,
PA00518,2026-02-15,Tổng đài 1022,DV01,Phường Hoà Thuận,Trật tự đô thị,Thường,Xe tải trọng lớn chạy vào đường nội bộ Phường Hoà Thuận ngoài giờ quy định,10,2,1,
PA00519,2026-02-15,Cổng dịch vụ công,DV01,Phường Hoà Thuận,Thủ tục hành chính,Thường,Đã nộp trực tuyến nhưng Phường Hoà Thuận vẫn yêu cầu nộp thêm bản giấy,10,9,1,
PA00520,2026-02-15,Cổng dịch vụ công,DV02,Phường Tân Hoà,Hạ tầng giao thông,Thường,"Cầu nhỏ bắc qua kênh ở Phường Tân Hoà mục lan can, trẻ em đi học qua rất lo",10,8,1,3
PA00521,2026-02-15,Cổng dịch vụ công,DV02,Phường Tân Hoà,Cấp thoát nước,Khẩn,"Khu dân cư Phường Tân Hoà mất nước từ sáng đến chiều, không thấy thông báo trước",5,4,1,
PA00522,2026-02-15,Tiếp công dân,DV02,Phường Tân Hoà,Thủ tục hành chính,Thường,Đã nộp trực tuyến nhưng Phường Tân Hoà vẫn yêu cầu nộp thêm bản giấy,10,6,1,
PA00523,2026-02-15,Tổng đài 1022,DV03,Phường Đông Giang,Vệ sinh môi trường,Thường,"Có hộ đổ trộm xà bần ra bãi đất trống ở Phường Đông Giang, đề nghị kiểm tra",10,7,1,5
PA00524,2026-02-15,Văn bản giấy,DV03,Phường Đông Giang,Vệ sinh môi trường,Thường,"Xe thu gom rác ở Phường Đông Giang đổi giờ mà không báo, dân để rác ra đường cả buổi",10,7,1,5
PA00525,2026-02-15,Tổng đài 1022,DV04,Phường Nam Phong,Cấp thoát nước,Thường,"Ống nước trước nhà văn hoá Phường Nam Phong rò rỉ, nước chảy ra đường suốt ngày",10,11,0,
PA00526,2026-02-15,Cổng dịch vụ công,DV05,Xã Bình An,Thủ tục hành chính,Thường,"Cổng dịch vụ công báo lỗi khi tải giấy tờ lên, gọi Xã Bình An không ai nghe máy",10,11,0,
PA00527,2026-02-15,Văn bản giấy,DV08,Xã Vĩnh Lộc,Hạ tầng giao thông,Thường,"Cầu nhỏ bắc qua kênh ở Xã Vĩnh Lộc mục lan can, trẻ em đi học qua rất lo",10,6,1,
PA00528,2026-02-15,Ứng dụng di động,DV10,Xã Thanh Sơn,Hạ tầng giao thông,Thường,"Đoạn đường trước Xã Thanh Sơn xuống cấp, nhiều ổ gà, xe máy tránh nhau rất nguy hiểm",10,9,1,
PA00529,2026-02-16,Cổng dịch vụ công,DV01,Phường Hoà Thuận,Thủ tục hành chính,Thường,Cán bộ một cửa Phường Hoà Thuận yêu cầu giấy tờ ngoài danh mục niêm yết,10,8,1,4
PA00530,2026-02-16,Văn bản giấy,DV01,Phường Hoà Thuận,Hạ tầng giao thông,Thường,"Mặt đường Phường Hoà Thuận sau khi đào lắp ống nước hoàn trả không phẳng, đi rất xóc",10,9,1,5
PA00531,2026-02-16,Ứng dụng di động,DV02,Phường Tân Hoà,Trật tự đô thị,Thường,"Có công trình ở Phường Tân Hoà thi công sau 22 giờ gây ồn, đề nghị kiểm tra giấy phép",10,3,1,
PA00532,2026-02-16,Tổng đài 1022,DV06,Xã Long Thành,Hạ tầng giao thông,Thường,Nắp cống trên tuyến đường liên xã qua Xã Long Thành bị vỡ đã hai tuần chưa ai sửa,10,5,1,3
PA00533,2026-02-16,Tổng đài 1022,DV07,Xã Phú Điền,Hạ tầng giao thông,Thường,"Mặt đường Xã Phú Điền sau khi đào lắp ống nước hoàn trả không phẳng, đi rất xóc",10,1,1,
PA00534,2026-02-16,Cổng dịch vụ công,DV10,Xã Thanh Sơn,Vệ sinh môi trường,Thường,"Có hộ đổ trộm xà bần ra bãi đất trống ở Xã Thanh Sơn, đề nghị kiểm tra",10,8,1,
PA00535,2026-02-16,Tổng đài 1022,DV10,Xã Thanh Sơn,Trật tự đô thị,Thường,Bãi giữ xe tự phát ở Xã Thanh Sơn chắn lối đi chung của khu dân cư,10,9,1,5
PA00536,2026-02-17,Tổng đài 1022,DV01,Phường Hoà Thuận,Chiếu sáng công cộng,Thường,"Đèn chiếu sáng khu vực Phường Hoà Thuận bật cả ban ngày, rất lãng phí điện",10,8,1,
PA00537,2026-02-17,Tổng đài 1022,DV01,Phường Hoà Thuận,Hạ tầng giao thông,Khẩn,"Cầu nhỏ bắc qua kênh ở Phường Hoà Thuận mục lan can, trẻ em đi học qua rất lo",5,5,1,
PA00538,2026-02-17,Ứng dụng di động,DV02,Phường Tân Hoà,Hạ tầng giao thông,Thường,"Đoạn đường trước Phường Tân Hoà xuống cấp, nhiều ổ gà, xe máy tránh nhau rất nguy hiểm",10,8,1,4
PA00539,2026-02-17,Tổng đài 1022,DV02,Phường Tân Hoà,Chiếu sáng công cộng,Thường,"Ngõ vào cụm dân cư Phường Tân Hoà chưa có đèn chiếu sáng, đã kiến nghị hai lần",10,9,1,
PA00540,2026-02-17,Ứng dụng di động,DV02,Phường Tân Hoà,Hạ tầng giao thông,Thường,"Cầu nhỏ bắc qua kênh ở Phường Tân Hoà mục lan can, trẻ em đi học qua rất lo",10,10,1,
PA00541,2026-02-17,Ứng dụng di động,DV04,Phường Nam Phong,Trật tự đô thị,Khẩn,Bãi giữ xe tự phát ở Phường Nam Phong chắn lối đi chung của khu dân cư,5,4,1,5
PA00542,2026-02-17,Cổng dịch vụ công,DV04,Phường Nam Phong,Hạ tầng giao thông,Thường,"Đoạn đường trước Phường Nam Phong xuống cấp, nhiều ổ gà, xe máy tránh nhau rất nguy hiểm",10,7,1,3
PA00543,2026-02-17,Tiếp công dân,DV04,Phường Nam Phong,Hạ tầng giao thông,Khẩn,"Mặt đường Phường Nam Phong sau khi đào lắp ống nước hoàn trả không phẳng, đi rất xóc",5,3,1,3
PA00544,2026-02-17,Cổng dịch vụ công,DV04,Phường Nam Phong,Hạ tầng giao thông,Thường,"Đoạn đường trước Phường Nam Phong xuống cấp, nhiều ổ gà, xe máy tránh nhau rất nguy hiểm",10,29,0,3
PA00545,2026-02-17,Văn bản giấy,DV06,Xã Long Thành,Hạ tầng giao thông,Thường,"Cầu nhỏ bắc qua kênh ở Xã Long Thành mục lan can, trẻ em đi học qua rất lo",10,5,1,
PA00546,2026-02-17,Tổng đài 1022,DV07,Xã Phú Điền,Hạ tầng giao thông,Thường,"Cầu nhỏ bắc qua kênh ở Xã Phú Điền mục lan can, trẻ em đi học qua rất lo",10,6,1,4
PA00547,2026-02-17,Ứng dụng di động,DV09,Xã An Cư,An sinh xã hội,Thường,Người cao tuổi ở Xã An Cư chưa được hướng dẫn làm thủ tục trợ cấp,10,1,1,
PA00548,2026-02-17,Cổng dịch vụ công,DV11,Xã Mỹ Khánh,Hạ tầng giao thông,Khẩn,"Mặt đường Xã Mỹ Khánh sau khi đào lắp ống nước hoàn trả không phẳng, đi rất xóc",5,3,1,5
PA00549,2026-02-18,Tiếp công dân,DV01,Phường Hoà Thuận,Thủ tục hành chính,Thường,Cán bộ một cửa Phường Hoà Thuận yêu cầu giấy tờ ngoài danh mục niêm yết,10,6,1,
PA00550,2026-02-18,Cổng dịch vụ công,DV02,Phường Tân Hoà,Hạ tầng giao thông,Thường,Nắp cống trên tuyến đường liên xã qua Phường Tân Hoà bị vỡ đã hai tuần chưa ai sửa,10,9,1,4
PA00551,2026-02-18,Tổng đài 1022,DV03,Phường Đông Giang,Thủ tục hành chính,Thường,"Cổng dịch vụ công báo lỗi khi tải giấy tờ lên, gọi Phường Đông Giang không ai nghe máy",10,9,1,
PA00552,2026-02-18,Tổng đài 1022,DV04,Phường Nam Phong,Cấp thoát nước,Thường,"Ống nước trước nhà văn hoá Phường Nam Phong rò rỉ, nước chảy ra đường suốt ngày",10,3,1,
PA00553,2026-02-18,Văn bản giấy,DV04,Phường Nam Phong,Khác,Thường,"Loa phát thanh ở Phường Nam Phong phát quá sớm, ảnh hưởng người già và trẻ nhỏ",10,34,0,
PA00554,2026-02-18,Ứng dụng di động,DV04,Phường Nam Phong,Vệ sinh môi trường,Thường,"Kênh chạy qua Phường Nam Phong nổi váng đen, nghi có cơ sở xả thải ban đêm",10,6,1,
PA00555,2026-02-18,Cổng dịch vụ công,DV06,Xã Long Thành,Khác,Thường,Góp ý Xã Long Thành mở thêm khung giờ tiếp dân vào buổi chiều thứ bảy,10,6,1,
PA00556,2026-02-18,Tổng đài 1022,DV07,Xã Phú Điền,Cấp thoát nước,Khẩn,"Ống nước trước nhà văn hoá Xã Phú Điền rò rỉ, nước chảy ra đường suốt ngày",5,5,1,
PA00557,2026-02-18,Ứng dụng di động,DV09,Xã An Cư,Chiếu sáng công cộng,Khẩn,"Ba cột đèn đường ở Xã An Cư cháy bóng, ban đêm tối om rất mất an toàn",5,5,1,
PA00558,2026-02-18,Tổng đài 1022,DV10,Xã Thanh Sơn,Hạ tầng giao thông,Khẩn,"Cầu nhỏ bắc qua kênh ở Xã Thanh Sơn mục lan can, trẻ em đi học qua rất lo",5,6,0,
PA00559,2026-02-18,Văn bản giấy,DV10,Xã Thanh Sơn,Thủ tục hành chính,Thường,Đã nộp trực tuyến nhưng Xã Thanh Sơn vẫn yêu cầu nộp thêm bản giấy,10,9,1,5
PA00560,2026-02-18,Ứng dụng di động,DV10,Xã Thanh Sơn,Trật tự đô thị,Thường,Bãi giữ xe tự phát ở Xã Thanh Sơn chắn lối đi chung của khu dân cư,10,14,0,4
PA00561,2026-02-18,Cổng dịch vụ công,DV11,Xã Mỹ Khánh,Hạ tầng giao thông,Thường,"Cầu nhỏ bắc qua kênh ở Xã Mỹ Khánh mục lan can, trẻ em đi học qua rất lo",10,10,1,
PA00562,2026-02-19,Tổng đài 1022,DV01,Phường Hoà Thuận,Cấp thoát nước,Thường,"Mưa là ngập cả tuyến ở Phường Hoà Thuận, cống thoát nghẹt không rút được",10,5,1,
PA00563,2026-02-19,Văn bản giấy,DV01,Phường Hoà Thuận,Trật tự đô thị,Rất khẩn,"Có công trình ở Phường Hoà Thuận thi công sau 22 giờ gây ồn, đề nghị kiểm tra giấy phép",2,1,1,4
PA00564,2026-02-19,Tổng đài 1022,DV01,Phường Hoà Thuận,An sinh xã hội,Thường,"Danh sách nhận hỗ trợ ở Phường Hoà Thuận niêm yết thiếu tên, đề nghị kiểm tra lại",10,7,1,4
PA00565,2026-02-19,Tiếp công dân,DV01,Phường Hoà Thuận,Hạ tầng giao thông,Khẩn,"Cầu nhỏ bắc qua kênh ở Phường Hoà Thuận mục lan can, trẻ em đi học qua rất lo",5,4,1,
PA00566,2026-02-19,Tổng đài 1022,DV02,Phường Tân Hoà,Trật tự đô thị,Thường,Bãi giữ xe tự phát ở Phường Tân Hoà chắn lối đi chung của khu dân cư,10,5,1,5
PA00567,2026-02-19,Ứng dụng di động,DV02,Phường Tân Hoà,Hạ tầng giao thông,Thường,"Mặt đường Phường Tân Hoà sau khi đào lắp ống nước hoàn trả không phẳng, đi rất xóc",10,12,0,
PA00568,2026-02-19,Cổng dịch vụ công,DV02,Phường Tân Hoà,Trật tự đô thị,Khẩn,Hàng quán lấn chiếm vỉa hè trước cổng trường tiểu học ở Phường Tân Hoà giờ tan học,5,1,1,
PA00569,2026-02-19,Văn bản giấy,DV02,Phường Tân Hoà,Trật tự đô thị,Khẩn,Xe tải trọng lớn chạy vào đường nội bộ Phường Tân Hoà ngoài giờ quy định,5,1,1,
PA00570,2026-02-19,Tổng đài 1022,DV02,Phường Tân Hoà,Hạ tầng giao thông,Thường,Nắp cống trên tuyến đường liên xã qua Phường Tân Hoà bị vỡ đã hai tuần chưa ai sửa,10,8,1,
PA00571,2026-02-19,Ứng dụng di động,DV03,Phường Đông Giang,Vệ sinh môi trường,Khẩn,"Có hộ đổ trộm xà bần ra bãi đất trống ở Phường Đông Giang, đề nghị kiểm tra",5,3,1,
PA00572,2026-02-19,Ứng dụng di động,DV04,Phường Nam Phong,Vệ sinh môi trường,Thường,"Kênh chạy qua Phường Nam Phong nổi váng đen, nghi có cơ sở xả thải ban đêm",10,8,1,5
PA00573,2026-02-19,Tiếp công dân,DV05,Xã Bình An,An sinh xã hội,Thường,"Hộ cận nghèo ở Xã Bình An chưa nhận được hỗ trợ đợt này, đề nghị rà soát",10,5,1,
PA00574,2026-02-19,Tổng đài 1022,DV05,Xã Bình An,Trật tự đô thị,Thường,Bãi giữ xe tự phát ở Xã Bình An chắn lối đi chung của khu dân cư,10,7,1,5
PA00575,2026-02-19,Cổng dịch vụ công,DV05,Xã Bình An,Cấp thoát nước,Thường,"Khu dân cư Xã Bình An mất nước từ sáng đến chiều, không thấy thông báo trước",10,4,1,
PA00576,2026-02-19,Tổng đài 1022,DV08,Xã Vĩnh Lộc,Khác,Thường,Đề nghị Xã Vĩnh Lộc thông tin rõ kế hoạch chỉnh trang khu dân cư năm tới,10,12,0,4
PA00577,2026-02-19,Văn bản giấy,DV09,Xã An Cư,Thủ tục hành chính,Thường,Đã nộp trực tuyến nhưng Xã An Cư vẫn yêu cầu nộp thêm bản giấy,10,9,1,
PA00578,2026-02-19,Cổng dịch vụ công,DV11,Xã Mỹ Khánh,Hạ tầng giao thông,Rất khẩn,"Cầu nhỏ bắc qua kênh ở Xã Mỹ Khánh mục lan can, trẻ em đi học qua rất lo",2,1,1,
PA00579,2026-02-19,Cổng dịch vụ công,DV11,Xã Mỹ Khánh,Thủ tục hành chính,Khẩn,Đã nộp trực tuyến nhưng Xã Mỹ Khánh vẫn yêu cầu nộp thêm bản giấy,5,1,1,5
PA00580,2026-02-20,Ứng dụng di động,DV01,Phường Hoà Thuận,Cấp thoát nước,Khẩn,"Nước máy ở Phường Hoà Thuận mấy hôm nay có mùi lạ, đề nghị kiểm tra chất lượng",5,2,1,5
PA00581,2026-02-20,Tổng đài 1022,DV02,Phường Tân Hoà,Khác,Thường,Đề nghị Phường Tân Hoà thông tin rõ kế hoạch chỉnh trang khu dân cư năm tới,10,7,1,4
PA00582,2026-02-20,Tổng đài 1022,DV02,Phường Tân Hoà,Chiếu sáng công cộng,Thường,"Ngõ vào cụm dân cư Phường Tân Hoà chưa có đèn chiếu sáng, đã kiến nghị hai lần",10,4,1,
PA00583,2026-02-20,Tổng đài 1022,DV02,Phường Tân Hoà,Hạ tầng giao thông,Thường,"Mặt đường Phường Tân Hoà sau khi đào lắp ống nước hoàn trả không phẳng, đi rất xóc",10,5,1,
PA00584,2026-02-20,Tổng đài 1022,DV02,Phường Tân Hoà,An sinh xã hội,Thường,Người cao tuổi ở Phường Tân Hoà chưa được hướng dẫn làm thủ tục trợ cấp,10,11,0,
PA00585,2026-02-20,Tổng đài 1022,DV02,Phường Tân Hoà,Hạ tầng giao thông,Khẩn,"Cầu nhỏ bắc qua kênh ở Phường Tân Hoà mục lan can, trẻ em đi học qua rất lo",5,3,1,
PA00586,2026-02-20,Cổng dịch vụ công,DV04,Phường Nam Phong,Trật tự đô thị,Thường,"Có công trình ở Phường Nam Phong thi công sau 22 giờ gây ồn, đề nghị kiểm tra giấy phép",10,3,1,
PA00587,2026-02-20,Ứng dụng di động,DV04,Phường Nam Phong,Cấp thoát nước,Thường,"Ống nước trước nhà văn hoá Phường Nam Phong rò rỉ, nước chảy ra đường suốt ngày",10,5,1,5
PA00588,2026-02-20,Văn bản giấy,DV04,Phường Nam Phong,Trật tự đô thị,Thường,Bãi giữ xe tự phát ở Phường Nam Phong chắn lối đi chung của khu dân cư,10,2,1,4
PA00589,2026-02-20,Tổng đài 1022,DV04,Phường Nam Phong,Chiếu sáng công cộng,Thường,"Ba cột đèn đường ở Phường Nam Phong cháy bóng, ban đêm tối om rất mất an toàn",10,4,1,3
PA00590,2026-02-20,Tiếp công dân,DV04,Phường Nam Phong,Trật tự đô thị,Thường,Xe tải trọng lớn chạy vào đường nội bộ Phường Nam Phong ngoài giờ quy định,10,8,1,
PA00591,2026-02-20,Tiếp công dân,DV06,Xã Long Thành,Thủ tục hành chính,Thường,Đã nộp trực tuyến nhưng Xã Long Thành vẫn yêu cầu nộp thêm bản giấy,10,4,1,
PA00592,2026-02-20,Ứng dụng di động,DV09,Xã An Cư,Trật tự đô thị,Khẩn,Xe tải trọng lớn chạy vào đường nội bộ Xã An Cư ngoài giờ quy định,5,5,1,5
PA00593,2026-02-20,Ứng dụng di động,DV11,Xã Mỹ Khánh,Khác,Thường,Góp ý Xã Mỹ Khánh mở thêm khung giờ tiếp dân vào buổi chiều thứ bảy,10,5,1,
PA00594,2026-02-20,Tổng đài 1022,DV11,Xã Mỹ Khánh,Hạ tầng giao thông,Thường,"Mặt đường Xã Mỹ Khánh sau khi đào lắp ống nước hoàn trả không phẳng, đi rất xóc",10,10,1,4
PA00595,2026-02-21,Tổng đài 1022,DV01,Phường Hoà Thuận,Hạ tầng giao thông,Thường,"Mặt đường Phường Hoà Thuận sau khi đào lắp ống nước hoàn trả không phẳng, đi rất xóc",10,4,1,5
PA00596,2026-02-21,Cổng dịch vụ công,DV02,Phường Tân Hoà,Chiếu sáng công cộng,Khẩn,"Ngõ vào cụm dân cư Phường Tân Hoà chưa có đèn chiếu sáng, đã kiến nghị hai lần",5,3,1,4
PA00597,2026-02-21,Tổng đài 1022,DV04,Phường Nam Phong,Thủ tục hành chính,Thường,Nộp hồ sơ chứng thực tại Phường Nam Phong hẹn 3 ngày nhưng quá 8 ngày chưa có kết quả,10,2,1,5
PA00598,2026-02-21,Cổng dịch vụ công,DV10,Xã Thanh Sơn,Trật tự đô thị,Thường,Hàng quán lấn chiếm vỉa hè trước cổng trường tiểu học ở Xã Thanh Sơn giờ tan học,10,11,0,
PA00599,2026-02-21,Tổng đài 1022,DV10,Xã Thanh Sơn,Chiếu sáng công cộng,Thường,"Ngõ vào cụm dân cư Xã Thanh Sơn chưa có đèn chiếu sáng, đã kiến nghị hai lần",10,11,0,
PA00600,2026-02-22,Cổng dịch vụ công,DV01,Phường Hoà Thuận,Cấp thoát nước,Thường,"Mưa là ngập cả tuyến ở Phường Hoà Thuận, cống thoát nghẹt không rút được",10,2,1,
PA00601,2026-02-22,Ứng dụng di động,DV01,Phường Hoà Thuận,Trật tự đô thị,Rất khẩn,Bãi giữ xe tự phát ở Phường Hoà Thuận chắn lối đi chung của khu dân cư,2,1,1,
PA00602,2026-02-22,Tổng đài 1022,DV02,Phường Tân Hoà,Thủ tục hành chính,Thường,Cán bộ một cửa Phường Tân Hoà yêu cầu giấy tờ ngoài danh mục niêm yết,10,8,1,
PA00603,2026-02-22,Tổng đài 1022,DV02,Phường Tân Hoà,Chiếu sáng công cộng,Thường,"Ba cột đèn đường ở Phường Tân Hoà cháy bóng, ban đêm tối om rất mất an toàn",10,6,1,
PA00604,2026-02-22,Tổng đài 1022,DV04,Phường Nam Phong,Cấp thoát nước,Thường,"Khu dân cư Phường Nam Phong mất nước từ sáng đến chiều, không thấy thông báo trước",10,9,1,
PA00605,2026-02-22,Tổng đài 1022,DV07,Xã Phú Điền,Trật tự đô thị,Khẩn,Xe tải trọng lớn chạy vào đường nội bộ Xã Phú Điền ngoài giờ quy định,5,4,1,4
PA00606,2026-02-22,Văn bản giấy,DV07,Xã Phú Điền,Hạ tầng giao thông,Thường,"Mặt đường Xã Phú Điền sau khi đào lắp ống nước hoàn trả không phẳng, đi rất xóc",10,1,1,2
PA00607,2026-02-22,Ứng dụng di động,DV09,Xã An Cư,Chiếu sáng công cộng,Thường,"Ba cột đèn đường ở Xã An Cư cháy bóng, ban đêm tối om rất mất an toàn",10,9,1,5
PA00608,2026-02-22,Ứng dụng di động,DV10,Xã Thanh Sơn,Chiếu sáng công cộng,Thường,"Ngõ vào cụm dân cư Xã Thanh Sơn chưa có đèn chiếu sáng, đã kiến nghị hai lần",10,10,1,
PA00609,2026-02-23,Tổng đài 1022,DV01,Phường Hoà Thuận,Hạ tầng giao thông,Khẩn,"Đoạn đường trước Phường Hoà Thuận xuống cấp, nhiều ổ gà, xe máy tránh nhau rất nguy hiểm",5,5,1,
PA00610,2026-02-23,Tổng đài 1022,DV01,Phường Hoà Thuận,Hạ tầng giao thông,Thường,"Cầu nhỏ bắc qua kênh ở Phường Hoà Thuận mục lan can, trẻ em đi học qua rất lo",10,9,1,4
PA00611,2026-02-23,Ứng dụng di động,DV02,Phường Tân Hoà,An sinh xã hội,Thường,"Danh sách nhận hỗ trợ ở Phường Tân Hoà niêm yết thiếu tên, đề nghị kiểm tra lại",10,11,0,
PA00612,2026-02-23,Ứng dụng di động,DV02,Phường Tân Hoà,An sinh xã hội,Rất khẩn,Người cao tuổi ở Phường Tân Hoà chưa được hướng dẫn làm thủ tục trợ cấp,2,2,1,
PA00613,2026-02-23,Tổng đài 1022,DV02,Phường Tân Hoà,Vệ sinh môi trường,Thường,"Xe thu gom rác ở Phường Tân Hoà đổi giờ mà không báo, dân để rác ra đường cả buổi",10,5,1,
PA00614,2026-02-23,Tổng đài 1022,DV03,Phường Đông Giang,Hạ tầng giao thông,Khẩn,"Mặt đường Phường Đông Giang sau khi đào lắp ống nước hoàn trả không phẳng, đi rất xóc",5,3,1,4
PA00615,2026-02-23,Cổng dịch vụ công,DV03,Phường Đông Giang,Vệ sinh môi trường,Khẩn,"Kênh chạy qua Phường Đông Giang nổi váng đen, nghi có cơ sở xả thải ban đêm",5,2,1,
PA00616,2026-02-23,Văn bản giấy,DV03,Phường Đông Giang,Vệ sinh môi trường,Thường,"Rác tồn đọng ở điểm tập kết gần chợ Phường Đông Giang ba ngày chưa thu gom, mùi rất nặng",10,12,0,
PA00617,2026-02-23,Tổng đài 1022,DV04,Phường Nam Phong,Thủ tục hành chính,Thường,Đã nộp trực tuyến nhưng Phường Nam Phong vẫn yêu cầu nộp thêm bản giấy,10,9,1,
PA00618,2026-02-23,Văn bản giấy,DV05,Xã Bình An,Thủ tục hành chính,Thường,Nộp hồ sơ chứng thực tại Xã Bình An hẹn 3 ngày nhưng quá 8 ngày chưa có kết quả,10,6,1,
PA00619,2026-02-23,Ứng dụng di động,DV05,Xã Bình An,Vệ sinh môi trường,Thường,"Rác tồn đọng ở điểm tập kết gần chợ Xã Bình An ba ngày chưa thu gom, mùi rất nặng",10,7,1,4
PA00620,2026-02-23,Cổng dịch vụ công,DV05,Xã Bình An,Chiếu sáng công cộng,Thường,"Ngõ vào cụm dân cư Xã Bình An chưa có đèn chiếu sáng, đã kiến nghị hai lần",10,6,1,4
PA00621,2026-02-23,Tổng đài 1022,DV06,Xã Long Thành,Vệ sinh môi trường,Thường,"Có hộ đổ trộm xà bần ra bãi đất trống ở Xã Long Thành, đề nghị kiểm tra",10,11,0,4
PA00622,2026-02-23,Văn bản giấy,DV08,Xã Vĩnh Lộc,An sinh xã hội,Thường,"Hộ cận nghèo ở Xã Vĩnh Lộc chưa nhận được hỗ trợ đợt này, đề nghị rà soát",10,13,0,1
PA00623,2026-02-23,Cổng dịch vụ công,DV10,Xã Thanh Sơn,Trật tự đô thị,Thường,Xe tải trọng lớn chạy vào đường nội bộ Xã Thanh Sơn ngoài giờ quy định,10,13,0,
PA00624,2026-02-23,Cổng dịch vụ công,DV11,Xã Mỹ Khánh,Chiếu sáng công cộng,Thường,"Ngõ vào cụm dân cư Xã Mỹ Khánh chưa có đèn chiếu sáng, đã kiến nghị hai lần",10,11,0,
PA00625,2026-02-23,Tổng đài 1022,DV12,Xã Hương Trà,Vệ sinh môi trường,Thường,"Xe thu gom rác ở Xã Hương Trà đổi giờ mà không báo, dân để rác ra đường cả buổi",10,13,0,
PA00626,2026-02-23,Tiếp công dân,DV12,Xã Hương Trà,Trật tự đô thị,Thường,Hàng quán lấn chiếm vỉa hè trước cổng trường tiểu học ở Xã Hương Trà giờ tan học,10,10,1,4
PA00627,2026-02-24,Ứng dụng di động,DV01,Phường Hoà Thuận,Vệ sinh môi trường,Thường,"Rác tồn đọng ở điểm tập kết gần chợ Phường Hoà Thuận ba ngày chưa thu gom, mùi rất nặng",10,21,0,5
PA00628,2026-02-24,Tổng đài 1022,DV02,Phường Tân Hoà,Vệ sinh môi trường,Thường,"Xe thu gom rác ở Phường Tân Hoà đổi giờ mà không báo, dân để rác ra đường cả buổi",10,3,1,
PA00629,2026-02-24,Tiếp công dân,DV02,Phường Tân Hoà,Hạ tầng giao thông,Thường,Nắp cống trên tuyến đường liên xã qua Phường Tân Hoà bị vỡ đã hai tuần chưa ai sửa,10,11,0,4
PA00630,2026-02-24,Ứng dụng di động,DV02,Phường Tân Hoà,Vệ sinh môi trường,Thường,"Rác tồn đọng ở điểm tập kết gần chợ Phường Tân Hoà ba ngày chưa thu gom, mùi rất nặng",10,10,1,4
PA00631,2026-02-24,Ứng dụng di động,DV04,Phường Nam Phong,Vệ sinh môi trường,Thường,"Xe thu gom rác ở Phường Nam Phong đổi giờ mà không báo, dân để rác ra đường cả buổi",10,5,1,5
PA00632,2026-02-24,Văn bản giấy,DV04,Phường Nam Phong,Thủ tục hành chính,Thường,Cán bộ một cửa Phường Nam Phong yêu cầu giấy tờ ngoài danh mục niêm yết,10,11,0,2
PA00633,2026-02-24,Cổng dịch vụ công,DV05,Xã Bình An,Vệ sinh môi trường,Thường,"Xe thu gom rác ở Xã Bình An đổi giờ mà không báo, dân để rác ra đường cả buổi",10,13,0,
PA00634,2026-02-24,Ứng dụng di động,DV07,Xã Phú Điền,Trật tự đô thị,Thường,"Có công trình ở Xã Phú Điền thi công sau 22 giờ gây ồn, đề nghị kiểm tra giấy phép",10,6,1,5
PA00635,2026-02-24,Tổng đài 1022,DV08,Xã Vĩnh Lộc,Trật tự đô thị,Khẩn,"Có công trình ở Xã Vĩnh Lộc thi công sau 22 giờ gây ồn, đề nghị kiểm tra giấy phép",5,5,1,5
PA00636,2026-02-24,Tổng đài 1022,DV09,Xã An Cư,Hạ tầng giao thông,Khẩn,"Đoạn đường trước Xã An Cư xuống cấp, nhiều ổ gà, xe máy tránh nhau rất nguy hiểm",5,2,1,5
PA00637,2026-02-24,Ứng dụng di động,DV09,Xã An Cư,Thủ tục hành chính,Khẩn,Cán bộ một cửa Xã An Cư yêu cầu giấy tờ ngoài danh mục niêm yết,5,6,0,
PA00638,2026-02-25,Tổng đài 1022,DV01,Phường Hoà Thuận,Trật tự đô thị,Thường,Xe tải trọng lớn chạy vào đường nội bộ Phường Hoà Thuận ngoài giờ quy định,10,8,1,
PA00639,2026-02-25,Tiếp công dân,DV01,Phường Hoà Thuận,Hạ tầng giao thông,Rất khẩn,Nắp cống trên tuyến đường liên xã qua Phường Hoà Thuận bị vỡ đã hai tuần chưa ai sửa,2,1,1,
PA00640,2026-02-25,Tổng đài 1022,DV02,Phường Tân Hoà,Thủ tục hành chính,Thường,Nộp hồ sơ chứng thực tại Phường Tân Hoà hẹn 3 ngày nhưng quá 8 ngày chưa có kết quả,10,13,0,
PA00641,2026-02-25,Ứng dụng di động,DV02,Phường Tân Hoà,Thủ tục hành chính,Thường,Đã nộp trực tuyến nhưng Phường Tân Hoà vẫn yêu cầu nộp thêm bản giấy,10,4,1,
PA00642,2026-02-25,Tổng đài 1022,DV02,Phường Tân Hoà,Thủ tục hành chính,Thường,Cán bộ một cửa Phường Tân Hoà yêu cầu giấy tờ ngoài danh mục niêm yết,10,6,1,
PA00643,2026-02-25,Tổng đài 1022,DV03,Phường Đông Giang,Vệ sinh môi trường,Thường,"Có hộ đổ trộm xà bần ra bãi đất trống ở Phường Đông Giang, đề nghị kiểm tra",10,10,1,
PA00644,2026-02-25,Tiếp công dân,DV03,Phường Đông Giang,Khác,Khẩn,Góp ý Phường Đông Giang mở thêm khung giờ tiếp dân vào buổi chiều thứ bảy,5,2,1,4
PA00645,2026-02-25,Cổng dịch vụ công,DV04,Phường Nam Phong,Hạ tầng giao thông,Thường,"Đoạn đường trước Phường Nam Phong xuống cấp, nhiều ổ gà, xe máy tránh nhau rất nguy hiểm",10,7,1,5
PA00646,2026-02-25,Văn bản giấy,DV04,Phường Nam Phong,Thủ tục hành chính,Thường,Nộp hồ sơ chứng thực tại Phường Nam Phong hẹn 3 ngày nhưng quá 8 ngày chưa có kết quả,10,4,1,5
PA00647,2026-02-25,Văn bản giấy,DV06,Xã Long Thành,Trật tự đô thị,Thường,Hàng quán lấn chiếm vỉa hè trước cổng trường tiểu học ở Xã Long Thành giờ tan học,10,9,1,
PA00648,2026-02-25,Cổng dịch vụ công,DV07,Xã Phú Điền,Cấp thoát nước,Thường,"Ống nước trước nhà văn hoá Xã Phú Điền rò rỉ, nước chảy ra đường suốt ngày",10,5,1,
PA00649,2026-02-25,Tiếp công dân,DV10,Xã Thanh Sơn,Thủ tục hành chính,Thường,Đã nộp trực tuyến nhưng Xã Thanh Sơn vẫn yêu cầu nộp thêm bản giấy,10,8,1,
PA00650,2026-02-25,Tổng đài 1022,DV11,Xã Mỹ Khánh,Hạ tầng giao thông,Thường,"Đoạn đường trước Xã Mỹ Khánh xuống cấp, nhiều ổ gà, xe máy tránh nhau rất nguy hiểm",10,10,1,
PA00651,2026-02-25,Tổng đài 1022,DV12,Xã Hương Trà,Hạ tầng giao thông,Thường,"Mặt đường Xã Hương Trà sau khi đào lắp ống nước hoàn trả không phẳng, đi rất xóc",10,6,1,
PA00652,2026-02-25,Cổng dịch vụ công,DV12,Xã Hương Trà,Vệ sinh môi trường,Thường,"Xe thu gom rác ở Xã Hương Trà đổi giờ mà không báo, dân để rác ra đường cả buổi",10,8,1,4
PA00653,2026-02-26,Ứng dụng di động,DV02,Phường Tân Hoà,Hạ tầng giao thông,Thường,Nắp cống trên tuyến đường liên xã qua Phường Tân Hoà bị vỡ đã hai tuần chưa ai sửa,10,7,1,
PA00654,2026-02-26,Ứng dụng di động,DV02,Phường Tân Hoà,Thủ tục hành chính,Thường,Cán bộ một cửa Phường Tân Hoà yêu cầu giấy tờ ngoài danh mục niêm yết,10,11,0,
PA00655,2026-02-26,Cổng dịch vụ công,DV03,Phường Đông Giang,Trật tự đô thị,Khẩn,Bãi giữ xe tự phát ở Phường Đông Giang chắn lối đi chung của khu dân cư,5,3,1,
PA00656,2026-02-26,Tổng đài 1022,DV03,Phường Đông Giang,Thủ tục hành chính,Khẩn,"Cổng dịch vụ công báo lỗi khi tải giấy tờ lên, gọi Phường Đông Giang không ai nghe máy",5,2,1,
PA00657,2026-02-26,Tổng đài 1022,DV03,Phường Đông Giang,Vệ sinh môi trường,Thường,"Xe thu gom rác ở Phường Đông Giang đổi giờ mà không báo, dân để rác ra đường cả buổi",10,6,1,5
PA00658,2026-02-26,Cổng dịch vụ công,DV04,Phường Nam Phong,Cấp thoát nước,Thường,"Mưa là ngập cả tuyến ở Phường Nam Phong, cống thoát nghẹt không rút được",10,1,1,
PA00659,2026-02-26,Tổng đài 1022,DV06,Xã Long Thành,Khác,Thường,Góp ý Xã Long Thành mở thêm khung giờ tiếp dân vào buổi chiều thứ bảy,10,4,1,4
PA00660,2026-02-26,Ứng dụng di động,DV07,Xã Phú Điền,Vệ sinh môi trường,Khẩn,"Rác tồn đọng ở điểm tập kết gần chợ Xã Phú Điền ba ngày chưa thu gom, mùi rất nặng",5,3,1,
PA00661,2026-02-26,Tổng đài 1022,DV08,Xã Vĩnh Lộc,Chiếu sáng công cộng,Thường,"Ba cột đèn đường ở Xã Vĩnh Lộc cháy bóng, ban đêm tối om rất mất an toàn",10,9,1,4
PA00662,2026-02-26,Ứng dụng di động,DV10,Xã Thanh Sơn,Vệ sinh môi trường,Thường,"Xe thu gom rác ở Xã Thanh Sơn đổi giờ mà không báo, dân để rác ra đường cả buổi",10,7,1,
PA00663,2026-02-26,Tổng đài 1022,DV11,Xã Mỹ Khánh,Cấp thoát nước,Thường,"Mưa là ngập cả tuyến ở Xã Mỹ Khánh, cống thoát nghẹt không rút được",10,14,0,
PA00664,2026-02-26,Tổng đài 1022,DV12,Xã Hương Trà,Hạ tầng giao thông,Thường,"Đoạn đường trước Xã Hương Trà xuống cấp, nhiều ổ gà, xe máy tránh nhau rất nguy hiểm",10,11,0,
PA00665,2026-02-27,Tiếp công dân,DV01,Phường Hoà Thuận,Hạ tầng giao thông,Thường,"Mặt đường Phường Hoà Thuận sau khi đào lắp ống nước hoàn trả không phẳng, đi rất xóc",10,11,0,2
PA00666,2026-02-27,Cổng dịch vụ công,DV01,Phường Hoà Thuận,An sinh xã hội,Thường,"Danh sách nhận hỗ trợ ở Phường Hoà Thuận niêm yết thiếu tên, đề nghị kiểm tra lại",10,15,0,
PA00667,2026-02-27,Tổng đài 1022,DV01,Phường Hoà Thuận,Hạ tầng giao thông,Khẩn,"Cầu nhỏ bắc qua kênh ở Phường Hoà Thuận mục lan can, trẻ em đi học qua rất lo",5,13,0,2
PA00668,2026-02-27,Tiếp công dân,DV01,Phường Hoà Thuận,An sinh xã hội,Thường,"Hộ cận nghèo ở Phường Hoà Thuận chưa nhận được hỗ trợ đợt này, đề nghị rà soát",10,11,0,3
PA00669,2026-02-27,Cổng dịch vụ công,DV01,Phường Hoà Thuận,Trật tự đô thị,Thường,Hàng quán lấn chiếm vỉa hè trước cổng trường tiểu học ở Phường Hoà Thuận giờ tan học,10,5,1,5
PA00670,2026-02-27,Cổng dịch vụ công,DV02,Phường Tân Hoà,Vệ sinh môi trường,Thường,"Kênh chạy qua Phường Tân Hoà nổi váng đen, nghi có cơ sở xả thải ban đêm",10,12,0,2
PA00671,2026-02-27,Tổng đài 1022,DV02,Phường Tân Hoà,Khác,Thường,Góp ý Phường Tân Hoà mở thêm khung giờ tiếp dân vào buổi chiều thứ bảy,10,9,1,
PA00672,2026-02-27,Văn bản giấy,DV02,Phường Tân Hoà,Hạ tầng giao thông,Thường,"Cầu nhỏ bắc qua kênh ở Phường Tân Hoà mục lan can, trẻ em đi học qua rất lo",10,2,1,
PA00673,2026-02-27,Tiếp công dân,DV02,Phường Tân Hoà,Hạ tầng giao thông,Thường,"Đoạn đường trước Phường Tân Hoà xuống cấp, nhiều ổ gà, xe máy tránh nhau rất nguy hiểm",10,14,0,
PA00674,2026-02-27,Cổng dịch vụ công,DV03,Phường Đông Giang,Hạ tầng giao thông,Thường,"Đoạn đường trước Phường Đông Giang xuống cấp, nhiều ổ gà, xe máy tránh nhau rất nguy hiểm",10,6,1,
PA00675,2026-02-27,Tổng đài 1022,DV04,Phường Nam Phong,Vệ sinh môi trường,Thường,"Xe thu gom rác ở Phường Nam Phong đổi giờ mà không báo, dân để rác ra đường cả buổi",10,6,1,
PA00676,2026-02-27,Cổng dịch vụ công,DV06,Xã Long Thành,Thủ tục hành chính,Thường,Nộp hồ sơ chứng thực tại Xã Long Thành hẹn 3 ngày nhưng quá 8 ngày chưa có kết quả,10,3,1,
PA00677,2026-02-27,Ứng dụng di động,DV08,Xã Vĩnh Lộc,Cấp thoát nước,Rất khẩn,"Khu dân cư Xã Vĩnh Lộc mất nước từ sáng đến chiều, không thấy thông báo trước",2,2,1,4
PA00678,2026-02-27,Tổng đài 1022,DV10,Xã Thanh Sơn,Khác,Thường,"Loa phát thanh ở Xã Thanh Sơn phát quá sớm, ảnh hưởng người già và trẻ nhỏ",10,13,0,
PA00679,2026-02-27,Tiếp công dân,DV10,Xã Thanh Sơn,An sinh xã hội,Thường,Người cao tuổi ở Xã Thanh Sơn chưa được hướng dẫn làm thủ tục trợ cấp,10,12,0,4
PA00680,2026-02-27,Tiếp công dân,DV11,Xã Mỹ Khánh,Khác,Thường,Đề nghị Xã Mỹ Khánh thông tin rõ kế hoạch chỉnh trang khu dân cư năm tới,10,9,1,
PA00681,2026-02-28,Cổng dịch vụ công,DV01,Phường Hoà Thuận,Chiếu sáng công cộng,Thường,"Đèn chiếu sáng khu vực Phường Hoà Thuận bật cả ban ngày, rất lãng phí điện",10,12,0,
PA00682,2026-02-28,Tổng đài 1022,DV01,Phường Hoà Thuận,Thủ tục hành chính,Thường,Cán bộ một cửa Phường Hoà Thuận yêu cầu giấy tờ ngoài danh mục niêm yết,10,8,1,
PA00683,2026-02-28,Văn bản giấy,DV01,Phường Hoà Thuận,Vệ sinh môi trường,Rất khẩn,"Xe thu gom rác ở Phường Hoà Thuận đổi giờ mà không báo, dân để rác ra đường cả buổi",2,2,1,4
PA00684,2026-02-28,Tổng đài 1022,DV01,Phường Hoà Thuận,Cấp thoát nước,Thường,"Khu dân cư Phường Hoà Thuận mất nước từ sáng đến chiều, không thấy thông báo trước",10,9,1,5
PA00685,2026-02-28,Ứng dụng di động,DV01,Phường Hoà Thuận,An sinh xã hội,Thường,"Hộ cận nghèo ở Phường Hoà Thuận chưa nhận được hỗ trợ đợt này, đề nghị rà soát",10,4,1,
PA00686,2026-02-28,Tổng đài 1022,DV02,Phường Tân Hoà,Hạ tầng giao thông,Thường,"Cầu nhỏ bắc qua kênh ở Phường Tân Hoà mục lan can, trẻ em đi học qua rất lo",10,5,1,
PA00687,2026-02-28,Tổng đài 1022,DV02,Phường Tân Hoà,Vệ sinh môi trường,Khẩn,"Xe thu gom rác ở Phường Tân Hoà đổi giờ mà không báo, dân để rác ra đường cả buổi",5,6,0,2
PA00688,2026-02-28,Văn bản giấy,DV02,Phường Tân Hoà,An sinh xã hội,Thường,Người cao tuổi ở Phường Tân Hoà chưa được hướng dẫn làm thủ tục trợ cấp,10,9,1,4
PA00689,2026-02-28,Tổng đài 1022,DV02,Phường Tân Hoà,Cấp thoát nước,Thường,"Nước máy ở Phường Tân Hoà mấy hôm nay có mùi lạ, đề nghị kiểm tra chất lượng",10,5,1,
PA00690,2026-02-28,Văn bản giấy,DV03,Phường Đông Giang,Trật tự đô thị,Thường,Hàng quán lấn chiếm vỉa hè trước cổng trường tiểu học ở Phường Đông Giang giờ tan học,10,6,1,
PA00691,2026-02-28,Tổng đài 1022,DV03,Phường Đông Giang,An sinh xã hội,Khẩn,Người cao tuổi ở Phường Đông Giang chưa được hướng dẫn làm thủ tục trợ cấp,5,4,1,
PA00692,2026-03-01,Tổng đài 1022,DV01,Phường Hoà Thuận,Hạ tầng giao thông,Thường,Nắp cống trên tuyến đường liên xã qua Phường Hoà Thuận bị vỡ đã hai tuần chưa ai sửa,10,5,1,5
PA00693,2026-03-01,Cổng dịch vụ công,DV01,Phường Hoà Thuận,Hạ tầng giao thông,Thường,"Mặt đường Phường Hoà Thuận sau khi đào lắp ống nước hoàn trả không phẳng, đi rất xóc",10,10,1,
PA00694,2026-03-01,Tổng đài 1022,DV02,Phường Tân Hoà,Trật tự đô thị,Thường,Bãi giữ xe tự phát ở Phường Tân Hoà chắn lối đi chung của khu dân cư,10,6,1,
PA00695,2026-03-01,Cổng dịch vụ công,DV02,Phường Tân Hoà,Cấp thoát nước,Thường,"Nước máy ở Phường Tân Hoà mấy hôm nay có mùi lạ, đề nghị kiểm tra chất lượng",10,7,1,
PA00696,2026-03-01,Văn bản giấy,DV02,Phường Tân Hoà,Thủ tục hành chính,Thường,"Cổng dịch vụ công báo lỗi khi tải giấy tờ lên, gọi Phường Tân Hoà không ai nghe máy",10,10,1,4
PA00697,2026-03-01,Ứng dụng di động,DV03,Phường Đông Giang,Vệ sinh môi trường,Thường,"Xe thu gom rác ở Phường Đông Giang đổi giờ mà không báo, dân để rác ra đường cả buổi",10,8,1,4
PA00698,2026-03-01,Tổng đài 1022,DV04,Phường Nam Phong,Vệ sinh môi trường,Thường,"Xe thu gom rác ở Phường Nam Phong đổi giờ mà không báo, dân để rác ra đường cả buổi",10,5,1,5
PA00699,2026-03-01,Ứng dụng di động,DV05,Xã Bình An,Hạ tầng giao thông,Thường,"Mặt đường Xã Bình An sau khi đào lắp ống nước hoàn trả không phẳng, đi rất xóc",10,10,1,
PA00700,2026-03-01,Tổng đài 1022,DV05,Xã Bình An,Vệ sinh môi trường,Thường,"Xe thu gom rác ở Xã Bình An đổi giờ mà không báo, dân để rác ra đường cả buổi",10,12,0,
PA00701,2026-03-01,Ứng dụng di động,DV05,Xã Bình An,Vệ sinh môi trường,Thường,"Xe thu gom rác ở Xã Bình An đổi giờ mà không báo, dân để rác ra đường cả buổi",10,8,1,5
PA00702,2026-03-01,Văn bản giấy,DV05,Xã Bình An,Cấp thoát nước,Khẩn,"Mưa là ngập cả tuyến ở Xã Bình An, cống thoát nghẹt không rút được",5,2,1,4
PA00703,2026-03-02,Tiếp công dân,DV01,Phường Hoà Thuận,Khác,Thường,Góp ý Phường Hoà Thuận mở thêm khung giờ tiếp dân vào buổi chiều thứ bảy,10,7,1,
PA00704,2026-03-02,Tiếp công dân,DV02,Phường Tân Hoà,Cấp thoát nước,Thường,"Ống nước trước nhà văn hoá Phường Tân Hoà rò rỉ, nước chảy ra đường suốt ngày",10,5,1,
PA00705,2026-03-02,Tổng đài 1022,DV02,Phường Tân Hoà,Vệ sinh môi trường,Thường,"Rác tồn đọng ở điểm tập kết gần chợ Phường Tân Hoà ba ngày chưa thu gom, mùi rất nặng",10,6,1,5
PA00706,2026-03-02,Ứng dụng di động,DV02,Phường Tân Hoà,Vệ sinh môi trường,Thường,"Xe thu gom rác ở Phường Tân Hoà đổi giờ mà không báo, dân để rác ra đường cả buổi",10,3,1,3
PA00707,2026-03-02,Cổng dịch vụ công,DV03,Phường Đông Giang,Trật tự đô thị,Thường,Xe tải trọng lớn chạy vào đường nội bộ Phường Đông Giang ngoài giờ quy định,10,1,1,
PA00708,2026-03-02,Cổng dịch vụ công,DV03,Phường Đông Giang,An sinh xã hội,Thường,"Hộ cận nghèo ở Phường Đông Giang chưa nhận được hỗ trợ đợt này, đề nghị rà soát",10,6,1,3
PA00709,2026-03-02,Tiếp công dân,DV04,Phường Nam Phong,Cấp thoát nước,Thường,"Mưa là ngập cả tuyến ở Phường Nam Phong, cống thoát nghẹt không rút được",10,13,0,
PA00710,2026-03-02,Ứng dụng di động,DV06,Xã Long Thành,Thủ tục hành chính,Thường,"Cổng dịch vụ công báo lỗi khi tải giấy tờ lên, gọi Xã Long Thành không ai nghe máy",10,10,1,5
PA00711,2026-03-02,Tổng đài 1022,DV07,Xã Phú Điền,Vệ sinh môi trường,Thường,"Rác tồn đọng ở điểm tập kết gần chợ Xã Phú Điền ba ngày chưa thu gom, mùi rất nặng",10,8,1,4
PA00712,2026-03-02,Cổng dịch vụ công,DV10,Xã Thanh Sơn,Trật tự đô thị,Thường,Xe tải trọng lớn chạy vào đường nội bộ Xã Thanh Sơn ngoài giờ quy định,10,14,0,
PA00713,2026-03-02,Cổng dịch vụ công,DV12,Xã Hương Trà,Hạ tầng giao thông,Thường,"Mặt đường Xã Hương Trà sau khi đào lắp ống nước hoàn trả không phẳng, đi rất xóc",10,15,0,
PA00714,2026-03-03,Tiếp công dân,DV01,Phường Hoà Thuận,Trật tự đô thị,Thường,"Có công trình ở Phường Hoà Thuận thi công sau 22 giờ gây ồn, đề nghị kiểm tra giấy phép",10,11,0,
PA00715,2026-03-03,Tổng đài 1022,DV01,Phường Hoà Thuận,Vệ sinh môi trường,Thường,"Xe thu gom rác ở Phường Hoà Thuận đổi giờ mà không báo, dân để rác ra đường cả buổi",10,9,1,5
PA00716,2026-03-03,Cổng dịch vụ công,DV02,Phường Tân Hoà,Hạ tầng giao thông,Thường,Nắp cống trên tuyến đường liên xã qua Phường Tân Hoà bị vỡ đã hai tuần chưa ai sửa,10,4,1,
PA00717,2026-03-03,Ứng dụng di động,DV02,Phường Tân Hoà,Hạ tầng giao thông,Thường,"Đoạn đường trước Phường Tân Hoà xuống cấp, nhiều ổ gà, xe máy tránh nhau rất nguy hiểm",10,13,0,
PA00718,2026-03-03,Cổng dịch vụ công,DV02,Phường Tân Hoà,Trật tự đô thị,Khẩn,Hàng quán lấn chiếm vỉa hè trước cổng trường tiểu học ở Phường Tân Hoà giờ tan học,5,3,1,4
PA00719,2026-03-03,Tổng đài 1022,DV02,Phường Tân Hoà,Chiếu sáng công cộng,Thường,"Đèn chiếu sáng khu vực Phường Tân Hoà bật cả ban ngày, rất lãng phí điện",10,12,0,
PA00720,2026-03-03,Cổng dịch vụ công,DV02,Phường Tân Hoà,Cấp thoát nước,Thường,"Mưa là ngập cả tuyến ở Phường Tân Hoà, cống thoát nghẹt không rút được",10,5,1,4
PA00721,2026-03-03,Cổng dịch vụ công,DV02,Phường Tân Hoà,Hạ tầng giao thông,Thường,"Đoạn đường trước Phường Tân Hoà xuống cấp, nhiều ổ gà, xe máy tránh nhau rất nguy hiểm",10,10,1,4
PA00722,2026-03-03,Văn bản giấy,DV02,Phường Tân Hoà,Trật tự đô thị,Thường,Xe tải trọng lớn chạy vào đường nội bộ Phường Tân Hoà ngoài giờ quy định,10,10,1,5
PA00723,2026-03-03,Cổng dịch vụ công,DV05,Xã Bình An,Chiếu sáng công cộng,Thường,"Ngõ vào cụm dân cư Xã Bình An chưa có đèn chiếu sáng, đã kiến nghị hai lần",10,11,0,
PA00724,2026-03-03,Tổng đài 1022,DV07,Xã Phú Điền,Cấp thoát nước,Thường,"Khu dân cư Xã Phú Điền mất nước từ sáng đến chiều, không thấy thông báo trước",10,7,1,
PA00725,2026-03-04,Tổng đài 1022,DV01,Phường Hoà Thuận,Thủ tục hành chính,Thường,Đã nộp trực tuyến nhưng Phường Hoà Thuận vẫn yêu cầu nộp thêm bản giấy,10,7,1,5
PA00726,2026-03-04,Tổng đài 1022,DV02,Phường Tân Hoà,Cấp thoát nước,Thường,"Nước máy ở Phường Tân Hoà mấy hôm nay có mùi lạ, đề nghị kiểm tra chất lượng",10,7,1,4
PA00727,2026-03-04,Ứng dụng di động,DV02,Phường Tân Hoà,Thủ tục hành chính,Thường,Cán bộ một cửa Phường Tân Hoà yêu cầu giấy tờ ngoài danh mục niêm yết,10,16,0,
PA00728,2026-03-04,Văn bản giấy,DV03,Phường Đông Giang,Thủ tục hành chính,Thường,Nộp hồ sơ chứng thực tại Phường Đông Giang hẹn 3 ngày nhưng quá 8 ngày chưa có kết quả,10,6,1,2
PA00729,2026-03-04,Văn bản giấy,DV03,Phường Đông Giang,Hạ tầng giao thông,Khẩn,"Đoạn đường trước Phường Đông Giang xuống cấp, nhiều ổ gà, xe máy tránh nhau rất nguy hiểm",5,6,0,2
PA00730,2026-03-04,Cổng dịch vụ công,DV03,Phường Đông Giang,Vệ sinh môi trường,Thường,"Xe thu gom rác ở Phường Đông Giang đổi giờ mà không báo, dân để rác ra đường cả buổi",10,16,0,
PA00731,2026-03-04,Tổng đài 1022,DV03,Phường Đông Giang,Vệ sinh môi trường,Khẩn,"Xe thu gom rác ở Phường Đông Giang đổi giờ mà không báo, dân để rác ra đường cả buổi",5,1,1,
PA00732,2026-03-04,Cổng dịch vụ công,DV03,Phường Đông Giang,Hạ tầng giao thông,Thường,"Mặt đường Phường Đông Giang sau khi đào lắp ống nước hoàn trả không phẳng, đi rất xóc",10,7,1,
PA00733,2026-03-04,Ứng dụng di động,DV04,Phường Nam Phong,Hạ tầng giao thông,Khẩn,"Cầu nhỏ bắc qua kênh ở Phường Nam Phong mục lan can, trẻ em đi học qua rất lo",5,16,0,2
PA00734,2026-03-04,Tổng đài 1022,DV05,Xã Bình An,Khác,Rất khẩn,Đề nghị Xã Bình An thông tin rõ kế hoạch chỉnh trang khu dân cư năm tới,2,1,1,
PA00735,2026-03-04,Tổng đài 1022,DV07,Xã Phú Điền,Hạ tầng giao thông,Thường,"Đoạn đường trước Xã Phú Điền xuống cấp, nhiều ổ gà, xe máy tránh nhau rất nguy hiểm",10,1,1,4
PA00736,2026-03-04,Tổng đài 1022,DV08,Xã Vĩnh Lộc,Hạ tầng giao thông,Thường,"Mặt đường Xã Vĩnh Lộc sau khi đào lắp ống nước hoàn trả không phẳng, đi rất xóc",10,4,1,4
PA00737,2026-03-04,Tổng đài 1022,DV08,Xã Vĩnh Lộc,Hạ tầng giao thông,Thường,"Đoạn đường trước Xã Vĩnh Lộc xuống cấp, nhiều ổ gà, xe máy tránh nhau rất nguy hiểm",10,23,0,
PA00738,2026-03-04,Ứng dụng di động,DV10,Xã Thanh Sơn,Cấp thoát nước,Thường,"Khu dân cư Xã Thanh Sơn mất nước từ sáng đến chiều, không thấy thông báo trước",10,14,0,
PA00739,2026-03-05,Ứng dụng di động,DV01,Phường Hoà Thuận,Cấp thoát nước,Khẩn,"Khu dân cư Phường Hoà Thuận mất nước từ sáng đến chiều, không thấy thông báo trước",5,2,1,5
PA00740,2026-03-05,Ứng dụng di động,DV01,Phường Hoà Thuận,Cấp thoát nước,Rất khẩn,"Nước máy ở Phường Hoà Thuận mấy hôm nay có mùi lạ, đề nghị kiểm tra chất lượng",2,1,1,4
PA00741,2026-03-05,Tiếp công dân,DV02,Phường Tân Hoà,Hạ tầng giao thông,Thường,Nắp cống trên tuyến đường liên xã qua Phường Tân Hoà bị vỡ đã hai tuần chưa ai sửa,10,7,1,5
PA00742,2026-03-05,Tổng đài 1022,DV02,Phường Tân Hoà,An sinh xã hội,Thường,"Hộ cận nghèo ở Phường Tân Hoà chưa nhận được hỗ trợ đợt này, đề nghị rà soát",10,3,1,5
PA00743,2026-03-05,Cổng dịch vụ công,DV02,Phường Tân Hoà,Chiếu sáng công cộng,Thường,"Ngõ vào cụm dân cư Phường Tân Hoà chưa có đèn chiếu sáng, đã kiến nghị hai lần",10,8,1,4
PA00744,2026-03-05,Cổng dịch vụ công,DV02,Phường Tân Hoà,Trật tự đô thị,Khẩn,Xe tải trọng lớn chạy vào đường nội bộ Phường Tân Hoà ngoài giờ quy định,5,2,1,
PA00745,2026-03-05,Cổng dịch vụ công,DV03,Phường Đông Giang,Vệ sinh môi trường,Thường,"Có hộ đổ trộm xà bần ra bãi đất trống ở Phường Đông Giang, đề nghị kiểm tra",10,7,1,
PA00746,2026-03-05,Cổng dịch vụ công,DV03,Phường Đông Giang,Cấp thoát nước,Thường,"Khu dân cư Phường Đông Giang mất nước từ sáng đến chiều, không thấy thông báo trước",10,8,1,
PA00747,2026-03-05,Tổng đài 1022,DV10,Xã Thanh Sơn,Vệ sinh môi trường,Thường,"Kênh chạy qua Xã Thanh Sơn nổi váng đen, nghi có cơ sở xả thải ban đêm",10,9,1,4
PA00748,2026-03-05,Cổng dịch vụ công,DV11,Xã Mỹ Khánh,Cấp thoát nước,Thường,"Mưa là ngập cả tuyến ở Xã Mỹ Khánh, cống thoát nghẹt không rút được",10,5,1,
PA00749,2026-03-06,Tiếp công dân,DV02,Phường Tân Hoà,Vệ sinh môi trường,Khẩn,"Rác tồn đọng ở điểm tập kết gần chợ Phường Tân Hoà ba ngày chưa thu gom, mùi rất nặng",5,4,1,3
PA00750,2026-03-06,Tổng đài 1022,DV02,Phường Tân Hoà,Cấp thoát nước,Thường,"Khu dân cư Phường Tân Hoà mất nước từ sáng đến chiều, không thấy thông báo trước",10,12,0,
PA00751,2026-03-06,Văn bản giấy,DV03,Phường Đông Giang,Vệ sinh môi trường,Thường,"Kênh chạy qua Phường Đông Giang nổi váng đen, nghi có cơ sở xả thải ban đêm",10,7,1,5
PA00752,2026-03-06,Ứng dụng di động,DV04,Phường Nam Phong,Khác,Thường,Đề nghị Phường Nam Phong thông tin rõ kế hoạch chỉnh trang khu dân cư năm tới,10,8,1,4
PA00753,2026-03-06,Cổng dịch vụ công,DV05,Xã Bình An,Trật tự đô thị,Khẩn,Bãi giữ xe tự phát ở Xã Bình An chắn lối đi chung của khu dân cư,5,5,1,5
PA00754,2026-03-06,Văn bản giấy,DV06,Xã Long Thành,Hạ tầng giao thông,Thường,Nắp cống trên tuyến đường liên xã qua Xã Long Thành bị vỡ đã hai tuần chưa ai sửa,10,10,1,
PA00755,2026-03-06,Ứng dụng di động,DV06,Xã Long Thành,Thủ tục hành chính,Thường,Cán bộ một cửa Xã Long Thành yêu cầu giấy tờ ngoài danh mục niêm yết,10,9,1,5
PA00756,2026-03-06,Ứng dụng di động,DV09,Xã An Cư,Thủ tục hành chính,Thường,Nộp hồ sơ chứng thực tại Xã An Cư hẹn 3 ngày nhưng quá 8 ngày chưa có kết quả,10,9,1,4
PA00757,2026-03-06,Tổng đài 1022,DV11,Xã Mỹ Khánh,Cấp thoát nước,Khẩn,"Khu dân cư Xã Mỹ Khánh mất nước từ sáng đến chiều, không thấy thông báo trước",5,4,1,
PA00758,2026-03-06,Tổng đài 1022,DV12,Xã Hương Trà,Vệ sinh môi trường,Rất khẩn,"Rác tồn đọng ở điểm tập kết gần chợ Xã Hương Trà ba ngày chưa thu gom, mùi rất nặng",2,1,1,4
PA00759,2026-03-07,Tổng đài 1022,DV01,Phường Hoà Thuận,Chiếu sáng công cộng,Thường,"Đèn chiếu sáng khu vực Phường Hoà Thuận bật cả ban ngày, rất lãng phí điện",10,5,1,
PA00760,2026-03-07,Tổng đài 1022,DV01,Phường Hoà Thuận,An sinh xã hội,Thường,Người cao tuổi ở Phường Hoà Thuận chưa được hướng dẫn làm thủ tục trợ cấp,10,5,1,5
PA00761,2026-03-07,Tổng đài 1022,DV01,Phường Hoà Thuận,Thủ tục hành chính,Khẩn,Đã nộp trực tuyến nhưng Phường Hoà Thuận vẫn yêu cầu nộp thêm bản giấy,5,4,1,
PA00762,2026-03-07,Tổng đài 1022,DV02,Phường Tân Hoà,Cấp thoát nước,Thường,"Mưa là ngập cả tuyến ở Phường Tân Hoà, cống thoát nghẹt không rút được",10,7,1,
PA00763,2026-03-07,Tổng đài 1022,DV03,Phường Đông Giang,Thủ tục hành chính,Thường,Nộp hồ sơ chứng thực tại Phường Đông Giang hẹn 3 ngày nhưng quá 8 ngày chưa có kết quả,10,8,1,3
PA00764,2026-03-07,Ứng dụng di động,DV04,Phường Nam Phong,Hạ tầng giao thông,Khẩn,"Cầu nhỏ bắc qua kênh ở Phường Nam Phong mục lan can, trẻ em đi học qua rất lo",5,3,1,
PA00765,2026-03-07,Tổng đài 1022,DV04,Phường Nam Phong,Cấp thoát nước,Thường,"Nước máy ở Phường Nam Phong mấy hôm nay có mùi lạ, đề nghị kiểm tra chất lượng",10,12,0,
PA00766,2026-03-07,Tổng đài 1022,DV04,Phường Nam Phong,An sinh xã hội,Rất khẩn,"Danh sách nhận hỗ trợ ở Phường Nam Phong niêm yết thiếu tên, đề nghị kiểm tra lại",2,1,1,
PA00767,2026-03-07,Cổng dịch vụ công,DV04,Phường Nam Phong,Vệ sinh môi trường,Thường,"Kênh chạy qua Phường Nam Phong nổi váng đen, nghi có cơ sở xả thải ban đêm",10,1,1,5
PA00768,2026-03-07,Cổng dịch vụ công,DV07,Xã Phú Điền,Hạ tầng giao thông,Thường,"Cầu nhỏ bắc qua kênh ở Xã Phú Điền mục lan can, trẻ em đi học qua rất lo",10,9,1,
PA00769,2026-03-07,Tổng đài 1022,DV11,Xã Mỹ Khánh,Vệ sinh môi trường,Thường,"Có hộ đổ trộm xà bần ra bãi đất trống ở Xã Mỹ Khánh, đề nghị kiểm tra",10,16,0,
PA00770,2026-03-08,Tổng đài 1022,DV01,Phường Hoà Thuận,Khác,Thường,"Loa phát thanh ở Phường Hoà Thuận phát quá sớm, ảnh hưởng người già và trẻ nhỏ",10,9,1,5
PA00771,2026-03-08,Cổng dịch vụ công,DV02,Phường Tân Hoà,Vệ sinh môi trường,Khẩn,"Kênh chạy qua Phường Tân Hoà nổi váng đen, nghi có cơ sở xả thải ban đêm",5,10,0,1
PA00772,2026-03-08,Ứng dụng di động,DV02,Phường Tân Hoà,Vệ sinh môi trường,Thường,"Xe thu gom rác ở Phường Tân Hoà đổi giờ mà không báo, dân để rác ra đường cả buổi",10,11,0,
PA00773,2026-03-08,Tổng đài 1022,DV02,Phường Tân Hoà,Chiếu sáng công cộng,Khẩn,"Đèn chiếu sáng khu vực Phường Tân Hoà bật cả ban ngày, rất lãng phí điện",5,3,1,4
PA00774,2026-03-08,Ứng dụng di động,DV03,Phường Đông Giang,Trật tự đô thị,Thường,Xe tải trọng lớn chạy vào đường nội bộ Phường Đông Giang ngoài giờ quy định,10,6,1,5
PA00775,2026-03-08,Cổng dịch vụ công,DV03,Phường Đông Giang,Vệ sinh môi trường,Thường,"Rác tồn đọng ở điểm tập kết gần chợ Phường Đông Giang ba ngày chưa thu gom, mùi rất nặng",10,8,1,
PA00776,2026-03-08,Ứng dụng di động,DV03,Phường Đông Giang,Chiếu sáng công cộng,Thường,"Ngõ vào cụm dân cư Phường Đông Giang chưa có đèn chiếu sáng, đã kiến nghị hai lần",10,11,0,3
PA00777,2026-03-08,Cổng dịch vụ công,DV04,Phường Nam Phong,Vệ sinh môi trường,Thường,"Rác tồn đọng ở điểm tập kết gần chợ Phường Nam Phong ba ngày chưa thu gom, mùi rất nặng",10,10,1,4
PA00778,2026-03-08,Cổng dịch vụ công,DV04,Phường Nam Phong,Trật tự đô thị,Thường,Xe tải trọng lớn chạy vào đường nội bộ Phường Nam Phong ngoài giờ quy định,10,6,1,
PA00779,2026-03-08,Tổng đài 1022,DV05,Xã Bình An,Cấp thoát nước,Thường,"Ống nước trước nhà văn hoá Xã Bình An rò rỉ, nước chảy ra đường suốt ngày",10,15,0,3
PA00780,2026-03-08,Cổng dịch vụ công,DV06,Xã Long Thành,Hạ tầng giao thông,Thường,"Đoạn đường trước Xã Long Thành xuống cấp, nhiều ổ gà, xe máy tránh nhau rất nguy hiểm",10,3,1,
PA00781,2026-03-08,Tổng đài 1022,DV06,Xã Long Thành,Chiếu sáng công cộng,Thường,"Ba cột đèn đường ở Xã Long Thành cháy bóng, ban đêm tối om rất mất an toàn",10,5,1,4
PA00782,2026-03-08,Cổng dịch vụ công,DV10,Xã Thanh Sơn,Hạ tầng giao thông,Thường,Nắp cống trên tuyến đường liên xã qua Xã Thanh Sơn bị vỡ đã hai tuần chưa ai sửa,10,7,1,5
PA00783,2026-03-08,Văn bản giấy,DV12,Xã Hương Trà,Vệ sinh môi trường,Thường,"Xe thu gom rác ở Xã Hương Trà đổi giờ mà không báo, dân để rác ra đường cả buổi",10,6,1,5
PA00784,2026-03-09,Ứng dụng di động,DV01,Phường Hoà Thuận,Trật tự đô thị,Thường,Xe tải trọng lớn chạy vào đường nội bộ Phường Hoà Thuận ngoài giờ quy định,10,16,0,
PA00785,2026-03-09,Cổng dịch vụ công,DV02,Phường Tân Hoà,Hạ tầng giao thông,Thường,Nắp cống trên tuyến đường liên xã qua Phường Tân Hoà bị vỡ đã hai tuần chưa ai sửa,10,9,1,5
PA00786,2026-03-09,Tổng đài 1022,DV02,Phường Tân Hoà,Hạ tầng giao thông,Thường,"Cầu nhỏ bắc qua kênh ở Phường Tân Hoà mục lan can, trẻ em đi học qua rất lo",10,7,1,
PA00787,2026-03-09,Tiếp công dân,DV02,Phường Tân Hoà,Vệ sinh môi trường,Thường,"Kênh chạy qua Phường Tân Hoà nổi váng đen, nghi có cơ sở xả thải ban đêm",10,2,1,
PA00788,2026-03-09,Ứng dụng di động,DV02,Phường Tân Hoà,Cấp thoát nước,Thường,"Khu dân cư Phường Tân Hoà mất nước từ sáng đến chiều, không thấy thông báo trước",10,8,1,
PA00789,2026-03-09,Tổng đài 1022,DV02,Phường Tân Hoà,Cấp thoát nước,Thường,"Khu dân cư Phường Tân Hoà mất nước từ sáng đến chiều, không thấy thông báo trước",10,5,1,
PA00790,2026-03-09,Văn bản giấy,DV03,Phường Đông Giang,Cấp thoát nước,Thường,"Mưa là ngập cả tuyến ở Phường Đông Giang, cống thoát nghẹt không rút được",10,6,1,4
PA00791,2026-03-09,Cổng dịch vụ công,DV07,Xã Phú Điền,Trật tự đô thị,Khẩn,Xe tải trọng lớn chạy vào đường nội bộ Xã Phú Điền ngoài giờ quy định,5,5,1,5
PA00792,2026-03-10,Cổng dịch vụ công,DV01,Phường Hoà Thuận,Vệ sinh môi trường,Khẩn,"Có hộ đổ trộm xà bần ra bãi đất trống ở Phường Hoà Thuận, đề nghị kiểm tra",5,3,1,
PA00793,2026-03-10,Tổng đài 1022,DV02,Phường Tân Hoà,Cấp thoát nước,Thường,"Mưa là ngập cả tuyến ở Phường Tân Hoà, cống thoát nghẹt không rút được",10,14,0,
PA00794,2026-03-10,Văn bản giấy,DV03,Phường Đông Giang,Trật tự đô thị,Khẩn,Bãi giữ xe tự phát ở Phường Đông Giang chắn lối đi chung của khu dân cư,5,2,1,
PA00795,2026-03-10,Cổng dịch vụ công,DV04,Phường Nam Phong,Khác,Thường,Đề nghị Phường Nam Phong thông tin rõ kế hoạch chỉnh trang khu dân cư năm tới,10,5,1,4
PA00796,2026-03-10,Văn bản giấy,DV04,Phường Nam Phong,Chiếu sáng công cộng,Thường,"Ba cột đèn đường ở Phường Nam Phong cháy bóng, ban đêm tối om rất mất an toàn",10,10,1,
PA00797,2026-03-10,Ứng dụng di động,DV04,Phường Nam Phong,Trật tự đô thị,Thường,"Có công trình ở Phường Nam Phong thi công sau 22 giờ gây ồn, đề nghị kiểm tra giấy phép",10,2,1,5
PA00798,2026-03-10,Tổng đài 1022,DV04,Phường Nam Phong,Hạ tầng giao thông,Thường,Nắp cống trên tuyến đường liên xã qua Phường Nam Phong bị vỡ đã hai tuần chưa ai sửa,10,5,1,
PA00799,2026-03-10,Ứng dụng di động,DV04,Phường Nam Phong,Thủ tục hành chính,Thường,Đã nộp trực tuyến nhưng Phường Nam Phong vẫn yêu cầu nộp thêm bản giấy,10,7,1,
PA00800,2026-03-10,Cổng dịch vụ công,DV05,Xã Bình An,Cấp thoát nước,Thường,"Nước máy ở Xã Bình An mấy hôm nay có mùi lạ, đề nghị kiểm tra chất lượng",10,7,1,
PA00801,2026-03-10,Cổng dịch vụ công,DV07,Xã Phú Điền,Hạ tầng giao thông,Rất khẩn,Nắp cống trên tuyến đường liên xã qua Xã Phú Điền bị vỡ đã hai tuần chưa ai sửa,2,2,1,
PA00802,2026-03-10,Tổng đài 1022,DV08,Xã Vĩnh Lộc,Chiếu sáng công cộng,Thường,"Ba cột đèn đường ở Xã Vĩnh Lộc cháy bóng, ban đêm tối om rất mất an toàn",10,7,1,
PA00803,2026-03-10,Tổng đài 1022,DV11,Xã Mỹ Khánh,Trật tự đô thị,Thường,Xe tải trọng lớn chạy vào đường nội bộ Xã Mỹ Khánh ngoài giờ quy định,10,11,0,
PA00804,2026-03-10,Tổng đài 1022,DV12,Xã Hương Trà,Hạ tầng giao thông,Khẩn,Nắp cống trên tuyến đường liên xã qua Xã Hương Trà bị vỡ đã hai tuần chưa ai sửa,5,3,1,
PA00805,2026-03-10,Tổng đài 1022,DV12,Xã Hương Trà,Thủ tục hành chính,Thường,Đã nộp trực tuyến nhưng Xã Hương Trà vẫn yêu cầu nộp thêm bản giấy,10,23,0,
PA00806,2026-03-11,Tổng đài 1022,DV01,Phường Hoà Thuận,Vệ sinh môi trường,Thường,"Kênh chạy qua Phường Hoà Thuận nổi váng đen, nghi có cơ sở xả thải ban đêm",10,4,1,
PA00807,2026-03-11,Văn bản giấy,DV02,Phường Tân Hoà,Hạ tầng giao thông,Khẩn,"Mặt đường Phường Tân Hoà sau khi đào lắp ống nước hoàn trả không phẳng, đi rất xóc",5,3,1,
PA00808,2026-03-11,Cổng dịch vụ công,DV02,Phường Tân Hoà,Hạ tầng giao thông,Thường,"Mặt đường Phường Tân Hoà sau khi đào lắp ống nước hoàn trả không phẳng, đi rất xóc",10,7,1,
PA00809,2026-03-11,Văn bản giấy,DV03,Phường Đông Giang,Vệ sinh môi trường,Thường,"Có hộ đổ trộm xà bần ra bãi đất trống ở Phường Đông Giang, đề nghị kiểm tra",10,2,1,
PA00810,2026-03-11,Văn bản giấy,DV04,Phường Nam Phong,Cấp thoát nước,Thường,"Mưa là ngập cả tuyến ở Phường Nam Phong, cống thoát nghẹt không rút được",10,9,1,2
PA00811,2026-03-11,Văn bản giấy,DV04,Phường Nam Phong,Cấp thoát nước,Khẩn,"Nước máy ở Phường Nam Phong mấy hôm nay có mùi lạ, đề nghị kiểm tra chất lượng",5,3,1,3
PA00812,2026-03-11,Văn bản giấy,DV08,Xã Vĩnh Lộc,Hạ tầng giao thông,Khẩn,Nắp cống trên tuyến đường liên xã qua Xã Vĩnh Lộc bị vỡ đã hai tuần chưa ai sửa,5,3,1,
PA00813,2026-03-11,Tổng đài 1022,DV09,Xã An Cư,An sinh xã hội,Khẩn,"Hộ cận nghèo ở Xã An Cư chưa nhận được hỗ trợ đợt này, đề nghị rà soát",5,7,0,
PA00814,2026-03-11,Cổng dịch vụ công,DV11,Xã Mỹ Khánh,Hạ tầng giao thông,Thường,"Cầu nhỏ bắc qua kênh ở Xã Mỹ Khánh mục lan can, trẻ em đi học qua rất lo",10,7,1,
PA00815,2026-03-11,Cổng dịch vụ công,DV11,Xã Mỹ Khánh,Vệ sinh môi trường,Thường,"Rác tồn đọng ở điểm tập kết gần chợ Xã Mỹ Khánh ba ngày chưa thu gom, mùi rất nặng",10,7,1,4
PA00816,2026-03-12,Tổng đài 1022,DV02,Phường Tân Hoà,Trật tự đô thị,Thường,Bãi giữ xe tự phát ở Phường Tân Hoà chắn lối đi chung của khu dân cư,10,4,1,
PA00817,2026-03-12,Tổng đài 1022,DV02,Phường Tân Hoà,Vệ sinh môi trường,Thường,"Rác tồn đọng ở điểm tập kết gần chợ Phường Tân Hoà ba ngày chưa thu gom, mùi rất nặng",10,12,0,3
PA00818,2026-03-12,Cổng dịch vụ công,DV03,Phường Đông Giang,Hạ tầng giao thông,Rất khẩn,"Đoạn đường trước Phường Đông Giang xuống cấp, nhiều ổ gà, xe máy tránh nhau rất nguy hiểm",2,1,1,
PA00819,2026-03-12,Tổng đài 1022,DV03,Phường Đông Giang,Khác,Thường,Góp ý Phường Đông Giang mở thêm khung giờ tiếp dân vào buổi chiều thứ bảy,10,9,1,
PA00820,2026-03-12,Tổng đài 1022,DV04,Phường Nam Phong,Chiếu sáng công cộng,Thường,"Ngõ vào cụm dân cư Phường Nam Phong chưa có đèn chiếu sáng, đã kiến nghị hai lần",10,3,1,
PA00821,2026-03-12,Tổng đài 1022,DV04,Phường Nam Phong,Vệ sinh môi trường,Thường,"Xe thu gom rác ở Phường Nam Phong đổi giờ mà không báo, dân để rác ra đường cả buổi",10,7,1,4
PA00822,2026-03-12,Cổng dịch vụ công,DV04,Phường Nam Phong,Cấp thoát nước,Thường,"Khu dân cư Phường Nam Phong mất nước từ sáng đến chiều, không thấy thông báo trước",10,5,1,
PA00823,2026-03-12,Cổng dịch vụ công,DV05,Xã Bình An,Chiếu sáng công cộng,Khẩn,"Ba cột đèn đường ở Xã Bình An cháy bóng, ban đêm tối om rất mất an toàn",5,1,1,5
PA00824,2026-03-12,Cổng dịch vụ công,DV08,Xã Vĩnh Lộc,Thủ tục hành chính,Thường,Cán bộ một cửa Xã Vĩnh Lộc yêu cầu giấy tờ ngoài danh mục niêm yết,10,4,1,
PA00825,2026-03-12,Tổng đài 1022,DV11,Xã Mỹ Khánh,Khác,Thường,Góp ý Xã Mỹ Khánh mở thêm khung giờ tiếp dân vào buổi chiều thứ bảy,10,13,0,3
PA00826,2026-03-13,Cổng dịch vụ công,DV01,Phường Hoà Thuận,Khác,Thường,Góp ý Phường Hoà Thuận mở thêm khung giờ tiếp dân vào buổi chiều thứ bảy,10,11,0,2
PA00827,2026-03-13,Cổng dịch vụ công,DV01,Phường Hoà Thuận,Vệ sinh môi trường,Thường,"Có hộ đổ trộm xà bần ra bãi đất trống ở Phường Hoà Thuận, đề nghị kiểm tra",10,10,1,
PA00828,2026-03-13,Tiếp công dân,DV01,Phường Hoà Thuận,Cấp thoát nước,Thường,"Ống nước trước nhà văn hoá Phường Hoà Thuận rò rỉ, nước chảy ra đường suốt ngày",10,11,0,
PA00829,2026-03-13,Tổng đài 1022,DV01,Phường Hoà Thuận,Khác,Thường,Đề nghị Phường Hoà Thuận thông tin rõ kế hoạch chỉnh trang khu dân cư năm tới,10,1,1,5
PA00830,2026-03-13,Tổng đài 1022,DV02,Phường Tân Hoà,Cấp thoát nước,Rất khẩn,"Ống nước trước nhà văn hoá Phường Tân Hoà rò rỉ, nước chảy ra đường suốt ngày",2,1,1,
PA00831,2026-03-13,Tổng đài 1022,DV02,Phường Tân Hoà,Cấp thoát nước,Thường,"Khu dân cư Phường Tân Hoà mất nước từ sáng đến chiều, không thấy thông báo trước",10,43,0,2
PA00832,2026-03-13,Tổng đài 1022,DV02,Phường Tân Hoà,Khác,Thường,"Loa phát thanh ở Phường Tân Hoà phát quá sớm, ảnh hưởng người già và trẻ nhỏ",10,8,1,
PA00833,2026-03-13,Cổng dịch vụ công,DV02,Phường Tân Hoà,An sinh xã hội,Rất khẩn,"Danh sách nhận hỗ trợ ở Phường Tân Hoà niêm yết thiếu tên, đề nghị kiểm tra lại",2,2,1,
PA00834,2026-03-13,Cổng dịch vụ công,DV03,Phường Đông Giang,Thủ tục hành chính,Thường,Cán bộ một cửa Phường Đông Giang yêu cầu giấy tờ ngoài danh mục niêm yết,10,8,1,2
PA00835,2026-03-13,Tổng đài 1022,DV05,Xã Bình An,Chiếu sáng công cộng,Thường,"Ngõ vào cụm dân cư Xã Bình An chưa có đèn chiếu sáng, đã kiến nghị hai lần",10,8,1,
PA00836,2026-03-13,Cổng dịch vụ công,DV07,Xã Phú Điền,An sinh xã hội,Rất khẩn,Người cao tuổi ở Xã Phú Điền chưa được hướng dẫn làm thủ tục trợ cấp,2,3,0,
PA00837,2026-03-13,Tổng đài 1022,DV11,Xã Mỹ Khánh,Trật tự đô thị,Thường,Xe tải trọng lớn chạy vào đường nội bộ Xã Mỹ Khánh ngoài giờ quy định,10,12,0,3
PA00838,2026-03-13,Tổng đài 1022,DV11,Xã Mỹ Khánh,Vệ sinh môi trường,Thường,"Rác tồn đọng ở điểm tập kết gần chợ Xã Mỹ Khánh ba ngày chưa thu gom, mùi rất nặng",10,13,0,
PA00839,2026-03-14,Cổng dịch vụ công,DV03,Phường Đông Giang,An sinh xã hội,Thường,"Danh sách nhận hỗ trợ ở Phường Đông Giang niêm yết thiếu tên, đề nghị kiểm tra lại",10,7,1,
PA00840,2026-03-14,Cổng dịch vụ công,DV03,Phường Đông Giang,Thủ tục hành chính,Khẩn,Cán bộ một cửa Phường Đông Giang yêu cầu giấy tờ ngoài danh mục niêm yết,5,1,1,5
PA00841,2026-03-14,Văn bản giấy,DV04,Phường Nam Phong,Hạ tầng giao thông,Thường,Nắp cống trên tuyến đường liên xã qua Phường Nam Phong bị vỡ đã hai tuần chưa ai sửa,10,8,1,
PA00842,2026-03-14,Tổng đài 1022,DV04,Phường Nam Phong,Cấp thoát nước,Thường,"Mưa là ngập cả tuyến ở Phường Nam Phong, cống thoát nghẹt không rút được",10,4,1,
PA00843,2026-03-14,Văn bản giấy,DV07,Xã Phú Điền,An sinh xã hội,Thường,Người cao tuổi ở Xã Phú Điền chưa được hướng dẫn làm thủ tục trợ cấp,10,8,1,
PA00844,2026-03-14,Tổng đài 1022,DV07,Xã Phú Điền,An sinh xã hội,Thường,"Danh sách nhận hỗ trợ ở Xã Phú Điền niêm yết thiếu tên, đề nghị kiểm tra lại",10,7,1,5
PA00845,2026-03-14,Văn bản giấy,DV12,Xã Hương Trà,Trật tự đô thị,Thường,Xe tải trọng lớn chạy vào đường nội bộ Xã Hương Trà ngoài giờ quy định,10,9,1,
PA00846,2026-03-15,Ứng dụng di động,DV01,Phường Hoà Thuận,Hạ tầng giao thông,Khẩn,"Cầu nhỏ bắc qua kênh ở Phường Hoà Thuận mục lan can, trẻ em đi học qua rất lo",5,2,1,
PA00847,2026-03-15,Tiếp công dân,DV01,Phường Hoà Thuận,Khác,Khẩn,Đề nghị Phường Hoà Thuận thông tin rõ kế hoạch chỉnh trang khu dân cư năm tới,5,3,1,3
PA00848,2026-03-15,Ứng dụng di động,DV01,Phường Hoà Thuận,Thủ tục hành chính,Thường,Nộp hồ sơ chứng thực tại Phường Hoà Thuận hẹn 3 ngày nhưng quá 8 ngày chưa có kết quả,10,10,1,
PA00849,2026-03-15,Ứng dụng di động,DV02,Phường Tân Hoà,Trật tự đô thị,Thường,Bãi giữ xe tự phát ở Phường Tân Hoà chắn lối đi chung của khu dân cư,10,2,1,
PA00850,2026-03-15,Văn bản giấy,DV02,Phường Tân Hoà,Cấp thoát nước,Thường,"Ống nước trước nhà văn hoá Phường Tân Hoà rò rỉ, nước chảy ra đường suốt ngày",10,12,0,2
PA00851,2026-03-15,Tổng đài 1022,DV04,Phường Nam Phong,Trật tự đô thị,Thường,Xe tải trọng lớn chạy vào đường nội bộ Phường Nam Phong ngoài giờ quy định,10,8,1,5
PA00852,2026-03-15,Ứng dụng di động,DV08,Xã Vĩnh Lộc,Khác,Thường,Đề nghị Xã Vĩnh Lộc thông tin rõ kế hoạch chỉnh trang khu dân cư năm tới,10,13,0,
PA00853,2026-03-15,Tổng đài 1022,DV08,Xã Vĩnh Lộc,Cấp thoát nước,Thường,"Mưa là ngập cả tuyến ở Xã Vĩnh Lộc, cống thoát nghẹt không rút được",10,8,1,5
PA00854,2026-03-15,Cổng dịch vụ công,DV10,Xã Thanh Sơn,Hạ tầng giao thông,Thường,"Mặt đường Xã Thanh Sơn sau khi đào lắp ống nước hoàn trả không phẳng, đi rất xóc",10,6,1,
PA00855,2026-03-16,Cổng dịch vụ công,DV01,Phường Hoà Thuận,Cấp thoát nước,Thường,"Mưa là ngập cả tuyến ở Phường Hoà Thuận, cống thoát nghẹt không rút được",10,11,0,
PA00856,2026-03-16,Tổng đài 1022,DV01,Phường Hoà Thuận,Chiếu sáng công cộng,Thường,"Ba cột đèn đường ở Phường Hoà Thuận cháy bóng, ban đêm tối om rất mất an toàn",10,10,1,4
PA00857,2026-03-16,Tổng đài 1022,DV01,Phường Hoà Thuận,Cấp thoát nước,Thường,"Khu dân cư Phường Hoà Thuận mất nước từ sáng đến chiều, không thấy thông báo trước",10,2,1,
PA00858,2026-03-16,Tổng đài 1022,DV02,Phường Tân Hoà,Chiếu sáng công cộng,Thường,"Đèn chiếu sáng khu vực Phường Tân Hoà bật cả ban ngày, rất lãng phí điện",10,7,1,
PA00859,2026-03-16,Tổng đài 1022,DV02,Phường Tân Hoà,Vệ sinh môi trường,Thường,"Kênh chạy qua Phường Tân Hoà nổi váng đen, nghi có cơ sở xả thải ban đêm",10,7,1,3
PA00860,2026-03-16,Tổng đài 1022,DV02,Phường Tân Hoà,Hạ tầng giao thông,Khẩn,"Đoạn đường trước Phường Tân Hoà xuống cấp, nhiều ổ gà, xe máy tránh nhau rất nguy hiểm",5,4,1,
PA00861,2026-03-16,Tiếp công dân,DV03,Phường Đông Giang,Trật tự đô thị,Thường,Bãi giữ xe tự phát ở Phường Đông Giang chắn lối đi chung của khu dân cư,10,8,1,
PA00862,2026-03-16,Ứng dụng di động,DV03,Phường Đông Giang,Vệ sinh môi trường,Thường,"Rác tồn đọng ở điểm tập kết gần chợ Phường Đông Giang ba ngày chưa thu gom, mùi rất nặng",10,9,1,4
PA00863,2026-03-16,Cổng dịch vụ công,DV08,Xã Vĩnh Lộc,Hạ tầng giao thông,Thường,"Đoạn đường trước Xã Vĩnh Lộc xuống cấp, nhiều ổ gà, xe máy tránh nhau rất nguy hiểm",10,7,1,
PA00864,2026-03-16,Văn bản giấy,DV09,Xã An Cư,Cấp thoát nước,Thường,"Mưa là ngập cả tuyến ở Xã An Cư, cống thoát nghẹt không rút được",10,6,1,
PA00865,2026-03-17,Cổng dịch vụ công,DV01,Phường Hoà Thuận,An sinh xã hội,Thường,"Danh sách nhận hỗ trợ ở Phường Hoà Thuận niêm yết thiếu tên, đề nghị kiểm tra lại",10,9,1,5
PA00866,2026-03-17,Tổng đài 1022,DV01,Phường Hoà Thuận,Trật tự đô thị,Thường,Bãi giữ xe tự phát ở Phường Hoà Thuận chắn lối đi chung của khu dân cư,10,23,0,
PA00867,2026-03-17,Tổng đài 1022,DV02,Phường Tân Hoà,Hạ tầng giao thông,Thường,Nắp cống trên tuyến đường liên xã qua Phường Tân Hoà bị vỡ đã hai tuần chưa ai sửa,10,7,1,5
PA00868,2026-03-17,Tổng đài 1022,DV02,Phường Tân Hoà,Hạ tầng giao thông,Thường,"Cầu nhỏ bắc qua kênh ở Phường Tân Hoà mục lan can, trẻ em đi học qua rất lo",10,7,1,
PA00869,2026-03-17,Văn bản giấy,DV02,Phường Tân Hoà,Vệ sinh môi trường,Thường,"Rác tồn đọng ở điểm tập kết gần chợ Phường Tân Hoà ba ngày chưa thu gom, mùi rất nặng",10,14,0,3
PA00870,2026-03-17,Văn bản giấy,DV03,Phường Đông Giang,An sinh xã hội,Thường,Người cao tuổi ở Phường Đông Giang chưa được hướng dẫn làm thủ tục trợ cấp,10,10,1,
PA00871,2026-03-17,Ứng dụng di động,DV03,Phường Đông Giang,Thủ tục hành chính,Thường,Nộp hồ sơ chứng thực tại Phường Đông Giang hẹn 3 ngày nhưng quá 8 ngày chưa có kết quả,10,5,1,5
PA00872,2026-03-17,Tổng đài 1022,DV04,Phường Nam Phong,Thủ tục hành chính,Khẩn,Cán bộ một cửa Phường Nam Phong yêu cầu giấy tờ ngoài danh mục niêm yết,5,5,1,4
PA00873,2026-03-17,Cổng dịch vụ công,DV06,Xã Long Thành,Hạ tầng giao thông,Thường,"Mặt đường Xã Long Thành sau khi đào lắp ống nước hoàn trả không phẳng, đi rất xóc",10,2,1,5
PA00874,2026-03-17,Tổng đài 1022,DV08,Xã Vĩnh Lộc,Thủ tục hành chính,Thường,Nộp hồ sơ chứng thực tại Xã Vĩnh Lộc hẹn 3 ngày nhưng quá 8 ngày chưa có kết quả,10,3,1,
PA00875,2026-03-17,Ứng dụng di động,DV08,Xã Vĩnh Lộc,Cấp thoát nước,Thường,"Mưa là ngập cả tuyến ở Xã Vĩnh Lộc, cống thoát nghẹt không rút được",10,3,1,5
PA00876,2026-03-17,Ứng dụng di động,DV08,Xã Vĩnh Lộc,Cấp thoát nước,Rất khẩn,"Ống nước trước nhà văn hoá Xã Vĩnh Lộc rò rỉ, nước chảy ra đường suốt ngày",2,2,1,3
PA00877,2026-03-17,Tổng đài 1022,DV09,Xã An Cư,Hạ tầng giao thông,Thường,"Đoạn đường trước Xã An Cư xuống cấp, nhiều ổ gà, xe máy tránh nhau rất nguy hiểm",10,9,1,5
PA00878,2026-03-17,Văn bản giấy,DV11,Xã Mỹ Khánh,Trật tự đô thị,Thường,"Có công trình ở Xã Mỹ Khánh thi công sau 22 giờ gây ồn, đề nghị kiểm tra giấy phép",10,10,1,5
PA00879,2026-03-18,Cổng dịch vụ công,DV01,Phường Hoà Thuận,Thủ tục hành chính,Thường,Nộp hồ sơ chứng thực tại Phường Hoà Thuận hẹn 3 ngày nhưng quá 8 ngày chưa có kết quả,10,7,1,
PA00880,2026-03-18,Tổng đài 1022,DV01,Phường Hoà Thuận,Trật tự đô thị,Thường,"Có công trình ở Phường Hoà Thuận thi công sau 22 giờ gây ồn, đề nghị kiểm tra giấy phép",10,6,1,
PA00881,2026-03-18,Cổng dịch vụ công,DV01,Phường Hoà Thuận,Khác,Thường,Đề nghị Phường Hoà Thuận thông tin rõ kế hoạch chỉnh trang khu dân cư năm tới,10,4,1,
PA00882,2026-03-18,Cổng dịch vụ công,DV01,Phường Hoà Thuận,Trật tự đô thị,Thường,"Có công trình ở Phường Hoà Thuận thi công sau 22 giờ gây ồn, đề nghị kiểm tra giấy phép",10,10,1,5
PA00883,2026-03-18,Ứng dụng di động,DV01,Phường Hoà Thuận,Vệ sinh môi trường,Khẩn,"Xe thu gom rác ở Phường Hoà Thuận đổi giờ mà không báo, dân để rác ra đường cả buổi",5,4,1,5
PA00884,2026-03-18,Cổng dịch vụ công,DV02,Phường Tân Hoà,Vệ sinh môi trường,Thường,"Kênh chạy qua Phường Tân Hoà nổi váng đen, nghi có cơ sở xả thải ban đêm",10,9,1,
PA00885,2026-03-18,Cổng dịch vụ công,DV02,Phường Tân Hoà,Thủ tục hành chính,Thường,"Cổng dịch vụ công báo lỗi khi tải giấy tờ lên, gọi Phường Tân Hoà không ai nghe máy",10,9,1,
PA00886,2026-03-18,Tổng đài 1022,DV02,Phường Tân Hoà,Trật tự đô thị,Khẩn,Bãi giữ xe tự phát ở Phường Tân Hoà chắn lối đi chung của khu dân cư,5,5,1,
PA00887,2026-03-18,Ứng dụng di động,DV03,Phường Đông Giang,An sinh xã hội,Thường,"Danh sách nhận hỗ trợ ở Phường Đông Giang niêm yết thiếu tên, đề nghị kiểm tra lại",10,9,1,
PA00888,2026-03-18,Cổng dịch vụ công,DV04,Phường Nam Phong,Hạ tầng giao thông,Khẩn,Nắp cống trên tuyến đường liên xã qua Phường Nam Phong bị vỡ đã hai tuần chưa ai sửa,5,5,1,4
PA00889,2026-03-18,Tổng đài 1022,DV05,Xã Bình An,Trật tự đô thị,Thường,Xe tải trọng lớn chạy vào đường nội bộ Xã Bình An ngoài giờ quy định,10,7,1,4
PA00890,2026-03-18,Ứng dụng di động,DV06,Xã Long Thành,Hạ tầng giao thông,Thường,"Cầu nhỏ bắc qua kênh ở Xã Long Thành mục lan can, trẻ em đi học qua rất lo",10,10,1,3
PA00891,2026-03-18,Ứng dụng di động,DV07,Xã Phú Điền,Vệ sinh môi trường,Thường,"Kênh chạy qua Xã Phú Điền nổi váng đen, nghi có cơ sở xả thải ban đêm",10,5,1,
PA00892,2026-03-18,Ứng dụng di động,DV10,Xã Thanh Sơn,Hạ tầng giao thông,Thường,"Cầu nhỏ bắc qua kênh ở Xã Thanh Sơn mục lan can, trẻ em đi học qua rất lo",10,7,1,
PA00893,2026-03-18,Cổng dịch vụ công,DV11,Xã Mỹ Khánh,Trật tự đô thị,Thường,Xe tải trọng lớn chạy vào đường nội bộ Xã Mỹ Khánh ngoài giờ quy định,10,6,1,
PA00894,2026-03-18,Tổng đài 1022,DV11,Xã Mỹ Khánh,Hạ tầng giao thông,Thường,Nắp cống trên tuyến đường liên xã qua Xã Mỹ Khánh bị vỡ đã hai tuần chưa ai sửa,10,8,1,
PA00895,2026-03-19,Văn bản giấy,DV01,Phường Hoà Thuận,An sinh xã hội,Thường,"Danh sách nhận hỗ trợ ở Phường Hoà Thuận niêm yết thiếu tên, đề nghị kiểm tra lại",10,10,1,
PA00896,2026-03-19,Ứng dụng di động,DV02,Phường Tân Hoà,Hạ tầng giao thông,Thường,"Cầu nhỏ bắc qua kênh ở Phường Tân Hoà mục lan can, trẻ em đi học qua rất lo",10,7,1,5
PA00897,2026-03-19,Ứng dụng di động,DV02,Phường Tân Hoà,Chiếu sáng công cộng,Thường,"Ba cột đèn đường ở Phường Tân Hoà cháy bóng, ban đêm tối om rất mất an toàn",10,15,0,
PA00898,2026-03-19,Cổng dịch vụ công,DV02,Phường Tân Hoà,Chiếu sáng công cộng,Thường,"Ngõ vào cụm dân cư Phường Tân Hoà chưa có đèn chiếu sáng, đã kiến nghị hai lần",10,7,1,
PA00899,2026-03-19,Ứng dụng di động,DV04,Phường Nam Phong,Chiếu sáng công cộng,Thường,"Đèn chiếu sáng khu vực Phường Nam Phong bật cả ban ngày, rất lãng phí điện",10,5,1,5
PA00900,2026-03-19,Tổng đài 1022,DV04,Phường Nam Phong,Cấp thoát nước,Thường,"Ống nước trước nhà văn hoá Phường Nam Phong rò rỉ, nước chảy ra đường suốt ngày",10,5,1,5
PA00901,2026-03-19,Tiếp công dân,DV04,Phường Nam Phong,Hạ tầng giao thông,Thường,Nắp cống trên tuyến đường liên xã qua Phường Nam Phong bị vỡ đã hai tuần chưa ai sửa,10,5,1,5
PA00902,2026-03-19,Cổng dịch vụ công,DV05,Xã Bình An,Chiếu sáng công cộng,Thường,"Đèn chiếu sáng khu vực Xã Bình An bật cả ban ngày, rất lãng phí điện",10,11,0,
PA00903,2026-03-19,Tổng đài 1022,DV06,Xã Long Thành,Vệ sinh môi trường,Khẩn,"Kênh chạy qua Xã Long Thành nổi váng đen, nghi có cơ sở xả thải ban đêm",5,4,1,3
PA00904,2026-03-19,Cổng dịch vụ công,DV06,Xã Long Thành,Trật tự đô thị,Thường,"Có công trình ở Xã Long Thành thi công sau 22 giờ gây ồn, đề nghị kiểm tra giấy phép",10,5,1,4
PA00905,2026-03-19,Văn bản giấy,DV06,Xã Long Thành,Trật tự đô thị,Thường,Bãi giữ xe tự phát ở Xã Long Thành chắn lối đi chung của khu dân cư,10,11,0,
PA00906,2026-03-19,Văn bản giấy,DV06,Xã Long Thành,Vệ sinh môi trường,Rất khẩn,"Rác tồn đọng ở điểm tập kết gần chợ Xã Long Thành ba ngày chưa thu gom, mùi rất nặng",2,1,1,
PA00907,2026-03-19,Tổng đài 1022,DV10,Xã Thanh Sơn,Trật tự đô thị,Thường,"Có công trình ở Xã Thanh Sơn thi công sau 22 giờ gây ồn, đề nghị kiểm tra giấy phép",10,10,1,
PA00908,2026-03-19,Cổng dịch vụ công,DV11,Xã Mỹ Khánh,An sinh xã hội,Thường,"Danh sách nhận hỗ trợ ở Xã Mỹ Khánh niêm yết thiếu tên, đề nghị kiểm tra lại",10,8,1,3
PA00909,2026-03-19,Tổng đài 1022,DV11,Xã Mỹ Khánh,Trật tự đô thị,Thường,Hàng quán lấn chiếm vỉa hè trước cổng trường tiểu học ở Xã Mỹ Khánh giờ tan học,10,15,0,3
PA00910,2026-03-20,Tổng đài 1022,DV01,Phường Hoà Thuận,Hạ tầng giao thông,Thường,Nắp cống trên tuyến đường liên xã qua Phường Hoà Thuận bị vỡ đã hai tuần chưa ai sửa,10,6,1,5
PA00911,2026-03-20,Cổng dịch vụ công,DV01,Phường Hoà Thuận,Khác,Rất khẩn,Góp ý Phường Hoà Thuận mở thêm khung giờ tiếp dân vào buổi chiều thứ bảy,2,1,1,
PA00912,2026-03-20,Tổng đài 1022,DV01,Phường Hoà Thuận,Cấp thoát nước,Thường,"Nước máy ở Phường Hoà Thuận mấy hôm nay có mùi lạ, đề nghị kiểm tra chất lượng",10,13,0,
PA00913,2026-03-20,Tổng đài 1022,DV02,Phường Tân Hoà,Hạ tầng giao thông,Rất khẩn,"Cầu nhỏ bắc qua kênh ở Phường Tân Hoà mục lan can, trẻ em đi học qua rất lo",2,1,1,
PA00914,2026-03-20,Tổng đài 1022,DV02,Phường Tân Hoà,Trật tự đô thị,Khẩn,Hàng quán lấn chiếm vỉa hè trước cổng trường tiểu học ở Phường Tân Hoà giờ tan học,5,3,1,
PA00915,2026-03-20,Văn bản giấy,DV02,Phường Tân Hoà,Trật tự đô thị,Thường,Hàng quán lấn chiếm vỉa hè trước cổng trường tiểu học ở Phường Tân Hoà giờ tan học,10,12,0,2
PA00916,2026-03-20,Tổng đài 1022,DV03,Phường Đông Giang,Chiếu sáng công cộng,Thường,"Đèn chiếu sáng khu vực Phường Đông Giang bật cả ban ngày, rất lãng phí điện",10,10,1,
PA00917,2026-03-20,Tổng đài 1022,DV03,Phường Đông Giang,Hạ tầng giao thông,Khẩn,Nắp cống trên tuyến đường liên xã qua Phường Đông Giang bị vỡ đã hai tuần chưa ai sửa,5,3,1,5
PA00918,2026-03-20,Tổng đài 1022,DV04,Phường Nam Phong,Vệ sinh môi trường,Thường,"Kênh chạy qua Phường Nam Phong nổi váng đen, nghi có cơ sở xả thải ban đêm",10,2,1,4
PA00919,2026-03-20,Tổng đài 1022,DV05,Xã Bình An,Thủ tục hành chính,Thường,Nộp hồ sơ chứng thực tại Xã Bình An hẹn 3 ngày nhưng quá 8 ngày chưa có kết quả,10,12,0,
PA00920,2026-03-20,Ứng dụng di động,DV07,Xã Phú Điền,Vệ sinh môi trường,Rất khẩn,"Rác tồn đọng ở điểm tập kết gần chợ Xã Phú Điền ba ngày chưa thu gom, mùi rất nặng",2,1,1,
PA00921,2026-03-20,Văn bản giấy,DV11,Xã Mỹ Khánh,Cấp thoát nước,Thường,"Mưa là ngập cả tuyến ở Xã Mỹ Khánh, cống thoát nghẹt không rút được",10,7,1,
PA00922,2026-03-21,Cổng dịch vụ công,DV01,Phường Hoà Thuận,Hạ tầng giao thông,Thường,Nắp cống trên tuyến đường liên xã qua Phường Hoà Thuận bị vỡ đã hai tuần chưa ai sửa,10,7,1,
PA00923,2026-03-21,Tổng đài 1022,DV01,Phường Hoà Thuận,Trật tự đô thị,Thường,Xe tải trọng lớn chạy vào đường nội bộ Phường Hoà Thuận ngoài giờ quy định,10,3,1,
PA00924,2026-03-21,Văn bản giấy,DV03,Phường Đông Giang,Trật tự đô thị,Thường,Xe tải trọng lớn chạy vào đường nội bộ Phường Đông Giang ngoài giờ quy định,10,3,1,5
PA00925,2026-03-21,Ứng dụng di động,DV03,Phường Đông Giang,Thủ tục hành chính,Thường,"Cổng dịch vụ công báo lỗi khi tải giấy tờ lên, gọi Phường Đông Giang không ai nghe máy",10,5,1,
PA00926,2026-03-21,Cổng dịch vụ công,DV03,Phường Đông Giang,Trật tự đô thị,Khẩn,"Có công trình ở Phường Đông Giang thi công sau 22 giờ gây ồn, đề nghị kiểm tra giấy phép",5,3,1,
PA00927,2026-03-21,Tiếp công dân,DV03,Phường Đông Giang,Vệ sinh môi trường,Khẩn,"Có hộ đổ trộm xà bần ra bãi đất trống ở Phường Đông Giang, đề nghị kiểm tra",5,5,1,4
PA00928,2026-03-21,Văn bản giấy,DV04,Phường Nam Phong,Hạ tầng giao thông,Thường,Nắp cống trên tuyến đường liên xã qua Phường Nam Phong bị vỡ đã hai tuần chưa ai sửa,10,11,0,1
PA00929,2026-03-21,Tổng đài 1022,DV04,Phường Nam Phong,Cấp thoát nước,Thường,"Ống nước trước nhà văn hoá Phường Nam Phong rò rỉ, nước chảy ra đường suốt ngày",10,9,1,
PA00930,2026-03-21,Tiếp công dân,DV05,Xã Bình An,Thủ tục hành chính,Thường,Cán bộ một cửa Xã Bình An yêu cầu giấy tờ ngoài danh mục niêm yết,10,9,1,
PA00931,2026-03-21,Cổng dịch vụ công,DV06,Xã Long Thành,Cấp thoát nước,Thường,"Ống nước trước nhà văn hoá Xã Long Thành rò rỉ, nước chảy ra đường suốt ngày",10,2,1,
PA00932,2026-03-21,Cổng dịch vụ công,DV06,Xã Long Thành,Hạ tầng giao thông,Thường,"Đoạn đường trước Xã Long Thành xuống cấp, nhiều ổ gà, xe máy tránh nhau rất nguy hiểm",10,8,1,
PA00933,2026-03-21,Tiếp công dân,DV10,Xã Thanh Sơn,Trật tự đô thị,Thường,"Có công trình ở Xã Thanh Sơn thi công sau 22 giờ gây ồn, đề nghị kiểm tra giấy phép",10,12,0,3
PA00934,2026-03-22,Tiếp công dân,DV01,Phường Hoà Thuận,An sinh xã hội,Thường,Người cao tuổi ở Phường Hoà Thuận chưa được hướng dẫn làm thủ tục trợ cấp,10,2,1,
PA00935,2026-03-22,Tổng đài 1022,DV01,Phường Hoà Thuận,Cấp thoát nước,Thường,"Nước máy ở Phường Hoà Thuận mấy hôm nay có mùi lạ, đề nghị kiểm tra chất lượng",10,4,1,
PA00936,2026-03-22,Cổng dịch vụ công,DV01,Phường Hoà Thuận,Vệ sinh môi trường,Thường,"Có hộ đổ trộm xà bần ra bãi đất trống ở Phường Hoà Thuận, đề nghị kiểm tra",10,8,1,
PA00937,2026-03-22,Ứng dụng di động,DV02,Phường Tân Hoà,Cấp thoát nước,Thường,"Khu dân cư Phường Tân Hoà mất nước từ sáng đến chiều, không thấy thông báo trước",10,10,1,
PA00938,2026-03-22,Tổng đài 1022,DV02,Phường Tân Hoà,Vệ sinh môi trường,Thường,"Kênh chạy qua Phường Tân Hoà nổi váng đen, nghi có cơ sở xả thải ban đêm",10,6,1,
PA00939,2026-03-22,Cổng dịch vụ công,DV02,Phường Tân Hoà,Vệ sinh môi trường,Thường,"Có hộ đổ trộm xà bần ra bãi đất trống ở Phường Tân Hoà, đề nghị kiểm tra",10,9,1,
PA00940,2026-03-22,Văn bản giấy,DV03,Phường Đông Giang,Trật tự đô thị,Khẩn,Bãi giữ xe tự phát ở Phường Đông Giang chắn lối đi chung của khu dân cư,5,4,1,
PA00941,2026-03-22,Tổng đài 1022,DV03,Phường Đông Giang,An sinh xã hội,Thường,"Hộ cận nghèo ở Phường Đông Giang chưa nhận được hỗ trợ đợt này, đề nghị rà soát",10,10,1,3
PA00942,2026-03-22,Tổng đài 1022,DV04,Phường Nam Phong,Chiếu sáng công cộng,Khẩn,"Ngõ vào cụm dân cư Phường Nam Phong chưa có đèn chiếu sáng, đã kiến nghị hai lần",5,3,1,
PA00943,2026-03-22,Tổng đài 1022,DV05,Xã Bình An,Trật tự đô thị,Khẩn,Hàng quán lấn chiếm vỉa hè trước cổng trường tiểu học ở Xã Bình An giờ tan học,5,4,1,
PA00944,2026-03-22,Tổng đài 1022,DV06,Xã Long Thành,Trật tự đô thị,Khẩn,Xe tải trọng lớn chạy vào đường nội bộ Xã Long Thành ngoài giờ quy định,5,3,1,
PA00945,2026-03-22,Tổng đài 1022,DV08,Xã Vĩnh Lộc,Cấp thoát nước,Thường,"Ống nước trước nhà văn hoá Xã Vĩnh Lộc rò rỉ, nước chảy ra đường suốt ngày",10,10,1,5
PA00946,2026-03-22,Tổng đài 1022,DV10,Xã Thanh Sơn,Vệ sinh môi trường,Khẩn,"Kênh chạy qua Xã Thanh Sơn nổi váng đen, nghi có cơ sở xả thải ban đêm",5,9,0,3
PA00947,2026-03-22,Cổng dịch vụ công,DV10,Xã Thanh Sơn,Hạ tầng giao thông,Thường,"Cầu nhỏ bắc qua kênh ở Xã Thanh Sơn mục lan can, trẻ em đi học qua rất lo",10,12,0,
PA00948,2026-03-22,Tổng đài 1022,DV11,Xã Mỹ Khánh,Hạ tầng giao thông,Thường,"Mặt đường Xã Mỹ Khánh sau khi đào lắp ống nước hoàn trả không phẳng, đi rất xóc",10,7,1,
PA00949,2026-03-22,Tiếp công dân,DV11,Xã Mỹ Khánh,Cấp thoát nước,Khẩn,"Ống nước trước nhà văn hoá Xã Mỹ Khánh rò rỉ, nước chảy ra đường suốt ngày",5,5,1,
PA00950,2026-03-22,Ứng dụng di động,DV12,Xã Hương Trà,An sinh xã hội,Thường,Người cao tuổi ở Xã Hương Trà chưa được hướng dẫn làm thủ tục trợ cấp,10,10,1,5
PA00951,2026-03-23,Tổng đài 1022,DV01,Phường Hoà Thuận,Vệ sinh môi trường,Thường,"Xe thu gom rác ở Phường Hoà Thuận đổi giờ mà không báo, dân để rác ra đường cả buổi",10,6,1,5
PA00952,2026-03-23,Cổng dịch vụ công,DV02,Phường Tân Hoà,Vệ sinh môi trường,Thường,"Kênh chạy qua Phường Tân Hoà nổi váng đen, nghi có cơ sở xả thải ban đêm",10,11,0,
PA00953,2026-03-23,Ứng dụng di động,DV03,Phường Đông Giang,Cấp thoát nước,Thường,"Mưa là ngập cả tuyến ở Phường Đông Giang, cống thoát nghẹt không rút được",10,6,1,5
PA00954,2026-03-23,Tiếp công dân,DV03,Phường Đông Giang,Vệ sinh môi trường,Thường,"Có hộ đổ trộm xà bần ra bãi đất trống ở Phường Đông Giang, đề nghị kiểm tra",10,6,1,5
PA00955,2026-03-23,Cổng dịch vụ công,DV04,Phường Nam Phong,Vệ sinh môi trường,Khẩn,"Có hộ đổ trộm xà bần ra bãi đất trống ở Phường Nam Phong, đề nghị kiểm tra",5,1,1,
PA00956,2026-03-23,Tổng đài 1022,DV05,Xã Bình An,Chiếu sáng công cộng,Thường,"Ba cột đèn đường ở Xã Bình An cháy bóng, ban đêm tối om rất mất an toàn",10,2,1,
PA00957,2026-03-23,Văn bản giấy,DV05,Xã Bình An,Thủ tục hành chính,Thường,Đã nộp trực tuyến nhưng Xã Bình An vẫn yêu cầu nộp thêm bản giấy,10,13,0,
PA00958,2026-03-23,Văn bản giấy,DV07,Xã Phú Điền,Hạ tầng giao thông,Thường,"Mặt đường Xã Phú Điền sau khi đào lắp ống nước hoàn trả không phẳng, đi rất xóc",10,13,0,
PA00959,2026-03-23,Ứng dụng di động,DV08,Xã Vĩnh Lộc,Cấp thoát nước,Thường,"Ống nước trước nhà văn hoá Xã Vĩnh Lộc rò rỉ, nước chảy ra đường suốt ngày",10,12,0,
PA00960,2026-03-23,Cổng dịch vụ công,DV09,Xã An Cư,Hạ tầng giao thông,Thường,"Mặt đường Xã An Cư sau khi đào lắp ống nước hoàn trả không phẳng, đi rất xóc",10,19,0,2
PA00961,2026-03-23,Tổng đài 1022,DV10,Xã Thanh Sơn,Trật tự đô thị,Thường,"Có công trình ở Xã Thanh Sơn thi công sau 22 giờ gây ồn, đề nghị kiểm tra giấy phép",10,10,1,5
PA00962,2026-03-23,Tổng đài 1022,DV12,Xã Hương Trà,An sinh xã hội,Thường,Người cao tuổi ở Xã Hương Trà chưa được hướng dẫn làm thủ tục trợ cấp,10,12,0,4
PA00963,2026-03-23,Cổng dịch vụ công,DV12,Xã Hương Trà,Vệ sinh môi trường,Thường,"Rác tồn đọng ở điểm tập kết gần chợ Xã Hương Trà ba ngày chưa thu gom, mùi rất nặng",10,4,1,3
PA00964,2026-03-24,Văn bản giấy,DV01,Phường Hoà Thuận,An sinh xã hội,Thường,"Danh sách nhận hỗ trợ ở Phường Hoà Thuận niêm yết thiếu tên, đề nghị kiểm tra lại",10,7,1,
PA00965,2026-03-24,Tiếp công dân,DV01,Phường Hoà Thuận,Vệ sinh môi trường,Thường,"Có hộ đổ trộm xà bần ra bãi đất trống ở Phường Hoà Thuận, đề nghị kiểm tra",10,13,0,4
PA00966,2026-03-24,Tổng đài 1022,DV01,Phường Hoà Thuận,Hạ tầng giao thông,Thường,"Mặt đường Phường Hoà Thuận sau khi đào lắp ống nước hoàn trả không phẳng, đi rất xóc",10,12,0,
PA00967,2026-03-24,Tổng đài 1022,DV02,Phường Tân Hoà,Trật tự đô thị,Thường,Bãi giữ xe tự phát ở Phường Tân Hoà chắn lối đi chung của khu dân cư,10,13,0,3
PA00968,2026-03-24,Cổng dịch vụ công,DV03,Phường Đông Giang,An sinh xã hội,Thường,Người cao tuổi ở Phường Đông Giang chưa được hướng dẫn làm thủ tục trợ cấp,10,9,1,
PA00969,2026-03-24,Cổng dịch vụ công,DV04,Phường Nam Phong,Cấp thoát nước,Thường,"Khu dân cư Phường Nam Phong mất nước từ sáng đến chiều, không thấy thông báo trước",10,15,0,
PA00970,2026-03-24,Ứng dụng di động,DV04,Phường Nam Phong,Thủ tục hành chính,Thường,Đã nộp trực tuyến nhưng Phường Nam Phong vẫn yêu cầu nộp thêm bản giấy,10,8,1,
PA00971,2026-03-24,Cổng dịch vụ công,DV04,Phường Nam Phong,Thủ tục hành chính,Thường,"Cổng dịch vụ công báo lỗi khi tải giấy tờ lên, gọi Phường Nam Phong không ai nghe máy",10,6,1,
PA00972,2026-03-24,Văn bản giấy,DV05,Xã Bình An,Vệ sinh môi trường,Khẩn,"Có hộ đổ trộm xà bần ra bãi đất trống ở Xã Bình An, đề nghị kiểm tra",5,1,1,
PA00973,2026-03-24,Tiếp công dân,DV07,Xã Phú Điền,Cấp thoát nước,Thường,"Nước máy ở Xã Phú Điền mấy hôm nay có mùi lạ, đề nghị kiểm tra chất lượng",10,9,1,
PA00974,2026-03-24,Ứng dụng di động,DV09,Xã An Cư,Cấp thoát nước,Thường,"Ống nước trước nhà văn hoá Xã An Cư rò rỉ, nước chảy ra đường suốt ngày",10,7,1,4
PA00975,2026-03-24,Tổng đài 1022,DV09,Xã An Cư,Vệ sinh môi trường,Thường,"Có hộ đổ trộm xà bần ra bãi đất trống ở Xã An Cư, đề nghị kiểm tra",10,9,1,
PA00976,2026-03-24,Ứng dụng di động,DV12,Xã Hương Trà,Khác,Thường,Góp ý Xã Hương Trà mở thêm khung giờ tiếp dân vào buổi chiều thứ bảy,10,13,0,
PA00977,2026-03-25,Tổng đài 1022,DV01,Phường Hoà Thuận,Hạ tầng giao thông,Thường,"Mặt đường Phường Hoà Thuận sau khi đào lắp ống nước hoàn trả không phẳng, đi rất xóc",10,9,1,
PA00978,2026-03-25,Tổng đài 1022,DV02,Phường Tân Hoà,Trật tự đô thị,Thường,"Có công trình ở Phường Tân Hoà thi công sau 22 giờ gây ồn, đề nghị kiểm tra giấy phép",10,2,1,3
PA00979,2026-03-25,Tổng đài 1022,DV02,Phường Tân Hoà,Hạ tầng giao thông,Thường,"Cầu nhỏ bắc qua kênh ở Phường Tân Hoà mục lan can, trẻ em đi học qua rất lo",10,11,0,3
PA00980,2026-03-25,Tổng đài 1022,DV03,Phường Đông Giang,Vệ sinh môi trường,Thường,"Kênh chạy qua Phường Đông Giang nổi váng đen, nghi có cơ sở xả thải ban đêm",10,5,1,
PA00981,2026-03-25,Tổng đài 1022,DV04,Phường Nam Phong,Hạ tầng giao thông,Thường,"Mặt đường Phường Nam Phong sau khi đào lắp ống nước hoàn trả không phẳng, đi rất xóc",10,6,1,
PA00982,2026-03-25,Tổng đài 1022,DV04,Phường Nam Phong,Chiếu sáng công cộng,Thường,"Ngõ vào cụm dân cư Phường Nam Phong chưa có đèn chiếu sáng, đã kiến nghị hai lần",10,11,0,
PA00983,2026-03-25,Ứng dụng di động,DV05,Xã Bình An,Khác,Thường,"Loa phát thanh ở Xã Bình An phát quá sớm, ảnh hưởng người già và trẻ nhỏ",10,6,1,
PA00984,2026-03-25,Tổng đài 1022,DV05,Xã Bình An,Chiếu sáng công cộng,Khẩn,"Đèn chiếu sáng khu vực Xã Bình An bật cả ban ngày, rất lãng phí điện",5,4,1,
PA00985,2026-03-25,Tiếp công dân,DV05,Xã Bình An,Hạ tầng giao thông,Khẩn,"Mặt đường Xã Bình An sau khi đào lắp ống nước hoàn trả không phẳng, đi rất xóc",5,2,1,
PA00986,2026-03-25,Tổng đài 1022,DV06,Xã Long Thành,Khác,Thường,Góp ý Xã Long Thành mở thêm khung giờ tiếp dân vào buổi chiều thứ bảy,10,11,0,3
PA00987,2026-03-25,Ứng dụng di động,DV06,Xã Long Thành,Hạ tầng giao thông,Thường,"Cầu nhỏ bắc qua kênh ở Xã Long Thành mục lan can, trẻ em đi học qua rất lo",10,4,1,4
PA00988,2026-03-25,Tổng đài 1022,DV08,Xã Vĩnh Lộc,Hạ tầng giao thông,Thường,"Đoạn đường trước Xã Vĩnh Lộc xuống cấp, nhiều ổ gà, xe máy tránh nhau rất nguy hiểm",10,6,1,
PA00989,2026-03-25,Tổng đài 1022,DV11,Xã Mỹ Khánh,Khác,Thường,"Loa phát thanh ở Xã Mỹ Khánh phát quá sớm, ảnh hưởng người già và trẻ nhỏ",10,6,1,3
PA00990,2026-03-26,Ứng dụng di động,DV01,Phường Hoà Thuận,Cấp thoát nước,Thường,"Khu dân cư Phường Hoà Thuận mất nước từ sáng đến chiều, không thấy thông báo trước",10,7,1,
PA00991,2026-03-26,Ứng dụng di động,DV02,Phường Tân Hoà,Trật tự đô thị,Thường,Bãi giữ xe tự phát ở Phường Tân Hoà chắn lối đi chung của khu dân cư,10,2,1,
PA00992,2026-03-26,Tổng đài 1022,DV02,Phường Tân Hoà,Trật tự đô thị,Thường,Bãi giữ xe tự phát ở Phường Tân Hoà chắn lối đi chung của khu dân cư,10,16,0,
PA00993,2026-03-26,Cổng dịch vụ công,DV03,Phường Đông Giang,Hạ tầng giao thông,Thường,"Đoạn đường trước Phường Đông Giang xuống cấp, nhiều ổ gà, xe máy tránh nhau rất nguy hiểm",10,7,1,
PA00994,2026-03-26,Cổng dịch vụ công,DV04,Phường Nam Phong,Hạ tầng giao thông,Thường,"Đoạn đường trước Phường Nam Phong xuống cấp, nhiều ổ gà, xe máy tránh nhau rất nguy hiểm",10,10,1,
PA00995,2026-03-26,Cổng dịch vụ công,DV04,Phường Nam Phong,Trật tự đô thị,Thường,Xe tải trọng lớn chạy vào đường nội bộ Phường Nam Phong ngoài giờ quy định,10,9,1,5
PA00996,2026-03-26,Văn bản giấy,DV04,Phường Nam Phong,An sinh xã hội,Thường,"Hộ cận nghèo ở Phường Nam Phong chưa nhận được hỗ trợ đợt này, đề nghị rà soát",10,9,1,5
PA00997,2026-03-26,Văn bản giấy,DV05,Xã Bình An,Trật tự đô thị,Thường,"Có công trình ở Xã Bình An thi công sau 22 giờ gây ồn, đề nghị kiểm tra giấy phép",10,8,1,
PA00998,2026-03-26,Tổng đài 1022,DV06,Xã Long Thành,Vệ sinh môi trường,Rất khẩn,"Xe thu gom rác ở Xã Long Thành đổi giờ mà không báo, dân để rác ra đường cả buổi",2,1,1,4
PA00999,2026-03-26,Cổng dịch vụ công,DV06,Xã Long Thành,Chiếu sáng công cộng,Khẩn,"Ngõ vào cụm dân cư Xã Long Thành chưa có đèn chiếu sáng, đã kiến nghị hai lần",5,3,1,
PA01000,2026-03-26,Cổng dịch vụ công,DV07,Xã Phú Điền,Khác,Thường,"Loa phát thanh ở Xã Phú Điền phát quá sớm, ảnh hưởng người già và trẻ nhỏ",10,8,1,
PA01001,2026-03-26,Tổng đài 1022,DV08,Xã Vĩnh Lộc,An sinh xã hội,Thường,Người cao tuổi ở Xã Vĩnh Lộc chưa được hướng dẫn làm thủ tục trợ cấp,10,4,1,
PA01002,2026-03-26,Tổng đài 1022,DV10,Xã Thanh Sơn,Trật tự đô thị,Thường,Bãi giữ xe tự phát ở Xã Thanh Sơn chắn lối đi chung của khu dân cư,10,11,0,
PA01003,2026-03-26,Ứng dụng di động,DV11,Xã Mỹ Khánh,Chiếu sáng công cộng,Thường,"Ngõ vào cụm dân cư Xã Mỹ Khánh chưa có đèn chiếu sáng, đã kiến nghị hai lần",10,4,1,4
PA01004,2026-03-26,Ứng dụng di động,DV12,Xã Hương Trà,Cấp thoát nước,Khẩn,"Nước máy ở Xã Hương Trà mấy hôm nay có mùi lạ, đề nghị kiểm tra chất lượng",5,4,1,
PA01005,2026-03-27,Tổng đài 1022,DV02,Phường Tân Hoà,Cấp thoát nước,Thường,"Mưa là ngập cả tuyến ở Phường Tân Hoà, cống thoát nghẹt không rút được",10,3,1,
PA01006,2026-03-27,Ứng dụng di động,DV02,Phường Tân Hoà,Trật tự đô thị,Thường,"Có công trình ở Phường Tân Hoà thi công sau 22 giờ gây ồn, đề nghị kiểm tra giấy phép",10,6,1,
PA01007,2026-03-27,Tiếp công dân,DV03,Phường Đông Giang,Hạ tầng giao thông,Thường,"Đoạn đường trước Phường Đông Giang xuống cấp, nhiều ổ gà, xe máy tránh nhau rất nguy hiểm",10,5,1,
PA01008,2026-03-27,Cổng dịch vụ công,DV04,Phường Nam Phong,Hạ tầng giao thông,Thường,"Cầu nhỏ bắc qua kênh ở Phường Nam Phong mục lan can, trẻ em đi học qua rất lo",10,1,1,5
PA01009,2026-03-27,Cổng dịch vụ công,DV07,Xã Phú Điền,Cấp thoát nước,Thường,"Mưa là ngập cả tuyến ở Xã Phú Điền, cống thoát nghẹt không rút được",10,8,1,4
PA01010,2026-03-27,Tổng đài 1022,DV07,Xã Phú Điền,Hạ tầng giao thông,Thường,"Đoạn đường trước Xã Phú Điền xuống cấp, nhiều ổ gà, xe máy tránh nhau rất nguy hiểm",10,16,0,4
PA01011,2026-03-27,Tổng đài 1022,DV07,Xã Phú Điền,Vệ sinh môi trường,Khẩn,"Có hộ đổ trộm xà bần ra bãi đất trống ở Xã Phú Điền, đề nghị kiểm tra",5,3,1,5
PA01012,2026-03-27,Cổng dịch vụ công,DV08,Xã Vĩnh Lộc,Vệ sinh môi trường,Thường,"Có hộ đổ trộm xà bần ra bãi đất trống ở Xã Vĩnh Lộc, đề nghị kiểm tra",10,13,0,
PA01013,2026-03-27,Ứng dụng di động,DV09,Xã An Cư,Hạ tầng giao thông,Thường,"Mặt đường Xã An Cư sau khi đào lắp ống nước hoàn trả không phẳng, đi rất xóc",10,8,1,
PA01014,2026-03-28,Tiếp công dân,DV01,Phường Hoà Thuận,Trật tự đô thị,Thường,Bãi giữ xe tự phát ở Phường Hoà Thuận chắn lối đi chung của khu dân cư,10,5,1,5
PA01015,2026-03-28,Văn bản giấy,DV01,Phường Hoà Thuận,Vệ sinh môi trường,Thường,"Kênh chạy qua Phường Hoà Thuận nổi váng đen, nghi có cơ sở xả thải ban đêm",10,5,1,3
PA01016,2026-03-28,Tổng đài 1022,DV01,Phường Hoà Thuận,Hạ tầng giao thông,Khẩn,"Đoạn đường trước Phường Hoà Thuận xuống cấp, nhiều ổ gà, xe máy tránh nhau rất nguy hiểm",5,2,1,
PA01017,2026-03-28,Ứng dụng di động,DV02,Phường Tân Hoà,Vệ sinh môi trường,Khẩn,"Kênh chạy qua Phường Tân Hoà nổi váng đen, nghi có cơ sở xả thải ban đêm",5,3,1,4
PA01018,2026-03-28,Ứng dụng di động,DV02,Phường Tân Hoà,Thủ tục hành chính,Thường,Nộp hồ sơ chứng thực tại Phường Tân Hoà hẹn 3 ngày nhưng quá 8 ngày chưa có kết quả,10,6,1,5
PA01019,2026-03-28,Tổng đài 1022,DV03,Phường Đông Giang,Cấp thoát nước,Thường,"Khu dân cư Phường Đông Giang mất nước từ sáng đến chiều, không thấy thông báo trước",10,4,1,
PA01020,2026-03-28,Ứng dụng di động,DV04,Phường Nam Phong,Hạ tầng giao thông,Thường,"Cầu nhỏ bắc qua kênh ở Phường Nam Phong mục lan can, trẻ em đi học qua rất lo",10,5,1,
PA01021,2026-03-28,Tiếp công dân,DV04,Phường Nam Phong,Vệ sinh môi trường,Thường,"Xe thu gom rác ở Phường Nam Phong đổi giờ mà không báo, dân để rác ra đường cả buổi",10,1,1,5
PA01022,2026-03-28,Tổng đài 1022,DV04,Phường Nam Phong,Chiếu sáng công cộng,Thường,"Đèn chiếu sáng khu vực Phường Nam Phong bật cả ban ngày, rất lãng phí điện",10,12,0,
PA01023,2026-03-28,Ứng dụng di động,DV04,Phường Nam Phong,Chiếu sáng công cộng,Khẩn,"Đèn chiếu sáng khu vực Phường Nam Phong bật cả ban ngày, rất lãng phí điện",5,6,0,3
PA01024,2026-03-28,Tiếp công dân,DV04,Phường Nam Phong,An sinh xã hội,Khẩn,"Danh sách nhận hỗ trợ ở Phường Nam Phong niêm yết thiếu tên, đề nghị kiểm tra lại",5,2,1,4
PA01025,2026-03-28,Tổng đài 1022,DV07,Xã Phú Điền,Trật tự đô thị,Thường,Hàng quán lấn chiếm vỉa hè trước cổng trường tiểu học ở Xã Phú Điền giờ tan học,10,10,1,
PA01026,2026-03-28,Ứng dụng di động,DV09,Xã An Cư,An sinh xã hội,Thường,"Hộ cận nghèo ở Xã An Cư chưa nhận được hỗ trợ đợt này, đề nghị rà soát",10,9,1,
PA01027,2026-03-28,Tiếp công dân,DV10,Xã Thanh Sơn,Hạ tầng giao thông,Thường,"Mặt đường Xã Thanh Sơn sau khi đào lắp ống nước hoàn trả không phẳng, đi rất xóc",10,9,1,5
PA01028,2026-03-28,Tổng đài 1022,DV11,Xã Mỹ Khánh,Vệ sinh môi trường,Thường,"Xe thu gom rác ở Xã Mỹ Khánh đổi giờ mà không báo, dân để rác ra đường cả buổi",10,8,1,
PA01029,2026-03-29,Tổng đài 1022,DV01,Phường Hoà Thuận,Cấp thoát nước,Thường,"Khu dân cư Phường Hoà Thuận mất nước từ sáng đến chiều, không thấy thông báo trước",10,9,1,2
PA01030,2026-03-29,Tổng đài 1022,DV01,Phường Hoà Thuận,Trật tự đô thị,Thường,Bãi giữ xe tự phát ở Phường Hoà Thuận chắn lối đi chung của khu dân cư,10,5,1,4
PA01031,2026-03-29,Tổng đài 1022,DV02,Phường Tân Hoà,Hạ tầng giao thông,Thường,"Mặt đường Phường Tân Hoà sau khi đào lắp ống nước hoàn trả không phẳng, đi rất xóc",10,4,1,4
PA01032,2026-03-29,Tổng đài 1022,DV02,Phường Tân Hoà,Hạ tầng giao thông,Thường,"Cầu nhỏ bắc qua kênh ở Phường Tân Hoà mục lan can, trẻ em đi học qua rất lo",10,10,1,4
PA01033,2026-03-29,Cổng dịch vụ công,DV02,Phường Tân Hoà,Chiếu sáng công cộng,Rất khẩn,"Đèn chiếu sáng khu vực Phường Tân Hoà bật cả ban ngày, rất lãng phí điện",2,1,1,
PA01034,2026-03-29,Tổng đài 1022,DV02,Phường Tân Hoà,Khác,Thường,Góp ý Phường Tân Hoà mở thêm khung giờ tiếp dân vào buổi chiều thứ bảy,10,2,1,5
PA01035,2026-03-29,Tổng đài 1022,DV03,Phường Đông Giang,Cấp thoát nước,Thường,"Ống nước trước nhà văn hoá Phường Đông Giang rò rỉ, nước chảy ra đường suốt ngày",10,9,1,
PA01036,2026-03-29,Cổng dịch vụ công,DV04,Phường Nam Phong,Trật tự đô thị,Thường,Hàng quán lấn chiếm vỉa hè trước cổng trường tiểu học ở Phường Nam Phong giờ tan học,10,14,0,3
PA01037,2026-03-29,Tổng đài 1022,DV04,Phường Nam Phong,Trật tự đô thị,Khẩn,Bãi giữ xe tự phát ở Phường Nam Phong chắn lối đi chung của khu dân cư,5,4,1,
PA01038,2026-03-29,Cổng dịch vụ công,DV08,Xã Vĩnh Lộc,Cấp thoát nước,Rất khẩn,"Khu dân cư Xã Vĩnh Lộc mất nước từ sáng đến chiều, không thấy thông báo trước",2,1,1,
PA01039,2026-03-29,Ứng dụng di động,DV10,Xã Thanh Sơn,Hạ tầng giao thông,Thường,"Cầu nhỏ bắc qua kênh ở Xã Thanh Sơn mục lan can, trẻ em đi học qua rất lo",10,9,1,5
PA01040,2026-03-29,Cổng dịch vụ công,DV10,Xã Thanh Sơn,Cấp thoát nước,Thường,"Mưa là ngập cả tuyến ở Xã Thanh Sơn, cống thoát nghẹt không rút được",10,12,0,
PA01041,2026-03-30,Cổng dịch vụ công,DV01,Phường Hoà Thuận,Vệ sinh môi trường,Thường,"Xe thu gom rác ở Phường Hoà Thuận đổi giờ mà không báo, dân để rác ra đường cả buổi",10,11,0,
PA01042,2026-03-30,Cổng dịch vụ công,DV01,Phường Hoà Thuận,Chiếu sáng công cộng,Thường,"Đèn chiếu sáng khu vực Phường Hoà Thuận bật cả ban ngày, rất lãng phí điện",10,2,1,
PA01043,2026-03-30,Ứng dụng di động,DV01,Phường Hoà Thuận,Khác,Thường,Đề nghị Phường Hoà Thuận thông tin rõ kế hoạch chỉnh trang khu dân cư năm tới,10,8,1,4
PA01044,2026-03-30,Tổng đài 1022,DV01,Phường Hoà Thuận,Hạ tầng giao thông,Thường,"Đoạn đường trước Phường Hoà Thuận xuống cấp, nhiều ổ gà, xe máy tránh nhau rất nguy hiểm",10,1,1,
PA01045,2026-03-30,Ứng dụng di động,DV01,Phường Hoà Thuận,Vệ sinh môi trường,Thường,"Có hộ đổ trộm xà bần ra bãi đất trống ở Phường Hoà Thuận, đề nghị kiểm tra",10,8,1,
PA01046,2026-03-30,Cổng dịch vụ công,DV02,Phường Tân Hoà,An sinh xã hội,Khẩn,"Danh sách nhận hỗ trợ ở Phường Tân Hoà niêm yết thiếu tên, đề nghị kiểm tra lại",5,3,1,
PA01047,2026-03-30,Ứng dụng di động,DV02,Phường Tân Hoà,Vệ sinh môi trường,Thường,"Xe thu gom rác ở Phường Tân Hoà đổi giờ mà không báo, dân để rác ra đường cả buổi",10,3,1,
PA01048,2026-03-30,Tổng đài 1022,DV04,Phường Nam Phong,Chiếu sáng công cộng,Khẩn,"Ba cột đèn đường ở Phường Nam Phong cháy bóng, ban đêm tối om rất mất an toàn",5,4,1,5
PA01049,2026-03-30,Ứng dụng di động,DV04,Phường Nam Phong,Chiếu sáng công cộng,Thường,"Ba cột đèn đường ở Phường Nam Phong cháy bóng, ban đêm tối om rất mất an toàn",10,7,1,
PA01050,2026-03-30,Cổng dịch vụ công,DV04,Phường Nam Phong,Hạ tầng giao thông,Khẩn,"Đoạn đường trước Phường Nam Phong xuống cấp, nhiều ổ gà, xe máy tránh nhau rất nguy hiểm",5,3,1,4
PA01051,2026-03-30,Cổng dịch vụ công,DV09,Xã An Cư,Hạ tầng giao thông,Thường,"Đoạn đường trước Xã An Cư xuống cấp, nhiều ổ gà, xe máy tránh nhau rất nguy hiểm",10,12,0,4
PA01052,2026-03-30,Văn bản giấy,DV11,Xã Mỹ Khánh,Trật tự đô thị,Khẩn,Hàng quán lấn chiếm vỉa hè trước cổng trường tiểu học ở Xã Mỹ Khánh giờ tan học,5,4,1,
PA01053,2026-03-31,Cổng dịch vụ công,DV01,Phường Hoà Thuận,Chiếu sáng công cộng,Thường,"Ngõ vào cụm dân cư Phường Hoà Thuận chưa có đèn chiếu sáng, đã kiến nghị hai lần",10,7,1,4
PA01054,2026-03-31,Văn bản giấy,DV01,Phường Hoà Thuận,Trật tự đô thị,Thường,Bãi giữ xe tự phát ở Phường Hoà Thuận chắn lối đi chung của khu dân cư,10,6,1,5
PA01055,2026-03-31,Cổng dịch vụ công,DV01,Phường Hoà Thuận,An sinh xã hội,Khẩn,"Hộ cận nghèo ở Phường Hoà Thuận chưa nhận được hỗ trợ đợt này, đề nghị rà soát",5,5,1,3
PA01056,2026-03-31,Văn bản giấy,DV02,Phường Tân Hoà,Thủ tục hành chính,Thường,"Cổng dịch vụ công báo lỗi khi tải giấy tờ lên, gọi Phường Tân Hoà không ai nghe máy",10,3,1,3
PA01057,2026-03-31,Tổng đài 1022,DV02,Phường Tân Hoà,Trật tự đô thị,Rất khẩn,"Có công trình ở Phường Tân Hoà thi công sau 22 giờ gây ồn, đề nghị kiểm tra giấy phép",2,3,0,
PA01058,2026-03-31,Tổng đài 1022,DV04,Phường Nam Phong,Cấp thoát nước,Khẩn,"Khu dân cư Phường Nam Phong mất nước từ sáng đến chiều, không thấy thông báo trước",5,4,1,
PA01059,2026-03-31,Tổng đài 1022,DV11,Xã Mỹ Khánh,Hạ tầng giao thông,Rất khẩn,"Cầu nhỏ bắc qua kênh ở Xã Mỹ Khánh mục lan can, trẻ em đi học qua rất lo",2,1,1,5
PA01060,2026-04-01,Cổng dịch vụ công,DV02,Phường Tân Hoà,Chiếu sáng công cộng,Khẩn,"Ngõ vào cụm dân cư Phường Tân Hoà chưa có đèn chiếu sáng, đã kiến nghị hai lần",5,2,1,
PA01061,2026-04-01,Ứng dụng di động,DV02,Phường Tân Hoà,Trật tự đô thị,Thường,"Có công trình ở Phường Tân Hoà thi công sau 22 giờ gây ồn, đề nghị kiểm tra giấy phép",10,8,1,
PA01062,2026-04-01,Tổng đài 1022,DV02,Phường Tân Hoà,Hạ tầng giao thông,Thường,Nắp cống trên tuyến đường liên xã qua Phường Tân Hoà bị vỡ đã hai tuần chưa ai sửa,10,5,1,4
PA01063,2026-04-01,Văn bản giấy,DV02,Phường Tân Hoà,Hạ tầng giao thông,Thường,Nắp cống trên tuyến đường liên xã qua Phường Tân Hoà bị vỡ đã hai tuần chưa ai sửa,10,7,1,5
PA01064,2026-04-01,Tiếp công dân,DV02,Phường Tân Hoà,Thủ tục hành chính,Thường,"Cổng dịch vụ công báo lỗi khi tải giấy tờ lên, gọi Phường Tân Hoà không ai nghe máy",10,6,1,5
PA01065,2026-04-01,Ứng dụng di động,DV03,Phường Đông Giang,Thủ tục hành chính,Khẩn,Cán bộ một cửa Phường Đông Giang yêu cầu giấy tờ ngoài danh mục niêm yết,5,5,1,
PA01066,2026-04-01,Tổng đài 1022,DV03,Phường Đông Giang,Hạ tầng giao thông,Thường,"Mặt đường Phường Đông Giang sau khi đào lắp ống nước hoàn trả không phẳng, đi rất xóc",10,10,1,
PA01067,2026-04-01,Tổng đài 1022,DV04,Phường Nam Phong,Vệ sinh môi trường,Thường,"Kênh chạy qua Phường Nam Phong nổi váng đen, nghi có cơ sở xả thải ban đêm",10,4,1,
PA01068,2026-04-01,Ứng dụng di động,DV08,Xã Vĩnh Lộc,Vệ sinh môi trường,Khẩn,"Xe thu gom rác ở Xã Vĩnh Lộc đổi giờ mà không báo, dân để rác ra đường cả buổi",5,6,0,3
PA01069,2026-04-02,Cổng dịch vụ công,DV01,Phường Hoà Thuận,Vệ sinh môi trường,Thường,"Có hộ đổ trộm xà bần ra bãi đất trống ở Phường Hoà Thuận, đề nghị kiểm tra",10,11,0,
PA01070,2026-04-02,Cổng dịch vụ công,DV02,Phường Tân Hoà,Trật tự đô thị,Thường,Xe tải trọng lớn chạy vào đường nội bộ Phường Tân Hoà ngoài giờ quy định,10,8,1,
PA01071,2026-04-02,Tổng đài 1022,DV02,Phường Tân Hoà,Vệ sinh môi trường,Thường,"Kênh chạy qua Phường Tân Hoà nổi váng đen, nghi có cơ sở xả thải ban đêm",10,8,1,
PA01072,2026-04-02,Ứng dụng di động,DV03,Phường Đông Giang,Trật tự đô thị,Thường,Xe tải trọng lớn chạy vào đường nội bộ Phường Đông Giang ngoài giờ quy định,10,1,1,4
PA01073,2026-04-02,Tổng đài 1022,DV03,Phường Đông Giang,Hạ tầng giao thông,Thường,"Mặt đường Phường Đông Giang sau khi đào lắp ống nước hoàn trả không phẳng, đi rất xóc",10,8,1,
PA01074,2026-04-02,Ứng dụng di động,DV04,Phường Nam Phong,Vệ sinh môi trường,Thường,"Có hộ đổ trộm xà bần ra bãi đất trống ở Phường Nam Phong, đề nghị kiểm tra",10,6,1,4
PA01075,2026-04-02,Tổng đài 1022,DV04,Phường Nam Phong,Cấp thoát nước,Thường,"Mưa là ngập cả tuyến ở Phường Nam Phong, cống thoát nghẹt không rút được",10,4,1,
PA01076,2026-04-02,Cổng dịch vụ công,DV05,Xã Bình An,Thủ tục hành chính,Thường,Nộp hồ sơ chứng thực tại Xã Bình An hẹn 3 ngày nhưng quá 8 ngày chưa có kết quả,10,14,0,
PA01077,2026-04-02,Cổng dịch vụ công,DV06,Xã Long Thành,Hạ tầng giao thông,Thường,"Mặt đường Xã Long Thành sau khi đào lắp ống nước hoàn trả không phẳng, đi rất xóc",10,4,1,
PA01078,2026-04-02,Tổng đài 1022,DV07,Xã Phú Điền,Trật tự đô thị,Khẩn,Hàng quán lấn chiếm vỉa hè trước cổng trường tiểu học ở Xã Phú Điền giờ tan học,5,6,0,
PA01079,2026-04-02,Tổng đài 1022,DV11,Xã Mỹ Khánh,Khác,Thường,"Loa phát thanh ở Xã Mỹ Khánh phát quá sớm, ảnh hưởng người già và trẻ nhỏ",10,2,1,5
PA01080,2026-04-02,Cổng dịch vụ công,DV12,Xã Hương Trà,Vệ sinh môi trường,Thường,"Rác tồn đọng ở điểm tập kết gần chợ Xã Hương Trà ba ngày chưa thu gom, mùi rất nặng",10,6,1,
PA01081,2026-04-03,Tổng đài 1022,DV01,Phường Hoà Thuận,An sinh xã hội,Thường,"Hộ cận nghèo ở Phường Hoà Thuận chưa nhận được hỗ trợ đợt này, đề nghị rà soát",10,4,1,5
PA01082,2026-04-03,Ứng dụng di động,DV01,Phường Hoà Thuận,Thủ tục hành chính,Thường,Đã nộp trực tuyến nhưng Phường Hoà Thuận vẫn yêu cầu nộp thêm bản giấy,10,10,1,
PA01083,2026-04-03,Cổng dịch vụ công,DV03,Phường Đông Giang,Vệ sinh môi trường,Thường,"Có hộ đổ trộm xà bần ra bãi đất trống ở Phường Đông Giang, đề nghị kiểm tra",10,12,0,2
PA01084,2026-04-03,Ứng dụng di động,DV03,Phường Đông Giang,Vệ sinh môi trường,Thường,"Rác tồn đọng ở điểm tập kết gần chợ Phường Đông Giang ba ngày chưa thu gom, mùi rất nặng",10,5,1,
PA01085,2026-04-03,Tổng đài 1022,DV04,Phường Nam Phong,An sinh xã hội,Thường,"Danh sách nhận hỗ trợ ở Phường Nam Phong niêm yết thiếu tên, đề nghị kiểm tra lại",10,7,1,
PA01086,2026-04-03,Ứng dụng di động,DV05,Xã Bình An,Chiếu sáng công cộng,Thường,"Ba cột đèn đường ở Xã Bình An cháy bóng, ban đêm tối om rất mất an toàn",10,7,1,
PA01087,2026-04-03,Tổng đài 1022,DV06,Xã Long Thành,Trật tự đô thị,Thường,Bãi giữ xe tự phát ở Xã Long Thành chắn lối đi chung của khu dân cư,10,9,1,5
PA01088,2026-04-03,Tổng đài 1022,DV07,Xã Phú Điền,Chiếu sáng công cộng,Thường,"Ba cột đèn đường ở Xã Phú Điền cháy bóng, ban đêm tối om rất mất an toàn",10,9,1,
PA01089,2026-04-03,Ứng dụng di động,DV09,Xã An Cư,Trật tự đô thị,Thường,Xe tải trọng lớn chạy vào đường nội bộ Xã An Cư ngoài giờ quy định,10,8,1,4
PA01090,2026-04-04,Cổng dịch vụ công,DV01,Phường Hoà Thuận,Trật tự đô thị,Thường,Bãi giữ xe tự phát ở Phường Hoà Thuận chắn lối đi chung của khu dân cư,10,6,1,4
PA01091,2026-04-04,Cổng dịch vụ công,DV03,Phường Đông Giang,Cấp thoát nước,Thường,"Khu dân cư Phường Đông Giang mất nước từ sáng đến chiều, không thấy thông báo trước",10,11,0,2
PA01092,2026-04-04,Cổng dịch vụ công,DV04,Phường Nam Phong,Vệ sinh môi trường,Khẩn,"Kênh chạy qua Phường Nam Phong nổi váng đen, nghi có cơ sở xả thải ban đêm",5,5,1,
PA01093,2026-04-04,Cổng dịch vụ công,DV04,Phường Nam Phong,Hạ tầng giao thông,Rất khẩn,"Đoạn đường trước Phường Nam Phong xuống cấp, nhiều ổ gà, xe máy tránh nhau rất nguy hiểm",2,2,1,5
PA01094,2026-04-04,Tổng đài 1022,DV04,Phường Nam Phong,Hạ tầng giao thông,Thường,Nắp cống trên tuyến đường liên xã qua Phường Nam Phong bị vỡ đã hai tuần chưa ai sửa,10,8,1,
PA01095,2026-04-04,Cổng dịch vụ công,DV04,Phường Nam Phong,An sinh xã hội,Thường,"Hộ cận nghèo ở Phường Nam Phong chưa nhận được hỗ trợ đợt này, đề nghị rà soát",10,14,0,3
PA01096,2026-04-04,Tổng đài 1022,DV04,Phường Nam Phong,Trật tự đô thị,Thường,Bãi giữ xe tự phát ở Phường Nam Phong chắn lối đi chung của khu dân cư,10,11,0,2
PA01097,2026-04-04,Cổng dịch vụ công,DV04,Phường Nam Phong,Cấp thoát nước,Khẩn,"Khu dân cư Phường Nam Phong mất nước từ sáng đến chiều, không thấy thông báo trước",5,3,1,4
PA01098,2026-04-04,Tổng đài 1022,DV05,Xã Bình An,Hạ tầng giao thông,Khẩn,"Mặt đường Xã Bình An sau khi đào lắp ống nước hoàn trả không phẳng, đi rất xóc",5,7,0,2
PA01099,2026-04-04,Cổng dịch vụ công,DV09,Xã An Cư,Vệ sinh môi trường,Thường,"Có hộ đổ trộm xà bần ra bãi đất trống ở Xã An Cư, đề nghị kiểm tra",10,9,1,4
PA01100,2026-04-04,Cổng dịch vụ công,DV11,Xã Mỹ Khánh,Hạ tầng giao thông,Khẩn,"Cầu nhỏ bắc qua kênh ở Xã Mỹ Khánh mục lan can, trẻ em đi học qua rất lo",5,4,1,
PA01101,2026-04-04,Cổng dịch vụ công,DV12,Xã Hương Trà,Hạ tầng giao thông,Thường,Nắp cống trên tuyến đường liên xã qua Xã Hương Trà bị vỡ đã hai tuần chưa ai sửa,10,10,1,
PA01102,2026-04-05,Tổng đài 1022,DV01,Phường Hoà Thuận,Hạ tầng giao thông,Thường,Nắp cống trên tuyến đường liên xã qua Phường Hoà Thuận bị vỡ đã hai tuần chưa ai sửa,10,16,0,
PA01103,2026-04-05,Ứng dụng di động,DV05,Xã Bình An,Thủ tục hành chính,Khẩn,Nộp hồ sơ chứng thực tại Xã Bình An hẹn 3 ngày nhưng quá 8 ngày chưa có kết quả,5,3,1,3
PA01104,2026-04-05,Văn bản giấy,DV07,Xã Phú Điền,Hạ tầng giao thông,Thường,"Mặt đường Xã Phú Điền sau khi đào lắp ống nước hoàn trả không phẳng, đi rất xóc",10,14,0,
PA01105,2026-04-05,Văn bản giấy,DV07,Xã Phú Điền,Thủ tục hành chính,Khẩn,Nộp hồ sơ chứng thực tại Xã Phú Điền hẹn 3 ngày nhưng quá 8 ngày chưa có kết quả,5,3,1,
PA01106,2026-04-05,Ứng dụng di động,DV08,Xã Vĩnh Lộc,Vệ sinh môi trường,Thường,"Rác tồn đọng ở điểm tập kết gần chợ Xã Vĩnh Lộc ba ngày chưa thu gom, mùi rất nặng",10,11,0,2
PA01107,2026-04-05,Tiếp công dân,DV09,Xã An Cư,Hạ tầng giao thông,Thường,"Cầu nhỏ bắc qua kênh ở Xã An Cư mục lan can, trẻ em đi học qua rất lo",10,12,0,3
PA01108,2026-04-06,Tổng đài 1022,DV01,Phường Hoà Thuận,Trật tự đô thị,Khẩn,Bãi giữ xe tự phát ở Phường Hoà Thuận chắn lối đi chung của khu dân cư,5,1,1,
PA01109,2026-04-06,Tổng đài 1022,DV02,Phường Tân Hoà,An sinh xã hội,Thường,"Hộ cận nghèo ở Phường Tân Hoà chưa nhận được hỗ trợ đợt này, đề nghị rà soát",10,1,1,3
PA01110,2026-04-06,Tiếp công dân,DV02,Phường Tân Hoà,Hạ tầng giao thông,Thường,Nắp cống trên tuyến đường liên xã qua Phường Tân Hoà bị vỡ đã hai tuần chưa ai sửa,10,10,1,
PA01111,2026-04-06,Ứng dụng di động,DV02,Phường Tân Hoà,Hạ tầng giao thông,Thường,"Mặt đường Phường Tân Hoà sau khi đào lắp ống nước hoàn trả không phẳng, đi rất xóc",10,13,0,
PA01112,2026-04-06,Cổng dịch vụ công,DV02,Phường Tân Hoà,Cấp thoát nước,Thường,"Ống nước trước nhà văn hoá Phường Tân Hoà rò rỉ, nước chảy ra đường suốt ngày",10,8,1,5
PA01113,2026-04-06,Tổng đài 1022,DV03,Phường Đông Giang,Hạ tầng giao thông,Thường,"Cầu nhỏ bắc qua kênh ở Phường Đông Giang mục lan can, trẻ em đi học qua rất lo",10,9,1,
PA01114,2026-04-06,Tổng đài 1022,DV05,Xã Bình An,Vệ sinh môi trường,Thường,"Xe thu gom rác ở Xã Bình An đổi giờ mà không báo, dân để rác ra đường cả buổi",10,9,1,
PA01115,2026-04-06,Ứng dụng di động,DV06,Xã Long Thành,Vệ sinh môi trường,Thường,"Có hộ đổ trộm xà bần ra bãi đất trống ở Xã Long Thành, đề nghị kiểm tra",10,7,1,4
PA01116,2026-04-06,Tổng đài 1022,DV10,Xã Thanh Sơn,Thủ tục hành chính,Khẩn,Cán bộ một cửa Xã Thanh Sơn yêu cầu giấy tờ ngoài danh mục niêm yết,5,5,1,5
PA01117,2026-04-07,Văn bản giấy,DV01,Phường Hoà Thuận,Trật tự đô thị,Thường,Xe tải trọng lớn chạy vào đường nội bộ Phường Hoà Thuận ngoài giờ quy định,10,6,1,
PA01118,2026-04-07,Cổng dịch vụ công,DV01,Phường Hoà Thuận,Khác,Thường,"Loa phát thanh ở Phường Hoà Thuận phát quá sớm, ảnh hưởng người già và trẻ nhỏ",10,8,1,
PA01119,2026-04-07,Ứng dụng di động,DV02,Phường Tân Hoà,Vệ sinh môi trường,Thường,"Xe thu gom rác ở Phường Tân Hoà đổi giờ mà không báo, dân để rác ra đường cả buổi",10,7,1,4
PA01120,2026-04-07,Tiếp công dân,DV02,Phường Tân Hoà,Khác,Thường,"Loa phát thanh ở Phường Tân Hoà phát quá sớm, ảnh hưởng người già và trẻ nhỏ",10,2,1,
PA01121,2026-04-07,Tiếp công dân,DV03,Phường Đông Giang,Vệ sinh môi trường,Thường,"Rác tồn đọng ở điểm tập kết gần chợ Phường Đông Giang ba ngày chưa thu gom, mùi rất nặng",10,15,0,3
PA01122,2026-04-07,Tổng đài 1022,DV03,Phường Đông Giang,Vệ sinh môi trường,Thường,"Xe thu gom rác ở Phường Đông Giang đổi giờ mà không báo, dân để rác ra đường cả buổi",10,3,1,
PA01123,2026-04-07,Ứng dụng di động,DV03,Phường Đông Giang,Hạ tầng giao thông,Thường,"Cầu nhỏ bắc qua kênh ở Phường Đông Giang mục lan can, trẻ em đi học qua rất lo",10,8,1,4
PA01124,2026-04-07,Văn bản giấy,DV04,Phường Nam Phong,Chiếu sáng công cộng,Khẩn,"Ngõ vào cụm dân cư Phường Nam Phong chưa có đèn chiếu sáng, đã kiến nghị hai lần",5,1,1,
PA01125,2026-04-07,Cổng dịch vụ công,DV04,Phường Nam Phong,Vệ sinh môi trường,Thường,"Xe thu gom rác ở Phường Nam Phong đổi giờ mà không báo, dân để rác ra đường cả buổi",10,5,1,
PA01126,2026-04-07,Cổng dịch vụ công,DV07,Xã Phú Điền,An sinh xã hội,Khẩn,"Danh sách nhận hỗ trợ ở Xã Phú Điền niêm yết thiếu tên, đề nghị kiểm tra lại",5,6,0,2
PA01127,2026-04-07,Cổng dịch vụ công,DV08,Xã Vĩnh Lộc,Chiếu sáng công cộng,Thường,"Đèn chiếu sáng khu vực Xã Vĩnh Lộc bật cả ban ngày, rất lãng phí điện",10,8,1,5
PA01128,2026-04-07,Tổng đài 1022,DV10,Xã Thanh Sơn,Thủ tục hành chính,Thường,Đã nộp trực tuyến nhưng Xã Thanh Sơn vẫn yêu cầu nộp thêm bản giấy,10,6,1,4
PA01129,2026-04-07,Văn bản giấy,DV11,Xã Mỹ Khánh,Vệ sinh môi trường,Thường,"Kênh chạy qua Xã Mỹ Khánh nổi váng đen, nghi có cơ sở xả thải ban đêm",10,2,1,
PA01130,2026-04-07,Tổng đài 1022,DV11,Xã Mỹ Khánh,Hạ tầng giao thông,Thường,"Cầu nhỏ bắc qua kênh ở Xã Mỹ Khánh mục lan can, trẻ em đi học qua rất lo",10,12,0,
PA01131,2026-04-07,Cổng dịch vụ công,DV12,Xã Hương Trà,Khác,Thường,"Loa phát thanh ở Xã Hương Trà phát quá sớm, ảnh hưởng người già và trẻ nhỏ",10,8,1,
PA01132,2026-04-08,Tổng đài 1022,DV01,Phường Hoà Thuận,Thủ tục hành chính,Thường,"Cổng dịch vụ công báo lỗi khi tải giấy tờ lên, gọi Phường Hoà Thuận không ai nghe máy",10,2,1,
PA01133,2026-04-08,Ứng dụng di động,DV01,Phường Hoà Thuận,Hạ tầng giao thông,Thường,"Mặt đường Phường Hoà Thuận sau khi đào lắp ống nước hoàn trả không phẳng, đi rất xóc",10,18,0,
PA01134,2026-04-08,Ứng dụng di động,DV01,Phường Hoà Thuận,Thủ tục hành chính,Khẩn,Đã nộp trực tuyến nhưng Phường Hoà Thuận vẫn yêu cầu nộp thêm bản giấy,5,4,1,5
PA01135,2026-04-08,Ứng dụng di động,DV02,Phường Tân Hoà,Hạ tầng giao thông,Thường,Nắp cống trên tuyến đường liên xã qua Phường Tân Hoà bị vỡ đã hai tuần chưa ai sửa,10,10,1,3
PA01136,2026-04-08,Tổng đài 1022,DV02,Phường Tân Hoà,Trật tự đô thị,Thường,Bãi giữ xe tự phát ở Phường Tân Hoà chắn lối đi chung của khu dân cư,10,11,0,3
PA01137,2026-04-08,Tổng đài 1022,DV02,Phường Tân Hoà,Vệ sinh môi trường,Khẩn,"Rác tồn đọng ở điểm tập kết gần chợ Phường Tân Hoà ba ngày chưa thu gom, mùi rất nặng",5,3,1,
PA01138,2026-04-08,Tổng đài 1022,DV02,Phường Tân Hoà,Hạ tầng giao thông,Thường,Nắp cống trên tuyến đường liên xã qua Phường Tân Hoà bị vỡ đã hai tuần chưa ai sửa,10,6,1,
PA01139,2026-04-08,Cổng dịch vụ công,DV03,Phường Đông Giang,Cấp thoát nước,Thường,"Mưa là ngập cả tuyến ở Phường Đông Giang, cống thoát nghẹt không rút được",10,7,1,5
PA01140,2026-04-08,Văn bản giấy,DV03,Phường Đông Giang,Thủ tục hành chính,Thường,"Cổng dịch vụ công báo lỗi khi tải giấy tờ lên, gọi Phường Đông Giang không ai nghe máy",10,8,1,
PA01141,2026-04-08,Tổng đài 1022,DV03,Phường Đông Giang,Hạ tầng giao thông,Thường,"Cầu nhỏ bắc qua kênh ở Phường Đông Giang mục lan can, trẻ em đi học qua rất lo",10,8,1,
PA01142,2026-04-08,Tổng đài 1022,DV04,Phường Nam Phong,Chiếu sáng công cộng,Khẩn,"Ba cột đèn đường ở Phường Nam Phong cháy bóng, ban đêm tối om rất mất an toàn",5,5,1,5
PA01143,2026-04-08,Tổng đài 1022,DV04,Phường Nam Phong,Hạ tầng giao thông,Khẩn,Nắp cống trên tuyến đường liên xã qua Phường Nam Phong bị vỡ đã hai tuần chưa ai sửa,5,4,1,
PA01144,2026-04-08,Tổng đài 1022,DV04,Phường Nam Phong,Trật tự đô thị,Khẩn,Bãi giữ xe tự phát ở Phường Nam Phong chắn lối đi chung của khu dân cư,5,1,1,4
PA01145,2026-04-08,Tổng đài 1022,DV08,Xã Vĩnh Lộc,Chiếu sáng công cộng,Thường,"Ba cột đèn đường ở Xã Vĩnh Lộc cháy bóng, ban đêm tối om rất mất an toàn",10,5,1,
PA01146,2026-04-08,Tổng đài 1022,DV08,Xã Vĩnh Lộc,Hạ tầng giao thông,Thường,Nắp cống trên tuyến đường liên xã qua Xã Vĩnh Lộc bị vỡ đã hai tuần chưa ai sửa,10,14,0,3
PA01147,2026-04-08,Ứng dụng di động,DV09,Xã An Cư,Hạ tầng giao thông,Thường,"Cầu nhỏ bắc qua kênh ở Xã An Cư mục lan can, trẻ em đi học qua rất lo",10,5,1,
PA01148,2026-04-08,Cổng dịch vụ công,DV11,Xã Mỹ Khánh,Hạ tầng giao thông,Thường,"Đoạn đường trước Xã Mỹ Khánh xuống cấp, nhiều ổ gà, xe máy tránh nhau rất nguy hiểm",10,11,0,2
PA01149,2026-04-09,Cổng dịch vụ công,DV01,Phường Hoà Thuận,Vệ sinh môi trường,Thường,"Xe thu gom rác ở Phường Hoà Thuận đổi giờ mà không báo, dân để rác ra đường cả buổi",10,2,1,
PA01150,2026-04-09,Tổng đài 1022,DV02,Phường Tân Hoà,Thủ tục hành chính,Thường,Đã nộp trực tuyến nhưng Phường Tân Hoà vẫn yêu cầu nộp thêm bản giấy,10,9,1,
PA01151,2026-04-09,Ứng dụng di động,DV04,Phường Nam Phong,Chiếu sáng công cộng,Thường,"Ba cột đèn đường ở Phường Nam Phong cháy bóng, ban đêm tối om rất mất an toàn",10,5,1,
PA01152,2026-04-09,Ứng dụng di động,DV05,Xã Bình An,Trật tự đô thị,Thường,Hàng quán lấn chiếm vỉa hè trước cổng trường tiểu học ở Xã Bình An giờ tan học,10,1,1,5
PA01153,2026-04-09,Tổng đài 1022,DV05,Xã Bình An,Hạ tầng giao thông,Thường,"Mặt đường Xã Bình An sau khi đào lắp ống nước hoàn trả không phẳng, đi rất xóc",10,1,1,
PA01154,2026-04-09,Ứng dụng di động,DV05,Xã Bình An,Khác,Thường,Đề nghị Xã Bình An thông tin rõ kế hoạch chỉnh trang khu dân cư năm tới,10,2,1,
PA01155,2026-04-09,Ứng dụng di động,DV06,Xã Long Thành,Khác,Thường,Đề nghị Xã Long Thành thông tin rõ kế hoạch chỉnh trang khu dân cư năm tới,10,6,1,
PA01156,2026-04-09,Văn bản giấy,DV08,Xã Vĩnh Lộc,Hạ tầng giao thông,Thường,Nắp cống trên tuyến đường liên xã qua Xã Vĩnh Lộc bị vỡ đã hai tuần chưa ai sửa,10,8,1,
PA01157,2026-04-09,Tổng đài 1022,DV09,Xã An Cư,Cấp thoát nước,Thường,"Ống nước trước nhà văn hoá Xã An Cư rò rỉ, nước chảy ra đường suốt ngày",10,9,1,
PA01158,2026-04-09,Cổng dịch vụ công,DV10,Xã Thanh Sơn,Hạ tầng giao thông,Thường,"Đoạn đường trước Xã Thanh Sơn xuống cấp, nhiều ổ gà, xe máy tránh nhau rất nguy hiểm",10,8,1,
PA01159,2026-04-09,Tổng đài 1022,DV10,Xã Thanh Sơn,Chiếu sáng công cộng,Thường,"Đèn chiếu sáng khu vực Xã Thanh Sơn bật cả ban ngày, rất lãng phí điện",10,42,0,2
PA01160,2026-04-09,Tiếp công dân,DV11,Xã Mỹ Khánh,Hạ tầng giao thông,Thường,"Cầu nhỏ bắc qua kênh ở Xã Mỹ Khánh mục lan can, trẻ em đi học qua rất lo",10,1,1,4
PA01161,2026-04-09,Cổng dịch vụ công,DV11,Xã Mỹ Khánh,Hạ tầng giao thông,Thường,"Mặt đường Xã Mỹ Khánh sau khi đào lắp ống nước hoàn trả không phẳng, đi rất xóc",10,8,1,
PA01162,2026-04-10,Ứng dụng di động,DV01,Phường Hoà Thuận,Hạ tầng giao thông,Thường,"Cầu nhỏ bắc qua kênh ở Phường Hoà Thuận mục lan can, trẻ em đi học qua rất lo",10,11,0,
PA01163,2026-04-10,Cổng dịch vụ công,DV02,Phường Tân Hoà,Cấp thoát nước,Khẩn,"Khu dân cư Phường Tân Hoà mất nước từ sáng đến chiều, không thấy thông báo trước",5,5,1,5
PA01164,2026-04-10,Tổng đài 1022,DV02,Phường Tân Hoà,Thủ tục hành chính,Thường,"Cổng dịch vụ công báo lỗi khi tải giấy tờ lên, gọi Phường Tân Hoà không ai nghe máy",10,3,1,3
PA01165,2026-04-10,Tổng đài 1022,DV02,Phường Tân Hoà,Vệ sinh môi trường,Thường,"Kênh chạy qua Phường Tân Hoà nổi váng đen, nghi có cơ sở xả thải ban đêm",10,5,1,
PA01166,2026-04-10,Tổng đài 1022,DV03,Phường Đông Giang,Vệ sinh môi trường,Khẩn,"Rác tồn đọng ở điểm tập kết gần chợ Phường Đông Giang ba ngày chưa thu gom, mùi rất nặng",5,4,1,4
PA01167,2026-04-10,Tổng đài 1022,DV04,Phường Nam Phong,Thủ tục hành chính,Thường,Đã nộp trực tuyến nhưng Phường Nam Phong vẫn yêu cầu nộp thêm bản giấy,10,9,1,5
PA01168,2026-04-10,Tổng đài 1022,DV04,Phường Nam Phong,Hạ tầng giao thông,Thường,Nắp cống trên tuyến đường liên xã qua Phường Nam Phong bị vỡ đã hai tuần chưa ai sửa,10,9,1,
PA01169,2026-04-10,Tổng đài 1022,DV04,Phường Nam Phong,Vệ sinh môi trường,Thường,"Xe thu gom rác ở Phường Nam Phong đổi giờ mà không báo, dân để rác ra đường cả buổi",10,7,1,5
PA01170,2026-04-10,Cổng dịch vụ công,DV04,Phường Nam Phong,Thủ tục hành chính,Thường,"Cổng dịch vụ công báo lỗi khi tải giấy tờ lên, gọi Phường Nam Phong không ai nghe máy",10,3,1,
PA01171,2026-04-10,Cổng dịch vụ công,DV08,Xã Vĩnh Lộc,Thủ tục hành chính,Thường,"Cổng dịch vụ công báo lỗi khi tải giấy tờ lên, gọi Xã Vĩnh Lộc không ai nghe máy",10,7,1,5
PA01172,2026-04-10,Ứng dụng di động,DV10,Xã Thanh Sơn,Vệ sinh môi trường,Thường,"Kênh chạy qua Xã Thanh Sơn nổi váng đen, nghi có cơ sở xả thải ban đêm",10,7,1,5
PA01173,2026-04-10,Ứng dụng di động,DV12,Xã Hương Trà,Chiếu sáng công cộng,Thường,"Ba cột đèn đường ở Xã Hương Trà cháy bóng, ban đêm tối om rất mất an toàn",10,7,1,5
PA01174,2026-04-11,Tổng đài 1022,DV01,Phường Hoà Thuận,Vệ sinh môi trường,Khẩn,"Rác tồn đọng ở điểm tập kết gần chợ Phường Hoà Thuận ba ngày chưa thu gom, mùi rất nặng",5,2,1,
PA01175,2026-04-11,Văn bản giấy,DV01,Phường Hoà Thuận,Trật tự đô thị,Khẩn,Bãi giữ xe tự phát ở Phường Hoà Thuận chắn lối đi chung của khu dân cư,5,4,1,4
PA01176,2026-04-11,Văn bản giấy,DV02,Phường Tân Hoà,Hạ tầng giao thông,Khẩn,"Đoạn đường trước Phường Tân Hoà xuống cấp, nhiều ổ gà, xe máy tránh nhau rất nguy hiểm",5,3,1,4
PA01177,2026-04-11,Ứng dụng di động,DV03,Phường Đông Giang,Hạ tầng giao thông,Thường,"Mặt đường Phường Đông Giang sau khi đào lắp ống nước hoàn trả không phẳng, đi rất xóc",10,7,1,4
PA01178,2026-04-11,Văn bản giấy,DV07,Xã Phú Điền,Hạ tầng giao thông,Thường,"Đoạn đường trước Xã Phú Điền xuống cấp, nhiều ổ gà, xe máy tránh nhau rất nguy hiểm",10,2,1,4
PA01179,2026-04-11,Ứng dụng di động,DV11,Xã Mỹ Khánh,Trật tự đô thị,Thường,Bãi giữ xe tự phát ở Xã Mỹ Khánh chắn lối đi chung của khu dân cư,10,12,0,
PA01180,2026-04-11,Cổng dịch vụ công,DV11,Xã Mỹ Khánh,Thủ tục hành chính,Thường,"Cổng dịch vụ công báo lỗi khi tải giấy tờ lên, gọi Xã Mỹ Khánh không ai nghe máy",10,9,1,3
PA01181,2026-04-12,Ứng dụng di động,DV01,Phường Hoà Thuận,Chiếu sáng công cộng,Thường,"Ngõ vào cụm dân cư Phường Hoà Thuận chưa có đèn chiếu sáng, đã kiến nghị hai lần",10,5,1,4
PA01182,2026-04-12,Cổng dịch vụ công,DV02,Phường Tân Hoà,Khác,Thường,Đề nghị Phường Tân Hoà thông tin rõ kế hoạch chỉnh trang khu dân cư năm tới,10,7,1,4
PA01183,2026-04-12,Ứng dụng di động,DV03,Phường Đông Giang,Vệ sinh môi trường,Khẩn,"Có hộ đổ trộm xà bần ra bãi đất trống ở Phường Đông Giang, đề nghị kiểm tra",5,8,0,
PA01184,2026-04-12,Ứng dụng di động,DV04,Phường Nam Phong,Vệ sinh môi trường,Thường,"Xe thu gom rác ở Phường Nam Phong đổi giờ mà không báo, dân để rác ra đường cả buổi",10,13,0,
PA01185,2026-04-12,Tiếp công dân,DV04,Phường Nam Phong,Hạ tầng giao thông,Thường,Nắp cống trên tuyến đường liên xã qua Phường Nam Phong bị vỡ đã hai tuần chưa ai sửa,10,11,0,2
PA01186,2026-04-12,Ứng dụng di động,DV05,Xã Bình An,Thủ tục hành chính,Khẩn,Nộp hồ sơ chứng thực tại Xã Bình An hẹn 3 ngày nhưng quá 8 ngày chưa có kết quả,5,5,1,
PA01187,2026-04-12,Tổng đài 1022,DV08,Xã Vĩnh Lộc,Hạ tầng giao thông,Thường,"Đoạn đường trước Xã Vĩnh Lộc xuống cấp, nhiều ổ gà, xe máy tránh nhau rất nguy hiểm",10,13,0,
PA01188,2026-04-12,Ứng dụng di động,DV09,Xã An Cư,Thủ tục hành chính,Thường,"Cổng dịch vụ công báo lỗi khi tải giấy tờ lên, gọi Xã An Cư không ai nghe máy",10,12,0,2
PA01189,2026-04-12,Cổng dịch vụ công,DV11,Xã Mỹ Khánh,Trật tự đô thị,Thường,Xe tải trọng lớn chạy vào đường nội bộ Xã Mỹ Khánh ngoài giờ quy định,10,4,1,
PA01190,2026-04-12,Ứng dụng di động,DV11,Xã Mỹ Khánh,Vệ sinh môi trường,Thường,"Xe thu gom rác ở Xã Mỹ Khánh đổi giờ mà không báo, dân để rác ra đường cả buổi",10,8,1,
PA01191,2026-04-12,Tổng đài 1022,DV11,Xã Mỹ Khánh,Vệ sinh môi trường,Thường,"Có hộ đổ trộm xà bần ra bãi đất trống ở Xã Mỹ Khánh, đề nghị kiểm tra",10,9,1,
PA01192,2026-04-12,Ứng dụng di động,DV11,Xã Mỹ Khánh,Cấp thoát nước,Thường,"Mưa là ngập cả tuyến ở Xã Mỹ Khánh, cống thoát nghẹt không rút được",10,7,1,5
PA01193,2026-04-13,Tổng đài 1022,DV01,Phường Hoà Thuận,Chiếu sáng công cộng,Thường,"Ba cột đèn đường ở Phường Hoà Thuận cháy bóng, ban đêm tối om rất mất an toàn",10,1,1,
PA01194,2026-04-13,Cổng dịch vụ công,DV02,Phường Tân Hoà,Hạ tầng giao thông,Thường,Nắp cống trên tuyến đường liên xã qua Phường Tân Hoà bị vỡ đã hai tuần chưa ai sửa,10,1,1,4
PA01195,2026-04-13,Ứng dụng di động,DV02,Phường Tân Hoà,Khác,Thường,Góp ý Phường Tân Hoà mở thêm khung giờ tiếp dân vào buổi chiều thứ bảy,10,2,1,
PA01196,2026-04-13,Cổng dịch vụ công,DV02,Phường Tân Hoà,Vệ sinh môi trường,Thường,"Có hộ đổ trộm xà bần ra bãi đất trống ở Phường Tân Hoà, đề nghị kiểm tra",10,8,1,
PA01197,2026-04-13,Cổng dịch vụ công,DV02,Phường Tân Hoà,Vệ sinh môi trường,Khẩn,"Kênh chạy qua Phường Tân Hoà nổi váng đen, nghi có cơ sở xả thải ban đêm",5,3,1,
PA01198,2026-04-13,Văn bản giấy,DV03,Phường Đông Giang,Vệ sinh môi trường,Khẩn,"Rác tồn đọng ở điểm tập kết gần chợ Phường Đông Giang ba ngày chưa thu gom, mùi rất nặng",5,3,1,
PA01199,2026-04-13,Cổng dịch vụ công,DV04,Phường Nam Phong,Trật tự đô thị,Khẩn,"Có công trình ở Phường Nam Phong thi công sau 22 giờ gây ồn, đề nghị kiểm tra giấy phép",5,2,1,
PA01200,2026-04-13,Tiếp công dân,DV05,Xã Bình An,Hạ tầng giao thông,Khẩn,"Cầu nhỏ bắc qua kênh ở Xã Bình An mục lan can, trẻ em đi học qua rất lo",5,3,1,4
PA01201,2026-04-13,Ứng dụng di động,DV06,Xã Long Thành,Hạ tầng giao thông,Thường,"Mặt đường Xã Long Thành sau khi đào lắp ống nước hoàn trả không phẳng, đi rất xóc",10,3,1,4
PA01202,2026-04-13,Tổng đài 1022,DV11,Xã Mỹ Khánh,Hạ tầng giao thông,Thường,"Cầu nhỏ bắc qua kênh ở Xã Mỹ Khánh mục lan can, trẻ em đi học qua rất lo",10,16,0,
PA01203,2026-04-13,Tổng đài 1022,DV11,Xã Mỹ Khánh,Hạ tầng giao thông,Rất khẩn,"Cầu nhỏ bắc qua kênh ở Xã Mỹ Khánh mục lan can, trẻ em đi học qua rất lo",2,2,1,5
PA01204,2026-04-14,Tổng đài 1022,DV01,Phường Hoà Thuận,An sinh xã hội,Thường,Người cao tuổi ở Phường Hoà Thuận chưa được hướng dẫn làm thủ tục trợ cấp,10,11,0,3
PA01205,2026-04-14,Tiếp công dân,DV01,Phường Hoà Thuận,Vệ sinh môi trường,Thường,"Có hộ đổ trộm xà bần ra bãi đất trống ở Phường Hoà Thuận, đề nghị kiểm tra",10,5,1,
PA01206,2026-04-14,Cổng dịch vụ công,DV01,Phường Hoà Thuận,Hạ tầng giao thông,Khẩn,Nắp cống trên tuyến đường liên xã qua Phường Hoà Thuận bị vỡ đã hai tuần chưa ai sửa,5,2,1,5
PA01207,2026-04-14,Tổng đài 1022,DV02,Phường Tân Hoà,Hạ tầng giao thông,Thường,"Đoạn đường trước Phường Tân Hoà xuống cấp, nhiều ổ gà, xe máy tránh nhau rất nguy hiểm",10,11,0,3
PA01208,2026-04-14,Tổng đài 1022,DV04,Phường Nam Phong,Vệ sinh môi trường,Thường,"Kênh chạy qua Phường Nam Phong nổi váng đen, nghi có cơ sở xả thải ban đêm",10,10,1,4
PA01209,2026-04-14,Ứng dụng di động,DV08,Xã Vĩnh Lộc,Cấp thoát nước,Thường,"Nước máy ở Xã Vĩnh Lộc mấy hôm nay có mùi lạ, đề nghị kiểm tra chất lượng",10,5,1,4
PA01210,2026-04-14,Cổng dịch vụ công,DV09,Xã An Cư,Vệ sinh môi trường,Thường,"Xe thu gom rác ở Xã An Cư đổi giờ mà không báo, dân để rác ra đường cả buổi",10,6,1,
PA01211,2026-04-14,Tổng đài 1022,DV11,Xã Mỹ Khánh,Vệ sinh môi trường,Thường,"Kênh chạy qua Xã Mỹ Khánh nổi váng đen, nghi có cơ sở xả thải ban đêm",10,2,1,3
PA01212,2026-04-14,Tổng đài 1022,DV12,Xã Hương Trà,Khác,Thường,"Loa phát thanh ở Xã Hương Trà phát quá sớm, ảnh hưởng người già và trẻ nhỏ",10,9,1,
PA01213,2026-04-15,Tổng đài 1022,DV01,Phường Hoà Thuận,Hạ tầng giao thông,Thường,"Mặt đường Phường Hoà Thuận sau khi đào lắp ống nước hoàn trả không phẳng, đi rất xóc",10,7,1,4
PA01214,2026-04-15,Ứng dụng di động,DV01,Phường Hoà Thuận,Hạ tầng giao thông,Thường,"Mặt đường Phường Hoà Thuận sau khi đào lắp ống nước hoàn trả không phẳng, đi rất xóc",10,8,1,4
PA01215,2026-04-15,Ứng dụng di động,DV01,Phường Hoà Thuận,Trật tự đô thị,Thường,Hàng quán lấn chiếm vỉa hè trước cổng trường tiểu học ở Phường Hoà Thuận giờ tan học,10,14,0,
PA01216,2026-04-15,Tổng đài 1022,DV02,Phường Tân Hoà,Hạ tầng giao thông,Thường,"Cầu nhỏ bắc qua kênh ở Phường Tân Hoà mục lan can, trẻ em đi học qua rất lo",10,8,1,5
PA01217,2026-04-15,Cổng dịch vụ công,DV02,Phường Tân Hoà,Hạ tầng giao thông,Thường,"Cầu nhỏ bắc qua kênh ở Phường Tân Hoà mục lan can, trẻ em đi học qua rất lo",10,3,1,
PA01218,2026-04-15,Tổng đài 1022,DV03,Phường Đông Giang,Vệ sinh môi trường,Rất khẩn,"Kênh chạy qua Phường Đông Giang nổi váng đen, nghi có cơ sở xả thải ban đêm",2,2,1,4
PA01219,2026-04-15,Tổng đài 1022,DV05,Xã Bình An,Vệ sinh môi trường,Khẩn,"Có hộ đổ trộm xà bần ra bãi đất trống ở Xã Bình An, đề nghị kiểm tra",5,3,1,
PA01220,2026-04-15,Cổng dịch vụ công,DV06,Xã Long Thành,Cấp thoát nước,Thường,"Nước máy ở Xã Long Thành mấy hôm nay có mùi lạ, đề nghị kiểm tra chất lượng",10,6,1,5
PA01221,2026-04-15,Văn bản giấy,DV07,Xã Phú Điền,Cấp thoát nước,Thường,"Khu dân cư Xã Phú Điền mất nước từ sáng đến chiều, không thấy thông báo trước",10,8,1,
PA01222,2026-04-15,Ứng dụng di động,DV10,Xã Thanh Sơn,Vệ sinh môi trường,Thường,"Kênh chạy qua Xã Thanh Sơn nổi váng đen, nghi có cơ sở xả thải ban đêm",10,15,0,2
PA01223,2026-04-15,Tổng đài 1022,DV11,Xã Mỹ Khánh,Hạ tầng giao thông,Khẩn,"Cầu nhỏ bắc qua kênh ở Xã Mỹ Khánh mục lan can, trẻ em đi học qua rất lo",5,4,1,3
PA01224,2026-04-15,Tiếp công dân,DV12,Xã Hương Trà,Khác,Thường,Góp ý Xã Hương Trà mở thêm khung giờ tiếp dân vào buổi chiều thứ bảy,10,6,1,4
PA01225,2026-04-16,Tổng đài 1022,DV01,Phường Hoà Thuận,Chiếu sáng công cộng,Thường,"Ba cột đèn đường ở Phường Hoà Thuận cháy bóng, ban đêm tối om rất mất an toàn",10,7,1,
PA01226,2026-04-16,Tổng đài 1022,DV01,Phường Hoà Thuận,Vệ sinh môi trường,Thường,"Kênh chạy qua Phường Hoà Thuận nổi váng đen, nghi có cơ sở xả thải ban đêm",10,10,1,
PA01227,2026-04-16,Ứng dụng di động,DV01,Phường Hoà Thuận,Thủ tục hành chính,Thường,"Cổng dịch vụ công báo lỗi khi tải giấy tờ lên, gọi Phường Hoà Thuận không ai nghe máy",10,10,1,5
PA01228,2026-04-16,Ứng dụng di động,DV01,Phường Hoà Thuận,Cấp thoát nước,Thường,"Mưa là ngập cả tuyến ở Phường Hoà Thuận, cống thoát nghẹt không rút được",10,8,1,4
PA01229,2026-04-16,Tiếp công dân,DV02,Phường Tân Hoà,Vệ sinh môi trường,Khẩn,"Kênh chạy qua Phường Tân Hoà nổi váng đen, nghi có cơ sở xả thải ban đêm",5,4,1,
PA01230,2026-04-16,Tổng đài 1022,DV03,Phường Đông Giang,Chiếu sáng công cộng,Thường,"Ngõ vào cụm dân cư Phường Đông Giang chưa có đèn chiếu sáng, đã kiến nghị hai lần",10,5,1,
PA01231,2026-04-16,Tổng đài 1022,DV03,Phường Đông Giang,Cấp thoát nước,Khẩn,"Mưa là ngập cả tuyến ở Phường Đông Giang, cống thoát nghẹt không rút được",5,4,1,5
PA01232,2026-04-16,Cổng dịch vụ công,DV04,Phường Nam Phong,Vệ sinh môi trường,Thường,"Xe thu gom rác ở Phường Nam Phong đổi giờ mà không báo, dân để rác ra đường cả buổi",10,7,1,
PA01233,2026-04-16,Tổng đài 1022,DV08,Xã Vĩnh Lộc,An sinh xã hội,Thường,Người cao tuổi ở Xã Vĩnh Lộc chưa được hướng dẫn làm thủ tục trợ cấp,10,7,1,
PA01234,2026-04-16,Ứng dụng di động,DV08,Xã Vĩnh Lộc,Hạ tầng giao thông,Thường,"Mặt đường Xã Vĩnh Lộc sau khi đào lắp ống nước hoàn trả không phẳng, đi rất xóc",10,8,1,4
PA01235,2026-04-16,Ứng dụng di động,DV10,Xã Thanh Sơn,Cấp thoát nước,Thường,"Mưa là ngập cả tuyến ở Xã Thanh Sơn, cống thoát nghẹt không rút được",10,11,0,3
PA01236,2026-04-17,Tổng đài 1022,DV03,Phường Đông Giang,Hạ tầng giao thông,Thường,"Mặt đường Phường Đông Giang sau khi đào lắp ống nước hoàn trả không phẳng, đi rất xóc",10,15,0,2
PA01237,2026-04-17,Cổng dịch vụ công,DV03,Phường Đông Giang,Khác,Khẩn,Góp ý Phường Đông Giang mở thêm khung giờ tiếp dân vào buổi chiều thứ bảy,5,4,1,4
PA01238,2026-04-17,Tổng đài 1022,DV04,Phường Nam Phong,Chiếu sáng công cộng,Khẩn,"Ba cột đèn đường ở Phường Nam Phong cháy bóng, ban đêm tối om rất mất an toàn",5,4,1,5
PA01239,2026-04-17,Tiếp công dân,DV06,Xã Long Thành,Khác,Thường,"Loa phát thanh ở Xã Long Thành phát quá sớm, ảnh hưởng người già và trẻ nhỏ",10,15,0,2
PA01240,2026-04-17,Tổng đài 1022,DV06,Xã Long Thành,Trật tự đô thị,Thường,"Có công trình ở Xã Long Thành thi công sau 22 giờ gây ồn, đề nghị kiểm tra giấy phép",10,9,1,
PA01241,2026-04-17,Ứng dụng di động,DV11,Xã Mỹ Khánh,Trật tự đô thị,Thường,Xe tải trọng lớn chạy vào đường nội bộ Xã Mỹ Khánh ngoài giờ quy định,10,5,1,
PA01242,2026-04-18,Cổng dịch vụ công,DV03,Phường Đông Giang,Vệ sinh môi trường,Thường,"Rác tồn đọng ở điểm tập kết gần chợ Phường Đông Giang ba ngày chưa thu gom, mùi rất nặng",10,9,1,4
PA01243,2026-04-18,Tổng đài 1022,DV04,Phường Nam Phong,Vệ sinh môi trường,Thường,"Có hộ đổ trộm xà bần ra bãi đất trống ở Phường Nam Phong, đề nghị kiểm tra",10,40,0,
PA01244,2026-04-18,Tổng đài 1022,DV04,Phường Nam Phong,An sinh xã hội,Thường,"Danh sách nhận hỗ trợ ở Phường Nam Phong niêm yết thiếu tên, đề nghị kiểm tra lại",10,7,1,
PA01245,2026-04-18,Tiếp công dân,DV06,Xã Long Thành,Hạ tầng giao thông,Thường,"Cầu nhỏ bắc qua kênh ở Xã Long Thành mục lan can, trẻ em đi học qua rất lo",10,7,1,
PA01246,2026-04-18,Cổng dịch vụ công,DV07,Xã Phú Điền,Khác,Thường,Góp ý Xã Phú Điền mở thêm khung giờ tiếp dân vào buổi chiều thứ bảy,10,5,1,3
PA01247,2026-04-18,Cổng dịch vụ công,DV09,Xã An Cư,An sinh xã hội,Thường,Người cao tuổi ở Xã An Cư chưa được hướng dẫn làm thủ tục trợ cấp,10,6,1,
PA01248,2026-04-18,Văn bản giấy,DV10,Xã Thanh Sơn,An sinh xã hội,Thường,"Danh sách nhận hỗ trợ ở Xã Thanh Sơn niêm yết thiếu tên, đề nghị kiểm tra lại",10,6,1,
PA01249,2026-04-18,Văn bản giấy,DV11,Xã Mỹ Khánh,Vệ sinh môi trường,Thường,"Rác tồn đọng ở điểm tập kết gần chợ Xã Mỹ Khánh ba ngày chưa thu gom, mùi rất nặng",10,15,0,
PA01250,2026-04-18,Cổng dịch vụ công,DV11,Xã Mỹ Khánh,Trật tự đô thị,Thường,"Có công trình ở Xã Mỹ Khánh thi công sau 22 giờ gây ồn, đề nghị kiểm tra giấy phép",10,15,0,
PA01251,2026-04-18,Tổng đài 1022,DV12,Xã Hương Trà,Trật tự đô thị,Thường,Hàng quán lấn chiếm vỉa hè trước cổng trường tiểu học ở Xã Hương Trà giờ tan học,10,11,0,4
PA01252,2026-04-18,Tiếp công dân,DV12,Xã Hương Trà,Hạ tầng giao thông,Thường,Nắp cống trên tuyến đường liên xã qua Xã Hương Trà bị vỡ đã hai tuần chưa ai sửa,10,9,1,
PA01253,2026-04-19,Cổng dịch vụ công,DV01,Phường Hoà Thuận,Vệ sinh môi trường,Thường,"Xe thu gom rác ở Phường Hoà Thuận đổi giờ mà không báo, dân để rác ra đường cả buổi",10,2,1,4
PA01254,2026-04-19,Cổng dịch vụ công,DV02,Phường Tân Hoà,Cấp thoát nước,Thường,"Mưa là ngập cả tuyến ở Phường Tân Hoà, cống thoát nghẹt không rút được",10,1,1,
PA01255,2026-04-19,Cổng dịch vụ công,DV02,Phường Tân Hoà,Vệ sinh môi trường,Thường,"Kênh chạy qua Phường Tân Hoà nổi váng đen, nghi có cơ sở xả thải ban đêm",10,9,1,
PA01256,2026-04-19,Tiếp công dân,DV02,Phường Tân Hoà,Hạ tầng giao thông,Khẩn,"Cầu nhỏ bắc qua kênh ở Phường Tân Hoà mục lan can, trẻ em đi học qua rất lo",5,5,1,3
PA01257,2026-04-19,Ứng dụng di động,DV02,Phường Tân Hoà,Vệ sinh môi trường,Khẩn,"Có hộ đổ trộm xà bần ra bãi đất trống ở Phường Tân Hoà, đề nghị kiểm tra",5,9,0,
PA01258,2026-04-19,Tiếp công dân,DV03,Phường Đông Giang,Chiếu sáng công cộng,Khẩn,"Ba cột đèn đường ở Phường Đông Giang cháy bóng, ban đêm tối om rất mất an toàn",5,8,0,
PA01259,2026-04-19,Văn bản giấy,DV06,Xã Long Thành,Khác,Khẩn,"Loa phát thanh ở Xã Long Thành phát quá sớm, ảnh hưởng người già và trẻ nhỏ",5,5,1,
PA01260,2026-04-19,Tổng đài 1022,DV06,Xã Long Thành,Hạ tầng giao thông,Khẩn,"Đoạn đường trước Xã Long Thành xuống cấp, nhiều ổ gà, xe máy tránh nhau rất nguy hiểm",5,2,1,5
PA01261,2026-04-19,Ứng dụng di động,DV07,Xã Phú Điền,Vệ sinh môi trường,Thường,"Rác tồn đọng ở điểm tập kết gần chợ Xã Phú Điền ba ngày chưa thu gom, mùi rất nặng",10,5,1,5
PA01262,2026-04-20,Tổng đài 1022,DV01,Phường Hoà Thuận,Trật tự đô thị,Thường,Xe tải trọng lớn chạy vào đường nội bộ Phường Hoà Thuận ngoài giờ quy định,10,9,1,4
PA01263,2026-04-20,Văn bản giấy,DV01,Phường Hoà Thuận,Hạ tầng giao thông,Thường,"Mặt đường Phường Hoà Thuận sau khi đào lắp ống nước hoàn trả không phẳng, đi rất xóc",10,5,1,5
PA01264,2026-04-20,Ứng dụng di động,DV02,Phường Tân Hoà,Hạ tầng giao thông,Thường,"Cầu nhỏ bắc qua kênh ở Phường Tân Hoà mục lan can, trẻ em đi học qua rất lo",10,8,1,
PA01265,2026-04-20,Văn bản giấy,DV02,Phường Tân Hoà,Cấp thoát nước,Thường,"Mưa là ngập cả tuyến ở Phường Tân Hoà, cống thoát nghẹt không rút được",10,4,1,4
PA01266,2026-04-20,Văn bản giấy,DV02,Phường Tân Hoà,Thủ tục hành chính,Thường,Nộp hồ sơ chứng thực tại Phường Tân Hoà hẹn 3 ngày nhưng quá 8 ngày chưa có kết quả,10,5,1,
PA01267,2026-04-20,Tổng đài 1022,DV03,Phường Đông Giang,Chiếu sáng công cộng,Thường,"Ngõ vào cụm dân cư Phường Đông Giang chưa có đèn chiếu sáng, đã kiến nghị hai lần",10,7,1,
PA01268,2026-04-20,Tổng đài 1022,DV03,Phường Đông Giang,Hạ tầng giao thông,Thường,"Cầu nhỏ bắc qua kênh ở Phường Đông Giang mục lan can, trẻ em đi học qua rất lo",10,5,1,
PA01269,2026-04-20,Văn bản giấy,DV04,Phường Nam Phong,Trật tự đô thị,Thường,"Có công trình ở Phường Nam Phong thi công sau 22 giờ gây ồn, đề nghị kiểm tra giấy phép",10,4,1,4
PA01270,2026-04-20,Ứng dụng di động,DV06,Xã Long Thành,Thủ tục hành chính,Khẩn,"Cổng dịch vụ công báo lỗi khi tải giấy tờ lên, gọi Xã Long Thành không ai nghe máy",5,7,0,
PA01271,2026-04-20,Ứng dụng di động,DV06,Xã Long Thành,Trật tự đô thị,Thường,Bãi giữ xe tự phát ở Xã Long Thành chắn lối đi chung của khu dân cư,10,7,1,5
PA01272,2026-04-20,Tổng đài 1022,DV07,Xã Phú Điền,Trật tự đô thị,Thường,Xe tải trọng lớn chạy vào đường nội bộ Xã Phú Điền ngoài giờ quy định,10,8,1,
PA01273,2026-04-20,Tổng đài 1022,DV07,Xã Phú Điền,Vệ sinh môi trường,Khẩn,"Rác tồn đọng ở điểm tập kết gần chợ Xã Phú Điền ba ngày chưa thu gom, mùi rất nặng",5,6,0,
PA01274,2026-04-20,Cổng dịch vụ công,DV09,Xã An Cư,Hạ tầng giao thông,Thường,Nắp cống trên tuyến đường liên xã qua Xã An Cư bị vỡ đã hai tuần chưa ai sửa,10,7,1,
PA01275,2026-04-21,Tổng đài 1022,DV01,Phường Hoà Thuận,Vệ sinh môi trường,Thường,"Xe thu gom rác ở Phường Hoà Thuận đổi giờ mà không báo, dân để rác ra đường cả buổi",10,11,0,
PA01276,2026-04-21,Tiếp công dân,DV01,Phường Hoà Thuận,Cấp thoát nước,Thường,"Mưa là ngập cả tuyến ở Phường Hoà Thuận, cống thoát nghẹt không rút được",10,6,1,
PA01277,2026-04-21,Cổng dịch vụ công,DV01,Phường Hoà Thuận,Hạ tầng giao thông,Thường,"Đoạn đường trước Phường Hoà Thuận xuống cấp, nhiều ổ gà, xe máy tránh nhau rất nguy hiểm",10,14,0,
PA01278,2026-04-21,Cổng dịch vụ công,DV02,Phường Tân Hoà,Cấp thoát nước,Thường,"Ống nước trước nhà văn hoá Phường Tân Hoà rò rỉ, nước chảy ra đường suốt ngày",10,5,1,
PA01279,2026-04-21,Tổng đài 1022,DV02,Phường Tân Hoà,Hạ tầng giao thông,Thường,"Mặt đường Phường Tân Hoà sau khi đào lắp ống nước hoàn trả không phẳng, đi rất xóc",10,7,1,
PA01280,2026-04-21,Tổng đài 1022,DV03,Phường Đông Giang,Khác,Thường,Đề nghị Phường Đông Giang thông tin rõ kế hoạch chỉnh trang khu dân cư năm tới,10,11,0,
PA01281,2026-04-21,Ứng dụng di động,DV03,Phường Đông Giang,Cấp thoát nước,Thường,"Khu dân cư Phường Đông Giang mất nước từ sáng đến chiều, không thấy thông báo trước",10,5,1,3
PA01282,2026-04-21,Cổng dịch vụ công,DV04,Phường Nam Phong,An sinh xã hội,Thường,"Danh sách nhận hỗ trợ ở Phường Nam Phong niêm yết thiếu tên, đề nghị kiểm tra lại",10,9,1,
PA01283,2026-04-21,Tổng đài 1022,DV04,Phường Nam Phong,Thủ tục hành chính,Thường,Đã nộp trực tuyến nhưng Phường Nam Phong vẫn yêu cầu nộp thêm bản giấy,10,4,1,
PA01284,2026-04-21,Văn bản giấy,DV05,Xã Bình An,Trật tự đô thị,Thường,Bãi giữ xe tự phát ở Xã Bình An chắn lối đi chung của khu dân cư,10,7,1,
PA01285,2026-04-21,Tổng đài 1022,DV05,Xã Bình An,Vệ sinh môi trường,Thường,"Xe thu gom rác ở Xã Bình An đổi giờ mà không báo, dân để rác ra đường cả buổi",10,7,1,5
PA01286,2026-04-21,Cổng dịch vụ công,DV06,Xã Long Thành,Cấp thoát nước,Thường,"Mưa là ngập cả tuyến ở Xã Long Thành, cống thoát nghẹt không rút được",10,9,1,4
PA01287,2026-04-21,Tiếp công dân,DV06,Xã Long Thành,Chiếu sáng công cộng,Thường,"Ba cột đèn đường ở Xã Long Thành cháy bóng, ban đêm tối om rất mất an toàn",10,3,1,4
PA01288,2026-04-21,Tổng đài 1022,DV09,Xã An Cư,Vệ sinh môi trường,Thường,"Xe thu gom rác ở Xã An Cư đổi giờ mà không báo, dân để rác ra đường cả buổi",10,8,1,4
PA01289,2026-04-21,Tổng đài 1022,DV09,Xã An Cư,Thủ tục hành chính,Thường,Nộp hồ sơ chứng thực tại Xã An Cư hẹn 3 ngày nhưng quá 8 ngày chưa có kết quả,10,7,1,
PA01290,2026-04-21,Cổng dịch vụ công,DV11,Xã Mỹ Khánh,Khác,Thường,Đề nghị Xã Mỹ Khánh thông tin rõ kế hoạch chỉnh trang khu dân cư năm tới,10,11,0,2
PA01291,2026-04-22,Cổng dịch vụ công,DV01,Phường Hoà Thuận,Thủ tục hành chính,Khẩn,"Cổng dịch vụ công báo lỗi khi tải giấy tờ lên, gọi Phường Hoà Thuận không ai nghe máy",5,5,1,5
PA01292,2026-04-22,Tổng đài 1022,DV01,Phường Hoà Thuận,Vệ sinh môi trường,Thường,"Kênh chạy qua Phường Hoà Thuận nổi váng đen, nghi có cơ sở xả thải ban đêm",10,8,1,
PA01293,2026-04-22,Cổng dịch vụ công,DV01,Phường Hoà Thuận,Hạ tầng giao thông,Thường,"Cầu nhỏ bắc qua kênh ở Phường Hoà Thuận mục lan can, trẻ em đi học qua rất lo",10,17,0,
PA01294,2026-04-22,Cổng dịch vụ công,DV02,Phường Tân Hoà,Thủ tục hành chính,Thường,Nộp hồ sơ chứng thực tại Phường Tân Hoà hẹn 3 ngày nhưng quá 8 ngày chưa có kết quả,10,12,0,
PA01295,2026-04-22,Cổng dịch vụ công,DV03,Phường Đông Giang,Cấp thoát nước,Khẩn,"Mưa là ngập cả tuyến ở Phường Đông Giang, cống thoát nghẹt không rút được",5,5,1,
PA01296,2026-04-22,Cổng dịch vụ công,DV04,Phường Nam Phong,Vệ sinh môi trường,Thường,"Rác tồn đọng ở điểm tập kết gần chợ Phường Nam Phong ba ngày chưa thu gom, mùi rất nặng",10,5,1,4
PA01297,2026-04-22,Cổng dịch vụ công,DV07,Xã Phú Điền,Vệ sinh môi trường,Rất khẩn,"Kênh chạy qua Xã Phú Điền nổi váng đen, nghi có cơ sở xả thải ban đêm",2,2,1,
PA01298,2026-04-22,Tổng đài 1022,DV10,Xã Thanh Sơn,Thủ tục hành chính,Thường,"Cổng dịch vụ công báo lỗi khi tải giấy tờ lên, gọi Xã Thanh Sơn không ai nghe máy",10,6,1,
PA01299,2026-04-23,Văn bản giấy,DV01,Phường Hoà Thuận,Hạ tầng giao thông,Thường,"Cầu nhỏ bắc qua kênh ở Phường Hoà Thuận mục lan can, trẻ em đi học qua rất lo",10,4,1,5
PA01300,2026-04-23,Cổng dịch vụ công,DV02,Phường Tân Hoà,Trật tự đô thị,Thường,Xe tải trọng lớn chạy vào đường nội bộ Phường Tân Hoà ngoài giờ quy định,10,3,1,
PA01301,2026-04-23,Tổng đài 1022,DV02,Phường Tân Hoà,Thủ tục hành chính,Khẩn,Đã nộp trực tuyến nhưng Phường Tân Hoà vẫn yêu cầu nộp thêm bản giấy,5,2,1,5
PA01302,2026-04-23,Văn bản giấy,DV03,Phường Đông Giang,Chiếu sáng công cộng,Thường,"Ba cột đèn đường ở Phường Đông Giang cháy bóng, ban đêm tối om rất mất an toàn",10,10,1,3
PA01303,2026-04-23,Tiếp công dân,DV03,Phường Đông Giang,Hạ tầng giao thông,Khẩn,"Cầu nhỏ bắc qua kênh ở Phường Đông Giang mục lan can, trẻ em đi học qua rất lo",5,3,1,
PA01304,2026-04-23,Tổng đài 1022,DV04,Phường Nam Phong,Thủ tục hành chính,Thường,"Cổng dịch vụ công báo lỗi khi tải giấy tờ lên, gọi Phường Nam Phong không ai nghe máy",10,7,1,
PA01305,2026-04-23,Tổng đài 1022,DV04,Phường Nam Phong,Thủ tục hành chính,Thường,"Cổng dịch vụ công báo lỗi khi tải giấy tờ lên, gọi Phường Nam Phong không ai nghe máy",10,7,1,4
PA01306,2026-04-23,Ứng dụng di động,DV04,Phường Nam Phong,Hạ tầng giao thông,Rất khẩn,"Đoạn đường trước Phường Nam Phong xuống cấp, nhiều ổ gà, xe máy tránh nhau rất nguy hiểm",2,1,1,
PA01307,2026-04-23,Cổng dịch vụ công,DV05,Xã Bình An,Khác,Thường,"Loa phát thanh ở Xã Bình An phát quá sớm, ảnh hưởng người già và trẻ nhỏ",10,4,1,3
PA01308,2026-04-23,Ứng dụng di động,DV09,Xã An Cư,Trật tự đô thị,Thường,Bãi giữ xe tự phát ở Xã An Cư chắn lối đi chung của khu dân cư,10,10,1,
PA01309,2026-04-23,Cổng dịch vụ công,DV09,Xã An Cư,Trật tự đô thị,Khẩn,Xe tải trọng lớn chạy vào đường nội bộ Xã An Cư ngoài giờ quy định,5,6,0,
PA01310,2026-04-23,Ứng dụng di động,DV10,Xã Thanh Sơn,Vệ sinh môi trường,Thường,"Kênh chạy qua Xã Thanh Sơn nổi váng đen, nghi có cơ sở xả thải ban đêm",10,13,0,2
PA01311,2026-04-23,Tổng đài 1022,DV11,Xã Mỹ Khánh,Hạ tầng giao thông,Thường,"Mặt đường Xã Mỹ Khánh sau khi đào lắp ống nước hoàn trả không phẳng, đi rất xóc",10,6,1,
PA01312,2026-04-24,Tổng đài 1022,DV01,Phường Hoà Thuận,Vệ sinh môi trường,Thường,"Có hộ đổ trộm xà bần ra bãi đất trống ở Phường Hoà Thuận, đề nghị kiểm tra",10,11,0,
PA01313,2026-04-24,Ứng dụng di động,DV02,Phường Tân Hoà,Trật tự đô thị,Khẩn,Bãi giữ xe tự phát ở Phường Tân Hoà chắn lối đi chung của khu dân cư,5,2,1,
PA01314,2026-04-24,Ứng dụng di động,DV02,Phường Tân Hoà,Khác,Thường,Đề nghị Phường Tân Hoà thông tin rõ kế hoạch chỉnh trang khu dân cư năm tới,10,8,1,
PA01315,2026-04-24,Tổng đài 1022,DV03,Phường Đông Giang,Hạ tầng giao thông,Thường,"Mặt đường Phường Đông Giang sau khi đào lắp ống nước hoàn trả không phẳng, đi rất xóc",10,1,1,4
PA01316,2026-04-24,Cổng dịch vụ công,DV04,Phường Nam Phong,Khác,Thường,Đề nghị Phường Nam Phong thông tin rõ kế hoạch chỉnh trang khu dân cư năm tới,10,15,0,
PA01317,2026-04-24,Văn bản giấy,DV04,Phường Nam Phong,Trật tự đô thị,Khẩn,Bãi giữ xe tự phát ở Phường Nam Phong chắn lối đi chung của khu dân cư,5,3,1,4
PA01318,2026-04-24,Tổng đài 1022,DV04,Phường Nam Phong,Hạ tầng giao thông,Thường,"Đoạn đường trước Phường Nam Phong xuống cấp, nhiều ổ gà, xe máy tránh nhau rất nguy hiểm",10,11,0,
PA01319,2026-04-24,Tổng đài 1022,DV04,Phường Nam Phong,Trật tự đô thị,Khẩn,Hàng quán lấn chiếm vỉa hè trước cổng trường tiểu học ở Phường Nam Phong giờ tan học,5,3,1,
PA01320,2026-04-24,Cổng dịch vụ công,DV07,Xã Phú Điền,Trật tự đô thị,Thường,Xe tải trọng lớn chạy vào đường nội bộ Xã Phú Điền ngoài giờ quy định,10,13,0,4
PA01321,2026-04-24,Văn bản giấy,DV08,Xã Vĩnh Lộc,An sinh xã hội,Khẩn,Người cao tuổi ở Xã Vĩnh Lộc chưa được hướng dẫn làm thủ tục trợ cấp,5,5,1,
PA01322,2026-04-24,Cổng dịch vụ công,DV12,Xã Hương Trà,Vệ sinh môi trường,Thường,"Rác tồn đọng ở điểm tập kết gần chợ Xã Hương Trà ba ngày chưa thu gom, mùi rất nặng",10,5,1,5
PA01323,2026-04-24,Tổng đài 1022,DV12,Xã Hương Trà,Cấp thoát nước,Thường,"Nước máy ở Xã Hương Trà mấy hôm nay có mùi lạ, đề nghị kiểm tra chất lượng",10,8,1,
PA01324,2026-04-24,Tổng đài 1022,DV12,Xã Hương Trà,Hạ tầng giao thông,Thường,"Đoạn đường trước Xã Hương Trà xuống cấp, nhiều ổ gà, xe máy tránh nhau rất nguy hiểm",10,7,1,
PA01325,2026-04-25,Tổng đài 1022,DV02,Phường Tân Hoà,Hạ tầng giao thông,Khẩn,"Mặt đường Phường Tân Hoà sau khi đào lắp ống nước hoàn trả không phẳng, đi rất xóc",5,4,1,
PA01326,2026-04-25,Tổng đài 1022,DV02,Phường Tân Hoà,Khác,Thường,"Loa phát thanh ở Phường Tân Hoà phát quá sớm, ảnh hưởng người già và trẻ nhỏ",10,1,1,
PA01327,2026-04-25,Văn bản giấy,DV02,Phường Tân Hoà,Khác,Khẩn,Đề nghị Phường Tân Hoà thông tin rõ kế hoạch chỉnh trang khu dân cư năm tới,5,4,1,5
PA01328,2026-04-25,Tổng đài 1022,DV03,Phường Đông Giang,Cấp thoát nước,Thường,"Khu dân cư Phường Đông Giang mất nước từ sáng đến chiều, không thấy thông báo trước",10,6,1,3
PA01329,2026-04-25,Tổng đài 1022,DV04,Phường Nam Phong,An sinh xã hội,Thường,Người cao tuổi ở Phường Nam Phong chưa được hướng dẫn làm thủ tục trợ cấp,10,6,1,4
PA01330,2026-04-25,Tổng đài 1022,DV04,Phường Nam Phong,Vệ sinh môi trường,Thường,"Rác tồn đọng ở điểm tập kết gần chợ Phường Nam Phong ba ngày chưa thu gom, mùi rất nặng",10,8,1,4
PA01331,2026-04-25,Ứng dụng di động,DV06,Xã Long Thành,Hạ tầng giao thông,Khẩn,"Mặt đường Xã Long Thành sau khi đào lắp ống nước hoàn trả không phẳng, đi rất xóc",5,3,1,5
PA01332,2026-04-25,Cổng dịch vụ công,DV07,Xã Phú Điền,Vệ sinh môi trường,Thường,"Xe thu gom rác ở Xã Phú Điền đổi giờ mà không báo, dân để rác ra đường cả buổi",10,6,1,5
PA01333,2026-04-25,Tiếp công dân,DV09,Xã An Cư,Chiếu sáng công cộng,Thường,"Ba cột đèn đường ở Xã An Cư cháy bóng, ban đêm tối om rất mất an toàn",10,10,1,
PA01334,2026-04-25,Cổng dịch vụ công,DV09,Xã An Cư,Chiếu sáng công cộng,Rất khẩn,"Ba cột đèn đường ở Xã An Cư cháy bóng, ban đêm tối om rất mất an toàn",2,3,0,4
PA01335,2026-04-25,Tiếp công dân,DV10,Xã Thanh Sơn,Hạ tầng giao thông,Thường,"Đoạn đường trước Xã Thanh Sơn xuống cấp, nhiều ổ gà, xe máy tránh nhau rất nguy hiểm",10,12,0,3
PA01336,2026-04-25,Cổng dịch vụ công,DV11,Xã Mỹ Khánh,Trật tự đô thị,Thường,Bãi giữ xe tự phát ở Xã Mỹ Khánh chắn lối đi chung của khu dân cư,10,11,0,
PA01337,2026-04-25,Tổng đài 1022,DV12,Xã Hương Trà,Cấp thoát nước,Khẩn,"Khu dân cư Xã Hương Trà mất nước từ sáng đến chiều, không thấy thông báo trước",5,3,1,
PA01338,2026-04-26,Tổng đài 1022,DV01,Phường Hoà Thuận,Khác,Thường,Đề nghị Phường Hoà Thuận thông tin rõ kế hoạch chỉnh trang khu dân cư năm tới,10,6,1,
PA01339,2026-04-26,Cổng dịch vụ công,DV02,Phường Tân Hoà,Vệ sinh môi trường,Thường,"Xe thu gom rác ở Phường Tân Hoà đổi giờ mà không báo, dân để rác ra đường cả buổi",10,10,1,4
PA01340,2026-04-26,Ứng dụng di động,DV03,Phường Đông Giang,Vệ sinh môi trường,Rất khẩn,"Xe thu gom rác ở Phường Đông Giang đổi giờ mà không báo, dân để rác ra đường cả buổi",2,1,1,
PA01341,2026-04-26,Tiếp công dân,DV04,Phường Nam Phong,Hạ tầng giao thông,Thường,"Cầu nhỏ bắc qua kênh ở Phường Nam Phong mục lan can, trẻ em đi học qua rất lo",10,5,1,3
PA01342,2026-04-26,Tổng đài 1022,DV04,Phường Nam Phong,Trật tự đô thị,Thường,Hàng quán lấn chiếm vỉa hè trước cổng trường tiểu học ở Phường Nam Phong giờ tan học,10,5,1,
PA01343,2026-04-26,Ứng dụng di động,DV06,Xã Long Thành,Chiếu sáng công cộng,Thường,"Ngõ vào cụm dân cư Xã Long Thành chưa có đèn chiếu sáng, đã kiến nghị hai lần",10,10,1,4
PA01344,2026-04-26,Cổng dịch vụ công,DV08,Xã Vĩnh Lộc,Hạ tầng giao thông,Thường,"Cầu nhỏ bắc qua kênh ở Xã Vĩnh Lộc mục lan can, trẻ em đi học qua rất lo",10,17,0,
PA01345,2026-04-26,Tổng đài 1022,DV10,Xã Thanh Sơn,Hạ tầng giao thông,Thường,Nắp cống trên tuyến đường liên xã qua Xã Thanh Sơn bị vỡ đã hai tuần chưa ai sửa,10,5,1,5
PA01346,2026-04-26,Cổng dịch vụ công,DV10,Xã Thanh Sơn,Khác,Thường,"Loa phát thanh ở Xã Thanh Sơn phát quá sớm, ảnh hưởng người già và trẻ nhỏ",10,11,0,
PA01347,2026-04-26,Cổng dịch vụ công,DV12,Xã Hương Trà,An sinh xã hội,Thường,"Danh sách nhận hỗ trợ ở Xã Hương Trà niêm yết thiếu tên, đề nghị kiểm tra lại",10,3,1,4
PA01348,2026-04-27,Tổng đài 1022,DV01,Phường Hoà Thuận,Trật tự đô thị,Khẩn,"Có công trình ở Phường Hoà Thuận thi công sau 22 giờ gây ồn, đề nghị kiểm tra giấy phép",5,1,1,
PA01349,2026-04-27,Tổng đài 1022,DV01,Phường Hoà Thuận,Chiếu sáng công cộng,Thường,"Ba cột đèn đường ở Phường Hoà Thuận cháy bóng, ban đêm tối om rất mất an toàn",10,1,1,
PA01350,2026-04-27,Cổng dịch vụ công,DV02,Phường Tân Hoà,Trật tự đô thị,Thường,Xe tải trọng lớn chạy vào đường nội bộ Phường Tân Hoà ngoài giờ quy định,10,5,1,5
PA01351,2026-04-27,Cổng dịch vụ công,DV03,Phường Đông Giang,Cấp thoát nước,Thường,"Ống nước trước nhà văn hoá Phường Đông Giang rò rỉ, nước chảy ra đường suốt ngày",10,5,1,3
PA01352,2026-04-27,Cổng dịch vụ công,DV04,Phường Nam Phong,Vệ sinh môi trường,Thường,"Xe thu gom rác ở Phường Nam Phong đổi giờ mà không báo, dân để rác ra đường cả buổi",10,5,1,5
PA01353,2026-04-27,Cổng dịch vụ công,DV05,Xã Bình An,Thủ tục hành chính,Thường,Đã nộp trực tuyến nhưng Xã Bình An vẫn yêu cầu nộp thêm bản giấy,10,5,1,3
PA01354,2026-04-27,Cổng dịch vụ công,DV07,Xã Phú Điền,Trật tự đô thị,Thường,Hàng quán lấn chiếm vỉa hè trước cổng trường tiểu học ở Xã Phú Điền giờ tan học,10,14,0,3
PA01355,2026-04-27,Tổng đài 1022,DV07,Xã Phú Điền,Trật tự đô thị,Thường,Hàng quán lấn chiếm vỉa hè trước cổng trường tiểu học ở Xã Phú Điền giờ tan học,10,10,1,5
PA01356,2026-04-27,Tổng đài 1022,DV11,Xã Mỹ Khánh,Cấp thoát nước,Khẩn,"Ống nước trước nhà văn hoá Xã Mỹ Khánh rò rỉ, nước chảy ra đường suốt ngày",5,6,0,2
PA01357,2026-04-27,Văn bản giấy,DV11,Xã Mỹ Khánh,An sinh xã hội,Thường,Người cao tuổi ở Xã Mỹ Khánh chưa được hướng dẫn làm thủ tục trợ cấp,10,8,1,
PA01358,2026-04-27,Văn bản giấy,DV12,Xã Hương Trà,Trật tự đô thị,Thường,"Có công trình ở Xã Hương Trà thi công sau 22 giờ gây ồn, đề nghị kiểm tra giấy phép",10,9,1,
PA01359,2026-04-28,Tổng đài 1022,DV01,Phường Hoà Thuận,Vệ sinh môi trường,Khẩn,"Xe thu gom rác ở Phường Hoà Thuận đổi giờ mà không báo, dân để rác ra đường cả buổi",5,4,1,4
PA01360,2026-04-28,Cổng dịch vụ công,DV01,Phường Hoà Thuận,Cấp thoát nước,Khẩn,"Mưa là ngập cả tuyến ở Phường Hoà Thuận, cống thoát nghẹt không rút được",5,5,1,
PA01361,2026-04-28,Tổng đài 1022,DV02,Phường Tân Hoà,Trật tự đô thị,Khẩn,Xe tải trọng lớn chạy vào đường nội bộ Phường Tân Hoà ngoài giờ quy định,5,3,1,
PA01362,2026-04-28,Ứng dụng di động,DV02,Phường Tân Hoà,Cấp thoát nước,Thường,"Khu dân cư Phường Tân Hoà mất nước từ sáng đến chiều, không thấy thông báo trước",10,10,1,
PA01363,2026-04-28,Cổng dịch vụ công,DV02,Phường Tân Hoà,Trật tự đô thị,Khẩn,Xe tải trọng lớn chạy vào đường nội bộ Phường Tân Hoà ngoài giờ quy định,5,3,1,
PA01364,2026-04-28,Ứng dụng di động,DV08,Xã Vĩnh Lộc,Vệ sinh môi trường,Thường,"Kênh chạy qua Xã Vĩnh Lộc nổi váng đen, nghi có cơ sở xả thải ban đêm",10,13,0,1
PA01365,2026-04-28,Cổng dịch vụ công,DV11,Xã Mỹ Khánh,Hạ tầng giao thông,Thường,"Cầu nhỏ bắc qua kênh ở Xã Mỹ Khánh mục lan can, trẻ em đi học qua rất lo",10,10,1,
PA01366,2026-04-29,Ứng dụng di động,DV01,Phường Hoà Thuận,Vệ sinh môi trường,Khẩn,"Có hộ đổ trộm xà bần ra bãi đất trống ở Phường Hoà Thuận, đề nghị kiểm tra",5,1,1,
PA01367,2026-04-29,Cổng dịch vụ công,DV01,Phường Hoà Thuận,Hạ tầng giao thông,Thường,"Mặt đường Phường Hoà Thuận sau khi đào lắp ống nước hoàn trả không phẳng, đi rất xóc",10,6,1,
PA01368,2026-04-29,Ứng dụng di động,DV02,Phường Tân Hoà,Trật tự đô thị,Thường,Xe tải trọng lớn chạy vào đường nội bộ Phường Tân Hoà ngoài giờ quy định,10,5,1,
PA01369,2026-04-29,Văn bản giấy,DV03,Phường Đông Giang,Trật tự đô thị,Khẩn,Bãi giữ xe tự phát ở Phường Đông Giang chắn lối đi chung của khu dân cư,5,1,1,4
PA01370,2026-04-29,Văn bản giấy,DV04,Phường Nam Phong,An sinh xã hội,Thường,"Hộ cận nghèo ở Phường Nam Phong chưa nhận được hỗ trợ đợt này, đề nghị rà soát",10,10,1,4
PA01371,2026-04-29,Tổng đài 1022,DV05,Xã Bình An,Khác,Thường,Đề nghị Xã Bình An thông tin rõ kế hoạch chỉnh trang khu dân cư năm tới,10,5,1,
PA01372,2026-04-29,Cổng dịch vụ công,DV05,Xã Bình An,Hạ tầng giao thông,Khẩn,"Cầu nhỏ bắc qua kênh ở Xã Bình An mục lan can, trẻ em đi học qua rất lo",5,2,1,4
PA01373,2026-04-29,Cổng dịch vụ công,DV06,Xã Long Thành,Thủ tục hành chính,Thường,Cán bộ một cửa Xã Long Thành yêu cầu giấy tờ ngoài danh mục niêm yết,10,8,1,
PA01374,2026-04-29,Tổng đài 1022,DV10,Xã Thanh Sơn,Hạ tầng giao thông,Thường,"Đoạn đường trước Xã Thanh Sơn xuống cấp, nhiều ổ gà, xe máy tránh nhau rất nguy hiểm",10,8,1,4
PA01375,2026-04-29,Tổng đài 1022,DV11,Xã Mỹ Khánh,Trật tự đô thị,Thường,Bãi giữ xe tự phát ở Xã Mỹ Khánh chắn lối đi chung của khu dân cư,10,7,1,5
PA01376,2026-04-29,Tổng đài 1022,DV11,Xã Mỹ Khánh,Thủ tục hành chính,Khẩn,Nộp hồ sơ chứng thực tại Xã Mỹ Khánh hẹn 3 ngày nhưng quá 8 ngày chưa có kết quả,5,3,1,
PA01377,2026-04-30,Văn bản giấy,DV01,Phường Hoà Thuận,Trật tự đô thị,Thường,Xe tải trọng lớn chạy vào đường nội bộ Phường Hoà Thuận ngoài giờ quy định,10,5,1,
PA01378,2026-04-30,Ứng dụng di động,DV01,Phường Hoà Thuận,Trật tự đô thị,Thường,Hàng quán lấn chiếm vỉa hè trước cổng trường tiểu học ở Phường Hoà Thuận giờ tan học,10,10,1,5
PA01379,2026-04-30,Tiếp công dân,DV02,Phường Tân Hoà,Trật tự đô thị,Thường,Bãi giữ xe tự phát ở Phường Tân Hoà chắn lối đi chung của khu dân cư,10,38,0,1
PA01380,2026-04-30,Văn bản giấy,DV02,Phường Tân Hoà,Vệ sinh môi trường,Thường,"Có hộ đổ trộm xà bần ra bãi đất trống ở Phường Tân Hoà, đề nghị kiểm tra",10,1,1,
PA01381,2026-04-30,Văn bản giấy,DV03,Phường Đông Giang,Thủ tục hành chính,Thường,"Cổng dịch vụ công báo lỗi khi tải giấy tờ lên, gọi Phường Đông Giang không ai nghe máy",10,8,1,
PA01382,2026-04-30,Tổng đài 1022,DV04,Phường Nam Phong,Vệ sinh môi trường,Thường,"Kênh chạy qua Phường Nam Phong nổi váng đen, nghi có cơ sở xả thải ban đêm",10,8,1,
PA01383,2026-04-30,Tổng đài 1022,DV04,Phường Nam Phong,An sinh xã hội,Thường,"Danh sách nhận hỗ trợ ở Phường Nam Phong niêm yết thiếu tên, đề nghị kiểm tra lại",10,11,0,3
PA01384,2026-04-30,Tổng đài 1022,DV06,Xã Long Thành,Hạ tầng giao thông,Thường,"Mặt đường Xã Long Thành sau khi đào lắp ống nước hoàn trả không phẳng, đi rất xóc",10,5,1,
PA01385,2026-04-30,Tổng đài 1022,DV07,Xã Phú Điền,Hạ tầng giao thông,Thường,Nắp cống trên tuyến đường liên xã qua Xã Phú Điền bị vỡ đã hai tuần chưa ai sửa,10,11,0,
PA01386,2026-04-30,Tổng đài 1022,DV07,Xã Phú Điền,Thủ tục hành chính,Thường,Cán bộ một cửa Xã Phú Điền yêu cầu giấy tờ ngoài danh mục niêm yết,10,9,1,
PA01387,2026-04-30,Ứng dụng di động,DV10,Xã Thanh Sơn,Hạ tầng giao thông,Thường,"Đoạn đường trước Xã Thanh Sơn xuống cấp, nhiều ổ gà, xe máy tránh nhau rất nguy hiểm",10,12,0,4
PA01388,2026-04-30,Tổng đài 1022,DV11,Xã Mỹ Khánh,Trật tự đô thị,Thường,"Có công trình ở Xã Mỹ Khánh thi công sau 22 giờ gây ồn, đề nghị kiểm tra giấy phép",10,2,1,4
PA01389,2026-05-01,Ứng dụng di động,DV01,Phường Hoà Thuận,Khác,Thường,Góp ý Phường Hoà Thuận mở thêm khung giờ tiếp dân vào buổi chiều thứ bảy,10,9,1,
PA01390,2026-05-01,Cổng dịch vụ công,DV01,Phường Hoà Thuận,Vệ sinh môi trường,Khẩn,"Rác tồn đọng ở điểm tập kết gần chợ Phường Hoà Thuận ba ngày chưa thu gom, mùi rất nặng",5,6,0,
PA01391,2026-05-01,Tổng đài 1022,DV01,Phường Hoà Thuận,Vệ sinh môi trường,Thường,"Kênh chạy qua Phường Hoà Thuận nổi váng đen, nghi có cơ sở xả thải ban đêm",10,5,1,
PA01392,2026-05-01,Ứng dụng di động,DV02,Phường Tân Hoà,Hạ tầng giao thông,Thường,Nắp cống trên tuyến đường liên xã qua Phường Tân Hoà bị vỡ đã hai tuần chưa ai sửa,10,2,1,
PA01393,2026-05-01,Tổng đài 1022,DV02,Phường Tân Hoà,Thủ tục hành chính,Khẩn,"Cổng dịch vụ công báo lỗi khi tải giấy tờ lên, gọi Phường Tân Hoà không ai nghe máy",5,3,1,
PA01394,2026-05-01,Ứng dụng di động,DV06,Xã Long Thành,Vệ sinh môi trường,Thường,"Xe thu gom rác ở Xã Long Thành đổi giờ mà không báo, dân để rác ra đường cả buổi",10,3,1,
PA01395,2026-05-01,Cổng dịch vụ công,DV07,Xã Phú Điền,Hạ tầng giao thông,Thường,Nắp cống trên tuyến đường liên xã qua Xã Phú Điền bị vỡ đã hai tuần chưa ai sửa,10,6,1,
PA01396,2026-05-01,Cổng dịch vụ công,DV09,Xã An Cư,Vệ sinh môi trường,Thường,"Xe thu gom rác ở Xã An Cư đổi giờ mà không báo, dân để rác ra đường cả buổi",10,1,1,
PA01397,2026-05-01,Ứng dụng di động,DV11,Xã Mỹ Khánh,Trật tự đô thị,Thường,Xe tải trọng lớn chạy vào đường nội bộ Xã Mỹ Khánh ngoài giờ quy định,10,3,1,4
PA01398,2026-05-01,Văn bản giấy,DV11,Xã Mỹ Khánh,Chiếu sáng công cộng,Thường,"Ngõ vào cụm dân cư Xã Mỹ Khánh chưa có đèn chiếu sáng, đã kiến nghị hai lần",10,10,1,
PA01399,2026-05-02,Cổng dịch vụ công,DV01,Phường Hoà Thuận,Chiếu sáng công cộng,Thường,"Ngõ vào cụm dân cư Phường Hoà Thuận chưa có đèn chiếu sáng, đã kiến nghị hai lần",10,3,1,
PA01400,2026-05-02,Cổng dịch vụ công,DV02,Phường Tân Hoà,Vệ sinh môi trường,Thường,"Có hộ đổ trộm xà bần ra bãi đất trống ở Phường Tân Hoà, đề nghị kiểm tra",10,11,0,3
PA01401,2026-05-02,Tổng đài 1022,DV03,Phường Đông Giang,Thủ tục hành chính,Thường,"Cổng dịch vụ công báo lỗi khi tải giấy tờ lên, gọi Phường Đông Giang không ai nghe máy",10,3,1,3
PA01402,2026-05-02,Tổng đài 1022,DV03,Phường Đông Giang,Vệ sinh môi trường,Thường,"Rác tồn đọng ở điểm tập kết gần chợ Phường Đông Giang ba ngày chưa thu gom, mùi rất nặng",10,2,1,
PA01403,2026-05-02,Tổng đài 1022,DV03,Phường Đông Giang,Vệ sinh môi trường,Khẩn,"Rác tồn đọng ở điểm tập kết gần chợ Phường Đông Giang ba ngày chưa thu gom, mùi rất nặng",5,1,1,5
PA01404,2026-05-02,Ứng dụng di động,DV04,Phường Nam Phong,Trật tự đô thị,Thường,Xe tải trọng lớn chạy vào đường nội bộ Phường Nam Phong ngoài giờ quy định,10,11,0,
PA01405,2026-05-02,Ứng dụng di động,DV04,Phường Nam Phong,Chiếu sáng công cộng,Thường,"Ba cột đèn đường ở Phường Nam Phong cháy bóng, ban đêm tối om rất mất an toàn",10,9,1,
PA01406,2026-05-02,Tổng đài 1022,DV04,Phường Nam Phong,Hạ tầng giao thông,Thường,"Đoạn đường trước Phường Nam Phong xuống cấp, nhiều ổ gà, xe máy tránh nhau rất nguy hiểm",10,7,1,
PA01407,2026-05-02,Văn bản giấy,DV05,Xã Bình An,Hạ tầng giao thông,Thường,"Cầu nhỏ bắc qua kênh ở Xã Bình An mục lan can, trẻ em đi học qua rất lo",10,5,1,
PA01408,2026-05-02,Tổng đài 1022,DV07,Xã Phú Điền,Hạ tầng giao thông,Thường,Nắp cống trên tuyến đường liên xã qua Xã Phú Điền bị vỡ đã hai tuần chưa ai sửa,10,2,1,
PA01409,2026-05-02,Văn bản giấy,DV09,Xã An Cư,Trật tự đô thị,Thường,"Có công trình ở Xã An Cư thi công sau 22 giờ gây ồn, đề nghị kiểm tra giấy phép",10,16,0,1
PA01410,2026-05-03,Tiếp công dân,DV01,Phường Hoà Thuận,Chiếu sáng công cộng,Khẩn,"Đèn chiếu sáng khu vực Phường Hoà Thuận bật cả ban ngày, rất lãng phí điện",5,5,1,
PA01411,2026-05-03,Văn bản giấy,DV01,Phường Hoà Thuận,Hạ tầng giao thông,Khẩn,"Cầu nhỏ bắc qua kênh ở Phường Hoà Thuận mục lan can, trẻ em đi học qua rất lo",5,2,1,4
PA01412,2026-05-03,Tổng đài 1022,DV02,Phường Tân Hoà,Chiếu sáng công cộng,Thường,"Ba cột đèn đường ở Phường Tân Hoà cháy bóng, ban đêm tối om rất mất an toàn",10,7,1,
PA01413,2026-05-03,Văn bản giấy,DV02,Phường Tân Hoà,Thủ tục hành chính,Rất khẩn,Đã nộp trực tuyến nhưng Phường Tân Hoà vẫn yêu cầu nộp thêm bản giấy,2,3,0,3
PA01414,2026-05-03,Ứng dụng di động,DV03,Phường Đông Giang,Hạ tầng giao thông,Thường,"Đoạn đường trước Phường Đông Giang xuống cấp, nhiều ổ gà, xe máy tránh nhau rất nguy hiểm",10,7,1,
PA01415,2026-05-03,Tổng đài 1022,DV03,Phường Đông Giang,Khác,Khẩn,Đề nghị Phường Đông Giang thông tin rõ kế hoạch chỉnh trang khu dân cư năm tới,5,5,1,
PA01416,2026-05-03,Tổng đài 1022,DV03,Phường Đông Giang,Vệ sinh môi trường,Khẩn,"Xe thu gom rác ở Phường Đông Giang đổi giờ mà không báo, dân để rác ra đường cả buổi",5,7,0,2
PA01417,2026-05-03,Ứng dụng di động,DV05,Xã Bình An,An sinh xã hội,Khẩn,Người cao tuổi ở Xã Bình An chưa được hướng dẫn làm thủ tục trợ cấp,5,6,0,
PA01418,2026-05-03,Tổng đài 1022,DV07,Xã Phú Điền,Hạ tầng giao thông,Khẩn,Nắp cống trên tuyến đường liên xã qua Xã Phú Điền bị vỡ đã hai tuần chưa ai sửa,5,3,1,3
PA01419,2026-05-03,Ứng dụng di động,DV10,Xã Thanh Sơn,Khác,Thường,Đề nghị Xã Thanh Sơn thông tin rõ kế hoạch chỉnh trang khu dân cư năm tới,10,7,1,
PA01420,2026-05-03,Tiếp công dân,DV11,Xã Mỹ Khánh,Vệ sinh môi trường,Thường,"Có hộ đổ trộm xà bần ra bãi đất trống ở Xã Mỹ Khánh, đề nghị kiểm tra",10,5,1,
PA01421,2026-05-03,Cổng dịch vụ công,DV11,Xã Mỹ Khánh,Cấp thoát nước,Khẩn,"Nước máy ở Xã Mỹ Khánh mấy hôm nay có mùi lạ, đề nghị kiểm tra chất lượng",5,2,1,
PA01422,2026-05-04,Tổng đài 1022,DV02,Phường Tân Hoà,Chiếu sáng công cộng,Thường,"Ba cột đèn đường ở Phường Tân Hoà cháy bóng, ban đêm tối om rất mất an toàn",10,7,1,3
PA01423,2026-05-04,Tổng đài 1022,DV02,Phường Tân Hoà,Cấp thoát nước,Khẩn,"Ống nước trước nhà văn hoá Phường Tân Hoà rò rỉ, nước chảy ra đường suốt ngày",5,5,1,
PA01424,2026-05-04,Văn bản giấy,DV02,Phường Tân Hoà,Vệ sinh môi trường,Thường,"Rác tồn đọng ở điểm tập kết gần chợ Phường Tân Hoà ba ngày chưa thu gom, mùi rất nặng",10,10,1,
PA01425,2026-05-04,Tiếp công dân,DV02,Phường Tân Hoà,Cấp thoát nước,Thường,"Ống nước trước nhà văn hoá Phường Tân Hoà rò rỉ, nước chảy ra đường suốt ngày",10,13,0,3
PA01426,2026-05-04,Cổng dịch vụ công,DV02,Phường Tân Hoà,Cấp thoát nước,Thường,"Ống nước trước nhà văn hoá Phường Tân Hoà rò rỉ, nước chảy ra đường suốt ngày",10,12,0,2
PA01427,2026-05-04,Tổng đài 1022,DV03,Phường Đông Giang,Thủ tục hành chính,Thường,Cán bộ một cửa Phường Đông Giang yêu cầu giấy tờ ngoài danh mục niêm yết,10,10,1,
PA01428,2026-05-04,Ứng dụng di động,DV04,Phường Nam Phong,Hạ tầng giao thông,Thường,"Mặt đường Phường Nam Phong sau khi đào lắp ống nước hoàn trả không phẳng, đi rất xóc",10,6,1,
PA01429,2026-05-04,Tổng đài 1022,DV05,Xã Bình An,Thủ tục hành chính,Thường,"Cổng dịch vụ công báo lỗi khi tải giấy tờ lên, gọi Xã Bình An không ai nghe máy",10,10,1,5
PA01430,2026-05-04,Tổng đài 1022,DV05,Xã Bình An,Thủ tục hành chính,Thường,Đã nộp trực tuyến nhưng Xã Bình An vẫn yêu cầu nộp thêm bản giấy,10,8,1,
PA01431,2026-05-04,Ứng dụng di động,DV06,Xã Long Thành,Vệ sinh môi trường,Thường,"Rác tồn đọng ở điểm tập kết gần chợ Xã Long Thành ba ngày chưa thu gom, mùi rất nặng",10,6,1,4
PA01432,2026-05-04,Cổng dịch vụ công,DV07,Xã Phú Điền,Thủ tục hành chính,Khẩn,Nộp hồ sơ chứng thực tại Xã Phú Điền hẹn 3 ngày nhưng quá 8 ngày chưa có kết quả,5,6,0,4
PA01433,2026-05-05,Tổng đài 1022,DV02,Phường Tân Hoà,Hạ tầng giao thông,Rất khẩn,"Mặt đường Phường Tân Hoà sau khi đào lắp ống nước hoàn trả không phẳng, đi rất xóc",2,1,1,5
PA01434,2026-05-05,Tổng đài 1022,DV02,Phường Tân Hoà,Hạ tầng giao thông,Thường,"Mặt đường Phường Tân Hoà sau khi đào lắp ống nước hoàn trả không phẳng, đi rất xóc",10,9,1,
PA01435,2026-05-05,Tổng đài 1022,DV02,Phường Tân Hoà,Chiếu sáng công cộng,Khẩn,"Ngõ vào cụm dân cư Phường Tân Hoà chưa có đèn chiếu sáng, đã kiến nghị hai lần",5,5,1,
PA01436,2026-05-05,Tổng đài 1022,DV03,Phường Đông Giang,Vệ sinh môi trường,Thường,"Rác tồn đọng ở điểm tập kết gần chợ Phường Đông Giang ba ngày chưa thu gom, mùi rất nặng",10,17,0,1
PA01437,2026-05-05,Ứng dụng di động,DV04,Phường Nam Phong,Vệ sinh môi trường,Thường,"Rác tồn đọng ở điểm tập kết gần chợ Phường Nam Phong ba ngày chưa thu gom, mùi rất nặng",10,9,1,
PA01438,2026-05-05,Tổng đài 1022,DV05,Xã Bình An,Vệ sinh môi trường,Khẩn,"Kênh chạy qua Xã Bình An nổi váng đen, nghi có cơ sở xả thải ban đêm",5,5,1,
PA01439,2026-05-05,Tổng đài 1022,DV06,Xã Long Thành,Trật tự đô thị,Thường,Xe tải trọng lớn chạy vào đường nội bộ Xã Long Thành ngoài giờ quy định,10,16,0,3
PA01440,2026-05-05,Tổng đài 1022,DV10,Xã Thanh Sơn,Cấp thoát nước,Khẩn,"Nước máy ở Xã Thanh Sơn mấy hôm nay có mùi lạ, đề nghị kiểm tra chất lượng",5,3,1,5
PA01441,2026-05-05,Ứng dụng di động,DV11,Xã Mỹ Khánh,Cấp thoát nước,Thường,"Khu dân cư Xã Mỹ Khánh mất nước từ sáng đến chiều, không thấy thông báo trước",10,8,1,4
PA01442,2026-05-06,Tổng đài 1022,DV01,Phường Hoà Thuận,An sinh xã hội,Thường,"Hộ cận nghèo ở Phường Hoà Thuận chưa nhận được hỗ trợ đợt này, đề nghị rà soát",10,9,1,
PA01443,2026-05-06,Tiếp công dân,DV01,Phường Hoà Thuận,Cấp thoát nước,Rất khẩn,"Ống nước trước nhà văn hoá Phường Hoà Thuận rò rỉ, nước chảy ra đường suốt ngày",2,1,1,4
PA01444,2026-05-06,Ứng dụng di động,DV02,Phường Tân Hoà,Vệ sinh môi trường,Thường,"Kênh chạy qua Phường Tân Hoà nổi váng đen, nghi có cơ sở xả thải ban đêm",10,10,1,
PA01445,2026-05-06,Ứng dụng di động,DV02,Phường Tân Hoà,Thủ tục hành chính,Khẩn,Đã nộp trực tuyến nhưng Phường Tân Hoà vẫn yêu cầu nộp thêm bản giấy,5,5,1,
PA01446,2026-05-06,Tổng đài 1022,DV03,Phường Đông Giang,Hạ tầng giao thông,Thường,"Cầu nhỏ bắc qua kênh ở Phường Đông Giang mục lan can, trẻ em đi học qua rất lo",10,11,0,2
PA01447,2026-05-06,Tổng đài 1022,DV03,Phường Đông Giang,Hạ tầng giao thông,Thường,"Cầu nhỏ bắc qua kênh ở Phường Đông Giang mục lan can, trẻ em đi học qua rất lo",10,8,1,
PA01448,2026-05-06,Văn bản giấy,DV05,Xã Bình An,Trật tự đô thị,Thường,Hàng quán lấn chiếm vỉa hè trước cổng trường tiểu học ở Xã Bình An giờ tan học,10,11,0,3
PA01449,2026-05-06,Cổng dịch vụ công,DV08,Xã Vĩnh Lộc,Trật tự đô thị,Thường,Hàng quán lấn chiếm vỉa hè trước cổng trường tiểu học ở Xã Vĩnh Lộc giờ tan học,10,6,1,5
PA01450,2026-05-06,Tổng đài 1022,DV08,Xã Vĩnh Lộc,Chiếu sáng công cộng,Khẩn,"Đèn chiếu sáng khu vực Xã Vĩnh Lộc bật cả ban ngày, rất lãng phí điện",5,2,1,
PA01451,2026-05-06,Cổng dịch vụ công,DV12,Xã Hương Trà,Vệ sinh môi trường,Khẩn,"Rác tồn đọng ở điểm tập kết gần chợ Xã Hương Trà ba ngày chưa thu gom, mùi rất nặng",5,6,0,3
PA01452,2026-05-07,Tổng đài 1022,DV02,Phường Tân Hoà,Trật tự đô thị,Khẩn,Bãi giữ xe tự phát ở Phường Tân Hoà chắn lối đi chung của khu dân cư,5,3,1,4
PA01453,2026-05-07,Ứng dụng di động,DV02,Phường Tân Hoà,Hạ tầng giao thông,Thường,"Đoạn đường trước Phường Tân Hoà xuống cấp, nhiều ổ gà, xe máy tránh nhau rất nguy hiểm",10,2,1,
PA01454,2026-05-07,Cổng dịch vụ công,DV02,Phường Tân Hoà,Cấp thoát nước,Thường,"Ống nước trước nhà văn hoá Phường Tân Hoà rò rỉ, nước chảy ra đường suốt ngày",10,5,1,4
PA01455,2026-05-07,Tổng đài 1022,DV02,Phường Tân Hoà,Hạ tầng giao thông,Thường,Nắp cống trên tuyến đường liên xã qua Phường Tân Hoà bị vỡ đã hai tuần chưa ai sửa,10,9,1,5
PA01456,2026-05-07,Tiếp công dân,DV03,Phường Đông Giang,Trật tự đô thị,Thường,"Có công trình ở Phường Đông Giang thi công sau 22 giờ gây ồn, đề nghị kiểm tra giấy phép",10,11,0,
PA01457,2026-05-07,Tổng đài 1022,DV04,Phường Nam Phong,Hạ tầng giao thông,Thường,"Đoạn đường trước Phường Nam Phong xuống cấp, nhiều ổ gà, xe máy tránh nhau rất nguy hiểm",10,9,1,4
PA01458,2026-05-07,Văn bản giấy,DV04,Phường Nam Phong,Trật tự đô thị,Thường,Xe tải trọng lớn chạy vào đường nội bộ Phường Nam Phong ngoài giờ quy định,10,2,1,4
PA01459,2026-05-07,Ứng dụng di động,DV04,Phường Nam Phong,Thủ tục hành chính,Khẩn,Đã nộp trực tuyến nhưng Phường Nam Phong vẫn yêu cầu nộp thêm bản giấy,5,2,1,5
PA01460,2026-05-07,Ứng dụng di động,DV05,Xã Bình An,Hạ tầng giao thông,Thường,"Cầu nhỏ bắc qua kênh ở Xã Bình An mục lan can, trẻ em đi học qua rất lo",10,7,1,
PA01461,2026-05-07,Tổng đài 1022,DV10,Xã Thanh Sơn,Vệ sinh môi trường,Thường,"Xe thu gom rác ở Xã Thanh Sơn đổi giờ mà không báo, dân để rác ra đường cả buổi",10,12,0,3
PA01462,2026-05-07,Ứng dụng di động,DV11,Xã Mỹ Khánh,Cấp thoát nước,Thường,"Ống nước trước nhà văn hoá Xã Mỹ Khánh rò rỉ, nước chảy ra đường suốt ngày",10,9,1,4
PA01463,2026-05-07,Tổng đài 1022,DV12,Xã Hương Trà,Vệ sinh môi trường,Khẩn,"Xe thu gom rác ở Xã Hương Trà đổi giờ mà không báo, dân để rác ra đường cả buổi",5,6,0,1
PA01464,2026-05-08,Tổng đài 1022,DV01,Phường Hoà Thuận,Cấp thoát nước,Khẩn,"Ống nước trước nhà văn hoá Phường Hoà Thuận rò rỉ, nước chảy ra đường suốt ngày",5,3,1,
PA01465,2026-05-08,Ứng dụng di động,DV01,Phường Hoà Thuận,Vệ sinh môi trường,Khẩn,"Rác tồn đọng ở điểm tập kết gần chợ Phường Hoà Thuận ba ngày chưa thu gom, mùi rất nặng",5,4,1,
PA01466,2026-05-08,Cổng dịch vụ công,DV01,Phường Hoà Thuận,Hạ tầng giao thông,Khẩn,Nắp cống trên tuyến đường liên xã qua Phường Hoà Thuận bị vỡ đã hai tuần chưa ai sửa,5,3,1,
PA01467,2026-05-08,Tổng đài 1022,DV01,Phường Hoà Thuận,Trật tự đô thị,Khẩn,Bãi giữ xe tự phát ở Phường Hoà Thuận chắn lối đi chung của khu dân cư,5,3,1,
PA01468,2026-05-08,Tổng đài 1022,DV02,Phường Tân Hoà,Vệ sinh môi trường,Khẩn,"Kênh chạy qua Phường Tân Hoà nổi váng đen, nghi có cơ sở xả thải ban đêm",5,5,1,
PA01469,2026-05-08,Tổng đài 1022,DV04,Phường Nam Phong,Trật tự đô thị,Thường,"Có công trình ở Phường Nam Phong thi công sau 22 giờ gây ồn, đề nghị kiểm tra giấy phép",10,8,1,3
PA01470,2026-05-08,Tổng đài 1022,DV05,Xã Bình An,Hạ tầng giao thông,Thường,Nắp cống trên tuyến đường liên xã qua Xã Bình An bị vỡ đã hai tuần chưa ai sửa,10,11,0,2
PA01471,2026-05-08,Tổng đài 1022,DV06,Xã Long Thành,Cấp thoát nước,Thường,"Mưa là ngập cả tuyến ở Xã Long Thành, cống thoát nghẹt không rút được",10,11,0,
PA01472,2026-05-08,Tổng đài 1022,DV08,Xã Vĩnh Lộc,Cấp thoát nước,Thường,"Mưa là ngập cả tuyến ở Xã Vĩnh Lộc, cống thoát nghẹt không rút được",10,5,1,3
PA01473,2026-05-08,Tổng đài 1022,DV11,Xã Mỹ Khánh,Chiếu sáng công cộng,Thường,"Ba cột đèn đường ở Xã Mỹ Khánh cháy bóng, ban đêm tối om rất mất an toàn",10,5,1,5
PA01474,2026-05-09,Tổng đài 1022,DV02,Phường Tân Hoà,Vệ sinh môi trường,Thường,"Xe thu gom rác ở Phường Tân Hoà đổi giờ mà không báo, dân để rác ra đường cả buổi",10,9,1,
PA01475,2026-05-09,Cổng dịch vụ công,DV02,Phường Tân Hoà,Vệ sinh môi trường,Thường,"Có hộ đổ trộm xà bần ra bãi đất trống ở Phường Tân Hoà, đề nghị kiểm tra",10,1,1,
PA01476,2026-05-09,Cổng dịch vụ công,DV02,Phường Tân Hoà,Hạ tầng giao thông,Thường,"Cầu nhỏ bắc qua kênh ở Phường Tân Hoà mục lan can, trẻ em đi học qua rất lo",10,8,1,
PA01477,2026-05-09,Tổng đài 1022,DV02,Phường Tân Hoà,Trật tự đô thị,Rất khẩn,Hàng quán lấn chiếm vỉa hè trước cổng trường tiểu học ở Phường Tân Hoà giờ tan học,2,3,0,
PA01478,2026-05-09,Tổng đài 1022,DV03,Phường Đông Giang,Vệ sinh môi trường,Thường,"Có hộ đổ trộm xà bần ra bãi đất trống ở Phường Đông Giang, đề nghị kiểm tra",10,11,0,
PA01479,2026-05-09,Tổng đài 1022,DV03,Phường Đông Giang,Vệ sinh môi trường,Thường,"Xe thu gom rác ở Phường Đông Giang đổi giờ mà không báo, dân để rác ra đường cả buổi",10,9,1,5
PA01480,2026-05-09,Tiếp công dân,DV05,Xã Bình An,Vệ sinh môi trường,Khẩn,"Rác tồn đọng ở điểm tập kết gần chợ Xã Bình An ba ngày chưa thu gom, mùi rất nặng",5,3,1,4
PA01481,2026-05-09,Tổng đài 1022,DV11,Xã Mỹ Khánh,Cấp thoát nước,Thường,"Khu dân cư Xã Mỹ Khánh mất nước từ sáng đến chiều, không thấy thông báo trước",10,14,0,
PA01482,2026-05-10,Cổng dịch vụ công,DV02,Phường Tân Hoà,Thủ tục hành chính,Thường,Đã nộp trực tuyến nhưng Phường Tân Hoà vẫn yêu cầu nộp thêm bản giấy,10,4,1,
PA01483,2026-05-10,Ứng dụng di động,DV03,Phường Đông Giang,Trật tự đô thị,Thường,Bãi giữ xe tự phát ở Phường Đông Giang chắn lối đi chung của khu dân cư,10,12,0,
PA01484,2026-05-10,Ứng dụng di động,DV03,Phường Đông Giang,Vệ sinh môi trường,Thường,"Rác tồn đọng ở điểm tập kết gần chợ Phường Đông Giang ba ngày chưa thu gom, mùi rất nặng",10,29,0,
PA01485,2026-05-10,Tổng đài 1022,DV04,Phường Nam Phong,Cấp thoát nước,Thường,"Khu dân cư Phường Nam Phong mất nước từ sáng đến chiều, không thấy thông báo trước",10,8,1,
PA01486,2026-05-10,Cổng dịch vụ công,DV05,Xã Bình An,Hạ tầng giao thông,Thường,Nắp cống trên tuyến đường liên xã qua Xã Bình An bị vỡ đã hai tuần chưa ai sửa,10,9,1,5
PA01487,2026-05-10,Tổng đài 1022,DV07,Xã Phú Điền,Vệ sinh môi trường,Thường,"Xe thu gom rác ở Xã Phú Điền đổi giờ mà không báo, dân để rác ra đường cả buổi",10,9,1,
PA01488,2026-05-10,Ứng dụng di động,DV10,Xã Thanh Sơn,Thủ tục hành chính,Thường,Nộp hồ sơ chứng thực tại Xã Thanh Sơn hẹn 3 ngày nhưng quá 8 ngày chưa có kết quả,10,14,0,5
PA01489,2026-05-10,Tổng đài 1022,DV12,Xã Hương Trà,Thủ tục hành chính,Thường,Nộp hồ sơ chứng thực tại Xã Hương Trà hẹn 3 ngày nhưng quá 8 ngày chưa có kết quả,10,3,1,
PA01490,2026-05-11,Tổng đài 1022,DV02,Phường Tân Hoà,Trật tự đô thị,Khẩn,Bãi giữ xe tự phát ở Phường Tân Hoà chắn lối đi chung của khu dân cư,5,4,1,
PA01491,2026-05-11,Văn bản giấy,DV03,Phường Đông Giang,Khác,Khẩn,Góp ý Phường Đông Giang mở thêm khung giờ tiếp dân vào buổi chiều thứ bảy,5,2,1,
PA01492,2026-05-11,Tổng đài 1022,DV03,Phường Đông Giang,Chiếu sáng công cộng,Thường,"Ngõ vào cụm dân cư Phường Đông Giang chưa có đèn chiếu sáng, đã kiến nghị hai lần",10,3,1,4
PA01493,2026-05-11,Tổng đài 1022,DV03,Phường Đông Giang,An sinh xã hội,Thường,Người cao tuổi ở Phường Đông Giang chưa được hướng dẫn làm thủ tục trợ cấp,10,6,1,4
PA01494,2026-05-11,Ứng dụng di động,DV04,Phường Nam Phong,Vệ sinh môi trường,Thường,"Xe thu gom rác ở Phường Nam Phong đổi giờ mà không báo, dân để rác ra đường cả buổi",10,8,1,
PA01495,2026-05-11,Tổng đài 1022,DV04,Phường Nam Phong,Vệ sinh môi trường,Thường,"Xe thu gom rác ở Phường Nam Phong đổi giờ mà không báo, dân để rác ra đường cả buổi",10,6,1,
PA01496,2026-05-11,Tổng đài 1022,DV06,Xã Long Thành,Cấp thoát nước,Thường,"Khu dân cư Xã Long Thành mất nước từ sáng đến chiều, không thấy thông báo trước",10,10,1,
PA01497,2026-05-11,Cổng dịch vụ công,DV07,Xã Phú Điền,Hạ tầng giao thông,Thường,"Cầu nhỏ bắc qua kênh ở Xã Phú Điền mục lan can, trẻ em đi học qua rất lo",10,4,1,
PA01498,2026-05-11,Tổng đài 1022,DV07,Xã Phú Điền,Trật tự đô thị,Thường,"Có công trình ở Xã Phú Điền thi công sau 22 giờ gây ồn, đề nghị kiểm tra giấy phép",10,13,0,2
PA01499,2026-05-11,Ứng dụng di động,DV11,Xã Mỹ Khánh,Vệ sinh môi trường,Thường,"Có hộ đổ trộm xà bần ra bãi đất trống ở Xã Mỹ Khánh, đề nghị kiểm tra",10,8,1,
PA01500,2026-05-12,Tổng đài 1022,DV01,Phường Hoà Thuận,Trật tự đô thị,Khẩn,Bãi giữ xe tự phát ở Phường Hoà Thuận chắn lối đi chung của khu dân cư,5,6,0,3
PA01501,2026-05-12,Ứng dụng di động,DV01,Phường Hoà Thuận,Vệ sinh môi trường,Khẩn,"Rác tồn đọng ở điểm tập kết gần chợ Phường Hoà Thuận ba ngày chưa thu gom, mùi rất nặng",5,4,1,
PA01502,2026-05-12,Tổng đài 1022,DV01,Phường Hoà Thuận,Chiếu sáng công cộng,Thường,"Ngõ vào cụm dân cư Phường Hoà Thuận chưa có đèn chiếu sáng, đã kiến nghị hai lần",10,6,1,
PA01503,2026-05-12,Tổng đài 1022,DV01,Phường Hoà Thuận,Vệ sinh môi trường,Thường,"Rác tồn đọng ở điểm tập kết gần chợ Phường Hoà Thuận ba ngày chưa thu gom, mùi rất nặng",10,8,1,
PA01504,2026-05-12,Tổng đài 1022,DV02,Phường Tân Hoà,Hạ tầng giao thông,Thường,"Cầu nhỏ bắc qua kênh ở Phường Tân Hoà mục lan can, trẻ em đi học qua rất lo",10,2,1,
PA01505,2026-05-12,Tổng đài 1022,DV02,Phường Tân Hoà,Hạ tầng giao thông,Thường,Nắp cống trên tuyến đường liên xã qua Phường Tân Hoà bị vỡ đã hai tuần chưa ai sửa,10,5,1,3
PA01506,2026-05-12,Ứng dụng di động,DV02,Phường Tân Hoà,Trật tự đô thị,Thường,Xe tải trọng lớn chạy vào đường nội bộ Phường Tân Hoà ngoài giờ quy định,10,14,0,3
PA01507,2026-05-12,Văn bản giấy,DV03,Phường Đông Giang,Hạ tầng giao thông,Thường,"Cầu nhỏ bắc qua kênh ở Phường Đông Giang mục lan can, trẻ em đi học qua rất lo",10,9,1,5
PA01508,2026-05-12,Tổng đài 1022,DV03,Phường Đông Giang,Khác,Thường,Đề nghị Phường Đông Giang thông tin rõ kế hoạch chỉnh trang khu dân cư năm tới,10,1,1,
PA01509,2026-05-12,Tổng đài 1022,DV06,Xã Long Thành,Hạ tầng giao thông,Thường,Nắp cống trên tuyến đường liên xã qua Xã Long Thành bị vỡ đã hai tuần chưa ai sửa,10,8,1,
PA01510,2026-05-12,Văn bản giấy,DV07,Xã Phú Điền,Vệ sinh môi trường,Thường,"Có hộ đổ trộm xà bần ra bãi đất trống ở Xã Phú Điền, đề nghị kiểm tra",10,8,1,
PA01511,2026-05-12,Ứng dụng di động,DV08,Xã Vĩnh Lộc,Thủ tục hành chính,Thường,Cán bộ một cửa Xã Vĩnh Lộc yêu cầu giấy tờ ngoài danh mục niêm yết,10,9,1,5
PA01512,2026-05-12,Cổng dịch vụ công,DV08,Xã Vĩnh Lộc,Hạ tầng giao thông,Thường,Nắp cống trên tuyến đường liên xã qua Xã Vĩnh Lộc bị vỡ đã hai tuần chưa ai sửa,10,4,1,
PA01513,2026-05-12,Cổng dịch vụ công,DV11,Xã Mỹ Khánh,Hạ tầng giao thông,Thường,"Đoạn đường trước Xã Mỹ Khánh xuống cấp, nhiều ổ gà, xe máy tránh nhau rất nguy hiểm",10,8,1,3
PA01514,2026-05-12,Văn bản giấy,DV11,Xã Mỹ Khánh,An sinh xã hội,Khẩn,"Danh sách nhận hỗ trợ ở Xã Mỹ Khánh niêm yết thiếu tên, đề nghị kiểm tra lại",5,2,1,
PA01515,2026-05-13,Tổng đài 1022,DV02,Phường Tân Hoà,Vệ sinh môi trường,Khẩn,"Có hộ đổ trộm xà bần ra bãi đất trống ở Phường Tân Hoà, đề nghị kiểm tra",5,4,1,5
PA01516,2026-05-13,Tổng đài 1022,DV03,Phường Đông Giang,Vệ sinh môi trường,Khẩn,"Xe thu gom rác ở Phường Đông Giang đổi giờ mà không báo, dân để rác ra đường cả buổi",5,6,0,4
PA01517,2026-05-13,Cổng dịch vụ công,DV04,Phường Nam Phong,Hạ tầng giao thông,Thường,Nắp cống trên tuyến đường liên xã qua Phường Nam Phong bị vỡ đã hai tuần chưa ai sửa,10,8,1,
PA01518,2026-05-13,Tổng đài 1022,DV04,Phường Nam Phong,Vệ sinh môi trường,Khẩn,"Rác tồn đọng ở điểm tập kết gần chợ Phường Nam Phong ba ngày chưa thu gom, mùi rất nặng",5,4,1,4
PA01519,2026-05-13,Cổng dịch vụ công,DV04,Phường Nam Phong,Vệ sinh môi trường,Thường,"Rác tồn đọng ở điểm tập kết gần chợ Phường Nam Phong ba ngày chưa thu gom, mùi rất nặng",10,9,1,
PA01520,2026-05-13,Tổng đài 1022,DV06,Xã Long Thành,Khác,Thường,Góp ý Xã Long Thành mở thêm khung giờ tiếp dân vào buổi chiều thứ bảy,10,18,0,
PA01521,2026-05-13,Cổng dịch vụ công,DV07,Xã Phú Điền,Chiếu sáng công cộng,Thường,"Ngõ vào cụm dân cư Xã Phú Điền chưa có đèn chiếu sáng, đã kiến nghị hai lần",10,6,1,4
PA01522,2026-05-13,Cổng dịch vụ công,DV08,Xã Vĩnh Lộc,Chiếu sáng công cộng,Thường,"Đèn chiếu sáng khu vực Xã Vĩnh Lộc bật cả ban ngày, rất lãng phí điện",10,9,1,
PA01523,2026-05-14,Văn bản giấy,DV01,Phường Hoà Thuận,An sinh xã hội,Khẩn,"Danh sách nhận hỗ trợ ở Phường Hoà Thuận niêm yết thiếu tên, đề nghị kiểm tra lại",5,7,0,3
PA01524,2026-05-14,Cổng dịch vụ công,DV02,Phường Tân Hoà,Trật tự đô thị,Khẩn,"Có công trình ở Phường Tân Hoà thi công sau 22 giờ gây ồn, đề nghị kiểm tra giấy phép",5,11,0,
PA01525,2026-05-14,Tổng đài 1022,DV02,Phường Tân Hoà,Vệ sinh môi trường,Thường,"Rác tồn đọng ở điểm tập kết gần chợ Phường Tân Hoà ba ngày chưa thu gom, mùi rất nặng",10,9,1,
PA01526,2026-05-14,Tổng đài 1022,DV03,Phường Đông Giang,Hạ tầng giao thông,Thường,Nắp cống trên tuyến đường liên xã qua Phường Đông Giang bị vỡ đã hai tuần chưa ai sửa,10,7,1,
PA01527,2026-05-14,Cổng dịch vụ công,DV03,Phường Đông Giang,Khác,Khẩn,Góp ý Phường Đông Giang mở thêm khung giờ tiếp dân vào buổi chiều thứ bảy,5,1,1,
PA01528,2026-05-14,Ứng dụng di động,DV04,Phường Nam Phong,Hạ tầng giao thông,Thường,"Mặt đường Phường Nam Phong sau khi đào lắp ống nước hoàn trả không phẳng, đi rất xóc",10,10,1,5
PA01529,2026-05-14,Tổng đài 1022,DV07,Xã Phú Điền,Cấp thoát nước,Thường,"Khu dân cư Xã Phú Điền mất nước từ sáng đến chiều, không thấy thông báo trước",10,9,1,4
PA01530,2026-05-14,Tổng đài 1022,DV07,Xã Phú Điền,Khác,Thường,Đề nghị Xã Phú Điền thông tin rõ kế hoạch chỉnh trang khu dân cư năm tới,10,6,1,4
PA01531,2026-05-14,Tổng đài 1022,DV08,Xã Vĩnh Lộc,An sinh xã hội,Khẩn,"Danh sách nhận hỗ trợ ở Xã Vĩnh Lộc niêm yết thiếu tên, đề nghị kiểm tra lại",5,5,1,3
PA01532,2026-05-14,Ứng dụng di động,DV09,Xã An Cư,Hạ tầng giao thông,Khẩn,"Cầu nhỏ bắc qua kênh ở Xã An Cư mục lan can, trẻ em đi học qua rất lo",5,5,1,
PA01533,2026-05-14,Ứng dụng di động,DV09,Xã An Cư,An sinh xã hội,Thường,Người cao tuổi ở Xã An Cư chưa được hướng dẫn làm thủ tục trợ cấp,10,10,1,
PA01534,2026-05-14,Ứng dụng di động,DV09,Xã An Cư,Cấp thoát nước,Thường,"Khu dân cư Xã An Cư mất nước từ sáng đến chiều, không thấy thông báo trước",10,12,0,
PA01535,2026-05-15,Tổng đài 1022,DV01,Phường Hoà Thuận,Thủ tục hành chính,Khẩn,Nộp hồ sơ chứng thực tại Phường Hoà Thuận hẹn 3 ngày nhưng quá 8 ngày chưa có kết quả,5,2,1,
PA01536,2026-05-15,Văn bản giấy,DV01,Phường Hoà Thuận,Thủ tục hành chính,Thường,Nộp hồ sơ chứng thực tại Phường Hoà Thuận hẹn 3 ngày nhưng quá 8 ngày chưa có kết quả,10,5,1,
PA01537,2026-05-15,Tổng đài 1022,DV01,Phường Hoà Thuận,Trật tự đô thị,Khẩn,Bãi giữ xe tự phát ở Phường Hoà Thuận chắn lối đi chung của khu dân cư,5,6,0,3
PA01538,2026-05-15,Tiếp công dân,DV02,Phường Tân Hoà,An sinh xã hội,Thường,"Danh sách nhận hỗ trợ ở Phường Tân Hoà niêm yết thiếu tên, đề nghị kiểm tra lại",10,2,1,3
PA01539,2026-05-15,Tổng đài 1022,DV02,Phường Tân Hoà,Trật tự đô thị,Thường,"Có công trình ở Phường Tân Hoà thi công sau 22 giờ gây ồn, đề nghị kiểm tra giấy phép",10,11,0,3
PA01540,2026-05-15,Ứng dụng di động,DV03,Phường Đông Giang,Trật tự đô thị,Thường,Hàng quán lấn chiếm vỉa hè trước cổng trường tiểu học ở Phường Đông Giang giờ tan học,10,8,1,5
PA01541,2026-05-15,Tổng đài 1022,DV03,Phường Đông Giang,Khác,Thường,Góp ý Phường Đông Giang mở thêm khung giờ tiếp dân vào buổi chiều thứ bảy,10,7,1,4
PA01542,2026-05-15,Tổng đài 1022,DV04,Phường Nam Phong,Chiếu sáng công cộng,Thường,"Ba cột đèn đường ở Phường Nam Phong cháy bóng, ban đêm tối om rất mất an toàn",10,9,1,4
PA01543,2026-05-15,Văn bản giấy,DV05,Xã Bình An,Vệ sinh môi trường,Thường,"Có hộ đổ trộm xà bần ra bãi đất trống ở Xã Bình An, đề nghị kiểm tra",10,4,1,
PA01544,2026-05-15,Ứng dụng di động,DV05,Xã Bình An,Chiếu sáng công cộng,Thường,"Ngõ vào cụm dân cư Xã Bình An chưa có đèn chiếu sáng, đã kiến nghị hai lần",10,8,1,
PA01545,2026-05-15,Ứng dụng di động,DV06,Xã Long Thành,Trật tự đô thị,Thường,Bãi giữ xe tự phát ở Xã Long Thành chắn lối đi chung của khu dân cư,10,3,1,5
PA01546,2026-05-15,Tổng đài 1022,DV06,Xã Long Thành,Chiếu sáng công cộng,Thường,"Ngõ vào cụm dân cư Xã Long Thành chưa có đèn chiếu sáng, đã kiến nghị hai lần",10,7,1,
PA01547,2026-05-15,Tổng đài 1022,DV08,Xã Vĩnh Lộc,Cấp thoát nước,Thường,"Mưa là ngập cả tuyến ở Xã Vĩnh Lộc, cống thoát nghẹt không rút được",10,9,1,4
PA01548,2026-05-15,Văn bản giấy,DV08,Xã Vĩnh Lộc,Hạ tầng giao thông,Thường,"Mặt đường Xã Vĩnh Lộc sau khi đào lắp ống nước hoàn trả không phẳng, đi rất xóc",10,13,0,
PA01549,2026-05-15,Tổng đài 1022,DV09,Xã An Cư,Vệ sinh môi trường,Khẩn,"Có hộ đổ trộm xà bần ra bãi đất trống ở Xã An Cư, đề nghị kiểm tra",5,6,0,
PA01550,2026-05-16,Văn bản giấy,DV02,Phường Tân Hoà,Vệ sinh môi trường,Khẩn,"Xe thu gom rác ở Phường Tân Hoà đổi giờ mà không báo, dân để rác ra đường cả buổi",5,1,1,
PA01551,2026-05-16,Cổng dịch vụ công,DV03,Phường Đông Giang,Cấp thoát nước,Thường,"Ống nước trước nhà văn hoá Phường Đông Giang rò rỉ, nước chảy ra đường suốt ngày",10,12,0,
PA01552,2026-05-16,Tổng đài 1022,DV03,Phường Đông Giang,An sinh xã hội,Thường,"Danh sách nhận hỗ trợ ở Phường Đông Giang niêm yết thiếu tên, đề nghị kiểm tra lại",10,5,1,
PA01553,2026-05-16,Cổng dịch vụ công,DV03,Phường Đông Giang,Trật tự đô thị,Thường,Bãi giữ xe tự phát ở Phường Đông Giang chắn lối đi chung của khu dân cư,10,2,1,4
PA01554,2026-05-16,Tổng đài 1022,DV04,Phường Nam Phong,Trật tự đô thị,Thường,Xe tải trọng lớn chạy vào đường nội bộ Phường Nam Phong ngoài giờ quy định,10,12,0,
PA01555,2026-05-16,Cổng dịch vụ công,DV04,Phường Nam Phong,Hạ tầng giao thông,Thường,Nắp cống trên tuyến đường liên xã qua Phường Nam Phong bị vỡ đã hai tuần chưa ai sửa,10,9,1,5
PA01556,2026-05-16,Tổng đài 1022,DV05,Xã Bình An,Hạ tầng giao thông,Thường,"Mặt đường Xã Bình An sau khi đào lắp ống nước hoàn trả không phẳng, đi rất xóc",10,10,1,4
PA01557,2026-05-16,Tổng đài 1022,DV07,Xã Phú Điền,Chiếu sáng công cộng,Khẩn,"Đèn chiếu sáng khu vực Xã Phú Điền bật cả ban ngày, rất lãng phí điện",5,3,1,5
PA01558,2026-05-16,Tổng đài 1022,DV09,Xã An Cư,An sinh xã hội,Thường,"Hộ cận nghèo ở Xã An Cư chưa nhận được hỗ trợ đợt này, đề nghị rà soát",10,5,1,
PA01559,2026-05-16,Văn bản giấy,DV11,Xã Mỹ Khánh,Cấp thoát nước,Thường,"Ống nước trước nhà văn hoá Xã Mỹ Khánh rò rỉ, nước chảy ra đường suốt ngày",10,4,1,
PA01560,2026-05-16,Tổng đài 1022,DV11,Xã Mỹ Khánh,Hạ tầng giao thông,Thường,Nắp cống trên tuyến đường liên xã qua Xã Mỹ Khánh bị vỡ đã hai tuần chưa ai sửa,10,11,0,3
PA01561,2026-05-17,Văn bản giấy,DV01,Phường Hoà Thuận,Hạ tầng giao thông,Thường,Nắp cống trên tuyến đường liên xã qua Phường Hoà Thuận bị vỡ đã hai tuần chưa ai sửa,10,5,1,4
PA01562,2026-05-17,Ứng dụng di động,DV01,Phường Hoà Thuận,Trật tự đô thị,Thường,Bãi giữ xe tự phát ở Phường Hoà Thuận chắn lối đi chung của khu dân cư,10,6,1,
PA01563,2026-05-17,Tổng đài 1022,DV02,Phường Tân Hoà,Hạ tầng giao thông,Thường,"Mặt đường Phường Tân Hoà sau khi đào lắp ống nước hoàn trả không phẳng, đi rất xóc",10,10,1,
PA01564,2026-05-17,Cổng dịch vụ công,DV02,Phường Tân Hoà,Vệ sinh môi trường,Thường,"Kênh chạy qua Phường Tân Hoà nổi váng đen, nghi có cơ sở xả thải ban đêm",10,6,1,4
PA01565,2026-05-17,Tổng đài 1022,DV02,Phường Tân Hoà,Hạ tầng giao thông,Thường,Nắp cống trên tuyến đường liên xã qua Phường Tân Hoà bị vỡ đã hai tuần chưa ai sửa,10,7,1,
PA01566,2026-05-17,Văn bản giấy,DV04,Phường Nam Phong,Chiếu sáng công cộng,Thường,"Ba cột đèn đường ở Phường Nam Phong cháy bóng, ban đêm tối om rất mất an toàn",10,6,1,5
PA01567,2026-05-17,Tổng đài 1022,DV04,Phường Nam Phong,Vệ sinh môi trường,Khẩn,"Kênh chạy qua Phường Nam Phong nổi váng đen, nghi có cơ sở xả thải ban đêm",5,1,1,4
PA01568,2026-05-17,Tổng đài 1022,DV10,Xã Thanh Sơn,Cấp thoát nước,Thường,"Ống nước trước nhà văn hoá Xã Thanh Sơn rò rỉ, nước chảy ra đường suốt ngày",10,3,1,4
PA01569,2026-05-17,Cổng dịch vụ công,DV11,Xã Mỹ Khánh,Vệ sinh môi trường,Thường,"Xe thu gom rác ở Xã Mỹ Khánh đổi giờ mà không báo, dân để rác ra đường cả buổi",10,13,0,3
PA01570,2026-05-17,Văn bản giấy,DV12,Xã Hương Trà,Cấp thoát nước,Thường,"Ống nước trước nhà văn hoá Xã Hương Trà rò rỉ, nước chảy ra đường suốt ngày",10,9,1,5
PA01571,2026-05-18,Cổng dịch vụ công,DV01,Phường Hoà Thuận,Vệ sinh môi trường,Thường,"Kênh chạy qua Phường Hoà Thuận nổi váng đen, nghi có cơ sở xả thải ban đêm",10,9,1,5
PA01572,2026-05-18,Tổng đài 1022,DV02,Phường Tân Hoà,Khác,Thường,Đề nghị Phường Tân Hoà thông tin rõ kế hoạch chỉnh trang khu dân cư năm tới,10,8,1,
PA01573,2026-05-18,Ứng dụng di động,DV02,Phường Tân Hoà,Hạ tầng giao thông,Thường,"Đoạn đường trước Phường Tân Hoà xuống cấp, nhiều ổ gà, xe máy tránh nhau rất nguy hiểm",10,1,1,4
PA01574,2026-05-18,Ứng dụng di động,DV02,Phường Tân Hoà,Khác,Khẩn,Góp ý Phường Tân Hoà mở thêm khung giờ tiếp dân vào buổi chiều thứ bảy,5,6,0,2
PA01575,2026-05-18,Tổng đài 1022,DV02,Phường Tân Hoà,Chiếu sáng công cộng,Thường,"Đèn chiếu sáng khu vực Phường Tân Hoà bật cả ban ngày, rất lãng phí điện",10,7,1,5
PA01576,2026-05-18,Ứng dụng di động,DV03,Phường Đông Giang,Vệ sinh môi trường,Khẩn,"Xe thu gom rác ở Phường Đông Giang đổi giờ mà không báo, dân để rác ra đường cả buổi",5,3,1,4
PA01577,2026-05-18,Cổng dịch vụ công,DV06,Xã Long Thành,Chiếu sáng công cộng,Thường,"Ngõ vào cụm dân cư Xã Long Thành chưa có đèn chiếu sáng, đã kiến nghị hai lần",10,13,0,3
PA01578,2026-05-18,Tiếp công dân,DV08,Xã Vĩnh Lộc,Cấp thoát nước,Thường,"Ống nước trước nhà văn hoá Xã Vĩnh Lộc rò rỉ, nước chảy ra đường suốt ngày",10,9,1,4
PA01579,2026-05-18,Cổng dịch vụ công,DV11,Xã Mỹ Khánh,Thủ tục hành chính,Thường,Cán bộ một cửa Xã Mỹ Khánh yêu cầu giấy tờ ngoài danh mục niêm yết,10,4,1,
PA01580,2026-05-18,Cổng dịch vụ công,DV11,Xã Mỹ Khánh,Chiếu sáng công cộng,Thường,"Ngõ vào cụm dân cư Xã Mỹ Khánh chưa có đèn chiếu sáng, đã kiến nghị hai lần",10,16,0,
PA01581,2026-05-19,Tổng đài 1022,DV01,Phường Hoà Thuận,Thủ tục hành chính,Thường,"Cổng dịch vụ công báo lỗi khi tải giấy tờ lên, gọi Phường Hoà Thuận không ai nghe máy",10,3,1,
PA01582,2026-05-19,Cổng dịch vụ công,DV01,Phường Hoà Thuận,Hạ tầng giao thông,Thường,"Đoạn đường trước Phường Hoà Thuận xuống cấp, nhiều ổ gà, xe máy tránh nhau rất nguy hiểm",10,6,1,4
PA01583,2026-05-19,Tổng đài 1022,DV01,Phường Hoà Thuận,Hạ tầng giao thông,Thường,"Cầu nhỏ bắc qua kênh ở Phường Hoà Thuận mục lan can, trẻ em đi học qua rất lo",10,4,1,4
PA01584,2026-05-19,Tổng đài 1022,DV02,Phường Tân Hoà,Trật tự đô thị,Thường,Hàng quán lấn chiếm vỉa hè trước cổng trường tiểu học ở Phường Tân Hoà giờ tan học,10,10,1,
PA01585,2026-05-19,Ứng dụng di động,DV02,Phường Tân Hoà,Thủ tục hành chính,Thường,Nộp hồ sơ chứng thực tại Phường Tân Hoà hẹn 3 ngày nhưng quá 8 ngày chưa có kết quả,10,6,1,
PA01586,2026-05-19,Tổng đài 1022,DV02,Phường Tân Hoà,An sinh xã hội,Thường,"Danh sách nhận hỗ trợ ở Phường Tân Hoà niêm yết thiếu tên, đề nghị kiểm tra lại",10,4,1,
PA01587,2026-05-19,Tổng đài 1022,DV05,Xã Bình An,Hạ tầng giao thông,Thường,"Mặt đường Xã Bình An sau khi đào lắp ống nước hoàn trả không phẳng, đi rất xóc",10,10,1,4
PA01588,2026-05-19,Ứng dụng di động,DV10,Xã Thanh Sơn,Cấp thoát nước,Khẩn,"Nước máy ở Xã Thanh Sơn mấy hôm nay có mùi lạ, đề nghị kiểm tra chất lượng",5,6,0,3
PA01589,2026-05-19,Tiếp công dân,DV11,Xã Mỹ Khánh,Vệ sinh môi trường,Thường,"Xe thu gom rác ở Xã Mỹ Khánh đổi giờ mà không báo, dân để rác ra đường cả buổi",10,13,0,
PA01590,2026-05-19,Cổng dịch vụ công,DV11,Xã Mỹ Khánh,Thủ tục hành chính,Khẩn,"Cổng dịch vụ công báo lỗi khi tải giấy tờ lên, gọi Xã Mỹ Khánh không ai nghe máy",5,5,1,5
PA01591,2026-05-19,Tổng đài 1022,DV11,Xã Mỹ Khánh,Cấp thoát nước,Thường,"Mưa là ngập cả tuyến ở Xã Mỹ Khánh, cống thoát nghẹt không rút được",10,8,1,4
PA01592,2026-05-20,Tổng đài 1022,DV01,Phường Hoà Thuận,Hạ tầng giao thông,Thường,"Đoạn đường trước Phường Hoà Thuận xuống cấp, nhiều ổ gà, xe máy tránh nhau rất nguy hiểm",10,6,1,5
PA01593,2026-05-20,Cổng dịch vụ công,DV01,Phường Hoà Thuận,Vệ sinh môi trường,Thường,"Xe thu gom rác ở Phường Hoà Thuận đổi giờ mà không báo, dân để rác ra đường cả buổi",10,3,1,
PA01594,2026-05-20,Cổng dịch vụ công,DV02,Phường Tân Hoà,Vệ sinh môi trường,Thường,"Có hộ đổ trộm xà bần ra bãi đất trống ở Phường Tân Hoà, đề nghị kiểm tra",10,6,1,4
PA01595,2026-05-20,Tiếp công dân,DV02,Phường Tân Hoà,Thủ tục hành chính,Khẩn,"Cổng dịch vụ công báo lỗi khi tải giấy tờ lên, gọi Phường Tân Hoà không ai nghe máy",5,6,0,2
PA01596,2026-05-20,Cổng dịch vụ công,DV02,Phường Tân Hoà,Hạ tầng giao thông,Thường,"Đoạn đường trước Phường Tân Hoà xuống cấp, nhiều ổ gà, xe máy tránh nhau rất nguy hiểm",10,11,0,
PA01597,2026-05-20,Tổng đài 1022,DV02,Phường Tân Hoà,Vệ sinh môi trường,Thường,"Xe thu gom rác ở Phường Tân Hoà đổi giờ mà không báo, dân để rác ra đường cả buổi",10,11,0,2
PA01598,2026-05-20,Tổng đài 1022,DV02,Phường Tân Hoà,Thủ tục hành chính,Thường,Cán bộ một cửa Phường Tân Hoà yêu cầu giấy tờ ngoài danh mục niêm yết,10,1,1,5
PA01599,2026-05-20,Cổng dịch vụ công,DV03,Phường Đông Giang,Hạ tầng giao thông,Thường,"Cầu nhỏ bắc qua kênh ở Phường Đông Giang mục lan can, trẻ em đi học qua rất lo",10,13,0,3
PA01600,2026-05-20,Văn bản giấy,DV04,Phường Nam Phong,Vệ sinh môi trường,Thường,"Rác tồn đọng ở điểm tập kết gần chợ Phường Nam Phong ba ngày chưa thu gom, mùi rất nặng",10,4,1,
PA01601,2026-05-20,Tiếp công dân,DV04,Phường Nam Phong,Hạ tầng giao thông,Thường,"Cầu nhỏ bắc qua kênh ở Phường Nam Phong mục lan can, trẻ em đi học qua rất lo",10,12,0,4
PA01602,2026-05-20,Văn bản giấy,DV04,Phường Nam Phong,Vệ sinh môi trường,Thường,"Có hộ đổ trộm xà bần ra bãi đất trống ở Phường Nam Phong, đề nghị kiểm tra",10,5,1,3
PA01603,2026-05-20,Tiếp công dân,DV04,Phường Nam Phong,Trật tự đô thị,Thường,Bãi giữ xe tự phát ở Phường Nam Phong chắn lối đi chung của khu dân cư,10,9,1,
PA01604,2026-05-20,Cổng dịch vụ công,DV06,Xã Long Thành,Vệ sinh môi trường,Thường,"Kênh chạy qua Xã Long Thành nổi váng đen, nghi có cơ sở xả thải ban đêm",10,8,1,
PA01605,2026-05-20,Tổng đài 1022,DV09,Xã An Cư,Hạ tầng giao thông,Thường,Nắp cống trên tuyến đường liên xã qua Xã An Cư bị vỡ đã hai tuần chưa ai sửa,10,6,1,5
PA01606,2026-05-20,Cổng dịch vụ công,DV11,Xã Mỹ Khánh,Vệ sinh môi trường,Khẩn,"Có hộ đổ trộm xà bần ra bãi đất trống ở Xã Mỹ Khánh, đề nghị kiểm tra",5,4,1,
PA01607,2026-05-20,Tổng đài 1022,DV11,Xã Mỹ Khánh,Cấp thoát nước,Thường,"Ống nước trước nhà văn hoá Xã Mỹ Khánh rò rỉ, nước chảy ra đường suốt ngày",10,6,1,4
PA01608,2026-05-20,Cổng dịch vụ công,DV12,Xã Hương Trà,Thủ tục hành chính,Khẩn,Đã nộp trực tuyến nhưng Xã Hương Trà vẫn yêu cầu nộp thêm bản giấy,5,7,0,
PA01609,2026-05-21,Tiếp công dân,DV02,Phường Tân Hoà,Vệ sinh môi trường,Thường,"Rác tồn đọng ở điểm tập kết gần chợ Phường Tân Hoà ba ngày chưa thu gom, mùi rất nặng",10,13,0,
PA01610,2026-05-21,Văn bản giấy,DV02,Phường Tân Hoà,Vệ sinh môi trường,Thường,"Có hộ đổ trộm xà bần ra bãi đất trống ở Phường Tân Hoà, đề nghị kiểm tra",10,4,1,5
PA01611,2026-05-21,Văn bản giấy,DV04,Phường Nam Phong,Hạ tầng giao thông,Khẩn,Nắp cống trên tuyến đường liên xã qua Phường Nam Phong bị vỡ đã hai tuần chưa ai sửa,5,4,1,5
PA01612,2026-05-21,Tổng đài 1022,DV06,Xã Long Thành,Hạ tầng giao thông,Thường,Nắp cống trên tuyến đường liên xã qua Xã Long Thành bị vỡ đã hai tuần chưa ai sửa,10,9,1,
PA01613,2026-05-21,Tổng đài 1022,DV06,Xã Long Thành,Hạ tầng giao thông,Thường,"Mặt đường Xã Long Thành sau khi đào lắp ống nước hoàn trả không phẳng, đi rất xóc",10,11,0,2
PA01614,2026-05-21,Tổng đài 1022,DV09,Xã An Cư,Trật tự đô thị,Khẩn,Xe tải trọng lớn chạy vào đường nội bộ Xã An Cư ngoài giờ quy định,5,5,1,4
PA01615,2026-05-21,Cổng dịch vụ công,DV10,Xã Thanh Sơn,Vệ sinh môi trường,Thường,"Có hộ đổ trộm xà bần ra bãi đất trống ở Xã Thanh Sơn, đề nghị kiểm tra",10,9,1,
PA01616,2026-05-22,Tổng đài 1022,DV01,Phường Hoà Thuận,Hạ tầng giao thông,Thường,"Đoạn đường trước Phường Hoà Thuận xuống cấp, nhiều ổ gà, xe máy tránh nhau rất nguy hiểm",10,11,0,2
PA01617,2026-05-22,Cổng dịch vụ công,DV01,Phường Hoà Thuận,Khác,Thường,Góp ý Phường Hoà Thuận mở thêm khung giờ tiếp dân vào buổi chiều thứ bảy,10,8,1,5
PA01618,2026-05-22,Tổng đài 1022,DV02,Phường Tân Hoà,Hạ tầng giao thông,Khẩn,"Cầu nhỏ bắc qua kênh ở Phường Tân Hoà mục lan can, trẻ em đi học qua rất lo",5,3,1,
PA01619,2026-05-22,Cổng dịch vụ công,DV02,Phường Tân Hoà,Khác,Thường,"Loa phát thanh ở Phường Tân Hoà phát quá sớm, ảnh hưởng người già và trẻ nhỏ",10,7,1,
PA01620,2026-05-22,Văn bản giấy,DV03,Phường Đông Giang,Cấp thoát nước,Khẩn,"Khu dân cư Phường Đông Giang mất nước từ sáng đến chiều, không thấy thông báo trước",5,5,1,
PA01621,2026-05-22,Tổng đài 1022,DV06,Xã Long Thành,Cấp thoát nước,Thường,"Mưa là ngập cả tuyến ở Xã Long Thành, cống thoát nghẹt không rút được",10,5,1,3
PA01622,2026-05-22,Tiếp công dân,DV08,Xã Vĩnh Lộc,Trật tự đô thị,Thường,"Có công trình ở Xã Vĩnh Lộc thi công sau 22 giờ gây ồn, đề nghị kiểm tra giấy phép",10,8,1,
PA01623,2026-05-22,Cổng dịch vụ công,DV12,Xã Hương Trà,Vệ sinh môi trường,Thường,"Xe thu gom rác ở Xã Hương Trà đổi giờ mà không báo, dân để rác ra đường cả buổi",10,9,1,5
PA01624,2026-05-23,Ứng dụng di động,DV01,Phường Hoà Thuận,Vệ sinh môi trường,Thường,"Rác tồn đọng ở điểm tập kết gần chợ Phường Hoà Thuận ba ngày chưa thu gom, mùi rất nặng",10,6,1,3
PA01625,2026-05-23,Tiếp công dân,DV01,Phường Hoà Thuận,Vệ sinh môi trường,Khẩn,"Xe thu gom rác ở Phường Hoà Thuận đổi giờ mà không báo, dân để rác ra đường cả buổi",5,4,1,
PA01626,2026-05-23,Ứng dụng di động,DV01,Phường Hoà Thuận,Trật tự đô thị,Thường,Xe tải trọng lớn chạy vào đường nội bộ Phường Hoà Thuận ngoài giờ quy định,10,11,0,2
PA01627,2026-05-23,Cổng dịch vụ công,DV04,Phường Nam Phong,Vệ sinh môi trường,Thường,"Xe thu gom rác ở Phường Nam Phong đổi giờ mà không báo, dân để rác ra đường cả buổi",10,7,1,5
PA01628,2026-05-23,Cổng dịch vụ công,DV04,Phường Nam Phong,Trật tự đô thị,Thường,Bãi giữ xe tự phát ở Phường Nam Phong chắn lối đi chung của khu dân cư,10,8,1,
PA01629,2026-05-23,Tổng đài 1022,DV07,Xã Phú Điền,Trật tự đô thị,Thường,"Có công trình ở Xã Phú Điền thi công sau 22 giờ gây ồn, đề nghị kiểm tra giấy phép",10,5,1,
PA01630,2026-05-23,Ứng dụng di động,DV08,Xã Vĩnh Lộc,Hạ tầng giao thông,Thường,"Mặt đường Xã Vĩnh Lộc sau khi đào lắp ống nước hoàn trả không phẳng, đi rất xóc",10,6,1,5
PA01631,2026-05-23,Cổng dịch vụ công,DV10,Xã Thanh Sơn,Cấp thoát nước,Thường,"Khu dân cư Xã Thanh Sơn mất nước từ sáng đến chiều, không thấy thông báo trước",10,14,0,
PA01632,2026-05-23,Ứng dụng di động,DV11,Xã Mỹ Khánh,Hạ tầng giao thông,Thường,"Đoạn đường trước Xã Mỹ Khánh xuống cấp, nhiều ổ gà, xe máy tránh nhau rất nguy hiểm",10,8,1,
PA01633,2026-05-24,Văn bản giấy,DV01,Phường Hoà Thuận,Hạ tầng giao thông,Thường,"Đoạn đường trước Phường Hoà Thuận xuống cấp, nhiều ổ gà, xe máy tránh nhau rất nguy hiểm",10,6,1,3
PA01634,2026-05-24,Ứng dụng di động,DV01,Phường Hoà Thuận,An sinh xã hội,Khẩn,"Hộ cận nghèo ở Phường Hoà Thuận chưa nhận được hỗ trợ đợt này, đề nghị rà soát",5,5,1,4
PA01635,2026-05-24,Văn bản giấy,DV01,Phường Hoà Thuận,An sinh xã hội,Thường,"Hộ cận nghèo ở Phường Hoà Thuận chưa nhận được hỗ trợ đợt này, đề nghị rà soát",10,11,0,
PA01636,2026-05-24,Tiếp công dân,DV03,Phường Đông Giang,An sinh xã hội,Khẩn,"Hộ cận nghèo ở Phường Đông Giang chưa nhận được hỗ trợ đợt này, đề nghị rà soát",5,2,1,
PA01637,2026-05-24,Ứng dụng di động,DV03,Phường Đông Giang,Cấp thoát nước,Thường,"Ống nước trước nhà văn hoá Phường Đông Giang rò rỉ, nước chảy ra đường suốt ngày",10,13,0,
PA01638,2026-05-24,Cổng dịch vụ công,DV03,Phường Đông Giang,Hạ tầng giao thông,Thường,"Cầu nhỏ bắc qua kênh ở Phường Đông Giang mục lan can, trẻ em đi học qua rất lo",10,10,1,
PA01639,2026-05-24,Văn bản giấy,DV04,Phường Nam Phong,Thủ tục hành chính,Thường,Cán bộ một cửa Phường Nam Phong yêu cầu giấy tờ ngoài danh mục niêm yết,10,4,1,
PA01640,2026-05-24,Ứng dụng di động,DV05,Xã Bình An,Hạ tầng giao thông,Thường,"Đoạn đường trước Xã Bình An xuống cấp, nhiều ổ gà, xe máy tránh nhau rất nguy hiểm",10,10,1,
PA01641,2026-05-24,Tổng đài 1022,DV08,Xã Vĩnh Lộc,Vệ sinh môi trường,Thường,"Kênh chạy qua Xã Vĩnh Lộc nổi váng đen, nghi có cơ sở xả thải ban đêm",10,8,1,
PA01642,2026-05-24,Cổng dịch vụ công,DV09,Xã An Cư,Trật tự đô thị,Khẩn,Xe tải trọng lớn chạy vào đường nội bộ Xã An Cư ngoài giờ quy định,5,4,1,
PA01643,2026-05-24,Ứng dụng di động,DV10,Xã Thanh Sơn,Thủ tục hành chính,Thường,Nộp hồ sơ chứng thực tại Xã Thanh Sơn hẹn 3 ngày nhưng quá 8 ngày chưa có kết quả,10,8,1,
PA01644,2026-05-24,Cổng dịch vụ công,DV11,Xã Mỹ Khánh,Cấp thoát nước,Thường,"Khu dân cư Xã Mỹ Khánh mất nước từ sáng đến chiều, không thấy thông báo trước",10,11,0,1
PA01645,2026-05-24,Ứng dụng di động,DV11,Xã Mỹ Khánh,Vệ sinh môi trường,Thường,"Rác tồn đọng ở điểm tập kết gần chợ Xã Mỹ Khánh ba ngày chưa thu gom, mùi rất nặng",10,8,1,
PA01646,2026-05-24,Ứng dụng di động,DV11,Xã Mỹ Khánh,Vệ sinh môi trường,Thường,"Xe thu gom rác ở Xã Mỹ Khánh đổi giờ mà không báo, dân để rác ra đường cả buổi",10,9,1,
PA01647,2026-05-24,Tổng đài 1022,DV12,Xã Hương Trà,Hạ tầng giao thông,Thường,"Mặt đường Xã Hương Trà sau khi đào lắp ống nước hoàn trả không phẳng, đi rất xóc",10,18,0,
PA01648,2026-05-25,Tiếp công dân,DV02,Phường Tân Hoà,Vệ sinh môi trường,Thường,"Rác tồn đọng ở điểm tập kết gần chợ Phường Tân Hoà ba ngày chưa thu gom, mùi rất nặng",10,9,1,
PA01649,2026-05-25,Tiếp công dân,DV02,Phường Tân Hoà,Khác,Thường,Đề nghị Phường Tân Hoà thông tin rõ kế hoạch chỉnh trang khu dân cư năm tới,10,8,1,
PA01650,2026-05-25,Cổng dịch vụ công,DV02,Phường Tân Hoà,Vệ sinh môi trường,Thường,"Rác tồn đọng ở điểm tập kết gần chợ Phường Tân Hoà ba ngày chưa thu gom, mùi rất nặng",10,7,1,
PA01651,2026-05-25,Cổng dịch vụ công,DV03,Phường Đông Giang,Vệ sinh môi trường,Khẩn,"Kênh chạy qua Phường Đông Giang nổi váng đen, nghi có cơ sở xả thải ban đêm",5,4,1,5
PA01652,2026-05-25,Tổng đài 1022,DV04,Phường Nam Phong,Vệ sinh môi trường,Thường,"Có hộ đổ trộm xà bần ra bãi đất trống ở Phường Nam Phong, đề nghị kiểm tra",10,9,1,
PA01653,2026-05-25,Tổng đài 1022,DV04,Phường Nam Phong,Thủ tục hành chính,Thường,Cán bộ một cửa Phường Nam Phong yêu cầu giấy tờ ngoài danh mục niêm yết,10,10,1,4
PA01654,2026-05-25,Cổng dịch vụ công,DV04,Phường Nam Phong,Cấp thoát nước,Thường,"Nước máy ở Phường Nam Phong mấy hôm nay có mùi lạ, đề nghị kiểm tra chất lượng",10,1,1,
PA01655,2026-05-25,Tổng đài 1022,DV06,Xã Long Thành,Cấp thoát nước,Khẩn,"Ống nước trước nhà văn hoá Xã Long Thành rò rỉ, nước chảy ra đường suốt ngày",5,4,1,
PA01656,2026-05-25,Tổng đài 1022,DV06,Xã Long Thành,Cấp thoát nước,Thường,"Ống nước trước nhà văn hoá Xã Long Thành rò rỉ, nước chảy ra đường suốt ngày",10,4,1,4
PA01657,2026-05-25,Tổng đài 1022,DV07,Xã Phú Điền,Trật tự đô thị,Thường,"Có công trình ở Xã Phú Điền thi công sau 22 giờ gây ồn, đề nghị kiểm tra giấy phép",10,12,0,3
PA01658,2026-05-26,Cổng dịch vụ công,DV01,Phường Hoà Thuận,Vệ sinh môi trường,Thường,"Có hộ đổ trộm xà bần ra bãi đất trống ở Phường Hoà Thuận, đề nghị kiểm tra",10,7,1,4
PA01659,2026-05-26,Cổng dịch vụ công,DV03,Phường Đông Giang,Chiếu sáng công cộng,Thường,"Ngõ vào cụm dân cư Phường Đông Giang chưa có đèn chiếu sáng, đã kiến nghị hai lần",10,7,1,3
PA01660,2026-05-26,Tổng đài 1022,DV03,Phường Đông Giang,Vệ sinh môi trường,Khẩn,"Rác tồn đọng ở điểm tập kết gần chợ Phường Đông Giang ba ngày chưa thu gom, mùi rất nặng",5,2,1,4
PA01661,2026-05-26,Tiếp công dân,DV03,Phường Đông Giang,Vệ sinh môi trường,Khẩn,"Kênh chạy qua Phường Đông Giang nổi váng đen, nghi có cơ sở xả thải ban đêm",5,4,1,2
PA01662,2026-05-26,Tổng đài 1022,DV04,Phường Nam Phong,Chiếu sáng công cộng,Thường,"Ba cột đèn đường ở Phường Nam Phong cháy bóng, ban đêm tối om rất mất an toàn",10,7,1,
PA01663,2026-05-26,Tổng đài 1022,DV04,Phường Nam Phong,Cấp thoát nước,Thường,"Ống nước trước nhà văn hoá Phường Nam Phong rò rỉ, nước chảy ra đường suốt ngày",10,11,0,
PA01664,2026-05-26,Văn bản giấy,DV04,Phường Nam Phong,Cấp thoát nước,Thường,"Khu dân cư Phường Nam Phong mất nước từ sáng đến chiều, không thấy thông báo trước",10,9,1,
PA01665,2026-05-26,Cổng dịch vụ công,DV05,Xã Bình An,Vệ sinh môi trường,Rất khẩn,"Có hộ đổ trộm xà bần ra bãi đất trống ở Xã Bình An, đề nghị kiểm tra",2,3,0,
PA01666,2026-05-26,Tổng đài 1022,DV07,Xã Phú Điền,Vệ sinh môi trường,Thường,"Rác tồn đọng ở điểm tập kết gần chợ Xã Phú Điền ba ngày chưa thu gom, mùi rất nặng",10,7,1,5
PA01667,2026-05-26,Văn bản giấy,DV07,Xã Phú Điền,Hạ tầng giao thông,Thường,"Cầu nhỏ bắc qua kênh ở Xã Phú Điền mục lan can, trẻ em đi học qua rất lo",10,3,1,
PA01668,2026-05-26,Văn bản giấy,DV08,Xã Vĩnh Lộc,Khác,Thường,Đề nghị Xã Vĩnh Lộc thông tin rõ kế hoạch chỉnh trang khu dân cư năm tới,10,8,1,3
PA01669,2026-05-26,Ứng dụng di động,DV08,Xã Vĩnh Lộc,Thủ tục hành chính,Khẩn,"Cổng dịch vụ công báo lỗi khi tải giấy tờ lên, gọi Xã Vĩnh Lộc không ai nghe máy",5,6,0,
PA01670,2026-05-26,Văn bản giấy,DV11,Xã Mỹ Khánh,Thủ tục hành chính,Khẩn,"Cổng dịch vụ công báo lỗi khi tải giấy tờ lên, gọi Xã Mỹ Khánh không ai nghe máy",5,7,0,
PA01671,2026-05-26,Ứng dụng di động,DV11,Xã Mỹ Khánh,Thủ tục hành chính,Thường,Đã nộp trực tuyến nhưng Xã Mỹ Khánh vẫn yêu cầu nộp thêm bản giấy,10,8,1,5
PA01672,2026-05-26,Tổng đài 1022,DV11,Xã Mỹ Khánh,Cấp thoát nước,Thường,"Khu dân cư Xã Mỹ Khánh mất nước từ sáng đến chiều, không thấy thông báo trước",10,10,1,
PA01673,2026-05-26,Cổng dịch vụ công,DV12,Xã Hương Trà,Thủ tục hành chính,Thường,Nộp hồ sơ chứng thực tại Xã Hương Trà hẹn 3 ngày nhưng quá 8 ngày chưa có kết quả,10,6,1,
PA01674,2026-05-27,Tổng đài 1022,DV01,Phường Hoà Thuận,Chiếu sáng công cộng,Thường,"Ba cột đèn đường ở Phường Hoà Thuận cháy bóng, ban đêm tối om rất mất an toàn",10,6,1,5
PA01675,2026-05-27,Ứng dụng di động,DV02,Phường Tân Hoà,Hạ tầng giao thông,Thường,Nắp cống trên tuyến đường liên xã qua Phường Tân Hoà bị vỡ đã hai tuần chưa ai sửa,10,10,1,4
PA01676,2026-05-27,Văn bản giấy,DV02,Phường Tân Hoà,Vệ sinh môi trường,Thường,"Có hộ đổ trộm xà bần ra bãi đất trống ở Phường Tân Hoà, đề nghị kiểm tra",10,5,1,
PA01677,2026-05-27,Cổng dịch vụ công,DV02,Phường Tân Hoà,Thủ tục hành chính,Thường,Đã nộp trực tuyến nhưng Phường Tân Hoà vẫn yêu cầu nộp thêm bản giấy,10,8,1,
PA01678,2026-05-27,Tổng đài 1022,DV02,Phường Tân Hoà,Hạ tầng giao thông,Thường,"Mặt đường Phường Tân Hoà sau khi đào lắp ống nước hoàn trả không phẳng, đi rất xóc",10,10,1,
PA01679,2026-05-27,Văn bản giấy,DV04,Phường Nam Phong,Thủ tục hành chính,Thường,Cán bộ một cửa Phường Nam Phong yêu cầu giấy tờ ngoài danh mục niêm yết,10,8,1,4
PA01680,2026-05-27,Ứng dụng di động,DV06,Xã Long Thành,Hạ tầng giao thông,Thường,"Đoạn đường trước Xã Long Thành xuống cấp, nhiều ổ gà, xe máy tránh nhau rất nguy hiểm",10,2,1,
PA01681,2026-05-27,Cổng dịch vụ công,DV07,Xã Phú Điền,Trật tự đô thị,Thường,Bãi giữ xe tự phát ở Xã Phú Điền chắn lối đi chung của khu dân cư,10,12,0,4
PA01682,2026-05-27,Cổng dịch vụ công,DV11,Xã Mỹ Khánh,Hạ tầng giao thông,Thường,"Cầu nhỏ bắc qua kênh ở Xã Mỹ Khánh mục lan can, trẻ em đi học qua rất lo",10,8,1,5
PA01683,2026-05-28,Ứng dụng di động,DV02,Phường Tân Hoà,Cấp thoát nước,Thường,"Khu dân cư Phường Tân Hoà mất nước từ sáng đến chiều, không thấy thông báo trước",10,7,1,
PA01684,2026-05-28,Tổng đài 1022,DV02,Phường Tân Hoà,Trật tự đô thị,Thường,Xe tải trọng lớn chạy vào đường nội bộ Phường Tân Hoà ngoài giờ quy định,10,6,1,3
PA01685,2026-05-28,Cổng dịch vụ công,DV02,Phường Tân Hoà,Thủ tục hành chính,Khẩn,Đã nộp trực tuyến nhưng Phường Tân Hoà vẫn yêu cầu nộp thêm bản giấy,5,2,1,
PA01686,2026-05-28,Cổng dịch vụ công,DV04,Phường Nam Phong,Cấp thoát nước,Thường,"Khu dân cư Phường Nam Phong mất nước từ sáng đến chiều, không thấy thông báo trước",10,5,1,3
PA01687,2026-05-28,Ứng dụng di động,DV04,Phường Nam Phong,Vệ sinh môi trường,Khẩn,"Xe thu gom rác ở Phường Nam Phong đổi giờ mà không báo, dân để rác ra đường cả buổi",5,5,1,
PA01688,2026-05-28,Tổng đài 1022,DV04,Phường Nam Phong,Vệ sinh môi trường,Rất khẩn,"Có hộ đổ trộm xà bần ra bãi đất trống ở Phường Nam Phong, đề nghị kiểm tra",2,1,1,4
PA01689,2026-05-28,Cổng dịch vụ công,DV04,Phường Nam Phong,Hạ tầng giao thông,Thường,"Mặt đường Phường Nam Phong sau khi đào lắp ống nước hoàn trả không phẳng, đi rất xóc",10,5,1,
PA01690,2026-05-28,Ứng dụng di động,DV11,Xã Mỹ Khánh,Khác,Khẩn,Góp ý Xã Mỹ Khánh mở thêm khung giờ tiếp dân vào buổi chiều thứ bảy,5,4,1,3
PA01691,2026-05-28,Tổng đài 1022,DV11,Xã Mỹ Khánh,Vệ sinh môi trường,Thường,"Kênh chạy qua Xã Mỹ Khánh nổi váng đen, nghi có cơ sở xả thải ban đêm",10,10,1,
PA01692,2026-05-29,Tổng đài 1022,DV01,Phường Hoà Thuận,Thủ tục hành chính,Thường,Đã nộp trực tuyến nhưng Phường Hoà Thuận vẫn yêu cầu nộp thêm bản giấy,10,5,1,4
PA01693,2026-05-29,Tổng đài 1022,DV01,Phường Hoà Thuận,Vệ sinh môi trường,Thường,"Xe thu gom rác ở Phường Hoà Thuận đổi giờ mà không báo, dân để rác ra đường cả buổi",10,6,1,5
PA01694,2026-05-29,Cổng dịch vụ công,DV01,Phường Hoà Thuận,Hạ tầng giao thông,Thường,Nắp cống trên tuyến đường liên xã qua Phường Hoà Thuận bị vỡ đã hai tuần chưa ai sửa,10,8,1,3
PA01695,2026-05-29,Tổng đài 1022,DV02,Phường Tân Hoà,Khác,Thường,Đề nghị Phường Tân Hoà thông tin rõ kế hoạch chỉnh trang khu dân cư năm tới,10,5,1,5
PA01696,2026-05-29,Tiếp công dân,DV02,Phường Tân Hoà,Trật tự đô thị,Thường,Xe tải trọng lớn chạy vào đường nội bộ Phường Tân Hoà ngoài giờ quy định,10,4,1,4
PA01697,2026-05-29,Tiếp công dân,DV02,Phường Tân Hoà,Trật tự đô thị,Thường,Bãi giữ xe tự phát ở Phường Tân Hoà chắn lối đi chung của khu dân cư,10,10,1,5
PA01698,2026-05-29,Cổng dịch vụ công,DV04,Phường Nam Phong,An sinh xã hội,Khẩn,"Hộ cận nghèo ở Phường Nam Phong chưa nhận được hỗ trợ đợt này, đề nghị rà soát",5,5,1,
PA01699,2026-05-29,Cổng dịch vụ công,DV09,Xã An Cư,Hạ tầng giao thông,Thường,"Cầu nhỏ bắc qua kênh ở Xã An Cư mục lan can, trẻ em đi học qua rất lo",10,8,1,3
PA01700,2026-05-29,Tổng đài 1022,DV11,Xã Mỹ Khánh,An sinh xã hội,Thường,"Danh sách nhận hỗ trợ ở Xã Mỹ Khánh niêm yết thiếu tên, đề nghị kiểm tra lại",10,3,1,
PA01701,2026-05-30,Ứng dụng di động,DV01,Phường Hoà Thuận,Vệ sinh môi trường,Thường,"Kênh chạy qua Phường Hoà Thuận nổi váng đen, nghi có cơ sở xả thải ban đêm",10,5,1,4
PA01702,2026-05-30,Tổng đài 1022,DV01,Phường Hoà Thuận,Vệ sinh môi trường,Khẩn,"Kênh chạy qua Phường Hoà Thuận nổi váng đen, nghi có cơ sở xả thải ban đêm",5,2,1,
PA01703,2026-05-30,Cổng dịch vụ công,DV02,Phường Tân Hoà,Trật tự đô thị,Thường,"Có công trình ở Phường Tân Hoà thi công sau 22 giờ gây ồn, đề nghị kiểm tra giấy phép",10,12,0,3
PA01704,2026-05-30,Cổng dịch vụ công,DV02,Phường Tân Hoà,Cấp thoát nước,Thường,"Khu dân cư Phường Tân Hoà mất nước từ sáng đến chiều, không thấy thông báo trước",10,6,1,
PA01705,2026-05-30,Văn bản giấy,DV03,Phường Đông Giang,Thủ tục hành chính,Khẩn,"Cổng dịch vụ công báo lỗi khi tải giấy tờ lên, gọi Phường Đông Giang không ai nghe máy",5,3,1,4
PA01706,2026-05-30,Tổng đài 1022,DV04,Phường Nam Phong,Cấp thoát nước,Khẩn,"Ống nước trước nhà văn hoá Phường Nam Phong rò rỉ, nước chảy ra đường suốt ngày",5,4,1,5
PA01707,2026-05-30,Tổng đài 1022,DV05,Xã Bình An,Trật tự đô thị,Rất khẩn,"Có công trình ở Xã Bình An thi công sau 22 giờ gây ồn, đề nghị kiểm tra giấy phép",2,1,1,3
PA01708,2026-05-30,Ứng dụng di động,DV05,Xã Bình An,Vệ sinh môi trường,Thường,"Có hộ đổ trộm xà bần ra bãi đất trống ở Xã Bình An, đề nghị kiểm tra",10,13,0,
PA01709,2026-05-30,Văn bản giấy,DV06,Xã Long Thành,Trật tự đô thị,Thường,Bãi giữ xe tự phát ở Xã Long Thành chắn lối đi chung của khu dân cư,10,13,0,
PA01710,2026-05-30,Tổng đài 1022,DV06,Xã Long Thành,Vệ sinh môi trường,Thường,"Kênh chạy qua Xã Long Thành nổi váng đen, nghi có cơ sở xả thải ban đêm",10,14,0,2
PA01711,2026-05-30,Tổng đài 1022,DV07,Xã Phú Điền,Thủ tục hành chính,Thường,Đã nộp trực tuyến nhưng Xã Phú Điền vẫn yêu cầu nộp thêm bản giấy,10,10,1,
PA01712,2026-05-30,Cổng dịch vụ công,DV07,Xã Phú Điền,Vệ sinh môi trường,Thường,"Có hộ đổ trộm xà bần ra bãi đất trống ở Xã Phú Điền, đề nghị kiểm tra",10,12,0,3
PA01713,2026-05-30,Cổng dịch vụ công,DV08,Xã Vĩnh Lộc,An sinh xã hội,Thường,"Hộ cận nghèo ở Xã Vĩnh Lộc chưa nhận được hỗ trợ đợt này, đề nghị rà soát",10,19,0,
PA01714,2026-05-30,Cổng dịch vụ công,DV08,Xã Vĩnh Lộc,Hạ tầng giao thông,Thường,Nắp cống trên tuyến đường liên xã qua Xã Vĩnh Lộc bị vỡ đã hai tuần chưa ai sửa,10,7,1,
PA01715,2026-05-30,Ứng dụng di động,DV11,Xã Mỹ Khánh,Chiếu sáng công cộng,Thường,"Ngõ vào cụm dân cư Xã Mỹ Khánh chưa có đèn chiếu sáng, đã kiến nghị hai lần",10,10,1,3
PA01716,2026-05-31,Văn bản giấy,DV01,Phường Hoà Thuận,Cấp thoát nước,Thường,"Khu dân cư Phường Hoà Thuận mất nước từ sáng đến chiều, không thấy thông báo trước",10,1,1,
PA01717,2026-05-31,Văn bản giấy,DV01,Phường Hoà Thuận,Hạ tầng giao thông,Thường,"Mặt đường Phường Hoà Thuận sau khi đào lắp ống nước hoàn trả không phẳng, đi rất xóc",10,9,1,4
PA01718,2026-05-31,Văn bản giấy,DV01,Phường Hoà Thuận,Khác,Thường,Góp ý Phường Hoà Thuận mở thêm khung giờ tiếp dân vào buổi chiều thứ bảy,10,3,1,
PA01719,2026-05-31,Tổng đài 1022,DV02,Phường Tân Hoà,Hạ tầng giao thông,Thường,"Cầu nhỏ bắc qua kênh ở Phường Tân Hoà mục lan can, trẻ em đi học qua rất lo",10,4,1,3
PA01720,2026-05-31,Ứng dụng di động,DV03,Phường Đông Giang,Vệ sinh môi trường,Thường,"Xe thu gom rác ở Phường Đông Giang đổi giờ mà không báo, dân để rác ra đường cả buổi",10,6,1,
PA01721,2026-05-31,Tổng đài 1022,DV03,Phường Đông Giang,Trật tự đô thị,Thường,"Có công trình ở Phường Đông Giang thi công sau 22 giờ gây ồn, đề nghị kiểm tra giấy phép",10,8,1,
PA01722,2026-05-31,Cổng dịch vụ công,DV04,Phường Nam Phong,Vệ sinh môi trường,Thường,"Xe thu gom rác ở Phường Nam Phong đổi giờ mà không báo, dân để rác ra đường cả buổi",10,5,1,5
PA01723,2026-05-31,Ứng dụng di động,DV04,Phường Nam Phong,Trật tự đô thị,Thường,Bãi giữ xe tự phát ở Phường Nam Phong chắn lối đi chung của khu dân cư,10,9,1,3
PA01724,2026-05-31,Tổng đài 1022,DV04,Phường Nam Phong,Hạ tầng giao thông,Thường,"Đoạn đường trước Phường Nam Phong xuống cấp, nhiều ổ gà, xe máy tránh nhau rất nguy hiểm",10,4,1,
PA01725,2026-05-31,Tổng đài 1022,DV04,Phường Nam Phong,Cấp thoát nước,Khẩn,"Khu dân cư Phường Nam Phong mất nước từ sáng đến chiều, không thấy thông báo trước",5,4,1,5
PA01726,2026-05-31,Cổng dịch vụ công,DV04,Phường Nam Phong,Trật tự đô thị,Thường,Bãi giữ xe tự phát ở Phường Nam Phong chắn lối đi chung của khu dân cư,10,10,1,5
PA01727,2026-05-31,Tổng đài 1022,DV05,Xã Bình An,Thủ tục hành chính,Khẩn,"Cổng dịch vụ công báo lỗi khi tải giấy tờ lên, gọi Xã Bình An không ai nghe máy",5,4,1,4
PA01728,2026-05-31,Văn bản giấy,DV06,Xã Long Thành,Hạ tầng giao thông,Thường,"Cầu nhỏ bắc qua kênh ở Xã Long Thành mục lan can, trẻ em đi học qua rất lo",10,7,1,
PA01729,2026-05-31,Cổng dịch vụ công,DV10,Xã Thanh Sơn,Trật tự đô thị,Thường,Bãi giữ xe tự phát ở Xã Thanh Sơn chắn lối đi chung của khu dân cư,10,5,1,
PA01730,2026-05-31,Tiếp công dân,DV11,Xã Mỹ Khánh,Cấp thoát nước,Thường,"Ống nước trước nhà văn hoá Xã Mỹ Khánh rò rỉ, nước chảy ra đường suốt ngày",10,1,1,
PA01731,2026-06-01,Tổng đài 1022,DV01,Phường Hoà Thuận,Hạ tầng giao thông,Thường,"Đoạn đường trước Phường Hoà Thuận xuống cấp, nhiều ổ gà, xe máy tránh nhau rất nguy hiểm",10,2,1,3
PA01732,2026-06-01,Văn bản giấy,DV02,Phường Tân Hoà,Trật tự đô thị,Thường,"Có công trình ở Phường Tân Hoà thi công sau 22 giờ gây ồn, đề nghị kiểm tra giấy phép",10,9,1,3
PA01733,2026-06-01,Tổng đài 1022,DV02,Phường Tân Hoà,Hạ tầng giao thông,Thường,"Mặt đường Phường Tân Hoà sau khi đào lắp ống nước hoàn trả không phẳng, đi rất xóc",10,8,1,
PA01734,2026-06-01,Tổng đài 1022,DV03,Phường Đông Giang,Hạ tầng giao thông,Thường,"Cầu nhỏ bắc qua kênh ở Phường Đông Giang mục lan can, trẻ em đi học qua rất lo",10,10,1,5
PA01735,2026-06-01,Văn bản giấy,DV04,Phường Nam Phong,Trật tự đô thị,Thường,Xe tải trọng lớn chạy vào đường nội bộ Phường Nam Phong ngoài giờ quy định,10,8,1,
PA01736,2026-06-01,Cổng dịch vụ công,DV04,Phường Nam Phong,Khác,Thường,Đề nghị Phường Nam Phong thông tin rõ kế hoạch chỉnh trang khu dân cư năm tới,10,10,1,
PA01737,2026-06-01,Tổng đài 1022,DV04,Phường Nam Phong,Khác,Thường,Góp ý Phường Nam Phong mở thêm khung giờ tiếp dân vào buổi chiều thứ bảy,10,1,1,
PA01738,2026-06-01,Tổng đài 1022,DV05,Xã Bình An,Thủ tục hành chính,Thường,Cán bộ một cửa Xã Bình An yêu cầu giấy tờ ngoài danh mục niêm yết,10,9,1,4
PA01739,2026-06-01,Văn bản giấy,DV07,Xã Phú Điền,Hạ tầng giao thông,Khẩn,"Cầu nhỏ bắc qua kênh ở Xã Phú Điền mục lan can, trẻ em đi học qua rất lo",5,5,1,3
PA01740,2026-06-01,Cổng dịch vụ công,DV10,Xã Thanh Sơn,Trật tự đô thị,Thường,Xe tải trọng lớn chạy vào đường nội bộ Xã Thanh Sơn ngoài giờ quy định,10,10,1,3
PA01741,2026-06-01,Cổng dịch vụ công,DV10,Xã Thanh Sơn,Vệ sinh môi trường,Thường,"Kênh chạy qua Xã Thanh Sơn nổi váng đen, nghi có cơ sở xả thải ban đêm",10,1,1,
PA01742,2026-06-01,Tổng đài 1022,DV10,Xã Thanh Sơn,Chiếu sáng công cộng,Rất khẩn,"Ba cột đèn đường ở Xã Thanh Sơn cháy bóng, ban đêm tối om rất mất an toàn",2,2,1,
PA01743,2026-06-01,Cổng dịch vụ công,DV10,Xã Thanh Sơn,Vệ sinh môi trường,Thường,"Xe thu gom rác ở Xã Thanh Sơn đổi giờ mà không báo, dân để rác ra đường cả buổi",10,8,1,5
PA01744,2026-06-01,Tổng đài 1022,DV11,Xã Mỹ Khánh,Cấp thoát nước,Thường,"Khu dân cư Xã Mỹ Khánh mất nước từ sáng đến chiều, không thấy thông báo trước",10,1,1,
PA01745,2026-06-02,Ứng dụng di động,DV01,Phường Hoà Thuận,An sinh xã hội,Thường,"Hộ cận nghèo ở Phường Hoà Thuận chưa nhận được hỗ trợ đợt này, đề nghị rà soát",10,9,1,
PA01746,2026-06-02,Cổng dịch vụ công,DV01,Phường Hoà Thuận,Cấp thoát nước,Thường,"Khu dân cư Phường Hoà Thuận mất nước từ sáng đến chiều, không thấy thông báo trước",10,10,1,
PA01747,2026-06-02,Cổng dịch vụ công,DV02,Phường Tân Hoà,An sinh xã hội,Rất khẩn,"Hộ cận nghèo ở Phường Tân Hoà chưa nhận được hỗ trợ đợt này, đề nghị rà soát",2,2,1,
PA01748,2026-06-02,Tổng đài 1022,DV02,Phường Tân Hoà,Khác,Thường,Góp ý Phường Tân Hoà mở thêm khung giờ tiếp dân vào buổi chiều thứ bảy,10,17,0,
PA01749,2026-06-02,Văn bản giấy,DV02,Phường Tân Hoà,Vệ sinh môi trường,Thường,"Có hộ đổ trộm xà bần ra bãi đất trống ở Phường Tân Hoà, đề nghị kiểm tra",10,10,1,5
PA01750,2026-06-02,Tiếp công dân,DV02,Phường Tân Hoà,Cấp thoát nước,Thường,"Mưa là ngập cả tuyến ở Phường Tân Hoà, cống thoát nghẹt không rút được",10,4,1,
PA01751,2026-06-02,Ứng dụng di động,DV03,Phường Đông Giang,Cấp thoát nước,Khẩn,"Mưa là ngập cả tuyến ở Phường Đông Giang, cống thoát nghẹt không rút được",5,4,1,
PA01752,2026-06-02,Văn bản giấy,DV04,Phường Nam Phong,Vệ sinh môi trường,Thường,"Có hộ đổ trộm xà bần ra bãi đất trống ở Phường Nam Phong, đề nghị kiểm tra",10,8,1,
PA01753,2026-06-02,Cổng dịch vụ công,DV04,Phường Nam Phong,Trật tự đô thị,Thường,Xe tải trọng lớn chạy vào đường nội bộ Phường Nam Phong ngoài giờ quy định,10,9,1,
PA01754,2026-06-02,Tổng đài 1022,DV04,Phường Nam Phong,Cấp thoát nước,Thường,"Mưa là ngập cả tuyến ở Phường Nam Phong, cống thoát nghẹt không rút được",10,9,1,4
PA01755,2026-06-02,Cổng dịch vụ công,DV07,Xã Phú Điền,Cấp thoát nước,Thường,"Khu dân cư Xã Phú Điền mất nước từ sáng đến chiều, không thấy thông báo trước",10,1,1,4
PA01756,2026-06-02,Tổng đài 1022,DV08,Xã Vĩnh Lộc,Trật tự đô thị,Thường,Xe tải trọng lớn chạy vào đường nội bộ Xã Vĩnh Lộc ngoài giờ quy định,10,8,1,
PA01757,2026-06-02,Tiếp công dân,DV08,Xã Vĩnh Lộc,Thủ tục hành chính,Thường,Đã nộp trực tuyến nhưng Xã Vĩnh Lộc vẫn yêu cầu nộp thêm bản giấy,10,11,0,
PA01758,2026-06-02,Cổng dịch vụ công,DV11,Xã Mỹ Khánh,Khác,Thường,"Loa phát thanh ở Xã Mỹ Khánh phát quá sớm, ảnh hưởng người già và trẻ nhỏ",10,7,1,3
PA01759,2026-06-02,Tổng đài 1022,DV12,Xã Hương Trà,Hạ tầng giao thông,Thường,"Mặt đường Xã Hương Trà sau khi đào lắp ống nước hoàn trả không phẳng, đi rất xóc",10,13,0,3
PA01760,2026-06-02,Cổng dịch vụ công,DV12,Xã Hương Trà,An sinh xã hội,Thường,"Hộ cận nghèo ở Xã Hương Trà chưa nhận được hỗ trợ đợt này, đề nghị rà soát",10,4,1,
PA01761,2026-06-03,Tổng đài 1022,DV01,Phường Hoà Thuận,Hạ tầng giao thông,Thường,"Mặt đường Phường Hoà Thuận sau khi đào lắp ống nước hoàn trả không phẳng, đi rất xóc",10,14,0,
PA01762,2026-06-03,Ứng dụng di động,DV01,Phường Hoà Thuận,Thủ tục hành chính,Thường,Cán bộ một cửa Phường Hoà Thuận yêu cầu giấy tờ ngoài danh mục niêm yết,10,7,1,
PA01763,2026-06-03,Cổng dịch vụ công,DV01,Phường Hoà Thuận,Cấp thoát nước,Thường,"Khu dân cư Phường Hoà Thuận mất nước từ sáng đến chiều, không thấy thông báo trước",10,10,1,4
PA01764,2026-06-03,Ứng dụng di động,DV01,Phường Hoà Thuận,Trật tự đô thị,Thường,Hàng quán lấn chiếm vỉa hè trước cổng trường tiểu học ở Phường Hoà Thuận giờ tan học,10,7,1,
PA01765,2026-06-03,Cổng dịch vụ công,DV01,Phường Hoà Thuận,Hạ tầng giao thông,Thường,"Cầu nhỏ bắc qua kênh ở Phường Hoà Thuận mục lan can, trẻ em đi học qua rất lo",10,6,1,
PA01766,2026-06-03,Cổng dịch vụ công,DV02,Phường Tân Hoà,An sinh xã hội,Thường,"Danh sách nhận hỗ trợ ở Phường Tân Hoà niêm yết thiếu tên, đề nghị kiểm tra lại",10,7,1,3
PA01767,2026-06-03,Cổng dịch vụ công,DV02,Phường Tân Hoà,Khác,Thường,Góp ý Phường Tân Hoà mở thêm khung giờ tiếp dân vào buổi chiều thứ bảy,10,11,0,
PA01768,2026-06-03,Cổng dịch vụ công,DV02,Phường Tân Hoà,Hạ tầng giao thông,Thường,"Cầu nhỏ bắc qua kênh ở Phường Tân Hoà mục lan can, trẻ em đi học qua rất lo",10,9,1,
PA01769,2026-06-03,Tiếp công dân,DV02,Phường Tân Hoà,Cấp thoát nước,Rất khẩn,"Nước máy ở Phường Tân Hoà mấy hôm nay có mùi lạ, đề nghị kiểm tra chất lượng",2,1,1,4
PA01770,2026-06-03,Cổng dịch vụ công,DV04,Phường Nam Phong,Cấp thoát nước,Thường,"Nước máy ở Phường Nam Phong mấy hôm nay có mùi lạ, đề nghị kiểm tra chất lượng",10,9,1,
PA01771,2026-06-03,Văn bản giấy,DV06,Xã Long Thành,Vệ sinh môi trường,Thường,"Rác tồn đọng ở điểm tập kết gần chợ Xã Long Thành ba ngày chưa thu gom, mùi rất nặng",10,11,0,3
PA01772,2026-06-03,Cổng dịch vụ công,DV07,Xã Phú Điền,Trật tự đô thị,Thường,Bãi giữ xe tự phát ở Xã Phú Điền chắn lối đi chung của khu dân cư,10,15,0,3
PA01773,2026-06-04,Ứng dụng di động,DV01,Phường Hoà Thuận,An sinh xã hội,Thường,"Danh sách nhận hỗ trợ ở Phường Hoà Thuận niêm yết thiếu tên, đề nghị kiểm tra lại",10,3,1,3
PA01774,2026-06-04,Tiếp công dân,DV02,Phường Tân Hoà,Thủ tục hành chính,Thường,Nộp hồ sơ chứng thực tại Phường Tân Hoà hẹn 3 ngày nhưng quá 8 ngày chưa có kết quả,10,33,0,
PA01775,2026-06-04,Cổng dịch vụ công,DV03,Phường Đông Giang,Hạ tầng giao thông,Thường,"Đoạn đường trước Phường Đông Giang xuống cấp, nhiều ổ gà, xe máy tránh nhau rất nguy hiểm",10,13,0,
PA01776,2026-06-04,Tiếp công dân,DV03,Phường Đông Giang,Thủ tục hành chính,Thường,Cán bộ một cửa Phường Đông Giang yêu cầu giấy tờ ngoài danh mục niêm yết,10,6,1,
PA01777,2026-06-04,Tổng đài 1022,DV04,Phường Nam Phong,Hạ tầng giao thông,Thường,Nắp cống trên tuyến đường liên xã qua Phường Nam Phong bị vỡ đã hai tuần chưa ai sửa,10,9,1,
PA01778,2026-06-04,Ứng dụng di động,DV06,Xã Long Thành,Thủ tục hành chính,Thường,Nộp hồ sơ chứng thực tại Xã Long Thành hẹn 3 ngày nhưng quá 8 ngày chưa có kết quả,10,4,1,
PA01779,2026-06-04,Văn bản giấy,DV06,Xã Long Thành,Trật tự đô thị,Thường,Xe tải trọng lớn chạy vào đường nội bộ Xã Long Thành ngoài giờ quy định,10,7,1,
PA01780,2026-06-04,Tổng đài 1022,DV06,Xã Long Thành,Khác,Thường,Đề nghị Xã Long Thành thông tin rõ kế hoạch chỉnh trang khu dân cư năm tới,10,6,1,4
PA01781,2026-06-04,Văn bản giấy,DV07,Xã Phú Điền,Hạ tầng giao thông,Thường,Nắp cống trên tuyến đường liên xã qua Xã Phú Điền bị vỡ đã hai tuần chưa ai sửa,10,7,1,
PA01782,2026-06-05,Cổng dịch vụ công,DV01,Phường Hoà Thuận,Cấp thoát nước,Thường,"Khu dân cư Phường Hoà Thuận mất nước từ sáng đến chiều, không thấy thông báo trước",10,2,1,
PA01783,2026-06-05,Tổng đài 1022,DV01,Phường Hoà Thuận,Chiếu sáng công cộng,Khẩn,"Đèn chiếu sáng khu vực Phường Hoà Thuận bật cả ban ngày, rất lãng phí điện",5,5,1,
PA01784,2026-06-05,Văn bản giấy,DV01,Phường Hoà Thuận,Vệ sinh môi trường,Khẩn,"Có hộ đổ trộm xà bần ra bãi đất trống ở Phường Hoà Thuận, đề nghị kiểm tra",5,5,1,
PA01785,2026-06-05,Ứng dụng di động,DV01,Phường Hoà Thuận,Hạ tầng giao thông,Thường,"Cầu nhỏ bắc qua kênh ở Phường Hoà Thuận mục lan can, trẻ em đi học qua rất lo",10,5,1,
PA01786,2026-06-05,Ứng dụng di động,DV02,Phường Tân Hoà,Trật tự đô thị,Thường,"Có công trình ở Phường Tân Hoà thi công sau 22 giờ gây ồn, đề nghị kiểm tra giấy phép",10,11,0,3
PA01787,2026-06-05,Tổng đài 1022,DV02,Phường Tân Hoà,Trật tự đô thị,Thường,Bãi giữ xe tự phát ở Phường Tân Hoà chắn lối đi chung của khu dân cư,10,8,1,
PA01788,2026-06-05,Cổng dịch vụ công,DV02,Phường Tân Hoà,Hạ tầng giao thông,Thường,Nắp cống trên tuyến đường liên xã qua Phường Tân Hoà bị vỡ đã hai tuần chưa ai sửa,10,5,1,3
PA01789,2026-06-05,Cổng dịch vụ công,DV03,Phường Đông Giang,Chiếu sáng công cộng,Thường,"Đèn chiếu sáng khu vực Phường Đông Giang bật cả ban ngày, rất lãng phí điện",10,15,0,
PA01790,2026-06-05,Cổng dịch vụ công,DV03,Phường Đông Giang,Trật tự đô thị,Thường,Xe tải trọng lớn chạy vào đường nội bộ Phường Đông Giang ngoài giờ quy định,10,13,0,4
PA01791,2026-06-05,Cổng dịch vụ công,DV05,Xã Bình An,Trật tự đô thị,Khẩn,Bãi giữ xe tự phát ở Xã Bình An chắn lối đi chung của khu dân cư,5,4,1,5
PA01792,2026-06-05,Tổng đài 1022,DV05,Xã Bình An,Thủ tục hành chính,Thường,Cán bộ một cửa Xã Bình An yêu cầu giấy tờ ngoài danh mục niêm yết,10,5,1,2
PA01793,2026-06-05,Tổng đài 1022,DV06,Xã Long Thành,Chiếu sáng công cộng,Thường,"Ngõ vào cụm dân cư Xã Long Thành chưa có đèn chiếu sáng, đã kiến nghị hai lần",10,6,1,
PA01794,2026-06-05,Cổng dịch vụ công,DV08,Xã Vĩnh Lộc,Vệ sinh môi trường,Khẩn,"Có hộ đổ trộm xà bần ra bãi đất trống ở Xã Vĩnh Lộc, đề nghị kiểm tra",5,2,1,
PA01795,2026-06-05,Tổng đài 1022,DV09,Xã An Cư,Hạ tầng giao thông,Khẩn,"Mặt đường Xã An Cư sau khi đào lắp ống nước hoàn trả không phẳng, đi rất xóc",5,7,0,
PA01796,2026-06-05,Tiếp công dân,DV11,Xã Mỹ Khánh,Vệ sinh môi trường,Khẩn,"Có hộ đổ trộm xà bần ra bãi đất trống ở Xã Mỹ Khánh, đề nghị kiểm tra",5,5,1,
PA01797,2026-06-06,Cổng dịch vụ công,DV02,Phường Tân Hoà,Chiếu sáng công cộng,Rất khẩn,"Ba cột đèn đường ở Phường Tân Hoà cháy bóng, ban đêm tối om rất mất an toàn",2,2,1,4
PA01798,2026-06-06,Cổng dịch vụ công,DV02,Phường Tân Hoà,Hạ tầng giao thông,Thường,"Đoạn đường trước Phường Tân Hoà xuống cấp, nhiều ổ gà, xe máy tránh nhau rất nguy hiểm",10,1,1,5
PA01799,2026-06-06,Tổng đài 1022,DV02,Phường Tân Hoà,Hạ tầng giao thông,Thường,Nắp cống trên tuyến đường liên xã qua Phường Tân Hoà bị vỡ đã hai tuần chưa ai sửa,10,7,1,
PA01800,2026-06-06,Ứng dụng di động,DV02,Phường Tân Hoà,Thủ tục hành chính,Thường,"Cổng dịch vụ công báo lỗi khi tải giấy tờ lên, gọi Phường Tân Hoà không ai nghe máy",10,12,0,
PA01801,2026-06-06,Văn bản giấy,DV02,Phường Tân Hoà,Hạ tầng giao thông,Thường,"Đoạn đường trước Phường Tân Hoà xuống cấp, nhiều ổ gà, xe máy tránh nhau rất nguy hiểm",10,9,1,
PA01802,2026-06-06,Ứng dụng di động,DV04,Phường Nam Phong,Vệ sinh môi trường,Thường,"Rác tồn đọng ở điểm tập kết gần chợ Phường Nam Phong ba ngày chưa thu gom, mùi rất nặng",10,7,1,
PA01803,2026-06-06,Ứng dụng di động,DV04,Phường Nam Phong,Hạ tầng giao thông,Khẩn,Nắp cống trên tuyến đường liên xã qua Phường Nam Phong bị vỡ đã hai tuần chưa ai sửa,5,4,1,4
PA01804,2026-06-06,Tổng đài 1022,DV08,Xã Vĩnh Lộc,An sinh xã hội,Thường,"Hộ cận nghèo ở Xã Vĩnh Lộc chưa nhận được hỗ trợ đợt này, đề nghị rà soát",10,14,0,2
PA01805,2026-06-06,Tổng đài 1022,DV11,Xã Mỹ Khánh,Chiếu sáng công cộng,Thường,"Ba cột đèn đường ở Xã Mỹ Khánh cháy bóng, ban đêm tối om rất mất an toàn",10,6,1,3
PA01806,2026-06-06,Văn bản giấy,DV12,Xã Hương Trà,An sinh xã hội,Khẩn,"Hộ cận nghèo ở Xã Hương Trà chưa nhận được hỗ trợ đợt này, đề nghị rà soát",5,4,1,5
PA01807,2026-06-07,Tổng đài 1022,DV01,Phường Hoà Thuận,Vệ sinh môi trường,Thường,"Rác tồn đọng ở điểm tập kết gần chợ Phường Hoà Thuận ba ngày chưa thu gom, mùi rất nặng",10,4,1,
PA01808,2026-06-07,Tổng đài 1022,DV01,Phường Hoà Thuận,Hạ tầng giao thông,Thường,"Đoạn đường trước Phường Hoà Thuận xuống cấp, nhiều ổ gà, xe máy tránh nhau rất nguy hiểm",10,6,1,3
PA01809,2026-06-07,Tổng đài 1022,DV02,Phường Tân Hoà,Cấp thoát nước,Khẩn,"Mưa là ngập cả tuyến ở Phường Tân Hoà, cống thoát nghẹt không rút được",5,8,0,
PA01810,2026-06-07,Cổng dịch vụ công,DV02,Phường Tân Hoà,Cấp thoát nước,Thường,"Mưa là ngập cả tuyến ở Phường Tân Hoà, cống thoát nghẹt không rút được",10,9,1,5
PA01811,2026-06-07,Tổng đài 1022,DV02,Phường Tân Hoà,Chiếu sáng công cộng,Thường,"Ngõ vào cụm dân cư Phường Tân Hoà chưa có đèn chiếu sáng, đã kiến nghị hai lần",10,11,0,
PA01812,2026-06-07,Tổng đài 1022,DV03,Phường Đông Giang,Trật tự đô thị,Thường,Xe tải trọng lớn chạy vào đường nội bộ Phường Đông Giang ngoài giờ quy định,10,11,0,
PA01813,2026-06-07,Tổng đài 1022,DV03,Phường Đông Giang,Thủ tục hành chính,Thường,Cán bộ một cửa Phường Đông Giang yêu cầu giấy tờ ngoài danh mục niêm yết,10,7,1,
PA01814,2026-06-07,Tổng đài 1022,DV03,Phường Đông Giang,Hạ tầng giao thông,Thường,"Cầu nhỏ bắc qua kênh ở Phường Đông Giang mục lan can, trẻ em đi học qua rất lo",10,7,1,
PA01815,2026-06-07,Cổng dịch vụ công,DV04,Phường Nam Phong,Vệ sinh môi trường,Thường,"Xe thu gom rác ở Phường Nam Phong đổi giờ mà không báo, dân để rác ra đường cả buổi",10,4,1,
PA01816,2026-06-07,Cổng dịch vụ công,DV04,Phường Nam Phong,Hạ tầng giao thông,Khẩn,"Cầu nhỏ bắc qua kênh ở Phường Nam Phong mục lan can, trẻ em đi học qua rất lo",5,4,1,5
PA01817,2026-06-07,Ứng dụng di động,DV04,Phường Nam Phong,Khác,Khẩn,Đề nghị Phường Nam Phong thông tin rõ kế hoạch chỉnh trang khu dân cư năm tới,5,4,1,5
PA01818,2026-06-07,Cổng dịch vụ công,DV05,Xã Bình An,Thủ tục hành chính,Thường,Đã nộp trực tuyến nhưng Xã Bình An vẫn yêu cầu nộp thêm bản giấy,10,8,1,
PA01819,2026-06-07,Văn bản giấy,DV08,Xã Vĩnh Lộc,Hạ tầng giao thông,Khẩn,"Mặt đường Xã Vĩnh Lộc sau khi đào lắp ống nước hoàn trả không phẳng, đi rất xóc",5,1,1,
PA01820,2026-06-07,Tiếp công dân,DV08,Xã Vĩnh Lộc,Chiếu sáng công cộng,Thường,"Ba cột đèn đường ở Xã Vĩnh Lộc cháy bóng, ban đêm tối om rất mất an toàn",10,9,1,
PA01821,2026-06-07,Cổng dịch vụ công,DV09,Xã An Cư,Cấp thoát nước,Thường,"Mưa là ngập cả tuyến ở Xã An Cư, cống thoát nghẹt không rút được",10,10,1,
PA01822,2026-06-08,Cổng dịch vụ công,DV01,Phường Hoà Thuận,Thủ tục hành chính,Thường,Nộp hồ sơ chứng thực tại Phường Hoà Thuận hẹn 3 ngày nhưng quá 8 ngày chưa có kết quả,10,9,1,
PA01823,2026-06-08,Tổng đài 1022,DV02,Phường Tân Hoà,Hạ tầng giao thông,Khẩn,"Cầu nhỏ bắc qua kênh ở Phường Tân Hoà mục lan can, trẻ em đi học qua rất lo",5,2,1,
PA01824,2026-06-08,Tổng đài 1022,DV03,Phường Đông Giang,Cấp thoát nước,Thường,"Ống nước trước nhà văn hoá Phường Đông Giang rò rỉ, nước chảy ra đường suốt ngày",10,3,1,
PA01825,2026-06-08,Cổng dịch vụ công,DV04,Phường Nam Phong,Chiếu sáng công cộng,Thường,"Ngõ vào cụm dân cư Phường Nam Phong chưa có đèn chiếu sáng, đã kiến nghị hai lần",10,8,1,4
PA01826,2026-06-08,Cổng dịch vụ công,DV04,Phường Nam Phong,Hạ tầng giao thông,Khẩn,"Mặt đường Phường Nam Phong sau khi đào lắp ống nước hoàn trả không phẳng, đi rất xóc",5,5,1,5
PA01827,2026-06-08,Ứng dụng di động,DV09,Xã An Cư,Thủ tục hành chính,Thường,Cán bộ một cửa Xã An Cư yêu cầu giấy tờ ngoài danh mục niêm yết,10,8,1,
PA01828,2026-06-08,Tiếp công dân,DV10,Xã Thanh Sơn,Cấp thoát nước,Thường,"Ống nước trước nhà văn hoá Xã Thanh Sơn rò rỉ, nước chảy ra đường suốt ngày",10,8,1,
PA01829,2026-06-08,Cổng dịch vụ công,DV12,Xã Hương Trà,Hạ tầng giao thông,Khẩn,Nắp cống trên tuyến đường liên xã qua Xã Hương Trà bị vỡ đã hai tuần chưa ai sửa,5,5,1,
PA01830,2026-06-09,Tổng đài 1022,DV01,Phường Hoà Thuận,Thủ tục hành chính,Khẩn,"Cổng dịch vụ công báo lỗi khi tải giấy tờ lên, gọi Phường Hoà Thuận không ai nghe máy",5,1,1,5
PA01831,2026-06-09,Văn bản giấy,DV01,Phường Hoà Thuận,Khác,Thường,"Loa phát thanh ở Phường Hoà Thuận phát quá sớm, ảnh hưởng người già và trẻ nhỏ",10,9,1,
PA01832,2026-06-09,Văn bản giấy,DV01,Phường Hoà Thuận,Vệ sinh môi trường,Thường,"Xe thu gom rác ở Phường Hoà Thuận đổi giờ mà không báo, dân để rác ra đường cả buổi",10,6,1,5
PA01833,2026-06-09,Ứng dụng di động,DV01,Phường Hoà Thuận,Vệ sinh môi trường,Thường,"Kênh chạy qua Phường Hoà Thuận nổi váng đen, nghi có cơ sở xả thải ban đêm",10,2,1,5
PA01834,2026-06-09,Cổng dịch vụ công,DV02,Phường Tân Hoà,Thủ tục hành chính,Thường,"Cổng dịch vụ công báo lỗi khi tải giấy tờ lên, gọi Phường Tân Hoà không ai nghe máy",10,7,1,
PA01835,2026-06-09,Cổng dịch vụ công,DV02,Phường Tân Hoà,Trật tự đô thị,Thường,Hàng quán lấn chiếm vỉa hè trước cổng trường tiểu học ở Phường Tân Hoà giờ tan học,10,12,0,
PA01836,2026-06-09,Văn bản giấy,DV04,Phường Nam Phong,Hạ tầng giao thông,Thường,Nắp cống trên tuyến đường liên xã qua Phường Nam Phong bị vỡ đã hai tuần chưa ai sửa,10,12,0,
PA01837,2026-06-09,Cổng dịch vụ công,DV04,Phường Nam Phong,Cấp thoát nước,Thường,"Ống nước trước nhà văn hoá Phường Nam Phong rò rỉ, nước chảy ra đường suốt ngày",10,5,1,
PA01838,2026-06-09,Văn bản giấy,DV04,Phường Nam Phong,Thủ tục hành chính,Khẩn,Nộp hồ sơ chứng thực tại Phường Nam Phong hẹn 3 ngày nhưng quá 8 ngày chưa có kết quả,5,4,1,5
PA01839,2026-06-09,Tiếp công dân,DV06,Xã Long Thành,Cấp thoát nước,Thường,"Mưa là ngập cả tuyến ở Xã Long Thành, cống thoát nghẹt không rút được",10,8,1,
PA01840,2026-06-09,Văn bản giấy,DV09,Xã An Cư,Vệ sinh môi trường,Khẩn,"Kênh chạy qua Xã An Cư nổi váng đen, nghi có cơ sở xả thải ban đêm",5,6,0,
PA01841,2026-06-09,Tiếp công dân,DV09,Xã An Cư,Cấp thoát nước,Thường,"Nước máy ở Xã An Cư mấy hôm nay có mùi lạ, đề nghị kiểm tra chất lượng",10,7,1,
PA01842,2026-06-09,Tổng đài 1022,DV11,Xã Mỹ Khánh,Vệ sinh môi trường,Thường,"Kênh chạy qua Xã Mỹ Khánh nổi váng đen, nghi có cơ sở xả thải ban đêm",10,7,1,4
PA01843,2026-06-10,Cổng dịch vụ công,DV01,Phường Hoà Thuận,Cấp thoát nước,Thường,"Ống nước trước nhà văn hoá Phường Hoà Thuận rò rỉ, nước chảy ra đường suốt ngày",10,7,1,4
PA01844,2026-06-10,Ứng dụng di động,DV01,Phường Hoà Thuận,Hạ tầng giao thông,Thường,"Đoạn đường trước Phường Hoà Thuận xuống cấp, nhiều ổ gà, xe máy tránh nhau rất nguy hiểm",10,10,1,
PA01845,2026-06-10,Tổng đài 1022,DV02,Phường Tân Hoà,Vệ sinh môi trường,Thường,"Xe thu gom rác ở Phường Tân Hoà đổi giờ mà không báo, dân để rác ra đường cả buổi",10,9,1,
PA01846,2026-06-10,Tổng đài 1022,DV02,Phường Tân Hoà,An sinh xã hội,Thường,Người cao tuổi ở Phường Tân Hoà chưa được hướng dẫn làm thủ tục trợ cấp,10,15,0,
PA01847,2026-06-10,Tổng đài 1022,DV02,Phường Tân Hoà,Hạ tầng giao thông,Thường,"Đoạn đường trước Phường Tân Hoà xuống cấp, nhiều ổ gà, xe máy tránh nhau rất nguy hiểm",10,2,1,2
PA01848,2026-06-10,Tổng đài 1022,DV02,Phường Tân Hoà,Thủ tục hành chính,Thường,Đã nộp trực tuyến nhưng Phường Tân Hoà vẫn yêu cầu nộp thêm bản giấy,10,1,1,
PA01849,2026-06-10,Tổng đài 1022,DV02,Phường Tân Hoà,Cấp thoát nước,Thường,"Khu dân cư Phường Tân Hoà mất nước từ sáng đến chiều, không thấy thông báo trước",10,9,1,3
PA01850,2026-06-10,Tổng đài 1022,DV03,Phường Đông Giang,Thủ tục hành chính,Thường,Đã nộp trực tuyến nhưng Phường Đông Giang vẫn yêu cầu nộp thêm bản giấy,10,7,1,4
PA01851,2026-06-10,Tổng đài 1022,DV04,Phường Nam Phong,Hạ tầng giao thông,Khẩn,Nắp cống trên tuyến đường liên xã qua Phường Nam Phong bị vỡ đã hai tuần chưa ai sửa,5,5,1,4
PA01852,2026-06-10,Tiếp công dân,DV06,Xã Long Thành,Khác,Thường,"Loa phát thanh ở Xã Long Thành phát quá sớm, ảnh hưởng người già và trẻ nhỏ",10,6,1,
PA01853,2026-06-10,Ứng dụng di động,DV08,Xã Vĩnh Lộc,Trật tự đô thị,Thường,"Có công trình ở Xã Vĩnh Lộc thi công sau 22 giờ gây ồn, đề nghị kiểm tra giấy phép",10,6,1,4
PA01854,2026-06-10,Ứng dụng di động,DV09,Xã An Cư,Khác,Thường,Đề nghị Xã An Cư thông tin rõ kế hoạch chỉnh trang khu dân cư năm tới,10,10,1,
PA01855,2026-06-10,Cổng dịch vụ công,DV10,Xã Thanh Sơn,Trật tự đô thị,Thường,Xe tải trọng lớn chạy vào đường nội bộ Xã Thanh Sơn ngoài giờ quy định,10,26,0,
PA01856,2026-06-10,Tiếp công dân,DV11,Xã Mỹ Khánh,Vệ sinh môi trường,Thường,"Rác tồn đọng ở điểm tập kết gần chợ Xã Mỹ Khánh ba ngày chưa thu gom, mùi rất nặng",10,8,1,5
PA01857,2026-06-10,Ứng dụng di động,DV11,Xã Mỹ Khánh,Vệ sinh môi trường,Thường,"Xe thu gom rác ở Xã Mỹ Khánh đổi giờ mà không báo, dân để rác ra đường cả buổi",10,9,1,
PA01858,2026-06-11,Ứng dụng di động,DV01,Phường Hoà Thuận,Trật tự đô thị,Thường,"Có công trình ở Phường Hoà Thuận thi công sau 22 giờ gây ồn, đề nghị kiểm tra giấy phép",10,2,1,5
PA01859,2026-06-11,Văn bản giấy,DV01,Phường Hoà Thuận,Hạ tầng giao thông,Thường,"Cầu nhỏ bắc qua kênh ở Phường Hoà Thuận mục lan can, trẻ em đi học qua rất lo",10,11,0,3
PA01860,2026-06-11,Cổng dịch vụ công,DV01,Phường Hoà Thuận,Vệ sinh môi trường,Thường,"Rác tồn đọng ở điểm tập kết gần chợ Phường Hoà Thuận ba ngày chưa thu gom, mùi rất nặng",10,6,1,
PA01861,2026-06-11,Tổng đài 1022,DV02,Phường Tân Hoà,An sinh xã hội,Thường,Người cao tuổi ở Phường Tân Hoà chưa được hướng dẫn làm thủ tục trợ cấp,10,12,0,
PA01862,2026-06-11,Tổng đài 1022,DV02,Phường Tân Hoà,Trật tự đô thị,Thường,Bãi giữ xe tự phát ở Phường Tân Hoà chắn lối đi chung của khu dân cư,10,6,1,4
PA01863,2026-06-11,Cổng dịch vụ công,DV03,Phường Đông Giang,Khác,Thường,Góp ý Phường Đông Giang mở thêm khung giờ tiếp dân vào buổi chiều thứ bảy,10,8,1,4
PA01864,2026-06-11,Văn bản giấy,DV04,Phường Nam Phong,Cấp thoát nước,Rất khẩn,"Khu dân cư Phường Nam Phong mất nước từ sáng đến chiều, không thấy thông báo trước",2,2,1,4
PA01865,2026-06-11,Tổng đài 1022,DV08,Xã Vĩnh Lộc,Chiếu sáng công cộng,Khẩn,"Ngõ vào cụm dân cư Xã Vĩnh Lộc chưa có đèn chiếu sáng, đã kiến nghị hai lần",5,3,1,
PA01866,2026-06-11,Tổng đài 1022,DV11,Xã Mỹ Khánh,Chiếu sáng công cộng,Khẩn,"Đèn chiếu sáng khu vực Xã Mỹ Khánh bật cả ban ngày, rất lãng phí điện",5,5,1,4
PA01867,2026-06-12,Cổng dịch vụ công,DV01,Phường Hoà Thuận,Hạ tầng giao thông,Khẩn,Nắp cống trên tuyến đường liên xã qua Phường Hoà Thuận bị vỡ đã hai tuần chưa ai sửa,5,2,1,
PA01868,2026-06-12,Ứng dụng di động,DV02,Phường Tân Hoà,Chiếu sáng công cộng,Thường,"Ngõ vào cụm dân cư Phường Tân Hoà chưa có đèn chiếu sáng, đã kiến nghị hai lần",10,5,1,
PA01869,2026-06-12,Văn bản giấy,DV04,Phường Nam Phong,Khác,Rất khẩn,Đề nghị Phường Nam Phong thông tin rõ kế hoạch chỉnh trang khu dân cư năm tới,2,1,1,
PA01870,2026-06-12,Tổng đài 1022,DV06,Xã Long Thành,Vệ sinh môi trường,Thường,"Xe thu gom rác ở Xã Long Thành đổi giờ mà không báo, dân để rác ra đường cả buổi",10,12,0,
PA01871,2026-06-12,Tổng đài 1022,DV07,Xã Phú Điền,Trật tự đô thị,Khẩn,Xe tải trọng lớn chạy vào đường nội bộ Xã Phú Điền ngoài giờ quy định,5,2,1,
PA01872,2026-06-12,Ứng dụng di động,DV08,Xã Vĩnh Lộc,An sinh xã hội,Thường,"Danh sách nhận hỗ trợ ở Xã Vĩnh Lộc niêm yết thiếu tên, đề nghị kiểm tra lại",10,7,1,5
PA01873,2026-06-12,Tổng đài 1022,DV09,Xã An Cư,An sinh xã hội,Khẩn,Người cao tuổi ở Xã An Cư chưa được hướng dẫn làm thủ tục trợ cấp,5,4,1,4
PA01874,2026-06-12,Ứng dụng di động,DV11,Xã Mỹ Khánh,Chiếu sáng công cộng,Thường,"Ngõ vào cụm dân cư Xã Mỹ Khánh chưa có đèn chiếu sáng, đã kiến nghị hai lần",10,10,1,4
PA01875,2026-06-13,Văn bản giấy,DV01,Phường Hoà Thuận,Cấp thoát nước,Thường,"Khu dân cư Phường Hoà Thuận mất nước từ sáng đến chiều, không thấy thông báo trước",10,11,0,
PA01876,2026-06-13,Ứng dụng di động,DV01,Phường Hoà Thuận,Cấp thoát nước,Thường,"Ống nước trước nhà văn hoá Phường Hoà Thuận rò rỉ, nước chảy ra đường suốt ngày",10,7,1,
PA01877,2026-06-13,Tổng đài 1022,DV02,Phường Tân Hoà,Chiếu sáng công cộng,Thường,"Ba cột đèn đường ở Phường Tân Hoà cháy bóng, ban đêm tối om rất mất an toàn",10,10,1,
PA01878,2026-06-13,Tổng đài 1022,DV02,Phường Tân Hoà,Cấp thoát nước,Khẩn,"Khu dân cư Phường Tân Hoà mất nước từ sáng đến chiều, không thấy thông báo trước",5,3,1,4
PA01879,2026-06-13,Ứng dụng di động,DV03,Phường Đông Giang,Trật tự đô thị,Thường,Bãi giữ xe tự phát ở Phường Đông Giang chắn lối đi chung của khu dân cư,10,9,1,
PA01880,2026-06-13,Cổng dịch vụ công,DV04,Phường Nam Phong,Vệ sinh môi trường,Thường,"Xe thu gom rác ở Phường Nam Phong đổi giờ mà không báo, dân để rác ra đường cả buổi",10,7,1,4
PA01881,2026-06-13,Tổng đài 1022,DV04,Phường Nam Phong,Chiếu sáng công cộng,Thường,"Ngõ vào cụm dân cư Phường Nam Phong chưa có đèn chiếu sáng, đã kiến nghị hai lần",10,10,1,3
PA01882,2026-06-13,Tổng đài 1022,DV04,Phường Nam Phong,Trật tự đô thị,Thường,Hàng quán lấn chiếm vỉa hè trước cổng trường tiểu học ở Phường Nam Phong giờ tan học,10,7,1,
PA01883,2026-06-13,Tổng đài 1022,DV04,Phường Nam Phong,Vệ sinh môi trường,Thường,"Xe thu gom rác ở Phường Nam Phong đổi giờ mà không báo, dân để rác ra đường cả buổi",10,10,1,
PA01884,2026-06-13,Tổng đài 1022,DV04,Phường Nam Phong,Hạ tầng giao thông,Thường,Nắp cống trên tuyến đường liên xã qua Phường Nam Phong bị vỡ đã hai tuần chưa ai sửa,10,10,1,4
PA01885,2026-06-13,Văn bản giấy,DV10,Xã Thanh Sơn,Vệ sinh môi trường,Thường,"Xe thu gom rác ở Xã Thanh Sơn đổi giờ mà không báo, dân để rác ra đường cả buổi",10,7,1,
PA01886,2026-06-14,Văn bản giấy,DV01,Phường Hoà Thuận,Vệ sinh môi trường,Khẩn,"Rác tồn đọng ở điểm tập kết gần chợ Phường Hoà Thuận ba ngày chưa thu gom, mùi rất nặng",5,3,1,
PA01887,2026-06-14,Văn bản giấy,DV02,Phường Tân Hoà,Thủ tục hành chính,Thường,Đã nộp trực tuyến nhưng Phường Tân Hoà vẫn yêu cầu nộp thêm bản giấy,10,5,1,4
PA01888,2026-06-14,Cổng dịch vụ công,DV02,Phường Tân Hoà,An sinh xã hội,Khẩn,Người cao tuổi ở Phường Tân Hoà chưa được hướng dẫn làm thủ tục trợ cấp,5,5,1,
PA01889,2026-06-14,Tiếp công dân,DV03,Phường Đông Giang,Thủ tục hành chính,Thường,Nộp hồ sơ chứng thực tại Phường Đông Giang hẹn 3 ngày nhưng quá 8 ngày chưa có kết quả,10,1,1,4
PA01890,2026-06-14,Tổng đài 1022,DV03,Phường Đông Giang,Vệ sinh môi trường,Thường,"Kênh chạy qua Phường Đông Giang nổi váng đen, nghi có cơ sở xả thải ban đêm",10,8,1,5
PA01891,2026-06-14,Ứng dụng di động,DV03,Phường Đông Giang,Vệ sinh môi trường,Thường,"Kênh chạy qua Phường Đông Giang nổi váng đen, nghi có cơ sở xả thải ban đêm",10,4,1,
PA01892,2026-06-14,Ứng dụng di động,DV04,Phường Nam Phong,Vệ sinh môi trường,Thường,"Rác tồn đọng ở điểm tập kết gần chợ Phường Nam Phong ba ngày chưa thu gom, mùi rất nặng",10,6,1,
PA01893,2026-06-14,Ứng dụng di động,DV06,Xã Long Thành,Hạ tầng giao thông,Thường,"Đoạn đường trước Xã Long Thành xuống cấp, nhiều ổ gà, xe máy tránh nhau rất nguy hiểm",10,8,1,
PA01894,2026-06-14,Tổng đài 1022,DV11,Xã Mỹ Khánh,Thủ tục hành chính,Thường,Cán bộ một cửa Xã Mỹ Khánh yêu cầu giấy tờ ngoài danh mục niêm yết,10,9,1,
PA01895,2026-06-15,Tổng đài 1022,DV03,Phường Đông Giang,Cấp thoát nước,Thường,"Nước máy ở Phường Đông Giang mấy hôm nay có mùi lạ, đề nghị kiểm tra chất lượng",10,8,1,
PA01896,2026-06-15,Cổng dịch vụ công,DV04,Phường Nam Phong,Thủ tục hành chính,Thường,Đã nộp trực tuyến nhưng Phường Nam Phong vẫn yêu cầu nộp thêm bản giấy,10,8,1,
PA01897,2026-06-15,Cổng dịch vụ công,DV06,Xã Long Thành,Hạ tầng giao thông,Thường,"Đoạn đường trước Xã Long Thành xuống cấp, nhiều ổ gà, xe máy tránh nhau rất nguy hiểm",10,9,1,5
PA01898,2026-06-15,Cổng dịch vụ công,DV08,Xã Vĩnh Lộc,Hạ tầng giao thông,Thường,"Mặt đường Xã Vĩnh Lộc sau khi đào lắp ống nước hoàn trả không phẳng, đi rất xóc",10,9,1,3
PA01899,2026-06-15,Cổng dịch vụ công,DV09,Xã An Cư,Trật tự đô thị,Khẩn,Xe tải trọng lớn chạy vào đường nội bộ Xã An Cư ngoài giờ quy định,5,2,1,4
PA01900,2026-06-15,Ứng dụng di động,DV11,Xã Mỹ Khánh,Trật tự đô thị,Thường,Xe tải trọng lớn chạy vào đường nội bộ Xã Mỹ Khánh ngoài giờ quy định,10,5,1,4
PA01901,2026-06-15,Văn bản giấy,DV11,Xã Mỹ Khánh,Trật tự đô thị,Thường,"Có công trình ở Xã Mỹ Khánh thi công sau 22 giờ gây ồn, đề nghị kiểm tra giấy phép",10,5,1,
PA01902,2026-06-15,Tổng đài 1022,DV11,Xã Mỹ Khánh,Vệ sinh môi trường,Thường,"Có hộ đổ trộm xà bần ra bãi đất trống ở Xã Mỹ Khánh, đề nghị kiểm tra",10,4,1,
PA01903,2026-06-15,Ứng dụng di động,DV12,Xã Hương Trà,Hạ tầng giao thông,Thường,"Đoạn đường trước Xã Hương Trà xuống cấp, nhiều ổ gà, xe máy tránh nhau rất nguy hiểm",10,8,1,
PA01904,2026-06-16,Tổng đài 1022,DV01,Phường Hoà Thuận,Trật tự đô thị,Thường,Hàng quán lấn chiếm vỉa hè trước cổng trường tiểu học ở Phường Hoà Thuận giờ tan học,10,21,0,3
PA01905,2026-06-16,Văn bản giấy,DV01,Phường Hoà Thuận,Trật tự đô thị,Thường,Bãi giữ xe tự phát ở Phường Hoà Thuận chắn lối đi chung của khu dân cư,10,5,1,
PA01906,2026-06-16,Ứng dụng di động,DV01,Phường Hoà Thuận,Trật tự đô thị,Thường,Hàng quán lấn chiếm vỉa hè trước cổng trường tiểu học ở Phường Hoà Thuận giờ tan học,10,12,0,3
PA01907,2026-06-16,Tổng đài 1022,DV05,Xã Bình An,Vệ sinh môi trường,Thường,"Kênh chạy qua Xã Bình An nổi váng đen, nghi có cơ sở xả thải ban đêm",10,6,1,
PA01908,2026-06-16,Ứng dụng di động,DV10,Xã Thanh Sơn,Cấp thoát nước,Khẩn,"Khu dân cư Xã Thanh Sơn mất nước từ sáng đến chiều, không thấy thông báo trước",5,5,1,
PA01909,2026-06-16,Tổng đài 1022,DV11,Xã Mỹ Khánh,Khác,Khẩn,Đề nghị Xã Mỹ Khánh thông tin rõ kế hoạch chỉnh trang khu dân cư năm tới,5,1,1,
PA01910,2026-06-17,Tổng đài 1022,DV01,Phường Hoà Thuận,Cấp thoát nước,Khẩn,"Nước máy ở Phường Hoà Thuận mấy hôm nay có mùi lạ, đề nghị kiểm tra chất lượng",5,6,0,
PA01911,2026-06-17,Cổng dịch vụ công,DV01,Phường Hoà Thuận,Vệ sinh môi trường,Thường,"Xe thu gom rác ở Phường Hoà Thuận đổi giờ mà không báo, dân để rác ra đường cả buổi",10,8,1,3
PA01912,2026-06-17,Tổng đài 1022,DV02,Phường Tân Hoà,Hạ tầng giao thông,Thường,"Đoạn đường trước Phường Tân Hoà xuống cấp, nhiều ổ gà, xe máy tránh nhau rất nguy hiểm",10,8,1,
PA01913,2026-06-17,Tổng đài 1022,DV02,Phường Tân Hoà,Vệ sinh môi trường,Khẩn,"Có hộ đổ trộm xà bần ra bãi đất trống ở Phường Tân Hoà, đề nghị kiểm tra",5,4,1,5
PA01914,2026-06-17,Tổng đài 1022,DV03,Phường Đông Giang,Khác,Thường,"Loa phát thanh ở Phường Đông Giang phát quá sớm, ảnh hưởng người già và trẻ nhỏ",10,5,1,
PA01915,2026-06-17,Tổng đài 1022,DV04,Phường Nam Phong,Hạ tầng giao thông,Thường,"Đoạn đường trước Phường Nam Phong xuống cấp, nhiều ổ gà, xe máy tránh nhau rất nguy hiểm",10,11,0,4
PA01916,2026-06-17,Văn bản giấy,DV04,Phường Nam Phong,An sinh xã hội,Thường,Người cao tuổi ở Phường Nam Phong chưa được hướng dẫn làm thủ tục trợ cấp,10,7,1,3
PA01917,2026-06-17,Ứng dụng di động,DV05,Xã Bình An,Chiếu sáng công cộng,Thường,"Đèn chiếu sáng khu vực Xã Bình An bật cả ban ngày, rất lãng phí điện",10,13,0,3
PA01918,2026-06-17,Tổng đài 1022,DV12,Xã Hương Trà,Chiếu sáng công cộng,Thường,"Ba cột đèn đường ở Xã Hương Trà cháy bóng, ban đêm tối om rất mất an toàn",10,11,0,3
PA01919,2026-06-18,Văn bản giấy,DV01,Phường Hoà Thuận,Vệ sinh môi trường,Thường,"Có hộ đổ trộm xà bần ra bãi đất trống ở Phường Hoà Thuận, đề nghị kiểm tra",10,6,1,
PA01920,2026-06-18,Tiếp công dân,DV02,Phường Tân Hoà,Khác,Khẩn,Đề nghị Phường Tân Hoà thông tin rõ kế hoạch chỉnh trang khu dân cư năm tới,5,1,1,
PA01921,2026-06-18,Cổng dịch vụ công,DV02,Phường Tân Hoà,Hạ tầng giao thông,Thường,"Mặt đường Phường Tân Hoà sau khi đào lắp ống nước hoàn trả không phẳng, đi rất xóc",10,5,1,
PA01922,2026-06-18,Cổng dịch vụ công,DV02,Phường Tân Hoà,Vệ sinh môi trường,Thường,"Kênh chạy qua Phường Tân Hoà nổi váng đen, nghi có cơ sở xả thải ban đêm",10,7,1,2
PA01923,2026-06-18,Tổng đài 1022,DV04,Phường Nam Phong,Vệ sinh môi trường,Thường,"Kênh chạy qua Phường Nam Phong nổi váng đen, nghi có cơ sở xả thải ban đêm",10,7,1,
PA01924,2026-06-18,Ứng dụng di động,DV04,Phường Nam Phong,Hạ tầng giao thông,Rất khẩn,"Mặt đường Phường Nam Phong sau khi đào lắp ống nước hoàn trả không phẳng, đi rất xóc",2,2,1,
PA01925,2026-06-18,Cổng dịch vụ công,DV05,Xã Bình An,Trật tự đô thị,Khẩn,Xe tải trọng lớn chạy vào đường nội bộ Xã Bình An ngoài giờ quy định,5,8,0,2
PA01926,2026-06-18,Ứng dụng di động,DV07,Xã Phú Điền,Cấp thoát nước,Thường,"Mưa là ngập cả tuyến ở Xã Phú Điền, cống thoát nghẹt không rút được",10,9,1,4
PA01927,2026-06-18,Văn bản giấy,DV07,Xã Phú Điền,Chiếu sáng công cộng,Thường,"Ba cột đèn đường ở Xã Phú Điền cháy bóng, ban đêm tối om rất mất an toàn",10,10,1,
PA01928,2026-06-18,Cổng dịch vụ công,DV07,Xã Phú Điền,Hạ tầng giao thông,Thường,"Đoạn đường trước Xã Phú Điền xuống cấp, nhiều ổ gà, xe máy tránh nhau rất nguy hiểm",10,8,1,3
PA01929,2026-06-18,Ứng dụng di động,DV09,Xã An Cư,Cấp thoát nước,Thường,"Khu dân cư Xã An Cư mất nước từ sáng đến chiều, không thấy thông báo trước",10,8,1,
PA01930,2026-06-18,Tổng đài 1022,DV09,Xã An Cư,Hạ tầng giao thông,Thường,"Cầu nhỏ bắc qua kênh ở Xã An Cư mục lan can, trẻ em đi học qua rất lo",10,3,1,5
PA01931,2026-06-18,Văn bản giấy,DV10,Xã Thanh Sơn,Khác,Thường,"Loa phát thanh ở Xã Thanh Sơn phát quá sớm, ảnh hưởng người già và trẻ nhỏ",10,9,1,
PA01932,2026-06-18,Văn bản giấy,DV11,Xã Mỹ Khánh,Hạ tầng giao thông,Thường,"Cầu nhỏ bắc qua kênh ở Xã Mỹ Khánh mục lan can, trẻ em đi học qua rất lo",10,5,1,
PA01933,2026-06-19,Cổng dịch vụ công,DV01,Phường Hoà Thuận,Thủ tục hành chính,Thường,"Cổng dịch vụ công báo lỗi khi tải giấy tờ lên, gọi Phường Hoà Thuận không ai nghe máy",10,6,1,
PA01934,2026-06-19,Ứng dụng di động,DV01,Phường Hoà Thuận,Trật tự đô thị,Thường,"Có công trình ở Phường Hoà Thuận thi công sau 22 giờ gây ồn, đề nghị kiểm tra giấy phép",10,4,1,
PA01935,2026-06-19,Tổng đài 1022,DV02,Phường Tân Hoà,Hạ tầng giao thông,Khẩn,"Cầu nhỏ bắc qua kênh ở Phường Tân Hoà mục lan can, trẻ em đi học qua rất lo",5,3,1,5
PA01936,2026-06-19,Ứng dụng di động,DV02,Phường Tân Hoà,Vệ sinh môi trường,Thường,"Xe thu gom rác ở Phường Tân Hoà đổi giờ mà không báo, dân để rác ra đường cả buổi",10,7,1,4
PA01937,2026-06-19,Văn bản giấy,DV02,Phường Tân Hoà,Vệ sinh môi trường,Khẩn,"Rác tồn đọng ở điểm tập kết gần chợ Phường Tân Hoà ba ngày chưa thu gom, mùi rất nặng",5,4,1,4
PA01938,2026-06-19,Tổng đài 1022,DV02,Phường Tân Hoà,Hạ tầng giao thông,Thường,"Cầu nhỏ bắc qua kênh ở Phường Tân Hoà mục lan can, trẻ em đi học qua rất lo",10,5,1,
PA01939,2026-06-19,Ứng dụng di động,DV03,Phường Đông Giang,Cấp thoát nước,Thường,"Mưa là ngập cả tuyến ở Phường Đông Giang, cống thoát nghẹt không rút được",10,13,0,1
PA01940,2026-06-19,Cổng dịch vụ công,DV03,Phường Đông Giang,Trật tự đô thị,Thường,Xe tải trọng lớn chạy vào đường nội bộ Phường Đông Giang ngoài giờ quy định,10,18,0,2
PA01941,2026-06-19,Ứng dụng di động,DV03,Phường Đông Giang,Cấp thoát nước,Thường,"Mưa là ngập cả tuyến ở Phường Đông Giang, cống thoát nghẹt không rút được",10,5,1,
PA01942,2026-06-19,Ứng dụng di động,DV04,Phường Nam Phong,Cấp thoát nước,Thường,"Mưa là ngập cả tuyến ở Phường Nam Phong, cống thoát nghẹt không rút được",10,6,1,
PA01943,2026-06-19,Tổng đài 1022,DV04,Phường Nam Phong,Chiếu sáng công cộng,Khẩn,"Ba cột đèn đường ở Phường Nam Phong cháy bóng, ban đêm tối om rất mất an toàn",5,1,1,5
PA01944,2026-06-19,Cổng dịch vụ công,DV06,Xã Long Thành,Khác,Rất khẩn,"Loa phát thanh ở Xã Long Thành phát quá sớm, ảnh hưởng người già và trẻ nhỏ",2,2,1,3
PA01945,2026-06-19,Tiếp công dân,DV08,Xã Vĩnh Lộc,Trật tự đô thị,Khẩn,Hàng quán lấn chiếm vỉa hè trước cổng trường tiểu học ở Xã Vĩnh Lộc giờ tan học,5,7,0,5
PA01946,2026-06-19,Cổng dịch vụ công,DV12,Xã Hương Trà,Cấp thoát nước,Thường,"Ống nước trước nhà văn hoá Xã Hương Trà rò rỉ, nước chảy ra đường suốt ngày",10,10,1,4
PA01947,2026-06-20,Tiếp công dân,DV02,Phường Tân Hoà,Hạ tầng giao thông,Thường,"Đoạn đường trước Phường Tân Hoà xuống cấp, nhiều ổ gà, xe máy tránh nhau rất nguy hiểm",10,3,1,
PA01948,2026-06-20,Tổng đài 1022,DV02,Phường Tân Hoà,Thủ tục hành chính,Thường,Đã nộp trực tuyến nhưng Phường Tân Hoà vẫn yêu cầu nộp thêm bản giấy,10,30,0,
PA01949,2026-06-20,Văn bản giấy,DV03,Phường Đông Giang,An sinh xã hội,Khẩn,"Danh sách nhận hỗ trợ ở Phường Đông Giang niêm yết thiếu tên, đề nghị kiểm tra lại",5,2,1,
PA01950,2026-06-20,Tổng đài 1022,DV03,Phường Đông Giang,Vệ sinh môi trường,Thường,"Kênh chạy qua Phường Đông Giang nổi váng đen, nghi có cơ sở xả thải ban đêm",10,3,1,4
PA01951,2026-06-20,Văn bản giấy,DV03,Phường Đông Giang,Thủ tục hành chính,Thường,Đã nộp trực tuyến nhưng Phường Đông Giang vẫn yêu cầu nộp thêm bản giấy,10,6,1,
PA01952,2026-06-20,Tổng đài 1022,DV04,Phường Nam Phong,Cấp thoát nước,Thường,"Ống nước trước nhà văn hoá Phường Nam Phong rò rỉ, nước chảy ra đường suốt ngày",10,14,0,
PA01953,2026-06-20,Văn bản giấy,DV05,Xã Bình An,Khác,Khẩn,Đề nghị Xã Bình An thông tin rõ kế hoạch chỉnh trang khu dân cư năm tới,5,4,1,4
PA01954,2026-06-20,Tổng đài 1022,DV06,Xã Long Thành,Hạ tầng giao thông,Thường,Nắp cống trên tuyến đường liên xã qua Xã Long Thành bị vỡ đã hai tuần chưa ai sửa,10,6,1,
PA01955,2026-06-20,Văn bản giấy,DV07,Xã Phú Điền,Hạ tầng giao thông,Thường,Nắp cống trên tuyến đường liên xã qua Xã Phú Điền bị vỡ đã hai tuần chưa ai sửa,10,8,1,
PA01956,2026-06-20,Cổng dịch vụ công,DV07,Xã Phú Điền,Khác,Thường,"Loa phát thanh ở Xã Phú Điền phát quá sớm, ảnh hưởng người già và trẻ nhỏ",10,7,1,
PA01957,2026-06-20,Ứng dụng di động,DV08,Xã Vĩnh Lộc,Vệ sinh môi trường,Thường,"Rác tồn đọng ở điểm tập kết gần chợ Xã Vĩnh Lộc ba ngày chưa thu gom, mùi rất nặng",10,5,1,
PA01958,2026-06-20,Cổng dịch vụ công,DV09,Xã An Cư,Hạ tầng giao thông,Thường,"Cầu nhỏ bắc qua kênh ở Xã An Cư mục lan can, trẻ em đi học qua rất lo",10,5,1,5
PA01959,2026-06-20,Tổng đài 1022,DV11,Xã Mỹ Khánh,Chiếu sáng công cộng,Rất khẩn,"Ngõ vào cụm dân cư Xã Mỹ Khánh chưa có đèn chiếu sáng, đã kiến nghị hai lần",2,3,0,
PA01960,2026-06-20,Tổng đài 1022,DV12,Xã Hương Trà,Khác,Thường,Góp ý Xã Hương Trà mở thêm khung giờ tiếp dân vào buổi chiều thứ bảy,10,7,1,3
PA01961,2026-06-20,Ứng dụng di động,DV12,Xã Hương Trà,Hạ tầng giao thông,Thường,"Cầu nhỏ bắc qua kênh ở Xã Hương Trà mục lan can, trẻ em đi học qua rất lo",10,8,1,
PA01962,2026-06-21,Cổng dịch vụ công,DV01,Phường Hoà Thuận,Chiếu sáng công cộng,Thường,"Đèn chiếu sáng khu vực Phường Hoà Thuận bật cả ban ngày, rất lãng phí điện",10,2,1,
PA01963,2026-06-21,Tổng đài 1022,DV02,Phường Tân Hoà,Vệ sinh môi trường,Thường,"Kênh chạy qua Phường Tân Hoà nổi váng đen, nghi có cơ sở xả thải ban đêm",10,2,1,5
PA01964,2026-06-21,Cổng dịch vụ công,DV02,Phường Tân Hoà,Hạ tầng giao thông,Rất khẩn,"Đoạn đường trước Phường Tân Hoà xuống cấp, nhiều ổ gà, xe máy tránh nhau rất nguy hiểm",2,1,1,
PA01965,2026-06-21,Văn bản giấy,DV02,Phường Tân Hoà,An sinh xã hội,Thường,Người cao tuổi ở Phường Tân Hoà chưa được hướng dẫn làm thủ tục trợ cấp,10,5,1,5
PA01966,2026-06-21,Ứng dụng di động,DV03,Phường Đông Giang,Thủ tục hành chính,Thường,Đã nộp trực tuyến nhưng Phường Đông Giang vẫn yêu cầu nộp thêm bản giấy,10,25,0,
PA01967,2026-06-21,Ứng dụng di động,DV03,Phường Đông Giang,Chiếu sáng công cộng,Thường,"Ngõ vào cụm dân cư Phường Đông Giang chưa có đèn chiếu sáng, đã kiến nghị hai lần",10,3,1,4
PA01968,2026-06-21,Tổng đài 1022,DV04,Phường Nam Phong,Khác,Thường,Đề nghị Phường Nam Phong thông tin rõ kế hoạch chỉnh trang khu dân cư năm tới,10,6,1,5
PA01969,2026-06-21,Tổng đài 1022,DV04,Phường Nam Phong,Vệ sinh môi trường,Thường,"Kênh chạy qua Phường Nam Phong nổi váng đen, nghi có cơ sở xả thải ban đêm",10,10,1,
PA01970,2026-06-21,Tổng đài 1022,DV07,Xã Phú Điền,Hạ tầng giao thông,Thường,Nắp cống trên tuyến đường liên xã qua Xã Phú Điền bị vỡ đã hai tuần chưa ai sửa,10,10,1,
PA01971,2026-06-21,Cổng dịch vụ công,DV08,Xã Vĩnh Lộc,Vệ sinh môi trường,Thường,"Kênh chạy qua Xã Vĩnh Lộc nổi váng đen, nghi có cơ sở xả thải ban đêm",10,1,1,5
PA01972,2026-06-21,Cổng dịch vụ công,DV10,Xã Thanh Sơn,Cấp thoát nước,Thường,"Khu dân cư Xã Thanh Sơn mất nước từ sáng đến chiều, không thấy thông báo trước",10,9,1,4
PA01973,2026-06-21,Ứng dụng di động,DV10,Xã Thanh Sơn,Hạ tầng giao thông,Thường,"Cầu nhỏ bắc qua kênh ở Xã Thanh Sơn mục lan can, trẻ em đi học qua rất lo",10,13,0,2
PA01974,2026-06-21,Tổng đài 1022,DV11,Xã Mỹ Khánh,Vệ sinh môi trường,Khẩn,"Rác tồn đọng ở điểm tập kết gần chợ Xã Mỹ Khánh ba ngày chưa thu gom, mùi rất nặng",5,5,1,
PA01975,2026-06-22,Văn bản giấy,DV01,Phường Hoà Thuận,Hạ tầng giao thông,Khẩn,"Mặt đường Phường Hoà Thuận sau khi đào lắp ống nước hoàn trả không phẳng, đi rất xóc",5,16,0,2
PA01976,2026-06-22,Tổng đài 1022,DV01,Phường Hoà Thuận,Trật tự đô thị,Khẩn,Xe tải trọng lớn chạy vào đường nội bộ Phường Hoà Thuận ngoài giờ quy định,5,2,1,5
PA01977,2026-06-22,Văn bản giấy,DV01,Phường Hoà Thuận,Khác,Khẩn,"Loa phát thanh ở Phường Hoà Thuận phát quá sớm, ảnh hưởng người già và trẻ nhỏ",5,5,1,5
PA01978,2026-06-22,Tổng đài 1022,DV01,Phường Hoà Thuận,Vệ sinh môi trường,Thường,"Có hộ đổ trộm xà bần ra bãi đất trống ở Phường Hoà Thuận, đề nghị kiểm tra",10,7,1,5
PA01979,2026-06-22,Tổng đài 1022,DV02,Phường Tân Hoà,Vệ sinh môi trường,Thường,"Xe thu gom rác ở Phường Tân Hoà đổi giờ mà không báo, dân để rác ra đường cả buổi",10,12,0,
PA01980,2026-06-22,Ứng dụng di động,DV03,Phường Đông Giang,Cấp thoát nước,Thường,"Khu dân cư Phường Đông Giang mất nước từ sáng đến chiều, không thấy thông báo trước",10,11,0,2
PA01981,2026-06-22,Ứng dụng di động,DV03,Phường Đông Giang,Vệ sinh môi trường,Thường,"Xe thu gom rác ở Phường Đông Giang đổi giờ mà không báo, dân để rác ra đường cả buổi",10,9,1,
PA01982,2026-06-22,Tổng đài 1022,DV03,Phường Đông Giang,Thủ tục hành chính,Thường,Nộp hồ sơ chứng thực tại Phường Đông Giang hẹn 3 ngày nhưng quá 8 ngày chưa có kết quả,10,4,1,
PA01983,2026-06-22,Tổng đài 1022,DV08,Xã Vĩnh Lộc,Trật tự đô thị,Thường,Hàng quán lấn chiếm vỉa hè trước cổng trường tiểu học ở Xã Vĩnh Lộc giờ tan học,10,15,0,
PA01984,2026-06-22,Tổng đài 1022,DV09,Xã An Cư,Thủ tục hành chính,Rất khẩn,Đã nộp trực tuyến nhưng Xã An Cư vẫn yêu cầu nộp thêm bản giấy,2,3,0,4
PA01985,2026-06-22,Tổng đài 1022,DV11,Xã Mỹ Khánh,Cấp thoát nước,Khẩn,"Khu dân cư Xã Mỹ Khánh mất nước từ sáng đến chiều, không thấy thông báo trước",5,18,0,2
PA01986,2026-06-22,Tổng đài 1022,DV12,Xã Hương Trà,Thủ tục hành chính,Thường,Nộp hồ sơ chứng thực tại Xã Hương Trà hẹn 3 ngày nhưng quá 8 ngày chưa có kết quả,10,3,1,
PA01987,2026-06-23,Văn bản giấy,DV01,Phường Hoà Thuận,Trật tự đô thị,Thường,"Có công trình ở Phường Hoà Thuận thi công sau 22 giờ gây ồn, đề nghị kiểm tra giấy phép",10,11,0,
PA01988,2026-06-23,Tổng đài 1022,DV01,Phường Hoà Thuận,Hạ tầng giao thông,Thường,"Mặt đường Phường Hoà Thuận sau khi đào lắp ống nước hoàn trả không phẳng, đi rất xóc",10,7,1,4
PA01989,2026-06-23,Ứng dụng di động,DV02,Phường Tân Hoà,An sinh xã hội,Thường,"Hộ cận nghèo ở Phường Tân Hoà chưa nhận được hỗ trợ đợt này, đề nghị rà soát",10,5,1,5
PA01990,2026-06-23,Cổng dịch vụ công,DV02,Phường Tân Hoà,Hạ tầng giao thông,Thường,"Đoạn đường trước Phường Tân Hoà xuống cấp, nhiều ổ gà, xe máy tránh nhau rất nguy hiểm",10,11,0,
PA01991,2026-06-23,Tiếp công dân,DV03,Phường Đông Giang,Hạ tầng giao thông,Thường,"Cầu nhỏ bắc qua kênh ở Phường Đông Giang mục lan can, trẻ em đi học qua rất lo",10,7,1,4
PA01992,2026-06-23,Cổng dịch vụ công,DV08,Xã Vĩnh Lộc,Trật tự đô thị,Thường,Hàng quán lấn chiếm vỉa hè trước cổng trường tiểu học ở Xã Vĩnh Lộc giờ tan học,10,7,1,4
PA01993,2026-06-23,Văn bản giấy,DV09,Xã An Cư,Trật tự đô thị,Thường,"Có công trình ở Xã An Cư thi công sau 22 giờ gây ồn, đề nghị kiểm tra giấy phép",10,13,0,
PA01994,2026-06-23,Tổng đài 1022,DV10,Xã Thanh Sơn,Hạ tầng giao thông,Thường,"Cầu nhỏ bắc qua kênh ở Xã Thanh Sơn mục lan can, trẻ em đi học qua rất lo",10,10,1,
PA01995,2026-06-23,Tổng đài 1022,DV11,Xã Mỹ Khánh,Vệ sinh môi trường,Khẩn,"Rác tồn đọng ở điểm tập kết gần chợ Xã Mỹ Khánh ba ngày chưa thu gom, mùi rất nặng",5,3,1,
PA01996,2026-06-23,Tiếp công dân,DV12,Xã Hương Trà,An sinh xã hội,Thường,"Danh sách nhận hỗ trợ ở Xã Hương Trà niêm yết thiếu tên, đề nghị kiểm tra lại",10,26,0,3
PA01997,2026-06-24,Tổng đài 1022,DV01,Phường Hoà Thuận,Hạ tầng giao thông,Thường,"Cầu nhỏ bắc qua kênh ở Phường Hoà Thuận mục lan can, trẻ em đi học qua rất lo",10,5,1,
PA01998,2026-06-24,Cổng dịch vụ công,DV02,Phường Tân Hoà,Cấp thoát nước,Thường,"Khu dân cư Phường Tân Hoà mất nước từ sáng đến chiều, không thấy thông báo trước",10,7,1,
PA01999,2026-06-24,Tổng đài 1022,DV03,Phường Đông Giang,Trật tự đô thị,Khẩn,Bãi giữ xe tự phát ở Phường Đông Giang chắn lối đi chung của khu dân cư,5,4,1,
PA02000,2026-06-24,Cổng dịch vụ công,DV03,Phường Đông Giang,Khác,Khẩn,"Loa phát thanh ở Phường Đông Giang phát quá sớm, ảnh hưởng người già và trẻ nhỏ",5,5,1,4
PA02001,2026-06-24,Tổng đài 1022,DV03,Phường Đông Giang,Trật tự đô thị,Thường,Xe tải trọng lớn chạy vào đường nội bộ Phường Đông Giang ngoài giờ quy định,10,3,1,
PA02002,2026-06-24,Cổng dịch vụ công,DV03,Phường Đông Giang,Vệ sinh môi trường,Thường,"Có hộ đổ trộm xà bần ra bãi đất trống ở Phường Đông Giang, đề nghị kiểm tra",10,8,1,4
PA02003,2026-06-24,Văn bản giấy,DV04,Phường Nam Phong,Hạ tầng giao thông,Thường,"Mặt đường Phường Nam Phong sau khi đào lắp ống nước hoàn trả không phẳng, đi rất xóc",10,7,1,
PA02004,2026-06-24,Cổng dịch vụ công,DV04,Phường Nam Phong,An sinh xã hội,Thường,"Hộ cận nghèo ở Phường Nam Phong chưa nhận được hỗ trợ đợt này, đề nghị rà soát",10,8,1,
PA02005,2026-06-24,Tổng đài 1022,DV05,Xã Bình An,Hạ tầng giao thông,Thường,"Đoạn đường trước Xã Bình An xuống cấp, nhiều ổ gà, xe máy tránh nhau rất nguy hiểm",10,12,0,
PA02006,2026-06-24,Văn bản giấy,DV10,Xã Thanh Sơn,Hạ tầng giao thông,Thường,Nắp cống trên tuyến đường liên xã qua Xã Thanh Sơn bị vỡ đã hai tuần chưa ai sửa,10,16,0,
PA02007,2026-06-25,Tổng đài 1022,DV01,Phường Hoà Thuận,Hạ tầng giao thông,Thường,"Cầu nhỏ bắc qua kênh ở Phường Hoà Thuận mục lan can, trẻ em đi học qua rất lo",10,9,1,5
PA02008,2026-06-25,Tổng đài 1022,DV01,Phường Hoà Thuận,Khác,Rất khẩn,Đề nghị Phường Hoà Thuận thông tin rõ kế hoạch chỉnh trang khu dân cư năm tới,2,2,1,
PA02009,2026-06-25,Văn bản giấy,DV02,Phường Tân Hoà,Thủ tục hành chính,Thường,Nộp hồ sơ chứng thực tại Phường Tân Hoà hẹn 3 ngày nhưng quá 8 ngày chưa có kết quả,10,3,1,
PA02010,2026-06-25,Tổng đài 1022,DV02,Phường Tân Hoà,Trật tự đô thị,Khẩn,Bãi giữ xe tự phát ở Phường Tân Hoà chắn lối đi chung của khu dân cư,5,6,0,
PA02011,2026-06-25,Ứng dụng di động,DV03,Phường Đông Giang,Hạ tầng giao thông,Thường,Nắp cống trên tuyến đường liên xã qua Phường Đông Giang bị vỡ đã hai tuần chưa ai sửa,10,9,1,5
PA02012,2026-06-25,Tổng đài 1022,DV04,Phường Nam Phong,Hạ tầng giao thông,Thường,Nắp cống trên tuyến đường liên xã qua Phường Nam Phong bị vỡ đã hai tuần chưa ai sửa,10,6,1,
PA02013,2026-06-25,Cổng dịch vụ công,DV08,Xã Vĩnh Lộc,Thủ tục hành chính,Thường,Cán bộ một cửa Xã Vĩnh Lộc yêu cầu giấy tờ ngoài danh mục niêm yết,10,8,1,5
PA02014,2026-06-25,Tổng đài 1022,DV10,Xã Thanh Sơn,Thủ tục hành chính,Rất khẩn,Đã nộp trực tuyến nhưng Xã Thanh Sơn vẫn yêu cầu nộp thêm bản giấy,2,2,1,4
PA02015,2026-06-25,Ứng dụng di động,DV11,Xã Mỹ Khánh,Trật tự đô thị,Thường,"Có công trình ở Xã Mỹ Khánh thi công sau 22 giờ gây ồn, đề nghị kiểm tra giấy phép",10,7,1,
PA02016,2026-06-26,Ứng dụng di động,DV02,Phường Tân Hoà,Vệ sinh môi trường,Thường,"Có hộ đổ trộm xà bần ra bãi đất trống ở Phường Tân Hoà, đề nghị kiểm tra",10,6,1,
PA02017,2026-06-26,Tổng đài 1022,DV02,Phường Tân Hoà,Thủ tục hành chính,Khẩn,"Cổng dịch vụ công báo lỗi khi tải giấy tờ lên, gọi Phường Tân Hoà không ai nghe máy",5,3,1,4
PA02018,2026-06-26,Tiếp công dân,DV02,Phường Tân Hoà,Chiếu sáng công cộng,Thường,"Ba cột đèn đường ở Phường Tân Hoà cháy bóng, ban đêm tối om rất mất an toàn",10,9,1,
PA02019,2026-06-26,Tổng đài 1022,DV04,Phường Nam Phong,Cấp thoát nước,Rất khẩn,"Nước máy ở Phường Nam Phong mấy hôm nay có mùi lạ, đề nghị kiểm tra chất lượng",2,2,1,5
PA02020,2026-06-26,Ứng dụng di động,DV05,Xã Bình An,Hạ tầng giao thông,Khẩn,"Mặt đường Xã Bình An sau khi đào lắp ống nước hoàn trả không phẳng, đi rất xóc",5,1,1,
PA02021,2026-06-26,Ứng dụng di động,DV05,Xã Bình An,Hạ tầng giao thông,Thường,"Mặt đường Xã Bình An sau khi đào lắp ống nước hoàn trả không phẳng, đi rất xóc",10,11,0,3
PA02022,2026-06-26,Tiếp công dân,DV10,Xã Thanh Sơn,Cấp thoát nước,Thường,"Ống nước trước nhà văn hoá Xã Thanh Sơn rò rỉ, nước chảy ra đường suốt ngày",10,44,0,4
PA02023,2026-06-26,Cổng dịch vụ công,DV12,Xã Hương Trà,Cấp thoát nước,Thường,"Mưa là ngập cả tuyến ở Xã Hương Trà, cống thoát nghẹt không rút được",10,7,1,
PA02024,2026-06-27,Cổng dịch vụ công,DV01,Phường Hoà Thuận,Hạ tầng giao thông,Khẩn,"Mặt đường Phường Hoà Thuận sau khi đào lắp ống nước hoàn trả không phẳng, đi rất xóc",5,3,1,
PA02025,2026-06-27,Cổng dịch vụ công,DV02,Phường Tân Hoà,Cấp thoát nước,Thường,"Khu dân cư Phường Tân Hoà mất nước từ sáng đến chiều, không thấy thông báo trước",10,9,1,
PA02026,2026-06-27,Tổng đài 1022,DV02,Phường Tân Hoà,Vệ sinh môi trường,Thường,"Kênh chạy qua Phường Tân Hoà nổi váng đen, nghi có cơ sở xả thải ban đêm",10,11,0,3
PA02027,2026-06-27,Ứng dụng di động,DV02,Phường Tân Hoà,Trật tự đô thị,Rất khẩn,Hàng quán lấn chiếm vỉa hè trước cổng trường tiểu học ở Phường Tân Hoà giờ tan học,2,2,1,
PA02028,2026-06-27,Tổng đài 1022,DV03,Phường Đông Giang,Hạ tầng giao thông,Thường,"Đoạn đường trước Phường Đông Giang xuống cấp, nhiều ổ gà, xe máy tránh nhau rất nguy hiểm",10,1,1,
PA02029,2026-06-27,Tổng đài 1022,DV03,Phường Đông Giang,Thủ tục hành chính,Thường,"Cổng dịch vụ công báo lỗi khi tải giấy tờ lên, gọi Phường Đông Giang không ai nghe máy",10,3,1,4
PA02030,2026-06-27,Ứng dụng di động,DV04,Phường Nam Phong,Hạ tầng giao thông,Thường,"Mặt đường Phường Nam Phong sau khi đào lắp ống nước hoàn trả không phẳng, đi rất xóc",10,1,1,
PA02031,2026-06-27,Cổng dịch vụ công,DV07,Xã Phú Điền,Vệ sinh môi trường,Khẩn,"Xe thu gom rác ở Xã Phú Điền đổi giờ mà không báo, dân để rác ra đường cả buổi",5,7,0,3
PA02032,2026-06-27,Ứng dụng di động,DV08,Xã Vĩnh Lộc,Hạ tầng giao thông,Thường,Nắp cống trên tuyến đường liên xã qua Xã Vĩnh Lộc bị vỡ đã hai tuần chưa ai sửa,10,9,1,
PA02033,2026-06-27,Cổng dịch vụ công,DV11,Xã Mỹ Khánh,Vệ sinh môi trường,Thường,"Có hộ đổ trộm xà bần ra bãi đất trống ở Xã Mỹ Khánh, đề nghị kiểm tra",10,7,1,5
PA02034,2026-06-27,Tổng đài 1022,DV11,Xã Mỹ Khánh,Chiếu sáng công cộng,Thường,"Đèn chiếu sáng khu vực Xã Mỹ Khánh bật cả ban ngày, rất lãng phí điện",10,5,1,
PA02035,2026-06-28,Cổng dịch vụ công,DV01,Phường Hoà Thuận,Chiếu sáng công cộng,Thường,"Đèn chiếu sáng khu vực Phường Hoà Thuận bật cả ban ngày, rất lãng phí điện",10,9,1,5
PA02036,2026-06-28,Tổng đài 1022,DV04,Phường Nam Phong,Trật tự đô thị,Thường,Hàng quán lấn chiếm vỉa hè trước cổng trường tiểu học ở Phường Nam Phong giờ tan học,10,7,1,3
PA02037,2026-06-28,Tổng đài 1022,DV04,Phường Nam Phong,Khác,Thường,"Loa phát thanh ở Phường Nam Phong phát quá sớm, ảnh hưởng người già và trẻ nhỏ",10,5,1,
PA02038,2026-06-28,Cổng dịch vụ công,DV08,Xã Vĩnh Lộc,Hạ tầng giao thông,Thường,"Cầu nhỏ bắc qua kênh ở Xã Vĩnh Lộc mục lan can, trẻ em đi học qua rất lo",10,1,1,
PA02039,2026-06-28,Ứng dụng di động,DV11,Xã Mỹ Khánh,An sinh xã hội,Thường,"Hộ cận nghèo ở Xã Mỹ Khánh chưa nhận được hỗ trợ đợt này, đề nghị rà soát",10,10,1,
PA02040,2026-06-28,Tổng đài 1022,DV12,Xã Hương Trà,Hạ tầng giao thông,Rất khẩn,"Đoạn đường trước Xã Hương Trà xuống cấp, nhiều ổ gà, xe máy tránh nhau rất nguy hiểm",2,2,1,5
PA02041,2026-06-29,Cổng dịch vụ công,DV01,Phường Hoà Thuận,Cấp thoát nước,Thường,"Nước máy ở Phường Hoà Thuận mấy hôm nay có mùi lạ, đề nghị kiểm tra chất lượng",10,10,1,5
PA02042,2026-06-29,Cổng dịch vụ công,DV01,Phường Hoà Thuận,Vệ sinh môi trường,Thường,"Xe thu gom rác ở Phường Hoà Thuận đổi giờ mà không báo, dân để rác ra đường cả buổi",10,9,1,5
PA02043,2026-06-29,Tiếp công dân,DV01,Phường Hoà Thuận,Hạ tầng giao thông,Thường,"Cầu nhỏ bắc qua kênh ở Phường Hoà Thuận mục lan can, trẻ em đi học qua rất lo",10,8,1,
PA02044,2026-06-29,Ứng dụng di động,DV02,Phường Tân Hoà,Cấp thoát nước,Thường,"Khu dân cư Phường Tân Hoà mất nước từ sáng đến chiều, không thấy thông báo trước",10,1,1,5
PA02045,2026-06-29,Tiếp công dân,DV02,Phường Tân Hoà,Vệ sinh môi trường,Thường,"Có hộ đổ trộm xà bần ra bãi đất trống ở Phường Tân Hoà, đề nghị kiểm tra",10,4,1,
PA02046,2026-06-29,Tổng đài 1022,DV03,Phường Đông Giang,Cấp thoát nước,Thường,"Khu dân cư Phường Đông Giang mất nước từ sáng đến chiều, không thấy thông báo trước",10,2,1,5
PA02047,2026-06-29,Ứng dụng di động,DV07,Xã Phú Điền,An sinh xã hội,Thường,"Danh sách nhận hỗ trợ ở Xã Phú Điền niêm yết thiếu tên, đề nghị kiểm tra lại",10,15,0,
PA02048,2026-06-29,Ứng dụng di động,DV08,Xã Vĩnh Lộc,Hạ tầng giao thông,Thường,Nắp cống trên tuyến đường liên xã qua Xã Vĩnh Lộc bị vỡ đã hai tuần chưa ai sửa,10,2,1,
PA02049,2026-06-29,Ứng dụng di động,DV09,Xã An Cư,Vệ sinh môi trường,Thường,"Kênh chạy qua Xã An Cư nổi váng đen, nghi có cơ sở xả thải ban đêm",10,9,1,
PA02050,2026-06-30,Ứng dụng di động,DV01,Phường Hoà Thuận,Thủ tục hành chính,Khẩn,Nộp hồ sơ chứng thực tại Phường Hoà Thuận hẹn 3 ngày nhưng quá 8 ngày chưa có kết quả,5,3,1,4
PA02051,2026-06-30,Ứng dụng di động,DV01,Phường Hoà Thuận,Cấp thoát nước,Thường,"Nước máy ở Phường Hoà Thuận mấy hôm nay có mùi lạ, đề nghị kiểm tra chất lượng",10,2,1,4
PA02052,2026-06-30,Tổng đài 1022,DV02,Phường Tân Hoà,An sinh xã hội,Thường,"Danh sách nhận hỗ trợ ở Phường Tân Hoà niêm yết thiếu tên, đề nghị kiểm tra lại",10,11,0,
PA02053,2026-06-30,Cổng dịch vụ công,DV02,Phường Tân Hoà,Vệ sinh môi trường,Thường,"Rác tồn đọng ở điểm tập kết gần chợ Phường Tân Hoà ba ngày chưa thu gom, mùi rất nặng",10,3,1,5
PA02054,2026-06-30,Tổng đài 1022,DV03,Phường Đông Giang,Chiếu sáng công cộng,Thường,"Ngõ vào cụm dân cư Phường Đông Giang chưa có đèn chiếu sáng, đã kiến nghị hai lần",10,9,1,5
PA02055,2026-06-30,Ứng dụng di động,DV03,Phường Đông Giang,Vệ sinh môi trường,Rất khẩn,"Kênh chạy qua Phường Đông Giang nổi váng đen, nghi có cơ sở xả thải ban đêm",2,1,1,
PA02056,2026-06-30,Ứng dụng di động,DV04,Phường Nam Phong,Thủ tục hành chính,Thường,Đã nộp trực tuyến nhưng Phường Nam Phong vẫn yêu cầu nộp thêm bản giấy,10,8,1,
PA02057,2026-06-30,Cổng dịch vụ công,DV05,Xã Bình An,Cấp thoát nước,Thường,"Ống nước trước nhà văn hoá Xã Bình An rò rỉ, nước chảy ra đường suốt ngày",10,9,1,5
PA02058,2026-06-30,Ứng dụng di động,DV06,Xã Long Thành,Trật tự đô thị,Thường,"Có công trình ở Xã Long Thành thi công sau 22 giờ gây ồn, đề nghị kiểm tra giấy phép",10,5,1,
PA02059,2026-06-30,Cổng dịch vụ công,DV07,Xã Phú Điền,Cấp thoát nước,Thường,"Nước máy ở Xã Phú Điền mấy hôm nay có mùi lạ, đề nghị kiểm tra chất lượng",10,9,1,
PA02060,2026-06-30,Cổng dịch vụ công,DV07,Xã Phú Điền,Cấp thoát nước,Thường,"Mưa là ngập cả tuyến ở Xã Phú Điền, cống thoát nghẹt không rút được",10,12,0,
PA02061,2026-06-30,Cổng dịch vụ công,DV07,Xã Phú Điền,Cấp thoát nước,Thường,"Ống nước trước nhà văn hoá Xã Phú Điền rò rỉ, nước chảy ra đường suốt ngày",10,10,1,
PA02062,2026-06-30,Ứng dụng di động,DV11,Xã Mỹ Khánh,An sinh xã hội,Thường,"Hộ cận nghèo ở Xã Mỹ Khánh chưa nhận được hỗ trợ đợt này, đề nghị rà soát",10,4,1,5
PA02063,2026-06-30,Ứng dụng di động,DV11,Xã Mỹ Khánh,Trật tự đô thị,Khẩn,Xe tải trọng lớn chạy vào đường nội bộ Xã Mỹ Khánh ngoài giờ quy định,5,4,1,
PA02064,2026-07-01,Văn bản giấy,DV01,Phường Hoà Thuận,Chiếu sáng công cộng,Thường,"Ba cột đèn đường ở Phường Hoà Thuận cháy bóng, ban đêm tối om rất mất an toàn",10,2,1,3
PA02065,2026-07-01,Tổng đài 1022,DV01,Phường Hoà Thuận,Hạ tầng giao thông,Thường,"Cầu nhỏ bắc qua kênh ở Phường Hoà Thuận mục lan can, trẻ em đi học qua rất lo",10,2,1,5
PA02066,2026-07-01,Cổng dịch vụ công,DV02,Phường Tân Hoà,Hạ tầng giao thông,Thường,"Mặt đường Phường Tân Hoà sau khi đào lắp ống nước hoàn trả không phẳng, đi rất xóc",10,9,1,
PA02067,2026-07-01,Văn bản giấy,DV03,Phường Đông Giang,Khác,Thường,Góp ý Phường Đông Giang mở thêm khung giờ tiếp dân vào buổi chiều thứ bảy,10,6,1,
PA02068,2026-07-01,Tổng đài 1022,DV03,Phường Đông Giang,Thủ tục hành chính,Thường,"Cổng dịch vụ công báo lỗi khi tải giấy tờ lên, gọi Phường Đông Giang không ai nghe máy",10,8,1,
PA02069,2026-07-01,Tiếp công dân,DV04,Phường Nam Phong,Vệ sinh môi trường,Thường,"Có hộ đổ trộm xà bần ra bãi đất trống ở Phường Nam Phong, đề nghị kiểm tra",10,11,0,
PA02070,2026-07-01,Tổng đài 1022,DV09,Xã An Cư,Vệ sinh môi trường,Khẩn,"Có hộ đổ trộm xà bần ra bãi đất trống ở Xã An Cư, đề nghị kiểm tra",5,4,1,4
PA02071,2026-07-01,Cổng dịch vụ công,DV10,Xã Thanh Sơn,Thủ tục hành chính,Thường,Đã nộp trực tuyến nhưng Xã Thanh Sơn vẫn yêu cầu nộp thêm bản giấy,10,5,1,
PA02072,2026-07-01,Tổng đài 1022,DV10,Xã Thanh Sơn,Chiếu sáng công cộng,Thường,"Ngõ vào cụm dân cư Xã Thanh Sơn chưa có đèn chiếu sáng, đã kiến nghị hai lần",10,13,0,
PA02073,2026-07-01,Ứng dụng di động,DV10,Xã Thanh Sơn,Chiếu sáng công cộng,Thường,"Ba cột đèn đường ở Xã Thanh Sơn cháy bóng, ban đêm tối om rất mất an toàn",10,9,1,5
PA02074,2026-07-01,Văn bản giấy,DV12,Xã Hương Trà,Hạ tầng giao thông,Khẩn,"Mặt đường Xã Hương Trà sau khi đào lắp ống nước hoàn trả không phẳng, đi rất xóc",5,3,1,
PA02075,2026-07-02,Ứng dụng di động,DV01,Phường Hoà Thuận,Hạ tầng giao thông,Thường,"Mặt đường Phường Hoà Thuận sau khi đào lắp ống nước hoàn trả không phẳng, đi rất xóc",10,1,1,3
PA02076,2026-07-02,Tổng đài 1022,DV02,Phường Tân Hoà,Thủ tục hành chính,Thường,Cán bộ một cửa Phường Tân Hoà yêu cầu giấy tờ ngoài danh mục niêm yết,10,10,1,
PA02077,2026-07-02,Tổng đài 1022,DV02,Phường Tân Hoà,Trật tự đô thị,Rất khẩn,Xe tải trọng lớn chạy vào đường nội bộ Phường Tân Hoà ngoài giờ quy định,2,2,1,
PA02078,2026-07-02,Tổng đài 1022,DV02,Phường Tân Hoà,Trật tự đô thị,Thường,Xe tải trọng lớn chạy vào đường nội bộ Phường Tân Hoà ngoài giờ quy định,10,11,0,
PA02079,2026-07-02,Tiếp công dân,DV02,Phường Tân Hoà,Trật tự đô thị,Thường,Bãi giữ xe tự phát ở Phường Tân Hoà chắn lối đi chung của khu dân cư,10,4,1,5
PA02080,2026-07-02,Tổng đài 1022,DV03,Phường Đông Giang,Cấp thoát nước,Khẩn,"Ống nước trước nhà văn hoá Phường Đông Giang rò rỉ, nước chảy ra đường suốt ngày",5,1,1,
PA02081,2026-07-02,Ứng dụng di động,DV04,Phường Nam Phong,Cấp thoát nước,Rất khẩn,"Khu dân cư Phường Nam Phong mất nước từ sáng đến chiều, không thấy thông báo trước",2,2,1,4
PA02082,2026-07-02,Ứng dụng di động,DV04,Phường Nam Phong,Trật tự đô thị,Khẩn,Bãi giữ xe tự phát ở Phường Nam Phong chắn lối đi chung của khu dân cư,5,2,1,
PA02083,2026-07-02,Ứng dụng di động,DV04,Phường Nam Phong,Thủ tục hành chính,Thường,Nộp hồ sơ chứng thực tại Phường Nam Phong hẹn 3 ngày nhưng quá 8 ngày chưa có kết quả,10,11,0,
PA02084,2026-07-02,Tổng đài 1022,DV08,Xã Vĩnh Lộc,Cấp thoát nước,Thường,"Mưa là ngập cả tuyến ở Xã Vĩnh Lộc, cống thoát nghẹt không rút được",10,9,1,
PA02085,2026-07-02,Tổng đài 1022,DV10,Xã Thanh Sơn,Khác,Thường,"Loa phát thanh ở Xã Thanh Sơn phát quá sớm, ảnh hưởng người già và trẻ nhỏ",10,5,1,
PA02086,2026-07-02,Tổng đài 1022,DV12,Xã Hương Trà,Chiếu sáng công cộng,Thường,"Ba cột đèn đường ở Xã Hương Trà cháy bóng, ban đêm tối om rất mất an toàn",10,13,0,
PA02087,2026-07-03,Tiếp công dân,DV01,Phường Hoà Thuận,Hạ tầng giao thông,Thường,Nắp cống trên tuyến đường liên xã qua Phường Hoà Thuận bị vỡ đã hai tuần chưa ai sửa,10,1,1,
PA02088,2026-07-03,Tổng đài 1022,DV01,Phường Hoà Thuận,Hạ tầng giao thông,Thường,"Cầu nhỏ bắc qua kênh ở Phường Hoà Thuận mục lan can, trẻ em đi học qua rất lo",10,4,1,5
PA02089,2026-07-03,Tổng đài 1022,DV01,Phường Hoà Thuận,Thủ tục hành chính,Thường,Đã nộp trực tuyến nhưng Phường Hoà Thuận vẫn yêu cầu nộp thêm bản giấy,10,9,1,
PA02090,2026-07-03,Cổng dịch vụ công,DV02,Phường Tân Hoà,Chiếu sáng công cộng,Thường,"Ngõ vào cụm dân cư Phường Tân Hoà chưa có đèn chiếu sáng, đã kiến nghị hai lần",10,5,1,4
PA02091,2026-07-03,Tổng đài 1022,DV02,Phường Tân Hoà,Hạ tầng giao thông,Thường,"Đoạn đường trước Phường Tân Hoà xuống cấp, nhiều ổ gà, xe máy tránh nhau rất nguy hiểm",10,10,1,
PA02092,2026-07-03,Tổng đài 1022,DV02,Phường Tân Hoà,Cấp thoát nước,Thường,"Khu dân cư Phường Tân Hoà mất nước từ sáng đến chiều, không thấy thông báo trước",10,11,0,3
PA02093,2026-07-03,Cổng dịch vụ công,DV03,Phường Đông Giang,Hạ tầng giao thông,Thường,Nắp cống trên tuyến đường liên xã qua Phường Đông Giang bị vỡ đã hai tuần chưa ai sửa,10,5,1,4
PA02094,2026-07-03,Ứng dụng di động,DV03,Phường Đông Giang,Cấp thoát nước,Khẩn,"Ống nước trước nhà văn hoá Phường Đông Giang rò rỉ, nước chảy ra đường suốt ngày",5,3,1,4
PA02095,2026-07-03,Tiếp công dân,DV04,Phường Nam Phong,Khác,Thường,Góp ý Phường Nam Phong mở thêm khung giờ tiếp dân vào buổi chiều thứ bảy,10,6,1,4
PA02096,2026-07-03,Tổng đài 1022,DV04,Phường Nam Phong,Vệ sinh môi trường,Thường,"Có hộ đổ trộm xà bần ra bãi đất trống ở Phường Nam Phong, đề nghị kiểm tra",10,9,1,
PA02097,2026-07-03,Tổng đài 1022,DV04,Phường Nam Phong,Vệ sinh môi trường,Thường,"Kênh chạy qua Phường Nam Phong nổi váng đen, nghi có cơ sở xả thải ban đêm",10,11,0,
PA02098,2026-07-03,Tổng đài 1022,DV05,Xã Bình An,Chiếu sáng công cộng,Khẩn,"Đèn chiếu sáng khu vực Xã Bình An bật cả ban ngày, rất lãng phí điện",5,3,1,3
PA02099,2026-07-03,Tổng đài 1022,DV10,Xã Thanh Sơn,Thủ tục hành chính,Khẩn,Đã nộp trực tuyến nhưng Xã Thanh Sơn vẫn yêu cầu nộp thêm bản giấy,5,3,1,
PA02100,2026-07-03,Tổng đài 1022,DV11,Xã Mỹ Khánh,Vệ sinh môi trường,Thường,"Xe thu gom rác ở Xã Mỹ Khánh đổi giờ mà không báo, dân để rác ra đường cả buổi",10,7,1,5
PA02101,2026-07-03,Ứng dụng di động,DV11,Xã Mỹ Khánh,Cấp thoát nước,Khẩn,"Nước máy ở Xã Mỹ Khánh mấy hôm nay có mùi lạ, đề nghị kiểm tra chất lượng",5,7,0,3
PA02102,2026-07-03,Tổng đài 1022,DV12,Xã Hương Trà,Cấp thoát nước,Thường,"Mưa là ngập cả tuyến ở Xã Hương Trà, cống thoát nghẹt không rút được",10,2,1,
PA02103,2026-07-04,Cổng dịch vụ công,DV01,Phường Hoà Thuận,Cấp thoát nước,Rất khẩn,"Khu dân cư Phường Hoà Thuận mất nước từ sáng đến chiều, không thấy thông báo trước",2,2,1,
PA02104,2026-07-04,Tiếp công dân,DV04,Phường Nam Phong,Vệ sinh môi trường,Khẩn,"Xe thu gom rác ở Phường Nam Phong đổi giờ mà không báo, dân để rác ra đường cả buổi",5,5,1,
PA02105,2026-07-04,Văn bản giấy,DV04,Phường Nam Phong,Cấp thoát nước,Thường,"Nước máy ở Phường Nam Phong mấy hôm nay có mùi lạ, đề nghị kiểm tra chất lượng",10,7,1,4
PA02106,2026-07-04,Cổng dịch vụ công,DV04,Phường Nam Phong,Cấp thoát nước,Thường,"Nước máy ở Phường Nam Phong mấy hôm nay có mùi lạ, đề nghị kiểm tra chất lượng",10,30,0,
PA02107,2026-07-04,Cổng dịch vụ công,DV04,Phường Nam Phong,Hạ tầng giao thông,Thường,"Mặt đường Phường Nam Phong sau khi đào lắp ống nước hoàn trả không phẳng, đi rất xóc",10,6,1,
PA02108,2026-07-04,Ứng dụng di động,DV05,Xã Bình An,Hạ tầng giao thông,Thường,"Cầu nhỏ bắc qua kênh ở Xã Bình An mục lan can, trẻ em đi học qua rất lo",10,16,0,
PA02109,2026-07-05,Ứng dụng di động,DV01,Phường Hoà Thuận,Cấp thoát nước,Thường,"Nước máy ở Phường Hoà Thuận mấy hôm nay có mùi lạ, đề nghị kiểm tra chất lượng",10,5,1,5
PA02110,2026-07-05,Tổng đài 1022,DV03,Phường Đông Giang,Thủ tục hành chính,Thường,Cán bộ một cửa Phường Đông Giang yêu cầu giấy tờ ngoài danh mục niêm yết,10,9,1,5
PA02111,2026-07-05,Cổng dịch vụ công,DV05,Xã Bình An,Trật tự đô thị,Khẩn,Xe tải trọng lớn chạy vào đường nội bộ Xã Bình An ngoài giờ quy định,5,3,1,5
PA02112,2026-07-05,Tổng đài 1022,DV06,Xã Long Thành,Vệ sinh môi trường,Khẩn,"Kênh chạy qua Xã Long Thành nổi váng đen, nghi có cơ sở xả thải ban đêm",5,2,1,5
PA02113,2026-07-06,Văn bản giấy,DV01,Phường Hoà Thuận,Cấp thoát nước,Thường,"Nước máy ở Phường Hoà Thuận mấy hôm nay có mùi lạ, đề nghị kiểm tra chất lượng",10,3,1,5
PA02114,2026-07-06,Tổng đài 1022,DV01,Phường Hoà Thuận,Thủ tục hành chính,Khẩn,Cán bộ một cửa Phường Hoà Thuận yêu cầu giấy tờ ngoài danh mục niêm yết,5,2,1,
PA02115,2026-07-06,Văn bản giấy,DV02,Phường Tân Hoà,Khác,Thường,"Loa phát thanh ở Phường Tân Hoà phát quá sớm, ảnh hưởng người già và trẻ nhỏ",10,3,1,
PA02116,2026-07-06,Cổng dịch vụ công,DV06,Xã Long Thành,Trật tự đô thị,Thường,"Có công trình ở Xã Long Thành thi công sau 22 giờ gây ồn, đề nghị kiểm tra giấy phép",10,11,0,
PA02117,2026-07-06,Cổng dịch vụ công,DV06,Xã Long Thành,Cấp thoát nước,Khẩn,"Ống nước trước nhà văn hoá Xã Long Thành rò rỉ, nước chảy ra đường suốt ngày",5,3,1,5
PA02118,2026-07-06,Tổng đài 1022,DV12,Xã Hương Trà,Vệ sinh môi trường,Khẩn,"Xe thu gom rác ở Xã Hương Trà đổi giờ mà không báo, dân để rác ra đường cả buổi",5,6,0,4
PA02119,2026-07-07,Cổng dịch vụ công,DV01,Phường Hoà Thuận,Chiếu sáng công cộng,Rất khẩn,"Đèn chiếu sáng khu vực Phường Hoà Thuận bật cả ban ngày, rất lãng phí điện",2,1,1,4
PA02120,2026-07-07,Ứng dụng di động,DV01,Phường Hoà Thuận,Trật tự đô thị,Thường,Bãi giữ xe tự phát ở Phường Hoà Thuận chắn lối đi chung của khu dân cư,10,9,1,3
PA02121,2026-07-07,Cổng dịch vụ công,DV01,Phường Hoà Thuận,Trật tự đô thị,Thường,Bãi giữ xe tự phát ở Phường Hoà Thuận chắn lối đi chung của khu dân cư,10,6,1,5
PA02122,2026-07-07,Cổng dịch vụ công,DV02,Phường Tân Hoà,Trật tự đô thị,Rất khẩn,Xe tải trọng lớn chạy vào đường nội bộ Phường Tân Hoà ngoài giờ quy định,2,1,1,
PA02123,2026-07-07,Ứng dụng di động,DV04,Phường Nam Phong,Hạ tầng giao thông,Thường,"Đoạn đường trước Phường Nam Phong xuống cấp, nhiều ổ gà, xe máy tránh nhau rất nguy hiểm",10,7,1,
PA02124,2026-07-07,Cổng dịch vụ công,DV10,Xã Thanh Sơn,Vệ sinh môi trường,Khẩn,"Kênh chạy qua Xã Thanh Sơn nổi váng đen, nghi có cơ sở xả thải ban đêm",5,7,0,
PA02125,2026-07-08,Ứng dụng di động,DV01,Phường Hoà Thuận,Hạ tầng giao thông,Khẩn,"Đoạn đường trước Phường Hoà Thuận xuống cấp, nhiều ổ gà, xe máy tránh nhau rất nguy hiểm",5,4,1,
PA02126,2026-07-08,Cổng dịch vụ công,DV01,Phường Hoà Thuận,Hạ tầng giao thông,Khẩn,"Mặt đường Phường Hoà Thuận sau khi đào lắp ống nước hoàn trả không phẳng, đi rất xóc",5,5,1,
PA02127,2026-07-08,Cổng dịch vụ công,DV01,Phường Hoà Thuận,Vệ sinh môi trường,Thường,"Rác tồn đọng ở điểm tập kết gần chợ Phường Hoà Thuận ba ngày chưa thu gom, mùi rất nặng",10,8,1,4
PA02128,2026-07-08,Tổng đài 1022,DV02,Phường Tân Hoà,Trật tự đô thị,Thường,Xe tải trọng lớn chạy vào đường nội bộ Phường Tân Hoà ngoài giờ quy định,10,9,1,4
PA02129,2026-07-08,Tổng đài 1022,DV02,Phường Tân Hoà,Thủ tục hành chính,Thường,Cán bộ một cửa Phường Tân Hoà yêu cầu giấy tờ ngoài danh mục niêm yết,10,2,1,5
PA02130,2026-07-08,Cổng dịch vụ công,DV02,Phường Tân Hoà,Vệ sinh môi trường,Thường,"Kênh chạy qua Phường Tân Hoà nổi váng đen, nghi có cơ sở xả thải ban đêm",10,7,1,4
PA02131,2026-07-08,Cổng dịch vụ công,DV04,Phường Nam Phong,Chiếu sáng công cộng,Thường,"Ba cột đèn đường ở Phường Nam Phong cháy bóng, ban đêm tối om rất mất an toàn",10,5,1,
PA02132,2026-07-08,Ứng dụng di động,DV10,Xã Thanh Sơn,Thủ tục hành chính,Thường,Nộp hồ sơ chứng thực tại Xã Thanh Sơn hẹn 3 ngày nhưng quá 8 ngày chưa có kết quả,10,10,1,5
PA02133,2026-07-08,Ứng dụng di động,DV11,Xã Mỹ Khánh,Vệ sinh môi trường,Thường,"Xe thu gom rác ở Xã Mỹ Khánh đổi giờ mà không báo, dân để rác ra đường cả buổi",10,11,0,4
PA02134,2026-07-08,Cổng dịch vụ công,DV12,Xã Hương Trà,Vệ sinh môi trường,Khẩn,"Rác tồn đọng ở điểm tập kết gần chợ Xã Hương Trà ba ngày chưa thu gom, mùi rất nặng",5,8,0,
PA02135,2026-07-09,Tiếp công dân,DV01,Phường Hoà Thuận,Thủ tục hành chính,Thường,Đã nộp trực tuyến nhưng Phường Hoà Thuận vẫn yêu cầu nộp thêm bản giấy,10,12,0,
PA02136,2026-07-09,Tổng đài 1022,DV01,Phường Hoà Thuận,Hạ tầng giao thông,Thường,"Đoạn đường trước Phường Hoà Thuận xuống cấp, nhiều ổ gà, xe máy tránh nhau rất nguy hiểm",10,11,0,
PA02137,2026-07-09,Cổng dịch vụ công,DV04,Phường Nam Phong,Vệ sinh môi trường,Thường,"Có hộ đổ trộm xà bần ra bãi đất trống ở Phường Nam Phong, đề nghị kiểm tra",10,11,0,2
PA02138,2026-07-09,Tổng đài 1022,DV05,Xã Bình An,Thủ tục hành chính,Thường,"Cổng dịch vụ công báo lỗi khi tải giấy tờ lên, gọi Xã Bình An không ai nghe máy",10,12,0,3
PA02139,2026-07-09,Cổng dịch vụ công,DV07,Xã Phú Điền,Cấp thoát nước,Khẩn,"Ống nước trước nhà văn hoá Xã Phú Điền rò rỉ, nước chảy ra đường suốt ngày",5,3,1,
PA02140,2026-07-10,Tổng đài 1022,DV01,Phường Hoà Thuận,Hạ tầng giao thông,Thường,"Mặt đường Phường Hoà Thuận sau khi đào lắp ống nước hoàn trả không phẳng, đi rất xóc",10,9,1,
PA02141,2026-07-10,Văn bản giấy,DV02,Phường Tân Hoà,An sinh xã hội,Thường,Người cao tuổi ở Phường Tân Hoà chưa được hướng dẫn làm thủ tục trợ cấp,10,17,0,
PA02142,2026-07-10,Cổng dịch vụ công,DV04,Phường Nam Phong,Trật tự đô thị,Thường,Bãi giữ xe tự phát ở Phường Nam Phong chắn lối đi chung của khu dân cư,10,9,1,
PA02143,2026-07-10,Cổng dịch vụ công,DV04,Phường Nam Phong,Cấp thoát nước,Thường,"Ống nước trước nhà văn hoá Phường Nam Phong rò rỉ, nước chảy ra đường suốt ngày",10,7,1,
PA02144,2026-07-10,Ứng dụng di động,DV06,Xã Long Thành,Vệ sinh môi trường,Rất khẩn,"Có hộ đổ trộm xà bần ra bãi đất trống ở Xã Long Thành, đề nghị kiểm tra",2,2,1,
PA02145,2026-07-10,Tổng đài 1022,DV08,Xã Vĩnh Lộc,Trật tự đô thị,Thường,Bãi giữ xe tự phát ở Xã Vĩnh Lộc chắn lối đi chung của khu dân cư,10,10,1,4
PA02146,2026-07-10,Ứng dụng di động,DV09,Xã An Cư,Hạ tầng giao thông,Khẩn,Nắp cống trên tuyến đường liên xã qua Xã An Cư bị vỡ đã hai tuần chưa ai sửa,5,5,1,
PA02147,2026-07-10,Cổng dịch vụ công,DV09,Xã An Cư,Vệ sinh môi trường,Thường,"Có hộ đổ trộm xà bần ra bãi đất trống ở Xã An Cư, đề nghị kiểm tra",10,5,1,
PA02148,2026-07-10,Tổng đài 1022,DV10,Xã Thanh Sơn,Vệ sinh môi trường,Rất khẩn,"Kênh chạy qua Xã Thanh Sơn nổi váng đen, nghi có cơ sở xả thải ban đêm",2,2,1,
PA02149,2026-07-10,Ứng dụng di động,DV11,Xã Mỹ Khánh,Trật tự đô thị,Khẩn,Bãi giữ xe tự phát ở Xã Mỹ Khánh chắn lối đi chung của khu dân cư,5,3,1,3
PA02150,2026-07-11,Tổng đài 1022,DV01,Phường Hoà Thuận,Thủ tục hành chính,Rất khẩn,"Cổng dịch vụ công báo lỗi khi tải giấy tờ lên, gọi Phường Hoà Thuận không ai nghe máy",2,2,1,
PA02151,2026-07-11,Ứng dụng di động,DV02,Phường Tân Hoà,Thủ tục hành chính,Khẩn,Nộp hồ sơ chứng thực tại Phường Tân Hoà hẹn 3 ngày nhưng quá 8 ngày chưa có kết quả,5,6,0,2
PA02152,2026-07-11,Tổng đài 1022,DV03,Phường Đông Giang,Hạ tầng giao thông,Khẩn,"Đoạn đường trước Phường Đông Giang xuống cấp, nhiều ổ gà, xe máy tránh nhau rất nguy hiểm",5,3,1,5
PA02153,2026-07-11,Tổng đài 1022,DV04,Phường Nam Phong,Trật tự đô thị,Khẩn,Bãi giữ xe tự phát ở Phường Nam Phong chắn lối đi chung của khu dân cư,5,4,1,
PA02154,2026-07-11,Ứng dụng di động,DV04,Phường Nam Phong,Trật tự đô thị,Thường,Hàng quán lấn chiếm vỉa hè trước cổng trường tiểu học ở Phường Nam Phong giờ tan học,10,11,0,2
PA02155,2026-07-11,Cổng dịch vụ công,DV04,Phường Nam Phong,Vệ sinh môi trường,Thường,"Kênh chạy qua Phường Nam Phong nổi váng đen, nghi có cơ sở xả thải ban đêm",10,11,0,2
PA02156,2026-07-11,Tiếp công dân,DV04,Phường Nam Phong,Khác,Thường,"Loa phát thanh ở Phường Nam Phong phát quá sớm, ảnh hưởng người già và trẻ nhỏ",10,9,1,
PA02157,2026-07-11,Cổng dịch vụ công,DV05,Xã Bình An,Khác,Thường,"Loa phát thanh ở Xã Bình An phát quá sớm, ảnh hưởng người già và trẻ nhỏ",10,4,1,3
PA02158,2026-07-11,Cổng dịch vụ công,DV05,Xã Bình An,An sinh xã hội,Thường,"Hộ cận nghèo ở Xã Bình An chưa nhận được hỗ trợ đợt này, đề nghị rà soát",10,4,1,
PA02159,2026-07-11,Cổng dịch vụ công,DV06,Xã Long Thành,Chiếu sáng công cộng,Thường,"Ngõ vào cụm dân cư Xã Long Thành chưa có đèn chiếu sáng, đã kiến nghị hai lần",10,9,1,5
PA02160,2026-07-11,Tổng đài 1022,DV06,Xã Long Thành,Chiếu sáng công cộng,Thường,"Ngõ vào cụm dân cư Xã Long Thành chưa có đèn chiếu sáng, đã kiến nghị hai lần",10,9,1,5
PA02161,2026-07-11,Cổng dịch vụ công,DV07,Xã Phú Điền,Hạ tầng giao thông,Thường,"Mặt đường Xã Phú Điền sau khi đào lắp ống nước hoàn trả không phẳng, đi rất xóc",10,4,1,
PA02162,2026-07-11,Tổng đài 1022,DV11,Xã Mỹ Khánh,An sinh xã hội,Khẩn,Người cao tuổi ở Xã Mỹ Khánh chưa được hướng dẫn làm thủ tục trợ cấp,5,2,1,
PA02163,2026-07-12,Cổng dịch vụ công,DV01,Phường Hoà Thuận,Hạ tầng giao thông,Thường,"Cầu nhỏ bắc qua kênh ở Phường Hoà Thuận mục lan can, trẻ em đi học qua rất lo",10,27,0,2
PA02164,2026-07-12,Văn bản giấy,DV01,Phường Hoà Thuận,Hạ tầng giao thông,Thường,"Mặt đường Phường Hoà Thuận sau khi đào lắp ống nước hoàn trả không phẳng, đi rất xóc",10,5,1,3
PA02165,2026-07-12,Ứng dụng di động,DV01,Phường Hoà Thuận,Vệ sinh môi trường,Thường,"Kênh chạy qua Phường Hoà Thuận nổi váng đen, nghi có cơ sở xả thải ban đêm",10,38,0,
PA02166,2026-07-12,Ứng dụng di động,DV01,Phường Hoà Thuận,Vệ sinh môi trường,Thường,"Có hộ đổ trộm xà bần ra bãi đất trống ở Phường Hoà Thuận, đề nghị kiểm tra",10,25,0,4
PA02167,2026-07-12,Ứng dụng di động,DV01,Phường Hoà Thuận,An sinh xã hội,Thường,"Danh sách nhận hỗ trợ ở Phường Hoà Thuận niêm yết thiếu tên, đề nghị kiểm tra lại",10,5,1,
PA02168,2026-07-12,Tổng đài 1022,DV02,Phường Tân Hoà,Trật tự đô thị,Thường,Hàng quán lấn chiếm vỉa hè trước cổng trường tiểu học ở Phường Tân Hoà giờ tan học,10,9,1,4
PA02169,2026-07-12,Ứng dụng di động,DV02,Phường Tân Hoà,Vệ sinh môi trường,Thường,"Xe thu gom rác ở Phường Tân Hoà đổi giờ mà không báo, dân để rác ra đường cả buổi",10,2,1,5
PA02170,2026-07-12,Tổng đài 1022,DV02,Phường Tân Hoà,Chiếu sáng công cộng,Thường,"Đèn chiếu sáng khu vực Phường Tân Hoà bật cả ban ngày, rất lãng phí điện",10,11,0,
PA02171,2026-07-12,Tiếp công dân,DV02,Phường Tân Hoà,Trật tự đô thị,Thường,Hàng quán lấn chiếm vỉa hè trước cổng trường tiểu học ở Phường Tân Hoà giờ tan học,10,6,1,
PA02172,2026-07-12,Cổng dịch vụ công,DV04,Phường Nam Phong,Chiếu sáng công cộng,Thường,"Ngõ vào cụm dân cư Phường Nam Phong chưa có đèn chiếu sáng, đã kiến nghị hai lần",10,7,1,4
PA02173,2026-07-12,Tổng đài 1022,DV07,Xã Phú Điền,Hạ tầng giao thông,Khẩn,"Mặt đường Xã Phú Điền sau khi đào lắp ống nước hoàn trả không phẳng, đi rất xóc",5,5,1,4
PA02174,2026-07-12,Tổng đài 1022,DV07,Xã Phú Điền,Thủ tục hành chính,Thường,Cán bộ một cửa Xã Phú Điền yêu cầu giấy tờ ngoài danh mục niêm yết,10,16,0,
PA02175,2026-07-12,Tổng đài 1022,DV08,Xã Vĩnh Lộc,Hạ tầng giao thông,Thường,"Đoạn đường trước Xã Vĩnh Lộc xuống cấp, nhiều ổ gà, xe máy tránh nhau rất nguy hiểm",10,12,0,3
PA02176,2026-07-12,Tổng đài 1022,DV09,Xã An Cư,Trật tự đô thị,Thường,"Có công trình ở Xã An Cư thi công sau 22 giờ gây ồn, đề nghị kiểm tra giấy phép",10,14,0,3
PA02177,2026-07-12,Ứng dụng di động,DV12,Xã Hương Trà,Trật tự đô thị,Khẩn,Xe tải trọng lớn chạy vào đường nội bộ Xã Hương Trà ngoài giờ quy định,5,4,1,
PA02178,2026-07-12,Cổng dịch vụ công,DV12,Xã Hương Trà,Trật tự đô thị,Khẩn,"Có công trình ở Xã Hương Trà thi công sau 22 giờ gây ồn, đề nghị kiểm tra giấy phép",5,5,1,
PA02179,2026-07-12,Tiếp công dân,DV12,Xã Hương Trà,Thủ tục hành chính,Thường,Cán bộ một cửa Xã Hương Trà yêu cầu giấy tờ ngoài danh mục niêm yết,10,13,0,2
PA02180,2026-07-13,Ứng dụng di động,DV01,Phường Hoà Thuận,Trật tự đô thị,Thường,"Có công trình ở Phường Hoà Thuận thi công sau 22 giờ gây ồn, đề nghị kiểm tra giấy phép",10,13,0,
PA02181,2026-07-13,Cổng dịch vụ công,DV01,Phường Hoà Thuận,Hạ tầng giao thông,Thường,"Đoạn đường trước Phường Hoà Thuận xuống cấp, nhiều ổ gà, xe máy tránh nhau rất nguy hiểm",10,4,1,
PA02182,2026-07-13,Ứng dụng di động,DV03,Phường Đông Giang,Hạ tầng giao thông,Thường,Nắp cống trên tuyến đường liên xã qua Phường Đông Giang bị vỡ đã hai tuần chưa ai sửa,10,6,1,5
PA02183,2026-07-13,Tổng đài 1022,DV03,Phường Đông Giang,Hạ tầng giao thông,Thường,Nắp cống trên tuyến đường liên xã qua Phường Đông Giang bị vỡ đã hai tuần chưa ai sửa,10,8,1,4
PA02184,2026-07-13,Cổng dịch vụ công,DV04,Phường Nam Phong,Hạ tầng giao thông,Thường,"Cầu nhỏ bắc qua kênh ở Phường Nam Phong mục lan can, trẻ em đi học qua rất lo",10,9,1,4
PA02185,2026-07-13,Tổng đài 1022,DV04,Phường Nam Phong,An sinh xã hội,Thường,"Hộ cận nghèo ở Phường Nam Phong chưa nhận được hỗ trợ đợt này, đề nghị rà soát",10,11,0,
PA02186,2026-07-13,Cổng dịch vụ công,DV06,Xã Long Thành,Vệ sinh môi trường,Thường,"Xe thu gom rác ở Xã Long Thành đổi giờ mà không báo, dân để rác ra đường cả buổi",10,9,1,
PA02187,2026-07-13,Tổng đài 1022,DV07,Xã Phú Điền,Vệ sinh môi trường,Thường,"Rác tồn đọng ở điểm tập kết gần chợ Xã Phú Điền ba ngày chưa thu gom, mùi rất nặng",10,10,1,4
PA02188,2026-07-13,Tổng đài 1022,DV08,Xã Vĩnh Lộc,Cấp thoát nước,Khẩn,"Nước máy ở Xã Vĩnh Lộc mấy hôm nay có mùi lạ, đề nghị kiểm tra chất lượng",5,4,1,5
PA02189,2026-07-13,Cổng dịch vụ công,DV11,Xã Mỹ Khánh,Hạ tầng giao thông,Thường,"Đoạn đường trước Xã Mỹ Khánh xuống cấp, nhiều ổ gà, xe máy tránh nhau rất nguy hiểm",10,8,1,
PA02190,2026-07-13,Cổng dịch vụ công,DV12,Xã Hương Trà,Trật tự đô thị,Rất khẩn,"Có công trình ở Xã Hương Trà thi công sau 22 giờ gây ồn, đề nghị kiểm tra giấy phép",2,2,1,
PA02191,2026-07-14,Tổng đài 1022,DV01,Phường Hoà Thuận,Hạ tầng giao thông,Khẩn,"Mặt đường Phường Hoà Thuận sau khi đào lắp ống nước hoàn trả không phẳng, đi rất xóc",5,4,1,5
PA02192,2026-07-14,Tổng đài 1022,DV01,Phường Hoà Thuận,Cấp thoát nước,Thường,"Ống nước trước nhà văn hoá Phường Hoà Thuận rò rỉ, nước chảy ra đường suốt ngày",10,7,1,2
PA02193,2026-07-14,Tiếp công dân,DV01,Phường Hoà Thuận,Vệ sinh môi trường,Khẩn,"Kênh chạy qua Phường Hoà Thuận nổi váng đen, nghi có cơ sở xả thải ban đêm",5,3,1,5
PA02194,2026-07-14,Tổng đài 1022,DV02,Phường Tân Hoà,Vệ sinh môi trường,Thường,"Xe thu gom rác ở Phường Tân Hoà đổi giờ mà không báo, dân để rác ra đường cả buổi",10,11,0,2
PA02195,2026-07-14,Cổng dịch vụ công,DV03,Phường Đông Giang,Trật tự đô thị,Thường,Hàng quán lấn chiếm vỉa hè trước cổng trường tiểu học ở Phường Đông Giang giờ tan học,10,7,1,2
PA02196,2026-07-14,Ứng dụng di động,DV04,Phường Nam Phong,Vệ sinh môi trường,Rất khẩn,"Xe thu gom rác ở Phường Nam Phong đổi giờ mà không báo, dân để rác ra đường cả buổi",2,3,0,5
PA02197,2026-07-14,Tổng đài 1022,DV05,Xã Bình An,Hạ tầng giao thông,Thường,Nắp cống trên tuyến đường liên xã qua Xã Bình An bị vỡ đã hai tuần chưa ai sửa,10,3,1,
PA02198,2026-07-14,Cổng dịch vụ công,DV08,Xã Vĩnh Lộc,Thủ tục hành chính,Thường,Cán bộ một cửa Xã Vĩnh Lộc yêu cầu giấy tờ ngoài danh mục niêm yết,10,10,1,
PA02199,2026-07-14,Ứng dụng di động,DV08,Xã Vĩnh Lộc,Hạ tầng giao thông,Thường,"Mặt đường Xã Vĩnh Lộc sau khi đào lắp ống nước hoàn trả không phẳng, đi rất xóc",10,10,1,
PA02200,2026-07-14,Tổng đài 1022,DV09,Xã An Cư,Vệ sinh môi trường,Thường,"Xe thu gom rác ở Xã An Cư đổi giờ mà không báo, dân để rác ra đường cả buổi",10,11,0,
PA02201,2026-07-14,Ứng dụng di động,DV12,Xã Hương Trà,Hạ tầng giao thông,Thường,Nắp cống trên tuyến đường liên xã qua Xã Hương Trà bị vỡ đã hai tuần chưa ai sửa,10,11,0,3
PA02202,2026-07-15,Tổng đài 1022,DV01,Phường Hoà Thuận,Vệ sinh môi trường,Khẩn,"Rác tồn đọng ở điểm tập kết gần chợ Phường Hoà Thuận ba ngày chưa thu gom, mùi rất nặng",5,8,0,
PA02203,2026-07-15,Cổng dịch vụ công,DV01,Phường Hoà Thuận,Vệ sinh môi trường,Rất khẩn,"Kênh chạy qua Phường Hoà Thuận nổi váng đen, nghi có cơ sở xả thải ban đêm",2,1,1,4
PA02204,2026-07-15,Tổng đài 1022,DV01,Phường Hoà Thuận,Chiếu sáng công cộng,Thường,"Ba cột đèn đường ở Phường Hoà Thuận cháy bóng, ban đêm tối om rất mất an toàn",10,4,1,
PA02205,2026-07-15,Tổng đài 1022,DV01,Phường Hoà Thuận,Cấp thoát nước,Khẩn,"Ống nước trước nhà văn hoá Phường Hoà Thuận rò rỉ, nước chảy ra đường suốt ngày",5,5,1,
PA02206,2026-07-15,Tổng đài 1022,DV01,Phường Hoà Thuận,Trật tự đô thị,Thường,Xe tải trọng lớn chạy vào đường nội bộ Phường Hoà Thuận ngoài giờ quy định,10,7,1,4
PA02207,2026-07-15,Văn bản giấy,DV02,Phường Tân Hoà,Trật tự đô thị,Khẩn,Hàng quán lấn chiếm vỉa hè trước cổng trường tiểu học ở Phường Tân Hoà giờ tan học,5,3,1,3
PA02208,2026-07-15,Tổng đài 1022,DV03,Phường Đông Giang,Vệ sinh môi trường,Thường,"Rác tồn đọng ở điểm tập kết gần chợ Phường Đông Giang ba ngày chưa thu gom, mùi rất nặng",10,12,0,
PA02209,2026-07-15,Ứng dụng di động,DV04,Phường Nam Phong,Cấp thoát nước,Khẩn,"Ống nước trước nhà văn hoá Phường Nam Phong rò rỉ, nước chảy ra đường suốt ngày",5,5,1,5
PA02210,2026-07-15,Văn bản giấy,DV06,Xã Long Thành,Trật tự đô thị,Thường,Bãi giữ xe tự phát ở Xã Long Thành chắn lối đi chung của khu dân cư,10,10,1,
PA02211,2026-07-15,Tiếp công dân,DV06,Xã Long Thành,Trật tự đô thị,Khẩn,Xe tải trọng lớn chạy vào đường nội bộ Xã Long Thành ngoài giờ quy định,5,1,1,4
PA02212,2026-07-15,Cổng dịch vụ công,DV07,Xã Phú Điền,Trật tự đô thị,Thường,Xe tải trọng lớn chạy vào đường nội bộ Xã Phú Điền ngoài giờ quy định,10,9,1,
PA02213,2026-07-15,Cổng dịch vụ công,DV09,Xã An Cư,Cấp thoát nước,Thường,"Ống nước trước nhà văn hoá Xã An Cư rò rỉ, nước chảy ra đường suốt ngày",10,13,0,
PA02214,2026-07-15,Ứng dụng di động,DV10,Xã Thanh Sơn,Thủ tục hành chính,Rất khẩn,Đã nộp trực tuyến nhưng Xã Thanh Sơn vẫn yêu cầu nộp thêm bản giấy,2,1,1,
PA02215,2026-07-15,Cổng dịch vụ công,DV11,Xã Mỹ Khánh,Vệ sinh môi trường,Khẩn,"Xe thu gom rác ở Xã Mỹ Khánh đổi giờ mà không báo, dân để rác ra đường cả buổi",5,3,1,3
PA02216,2026-07-15,Tổng đài 1022,DV11,Xã Mỹ Khánh,Khác,Thường,Đề nghị Xã Mỹ Khánh thông tin rõ kế hoạch chỉnh trang khu dân cư năm tới,10,7,1,3
PA02217,2026-07-16,Ứng dụng di động,DV01,Phường Hoà Thuận,An sinh xã hội,Thường,"Danh sách nhận hỗ trợ ở Phường Hoà Thuận niêm yết thiếu tên, đề nghị kiểm tra lại",10,10,1,3
PA02218,2026-07-16,Tổng đài 1022,DV02,Phường Tân Hoà,Khác,Thường,Đề nghị Phường Tân Hoà thông tin rõ kế hoạch chỉnh trang khu dân cư năm tới,10,7,1,
PA02219,2026-07-16,Cổng dịch vụ công,DV02,Phường Tân Hoà,Vệ sinh môi trường,Khẩn,"Xe thu gom rác ở Phường Tân Hoà đổi giờ mà không báo, dân để rác ra đường cả buổi",5,4,1,
PA02220,2026-07-16,Ứng dụng di động,DV02,Phường Tân Hoà,Chiếu sáng công cộng,Thường,"Ba cột đèn đường ở Phường Tân Hoà cháy bóng, ban đêm tối om rất mất an toàn",10,6,1,5
PA02221,2026-07-16,Tổng đài 1022,DV03,Phường Đông Giang,Cấp thoát nước,Thường,"Khu dân cư Phường Đông Giang mất nước từ sáng đến chiều, không thấy thông báo trước",10,5,1,
PA02222,2026-07-16,Cổng dịch vụ công,DV04,Phường Nam Phong,Vệ sinh môi trường,Thường,"Kênh chạy qua Phường Nam Phong nổi váng đen, nghi có cơ sở xả thải ban đêm",10,5,1,4
PA02223,2026-07-16,Cổng dịch vụ công,DV04,Phường Nam Phong,Trật tự đô thị,Thường,Bãi giữ xe tự phát ở Phường Nam Phong chắn lối đi chung của khu dân cư,10,5,1,
PA02224,2026-07-16,Tiếp công dân,DV04,Phường Nam Phong,Cấp thoát nước,Thường,"Ống nước trước nhà văn hoá Phường Nam Phong rò rỉ, nước chảy ra đường suốt ngày",10,5,1,
PA02225,2026-07-16,Tiếp công dân,DV06,Xã Long Thành,Thủ tục hành chính,Thường,Cán bộ một cửa Xã Long Thành yêu cầu giấy tờ ngoài danh mục niêm yết,10,9,1,
PA02226,2026-07-16,Tổng đài 1022,DV08,Xã Vĩnh Lộc,Trật tự đô thị,Thường,Hàng quán lấn chiếm vỉa hè trước cổng trường tiểu học ở Xã Vĩnh Lộc giờ tan học,10,10,1,
PA02227,2026-07-16,Cổng dịch vụ công,DV11,Xã Mỹ Khánh,Trật tự đô thị,Thường,"Có công trình ở Xã Mỹ Khánh thi công sau 22 giờ gây ồn, đề nghị kiểm tra giấy phép",10,10,1,
PA02228,2026-07-17,Tổng đài 1022,DV01,Phường Hoà Thuận,Khác,Khẩn,Đề nghị Phường Hoà Thuận thông tin rõ kế hoạch chỉnh trang khu dân cư năm tới,5,8,0,4
PA02229,2026-07-17,Ứng dụng di động,DV03,Phường Đông Giang,Khác,Thường,"Loa phát thanh ở Phường Đông Giang phát quá sớm, ảnh hưởng người già và trẻ nhỏ",10,11,0,4
PA02230,2026-07-17,Ứng dụng di động,DV04,Phường Nam Phong,Trật tự đô thị,Thường,Bãi giữ xe tự phát ở Phường Nam Phong chắn lối đi chung của khu dân cư,10,5,1,
PA02231,2026-07-17,Cổng dịch vụ công,DV04,Phường Nam Phong,Thủ tục hành chính,Khẩn,Nộp hồ sơ chứng thực tại Phường Nam Phong hẹn 3 ngày nhưng quá 8 ngày chưa có kết quả,5,2,1,
PA02232,2026-07-17,Tổng đài 1022,DV05,Xã Bình An,Thủ tục hành chính,Thường,"Cổng dịch vụ công báo lỗi khi tải giấy tờ lên, gọi Xã Bình An không ai nghe máy",10,8,1,4
PA02233,2026-07-17,Văn bản giấy,DV06,Xã Long Thành,Hạ tầng giao thông,Khẩn,"Mặt đường Xã Long Thành sau khi đào lắp ống nước hoàn trả không phẳng, đi rất xóc",5,5,1,4
PA02234,2026-07-17,Văn bản giấy,DV07,Xã Phú Điền,Cấp thoát nước,Thường,"Mưa là ngập cả tuyến ở Xã Phú Điền, cống thoát nghẹt không rút được",10,12,0,1
PA02235,2026-07-17,Cổng dịch vụ công,DV08,Xã Vĩnh Lộc,Trật tự đô thị,Thường,Xe tải trọng lớn chạy vào đường nội bộ Xã Vĩnh Lộc ngoài giờ quy định,10,7,1,3
PA02236,2026-07-17,Cổng dịch vụ công,DV11,Xã Mỹ Khánh,Cấp thoát nước,Thường,"Mưa là ngập cả tuyến ở Xã Mỹ Khánh, cống thoát nghẹt không rút được",10,10,1,
PA02237,2026-07-17,Văn bản giấy,DV11,Xã Mỹ Khánh,Vệ sinh môi trường,Thường,"Rác tồn đọng ở điểm tập kết gần chợ Xã Mỹ Khánh ba ngày chưa thu gom, mùi rất nặng",10,7,1,4
PA02238,2026-07-18,Cổng dịch vụ công,DV01,Phường Hoà Thuận,Hạ tầng giao thông,Thường,"Mặt đường Phường Hoà Thuận sau khi đào lắp ống nước hoàn trả không phẳng, đi rất xóc",10,10,1,4
PA02239,2026-07-18,Tổng đài 1022,DV01,Phường Hoà Thuận,Trật tự đô thị,Thường,"Có công trình ở Phường Hoà Thuận thi công sau 22 giờ gây ồn, đề nghị kiểm tra giấy phép",10,6,1,
PA02240,2026-07-18,Văn bản giấy,DV02,Phường Tân Hoà,Vệ sinh môi trường,Thường,"Có hộ đổ trộm xà bần ra bãi đất trống ở Phường Tân Hoà, đề nghị kiểm tra",10,7,1,4
PA02241,2026-07-18,Tổng đài 1022,DV02,Phường Tân Hoà,Hạ tầng giao thông,Khẩn,"Đoạn đường trước Phường Tân Hoà xuống cấp, nhiều ổ gà, xe máy tránh nhau rất nguy hiểm",5,4,1,
PA02242,2026-07-18,Tổng đài 1022,DV02,Phường Tân Hoà,Khác,Thường,"Loa phát thanh ở Phường Tân Hoà phát quá sớm, ảnh hưởng người già và trẻ nhỏ",10,8,1,4
PA02243,2026-07-18,Cổng dịch vụ công,DV03,Phường Đông Giang,Khác,Thường,"Loa phát thanh ở Phường Đông Giang phát quá sớm, ảnh hưởng người già và trẻ nhỏ",10,7,1,
PA02244,2026-07-18,Ứng dụng di động,DV03,Phường Đông Giang,Chiếu sáng công cộng,Thường,"Ngõ vào cụm dân cư Phường Đông Giang chưa có đèn chiếu sáng, đã kiến nghị hai lần",10,8,1,4
PA02245,2026-07-18,Tổng đài 1022,DV04,Phường Nam Phong,Cấp thoát nước,Khẩn,"Mưa là ngập cả tuyến ở Phường Nam Phong, cống thoát nghẹt không rút được",5,5,1,
PA02246,2026-07-18,Văn bản giấy,DV04,Phường Nam Phong,Khác,Thường,"Loa phát thanh ở Phường Nam Phong phát quá sớm, ảnh hưởng người già và trẻ nhỏ",10,9,1,
PA02247,2026-07-18,Tổng đài 1022,DV04,Phường Nam Phong,An sinh xã hội,Khẩn,Người cao tuổi ở Phường Nam Phong chưa được hướng dẫn làm thủ tục trợ cấp,5,1,1,
PA02248,2026-07-19,Ứng dụng di động,DV01,Phường Hoà Thuận,Hạ tầng giao thông,Thường,"Mặt đường Phường Hoà Thuận sau khi đào lắp ống nước hoàn trả không phẳng, đi rất xóc",10,11,0,1
PA02249,2026-07-19,Tổng đài 1022,DV01,Phường Hoà Thuận,Vệ sinh môi trường,Khẩn,"Rác tồn đọng ở điểm tập kết gần chợ Phường Hoà Thuận ba ngày chưa thu gom, mùi rất nặng",5,6,0,
PA02250,2026-07-19,Tổng đài 1022,DV03,Phường Đông Giang,Cấp thoát nước,Thường,"Khu dân cư Phường Đông Giang mất nước từ sáng đến chiều, không thấy thông báo trước",10,3,1,
PA02251,2026-07-19,Ứng dụng di động,DV03,Phường Đông Giang,Hạ tầng giao thông,Thường,"Mặt đường Phường Đông Giang sau khi đào lắp ống nước hoàn trả không phẳng, đi rất xóc",10,1,1,
PA02252,2026-07-19,Tổng đài 1022,DV04,Phường Nam Phong,Trật tự đô thị,Khẩn,Hàng quán lấn chiếm vỉa hè trước cổng trường tiểu học ở Phường Nam Phong giờ tan học,5,1,1,5
PA02253,2026-07-19,Văn bản giấy,DV04,Phường Nam Phong,Thủ tục hành chính,Thường,Nộp hồ sơ chứng thực tại Phường Nam Phong hẹn 3 ngày nhưng quá 8 ngày chưa có kết quả,10,9,1,4
PA02254,2026-07-19,Tổng đài 1022,DV04,Phường Nam Phong,Khác,Thường,Góp ý Phường Nam Phong mở thêm khung giờ tiếp dân vào buổi chiều thứ bảy,10,10,1,
PA02255,2026-07-19,Tổng đài 1022,DV08,Xã Vĩnh Lộc,Hạ tầng giao thông,Thường,"Đoạn đường trước Xã Vĩnh Lộc xuống cấp, nhiều ổ gà, xe máy tránh nhau rất nguy hiểm",10,8,1,4
PA02256,2026-07-19,Cổng dịch vụ công,DV09,Xã An Cư,Cấp thoát nước,Thường,"Ống nước trước nhà văn hoá Xã An Cư rò rỉ, nước chảy ra đường suốt ngày",10,9,1,4
PA02257,2026-07-19,Ứng dụng di động,DV11,Xã Mỹ Khánh,Thủ tục hành chính,Thường,Nộp hồ sơ chứng thực tại Xã Mỹ Khánh hẹn 3 ngày nhưng quá 8 ngày chưa có kết quả,10,30,0,2
PA02258,2026-07-20,Tổng đài 1022,DV01,Phường Hoà Thuận,Khác,Thường,"Loa phát thanh ở Phường Hoà Thuận phát quá sớm, ảnh hưởng người già và trẻ nhỏ",10,8,1,
PA02259,2026-07-20,Tổng đài 1022,DV02,Phường Tân Hoà,Cấp thoát nước,Thường,"Khu dân cư Phường Tân Hoà mất nước từ sáng đến chiều, không thấy thông báo trước",10,2,1,
PA02260,2026-07-20,Văn bản giấy,DV02,Phường Tân Hoà,An sinh xã hội,Thường,"Danh sách nhận hỗ trợ ở Phường Tân Hoà niêm yết thiếu tên, đề nghị kiểm tra lại",10,3,1,
PA02261,2026-07-20,Tiếp công dân,DV02,Phường Tân Hoà,Thủ tục hành chính,Khẩn,"Cổng dịch vụ công báo lỗi khi tải giấy tờ lên, gọi Phường Tân Hoà không ai nghe máy",5,4,1,
PA02262,2026-07-20,Tổng đài 1022,DV03,Phường Đông Giang,Thủ tục hành chính,Rất khẩn,Đã nộp trực tuyến nhưng Phường Đông Giang vẫn yêu cầu nộp thêm bản giấy,2,2,1,
PA02263,2026-07-20,Ứng dụng di động,DV03,Phường Đông Giang,Cấp thoát nước,Thường,"Nước máy ở Phường Đông Giang mấy hôm nay có mùi lạ, đề nghị kiểm tra chất lượng",10,1,1,
PA02264,2026-07-20,Văn bản giấy,DV04,Phường Nam Phong,Cấp thoát nước,Thường,"Ống nước trước nhà văn hoá Phường Nam Phong rò rỉ, nước chảy ra đường suốt ngày",10,7,1,5
PA02265,2026-07-20,Tổng đài 1022,DV05,Xã Bình An,An sinh xã hội,Thường,Người cao tuổi ở Xã Bình An chưa được hướng dẫn làm thủ tục trợ cấp,10,19,0,
PA02266,2026-07-20,Tổng đài 1022,DV06,Xã Long Thành,Vệ sinh môi trường,Thường,"Xe thu gom rác ở Xã Long Thành đổi giờ mà không báo, dân để rác ra đường cả buổi",10,4,1,
PA02267,2026-07-20,Cổng dịch vụ công,DV07,Xã Phú Điền,Vệ sinh môi trường,Thường,"Xe thu gom rác ở Xã Phú Điền đổi giờ mà không báo, dân để rác ra đường cả buổi",10,2,1,3
PA02268,2026-07-20,Cổng dịch vụ công,DV08,Xã Vĩnh Lộc,Hạ tầng giao thông,Thường,"Cầu nhỏ bắc qua kênh ở Xã Vĩnh Lộc mục lan can, trẻ em đi học qua rất lo",10,5,1,
PA02269,2026-07-20,Văn bản giấy,DV12,Xã Hương Trà,Vệ sinh môi trường,Thường,"Có hộ đổ trộm xà bần ra bãi đất trống ở Xã Hương Trà, đề nghị kiểm tra",10,10,1,
PA02270,2026-07-21,Tổng đài 1022,DV01,Phường Hoà Thuận,Trật tự đô thị,Thường,Hàng quán lấn chiếm vỉa hè trước cổng trường tiểu học ở Phường Hoà Thuận giờ tan học,10,5,1,5
PA02271,2026-07-21,Tổng đài 1022,DV01,Phường Hoà Thuận,Thủ tục hành chính,Thường,Cán bộ một cửa Phường Hoà Thuận yêu cầu giấy tờ ngoài danh mục niêm yết,10,6,1,
PA02272,2026-07-21,Tổng đài 1022,DV01,Phường Hoà Thuận,Thủ tục hành chính,Thường,"Cổng dịch vụ công báo lỗi khi tải giấy tờ lên, gọi Phường Hoà Thuận không ai nghe máy",10,2,1,
PA02273,2026-07-21,Ứng dụng di động,DV02,Phường Tân Hoà,Cấp thoát nước,Khẩn,"Nước máy ở Phường Tân Hoà mấy hôm nay có mùi lạ, đề nghị kiểm tra chất lượng",5,6,0,1
PA02274,2026-07-21,Tổng đài 1022,DV02,Phường Tân Hoà,Cấp thoát nước,Thường,"Nước máy ở Phường Tân Hoà mấy hôm nay có mùi lạ, đề nghị kiểm tra chất lượng",10,6,1,
PA02275,2026-07-21,Văn bản giấy,DV02,Phường Tân Hoà,Vệ sinh môi trường,Thường,"Có hộ đổ trộm xà bần ra bãi đất trống ở Phường Tân Hoà, đề nghị kiểm tra",10,43,0,3
PA02276,2026-07-21,Ứng dụng di động,DV04,Phường Nam Phong,Cấp thoát nước,Thường,"Ống nước trước nhà văn hoá Phường Nam Phong rò rỉ, nước chảy ra đường suốt ngày",10,8,1,5
PA02277,2026-07-21,Ứng dụng di động,DV04,Phường Nam Phong,Trật tự đô thị,Thường,Xe tải trọng lớn chạy vào đường nội bộ Phường Nam Phong ngoài giờ quy định,10,3,1,3
PA02278,2026-07-21,Tổng đài 1022,DV11,Xã Mỹ Khánh,Chiếu sáng công cộng,Thường,"Ba cột đèn đường ở Xã Mỹ Khánh cháy bóng, ban đêm tối om rất mất an toàn",10,6,1,4
PA02279,2026-07-21,Tổng đài 1022,DV11,Xã Mỹ Khánh,Vệ sinh môi trường,Thường,"Rác tồn đọng ở điểm tập kết gần chợ Xã Mỹ Khánh ba ngày chưa thu gom, mùi rất nặng",10,6,1,5
PA02280,2026-07-22,Văn bản giấy,DV01,Phường Hoà Thuận,An sinh xã hội,Khẩn,"Hộ cận nghèo ở Phường Hoà Thuận chưa nhận được hỗ trợ đợt này, đề nghị rà soát",5,5,1,
PA02281,2026-07-22,Cổng dịch vụ công,DV02,Phường Tân Hoà,Hạ tầng giao thông,Khẩn,"Đoạn đường trước Phường Tân Hoà xuống cấp, nhiều ổ gà, xe máy tránh nhau rất nguy hiểm",5,3,1,4
PA02282,2026-07-22,Cổng dịch vụ công,DV03,Phường Đông Giang,Vệ sinh môi trường,Thường,"Rác tồn đọng ở điểm tập kết gần chợ Phường Đông Giang ba ngày chưa thu gom, mùi rất nặng",10,16,0,4
PA02283,2026-07-22,Tổng đài 1022,DV03,Phường Đông Giang,Thủ tục hành chính,Rất khẩn,"Cổng dịch vụ công báo lỗi khi tải giấy tờ lên, gọi Phường Đông Giang không ai nghe máy",2,3,0,2
PA02284,2026-07-22,Ứng dụng di động,DV04,Phường Nam Phong,Thủ tục hành chính,Thường,Nộp hồ sơ chứng thực tại Phường Nam Phong hẹn 3 ngày nhưng quá 8 ngày chưa có kết quả,10,7,1,4
PA02285,2026-07-22,Tổng đài 1022,DV05,Xã Bình An,Cấp thoát nước,Khẩn,"Nước máy ở Xã Bình An mấy hôm nay có mùi lạ, đề nghị kiểm tra chất lượng",5,4,1,
PA02286,2026-07-22,Cổng dịch vụ công,DV06,Xã Long Thành,Trật tự đô thị,Thường,Hàng quán lấn chiếm vỉa hè trước cổng trường tiểu học ở Xã Long Thành giờ tan học,10,8,1,4
PA02287,2026-07-22,Ứng dụng di động,DV08,Xã Vĩnh Lộc,Thủ tục hành chính,Khẩn,Đã nộp trực tuyến nhưng Xã Vĩnh Lộc vẫn yêu cầu nộp thêm bản giấy,5,5,1,
PA02288,2026-07-22,Tổng đài 1022,DV10,Xã Thanh Sơn,Hạ tầng giao thông,Thường,Nắp cống trên tuyến đường liên xã qua Xã Thanh Sơn bị vỡ đã hai tuần chưa ai sửa,10,13,0,1
PA02289,2026-07-22,Cổng dịch vụ công,DV10,Xã Thanh Sơn,Hạ tầng giao thông,Thường,Nắp cống trên tuyến đường liên xã qua Xã Thanh Sơn bị vỡ đã hai tuần chưa ai sửa,10,13,0,4
PA02290,2026-07-23,Tổng đài 1022,DV02,Phường Tân Hoà,Trật tự đô thị,Thường,Xe tải trọng lớn chạy vào đường nội bộ Phường Tân Hoà ngoài giờ quy định,10,3,1,3
PA02291,2026-07-23,Tổng đài 1022,DV02,Phường Tân Hoà,Cấp thoát nước,Thường,"Nước máy ở Phường Tân Hoà mấy hôm nay có mùi lạ, đề nghị kiểm tra chất lượng",10,12,0,
PA02292,2026-07-23,Tổng đài 1022,DV03,Phường Đông Giang,Hạ tầng giao thông,Thường,"Đoạn đường trước Phường Đông Giang xuống cấp, nhiều ổ gà, xe máy tránh nhau rất nguy hiểm",10,5,1,
PA02293,2026-07-23,Ứng dụng di động,DV04,Phường Nam Phong,Khác,Thường,Đề nghị Phường Nam Phong thông tin rõ kế hoạch chỉnh trang khu dân cư năm tới,10,11,0,
PA02294,2026-07-23,Ứng dụng di động,DV05,Xã Bình An,Cấp thoát nước,Thường,"Nước máy ở Xã Bình An mấy hôm nay có mùi lạ, đề nghị kiểm tra chất lượng",10,9,1,
PA02295,2026-07-23,Tổng đài 1022,DV08,Xã Vĩnh Lộc,Cấp thoát nước,Thường,"Khu dân cư Xã Vĩnh Lộc mất nước từ sáng đến chiều, không thấy thông báo trước",10,6,1,5
PA02296,2026-07-24,Ứng dụng di động,DV01,Phường Hoà Thuận,Vệ sinh môi trường,Thường,"Rác tồn đọng ở điểm tập kết gần chợ Phường Hoà Thuận ba ngày chưa thu gom, mùi rất nặng",10,10,1,
PA02297,2026-07-24,Tổng đài 1022,DV02,Phường Tân Hoà,Cấp thoát nước,Thường,"Ống nước trước nhà văn hoá Phường Tân Hoà rò rỉ, nước chảy ra đường suốt ngày",10,8,1,
PA02298,2026-07-24,Ứng dụng di động,DV02,Phường Tân Hoà,Trật tự đô thị,Thường,Xe tải trọng lớn chạy vào đường nội bộ Phường Tân Hoà ngoài giờ quy định,10,14,0,
PA02299,2026-07-24,Cổng dịch vụ công,DV03,Phường Đông Giang,Vệ sinh môi trường,Thường,"Rác tồn đọng ở điểm tập kết gần chợ Phường Đông Giang ba ngày chưa thu gom, mùi rất nặng",10,6,1,5
PA02300,2026-07-24,Ứng dụng di động,DV03,Phường Đông Giang,Hạ tầng giao thông,Khẩn,"Cầu nhỏ bắc qua kênh ở Phường Đông Giang mục lan can, trẻ em đi học qua rất lo",5,7,0,
PA02301,2026-07-24,Tổng đài 1022,DV03,Phường Đông Giang,Hạ tầng giao thông,Khẩn,"Cầu nhỏ bắc qua kênh ở Phường Đông Giang mục lan can, trẻ em đi học qua rất lo",5,4,1,4
PA02302,2026-07-24,Tổng đài 1022,DV04,Phường Nam Phong,Trật tự đô thị,Thường,Hàng quán lấn chiếm vỉa hè trước cổng trường tiểu học ở Phường Nam Phong giờ tan học,10,7,1,5
PA02303,2026-07-24,Ứng dụng di động,DV05,Xã Bình An,Trật tự đô thị,Thường,Xe tải trọng lớn chạy vào đường nội bộ Xã Bình An ngoài giờ quy định,10,9,1,
PA02304,2026-07-24,Cổng dịch vụ công,DV05,Xã Bình An,Trật tự đô thị,Thường,Hàng quán lấn chiếm vỉa hè trước cổng trường tiểu học ở Xã Bình An giờ tan học,10,7,1,
PA02305,2026-07-24,Cổng dịch vụ công,DV06,Xã Long Thành,Khác,Thường,Đề nghị Xã Long Thành thông tin rõ kế hoạch chỉnh trang khu dân cư năm tới,10,5,1,
PA02306,2026-07-24,Tổng đài 1022,DV06,Xã Long Thành,Trật tự đô thị,Thường,Xe tải trọng lớn chạy vào đường nội bộ Xã Long Thành ngoài giờ quy định,10,8,1,
PA02307,2026-07-24,Tổng đài 1022,DV06,Xã Long Thành,Trật tự đô thị,Thường,Xe tải trọng lớn chạy vào đường nội bộ Xã Long Thành ngoài giờ quy định,10,12,0,
PA02308,2026-07-24,Tổng đài 1022,DV08,Xã Vĩnh Lộc,Vệ sinh môi trường,Thường,"Kênh chạy qua Xã Vĩnh Lộc nổi váng đen, nghi có cơ sở xả thải ban đêm",10,17,0,
PA02309,2026-07-25,Tổng đài 1022,DV01,Phường Hoà Thuận,Vệ sinh môi trường,Khẩn,"Xe thu gom rác ở Phường Hoà Thuận đổi giờ mà không báo, dân để rác ra đường cả buổi",5,4,1,3
PA02310,2026-07-25,Cổng dịch vụ công,DV02,Phường Tân Hoà,Vệ sinh môi trường,Thường,"Xe thu gom rác ở Phường Tân Hoà đổi giờ mà không báo, dân để rác ra đường cả buổi",10,3,1,
PA02311,2026-07-25,Ứng dụng di động,DV03,Phường Đông Giang,Cấp thoát nước,Thường,"Nước máy ở Phường Đông Giang mấy hôm nay có mùi lạ, đề nghị kiểm tra chất lượng",10,11,0,2
PA02312,2026-07-25,Văn bản giấy,DV03,Phường Đông Giang,Trật tự đô thị,Khẩn,Hàng quán lấn chiếm vỉa hè trước cổng trường tiểu học ở Phường Đông Giang giờ tan học,5,4,1,5
PA02313,2026-07-25,Tổng đài 1022,DV04,Phường Nam Phong,Khác,Thường,"Loa phát thanh ở Phường Nam Phong phát quá sớm, ảnh hưởng người già và trẻ nhỏ",10,9,1,
PA02314,2026-07-25,Văn bản giấy,DV08,Xã Vĩnh Lộc,Cấp thoát nước,Thường,"Nước máy ở Xã Vĩnh Lộc mấy hôm nay có mùi lạ, đề nghị kiểm tra chất lượng",10,8,1,4
PA02315,2026-07-26,Tổng đài 1022,DV01,Phường Hoà Thuận,Hạ tầng giao thông,Thường,Nắp cống trên tuyến đường liên xã qua Phường Hoà Thuận bị vỡ đã hai tuần chưa ai sửa,10,1,1,5
PA02316,2026-07-26,Cổng dịch vụ công,DV01,Phường Hoà Thuận,Chiếu sáng công cộng,Thường,"Ngõ vào cụm dân cư Phường Hoà Thuận chưa có đèn chiếu sáng, đã kiến nghị hai lần",10,7,1,5
PA02317,2026-07-26,Tổng đài 1022,DV01,Phường Hoà Thuận,Trật tự đô thị,Thường,Bãi giữ xe tự phát ở Phường Hoà Thuận chắn lối đi chung của khu dân cư,10,8,1,
PA02318,2026-07-26,Tổng đài 1022,DV01,Phường Hoà Thuận,Hạ tầng giao thông,Thường,"Cầu nhỏ bắc qua kênh ở Phường Hoà Thuận mục lan can, trẻ em đi học qua rất lo",10,1,1,
PA02319,2026-07-26,Tổng đài 1022,DV01,Phường Hoà Thuận,Khác,Khẩn,Góp ý Phường Hoà Thuận mở thêm khung giờ tiếp dân vào buổi chiều thứ bảy,5,4,1,4
PA02320,2026-07-26,Ứng dụng di động,DV02,Phường Tân Hoà,Vệ sinh môi trường,Thường,"Rác tồn đọng ở điểm tập kết gần chợ Phường Tân Hoà ba ngày chưa thu gom, mùi rất nặng",10,13,0,3
PA02321,2026-07-26,Tổng đài 1022,DV02,Phường Tân Hoà,Cấp thoát nước,Thường,"Khu dân cư Phường Tân Hoà mất nước từ sáng đến chiều, không thấy thông báo trước",10,5,1,5
PA02322,2026-07-26,Tiếp công dân,DV03,Phường Đông Giang,Hạ tầng giao thông,Khẩn,"Đoạn đường trước Phường Đông Giang xuống cấp, nhiều ổ gà, xe máy tránh nhau rất nguy hiểm",5,1,1,
PA02323,2026-07-26,Tổng đài 1022,DV05,Xã Bình An,Cấp thoát nước,Khẩn,"Khu dân cư Xã Bình An mất nước từ sáng đến chiều, không thấy thông báo trước",5,1,1,
PA02324,2026-07-26,Tổng đài 1022,DV06,Xã Long Thành,Trật tự đô thị,Thường,Bãi giữ xe tự phát ở Xã Long Thành chắn lối đi chung của khu dân cư,10,4,1,
PA02325,2026-07-26,Cổng dịch vụ công,DV08,Xã Vĩnh Lộc,Thủ tục hành chính,Thường,Nộp hồ sơ chứng thực tại Xã Vĩnh Lộc hẹn 3 ngày nhưng quá 8 ngày chưa có kết quả,10,9,1,
PA02326,2026-07-27,Cổng dịch vụ công,DV01,Phường Hoà Thuận,Trật tự đô thị,Thường,"Có công trình ở Phường Hoà Thuận thi công sau 22 giờ gây ồn, đề nghị kiểm tra giấy phép",10,6,1,3
PA02327,2026-07-27,Tổng đài 1022,DV02,Phường Tân Hoà,Trật tự đô thị,Thường,Xe tải trọng lớn chạy vào đường nội bộ Phường Tân Hoà ngoài giờ quy định,10,4,1,3
PA02328,2026-07-27,Tiếp công dân,DV03,Phường Đông Giang,Vệ sinh môi trường,Thường,"Kênh chạy qua Phường Đông Giang nổi váng đen, nghi có cơ sở xả thải ban đêm",10,15,0,
PA02329,2026-07-27,Tổng đài 1022,DV04,Phường Nam Phong,Hạ tầng giao thông,Thường,Nắp cống trên tuyến đường liên xã qua Phường Nam Phong bị vỡ đã hai tuần chưa ai sửa,10,14,0,
PA02330,2026-07-27,Tổng đài 1022,DV04,Phường Nam Phong,Thủ tục hành chính,Khẩn,Cán bộ một cửa Phường Nam Phong yêu cầu giấy tờ ngoài danh mục niêm yết,5,5,1,4
PA02331,2026-07-27,Cổng dịch vụ công,DV04,Phường Nam Phong,Cấp thoát nước,Thường,"Khu dân cư Phường Nam Phong mất nước từ sáng đến chiều, không thấy thông báo trước",10,4,1,4
PA02332,2026-07-27,Ứng dụng di động,DV04,Phường Nam Phong,Vệ sinh môi trường,Thường,"Có hộ đổ trộm xà bần ra bãi đất trống ở Phường Nam Phong, đề nghị kiểm tra",10,10,1,3
PA02333,2026-07-27,Cổng dịch vụ công,DV08,Xã Vĩnh Lộc,Vệ sinh môi trường,Thường,"Kênh chạy qua Xã Vĩnh Lộc nổi váng đen, nghi có cơ sở xả thải ban đêm",10,12,0,
PA02334,2026-07-27,Văn bản giấy,DV08,Xã Vĩnh Lộc,An sinh xã hội,Thường,"Hộ cận nghèo ở Xã Vĩnh Lộc chưa nhận được hỗ trợ đợt này, đề nghị rà soát",10,7,1,3
PA02335,2026-07-27,Tổng đài 1022,DV10,Xã Thanh Sơn,An sinh xã hội,Thường,Người cao tuổi ở Xã Thanh Sơn chưa được hướng dẫn làm thủ tục trợ cấp,10,6,1,3
PA02336,2026-07-27,Văn bản giấy,DV11,Xã Mỹ Khánh,Vệ sinh môi trường,Thường,"Có hộ đổ trộm xà bần ra bãi đất trống ở Xã Mỹ Khánh, đề nghị kiểm tra",10,6,1,5
PA02337,2026-07-27,Cổng dịch vụ công,DV12,Xã Hương Trà,Hạ tầng giao thông,Thường,Nắp cống trên tuyến đường liên xã qua Xã Hương Trà bị vỡ đã hai tuần chưa ai sửa,10,7,1,
PA02338,2026-07-28,Tổng đài 1022,DV01,Phường Hoà Thuận,Thủ tục hành chính,Thường,"Cổng dịch vụ công báo lỗi khi tải giấy tờ lên, gọi Phường Hoà Thuận không ai nghe máy",10,6,1,4
PA02339,2026-07-28,Tiếp công dân,DV02,Phường Tân Hoà,Khác,Thường,"Loa phát thanh ở Phường Tân Hoà phát quá sớm, ảnh hưởng người già và trẻ nhỏ",10,12,0,2
PA02340,2026-07-28,Tiếp công dân,DV03,Phường Đông Giang,Chiếu sáng công cộng,Thường,"Đèn chiếu sáng khu vực Phường Đông Giang bật cả ban ngày, rất lãng phí điện",10,4,1,
PA02341,2026-07-28,Cổng dịch vụ công,DV03,Phường Đông Giang,Trật tự đô thị,Thường,Hàng quán lấn chiếm vỉa hè trước cổng trường tiểu học ở Phường Đông Giang giờ tan học,10,7,1,3
PA02342,2026-07-28,Ứng dụng di động,DV04,Phường Nam Phong,Hạ tầng giao thông,Thường,Nắp cống trên tuyến đường liên xã qua Phường Nam Phong bị vỡ đã hai tuần chưa ai sửa,10,13,0,
PA02343,2026-07-28,Cổng dịch vụ công,DV04,Phường Nam Phong,Thủ tục hành chính,Thường,Cán bộ một cửa Phường Nam Phong yêu cầu giấy tờ ngoài danh mục niêm yết,10,7,1,
PA02344,2026-07-28,Ứng dụng di động,DV04,Phường Nam Phong,Thủ tục hành chính,Khẩn,Nộp hồ sơ chứng thực tại Phường Nam Phong hẹn 3 ngày nhưng quá 8 ngày chưa có kết quả,5,5,1,
PA02345,2026-07-28,Tiếp công dân,DV04,Phường Nam Phong,Trật tự đô thị,Thường,Bãi giữ xe tự phát ở Phường Nam Phong chắn lối đi chung của khu dân cư,10,8,1,
PA02346,2026-07-28,Tổng đài 1022,DV04,Phường Nam Phong,Khác,Thường,Đề nghị Phường Nam Phong thông tin rõ kế hoạch chỉnh trang khu dân cư năm tới,10,4,1,5
PA02347,2026-07-28,Ứng dụng di động,DV05,Xã Bình An,An sinh xã hội,Thường,"Hộ cận nghèo ở Xã Bình An chưa nhận được hỗ trợ đợt này, đề nghị rà soát",10,23,0,3
PA02348,2026-07-28,Ứng dụng di động,DV05,Xã Bình An,An sinh xã hội,Khẩn,"Danh sách nhận hỗ trợ ở Xã Bình An niêm yết thiếu tên, đề nghị kiểm tra lại",5,3,1,
PA02349,2026-07-28,Cổng dịch vụ công,DV05,Xã Bình An,Khác,Thường,Góp ý Xã Bình An mở thêm khung giờ tiếp dân vào buổi chiều thứ bảy,10,20,0,2
PA02350,2026-07-28,Tiếp công dân,DV09,Xã An Cư,Vệ sinh môi trường,Thường,"Kênh chạy qua Xã An Cư nổi váng đen, nghi có cơ sở xả thải ban đêm",10,11,0,
PA02351,2026-07-28,Cổng dịch vụ công,DV10,Xã Thanh Sơn,Trật tự đô thị,Thường,"Có công trình ở Xã Thanh Sơn thi công sau 22 giờ gây ồn, đề nghị kiểm tra giấy phép",10,14,0,
PA02352,2026-07-28,Tổng đài 1022,DV11,Xã Mỹ Khánh,Trật tự đô thị,Rất khẩn,Hàng quán lấn chiếm vỉa hè trước cổng trường tiểu học ở Xã Mỹ Khánh giờ tan học,2,1,1,
PA02353,2026-07-29,Tiếp công dân,DV01,Phường Hoà Thuận,Vệ sinh môi trường,Thường,"Xe thu gom rác ở Phường Hoà Thuận đổi giờ mà không báo, dân để rác ra đường cả buổi",10,5,1,4
PA02354,2026-07-29,Văn bản giấy,DV01,Phường Hoà Thuận,Khác,Thường,Góp ý Phường Hoà Thuận mở thêm khung giờ tiếp dân vào buổi chiều thứ bảy,10,7,1,
PA02355,2026-07-29,Cổng dịch vụ công,DV02,Phường Tân Hoà,Cấp thoát nước,Thường,"Ống nước trước nhà văn hoá Phường Tân Hoà rò rỉ, nước chảy ra đường suốt ngày",10,6,1,
PA02356,2026-07-29,Ứng dụng di động,DV03,Phường Đông Giang,Cấp thoát nước,Thường,"Khu dân cư Phường Đông Giang mất nước từ sáng đến chiều, không thấy thông báo trước",10,6,1,5
PA02357,2026-07-29,Cổng dịch vụ công,DV03,Phường Đông Giang,Cấp thoát nước,Thường,"Nước máy ở Phường Đông Giang mấy hôm nay có mùi lạ, đề nghị kiểm tra chất lượng",10,10,1,
PA02358,2026-07-29,Văn bản giấy,DV03,Phường Đông Giang,Hạ tầng giao thông,Thường,Nắp cống trên tuyến đường liên xã qua Phường Đông Giang bị vỡ đã hai tuần chưa ai sửa,10,1,1,
PA02359,2026-07-29,Ứng dụng di động,DV04,Phường Nam Phong,Trật tự đô thị,Thường,"Có công trình ở Phường Nam Phong thi công sau 22 giờ gây ồn, đề nghị kiểm tra giấy phép",10,5,1,5
PA02360,2026-07-29,Tổng đài 1022,DV08,Xã Vĩnh Lộc,Cấp thoát nước,Thường,"Ống nước trước nhà văn hoá Xã Vĩnh Lộc rò rỉ, nước chảy ra đường suốt ngày",10,12,0,
PA02361,2026-07-29,Cổng dịch vụ công,DV08,Xã Vĩnh Lộc,An sinh xã hội,Khẩn,"Danh sách nhận hỗ trợ ở Xã Vĩnh Lộc niêm yết thiếu tên, đề nghị kiểm tra lại",5,2,1,3
PA02362,2026-07-29,Văn bản giấy,DV09,Xã An Cư,Hạ tầng giao thông,Thường,"Cầu nhỏ bắc qua kênh ở Xã An Cư mục lan can, trẻ em đi học qua rất lo",10,7,1,4
PA02363,2026-07-29,Tổng đài 1022,DV11,Xã Mỹ Khánh,Thủ tục hành chính,Thường,Cán bộ một cửa Xã Mỹ Khánh yêu cầu giấy tờ ngoài danh mục niêm yết,10,6,1,5
PA02364,2026-07-29,Tổng đài 1022,DV11,Xã Mỹ Khánh,Thủ tục hành chính,Thường,Nộp hồ sơ chứng thực tại Xã Mỹ Khánh hẹn 3 ngày nhưng quá 8 ngày chưa có kết quả,10,7,1,
PA02365,2026-07-30,Cổng dịch vụ công,DV03,Phường Đông Giang,Trật tự đô thị,Rất khẩn,Bãi giữ xe tự phát ở Phường Đông Giang chắn lối đi chung của khu dân cư,2,1,1,4
PA02366,2026-07-30,Cổng dịch vụ công,DV04,Phường Nam Phong,Thủ tục hành chính,Thường,Đã nộp trực tuyến nhưng Phường Nam Phong vẫn yêu cầu nộp thêm bản giấy,10,2,1,
PA02367,2026-07-30,Tổng đài 1022,DV04,Phường Nam Phong,Cấp thoát nước,Khẩn,"Ống nước trước nhà văn hoá Phường Nam Phong rò rỉ, nước chảy ra đường suốt ngày",5,2,1,3
PA02368,2026-07-30,Ứng dụng di động,DV04,Phường Nam Phong,Hạ tầng giao thông,Khẩn,Nắp cống trên tuyến đường liên xã qua Phường Nam Phong bị vỡ đã hai tuần chưa ai sửa,5,3,1,
PA02369,2026-07-30,Văn bản giấy,DV09,Xã An Cư,Trật tự đô thị,Thường,Xe tải trọng lớn chạy vào đường nội bộ Xã An Cư ngoài giờ quy định,10,1,1,
PA02370,2026-07-30,Văn bản giấy,DV09,Xã An Cư,Chiếu sáng công cộng,Thường,"Đèn chiếu sáng khu vực Xã An Cư bật cả ban ngày, rất lãng phí điện",10,13,0,
PA02371,2026-07-31,Tổng đài 1022,DV02,Phường Tân Hoà,Trật tự đô thị,Khẩn,Bãi giữ xe tự phát ở Phường Tân Hoà chắn lối đi chung của khu dân cư,5,1,1,
PA02372,2026-07-31,Cổng dịch vụ công,DV02,Phường Tân Hoà,Cấp thoát nước,Thường,"Khu dân cư Phường Tân Hoà mất nước từ sáng đến chiều, không thấy thông báo trước",10,31,0,2
PA02373,2026-07-31,Ứng dụng di động,DV03,Phường Đông Giang,Trật tự đô thị,Thường,Xe tải trọng lớn chạy vào đường nội bộ Phường Đông Giang ngoài giờ quy định,10,6,1,3
PA02374,2026-07-31,Tổng đài 1022,DV03,Phường Đông Giang,Cấp thoát nước,Thường,"Nước máy ở Phường Đông Giang mấy hôm nay có mùi lạ, đề nghị kiểm tra chất lượng",10,5,1,5
PA02375,2026-07-31,Tổng đài 1022,DV04,Phường Nam Phong,Thủ tục hành chính,Khẩn,"Cổng dịch vụ công báo lỗi khi tải giấy tờ lên, gọi Phường Nam Phong không ai nghe máy",5,6,0,3
PA02376,2026-07-31,Tổng đài 1022,DV04,Phường Nam Phong,Vệ sinh môi trường,Thường,"Xe thu gom rác ở Phường Nam Phong đổi giờ mà không báo, dân để rác ra đường cả buổi",10,5,1,
PA02377,2026-07-31,Ứng dụng di động,DV04,Phường Nam Phong,Khác,Thường,Góp ý Phường Nam Phong mở thêm khung giờ tiếp dân vào buổi chiều thứ bảy,10,39,0,
PA02378,2026-07-31,Cổng dịch vụ công,DV05,Xã Bình An,Cấp thoát nước,Thường,"Mưa là ngập cả tuyến ở Xã Bình An, cống thoát nghẹt không rút được",10,7,1,4
PA02379,2026-07-31,Tổng đài 1022,DV05,Xã Bình An,Trật tự đô thị,Thường,"Có công trình ở Xã Bình An thi công sau 22 giờ gây ồn, đề nghị kiểm tra giấy phép",10,7,1,
PA02380,2026-07-31,Tiếp công dân,DV08,Xã Vĩnh Lộc,Trật tự đô thị,Thường,Xe tải trọng lớn chạy vào đường nội bộ Xã Vĩnh Lộc ngoài giờ quy định,10,9,1,
PA02381,2026-07-31,Tổng đài 1022,DV11,Xã Mỹ Khánh,Trật tự đô thị,Thường,Xe tải trọng lớn chạy vào đường nội bộ Xã Mỹ Khánh ngoài giờ quy định,10,14,0,
PA02382,2026-07-31,Tiếp công dân,DV12,Xã Hương Trà,Trật tự đô thị,Thường,Xe tải trọng lớn chạy vào đường nội bộ Xã Hương Trà ngoài giờ quy định,10,5,1,
PA02383,2026-07-31,Cổng dịch vụ công,DV12,Xã Hương Trà,Vệ sinh môi trường,Thường,"Rác tồn đọng ở điểm tập kết gần chợ Xã Hương Trà ba ngày chưa thu gom, mùi rất nặng",10,7,1,4
PA02384,2026-08-01,Ứng dụng di động,DV01,Phường Hoà Thuận,An sinh xã hội,Khẩn,"Hộ cận nghèo ở Phường Hoà Thuận chưa nhận được hỗ trợ đợt này, đề nghị rà soát",5,2,1,5
PA02385,2026-08-01,Cổng dịch vụ công,DV02,Phường Tân Hoà,Hạ tầng giao thông,Thường,"Đoạn đường trước Phường Tân Hoà xuống cấp, nhiều ổ gà, xe máy tránh nhau rất nguy hiểm",10,8,1,
PA02386,2026-08-01,Cổng dịch vụ công,DV02,Phường Tân Hoà,Khác,Thường,"Loa phát thanh ở Phường Tân Hoà phát quá sớm, ảnh hưởng người già và trẻ nhỏ",10,3,1,
PA02387,2026-08-01,Văn bản giấy,DV03,Phường Đông Giang,Chiếu sáng công cộng,Thường,"Ba cột đèn đường ở Phường Đông Giang cháy bóng, ban đêm tối om rất mất an toàn",10,13,0,1
PA02388,2026-08-01,Ứng dụng di động,DV03,Phường Đông Giang,Hạ tầng giao thông,Khẩn,"Đoạn đường trước Phường Đông Giang xuống cấp, nhiều ổ gà, xe máy tránh nhau rất nguy hiểm",5,2,1,
PA02389,2026-08-01,Tiếp công dân,DV03,Phường Đông Giang,Cấp thoát nước,Thường,"Ống nước trước nhà văn hoá Phường Đông Giang rò rỉ, nước chảy ra đường suốt ngày",10,6,1,4
PA02390,2026-08-01,Ứng dụng di động,DV04,Phường Nam Phong,Vệ sinh môi trường,Rất khẩn,"Kênh chạy qua Phường Nam Phong nổi váng đen, nghi có cơ sở xả thải ban đêm",2,2,1,
PA02391,2026-08-01,Tiếp công dân,DV08,Xã Vĩnh Lộc,Vệ sinh môi trường,Khẩn,"Xe thu gom rác ở Xã Vĩnh Lộc đổi giờ mà không báo, dân để rác ra đường cả buổi",5,2,1,
PA02392,2026-08-01,Ứng dụng di động,DV10,Xã Thanh Sơn,Trật tự đô thị,Khẩn,"Có công trình ở Xã Thanh Sơn thi công sau 22 giờ gây ồn, đề nghị kiểm tra giấy phép",5,2,1,
PA02393,2026-08-01,Tiếp công dân,DV11,Xã Mỹ Khánh,Vệ sinh môi trường,Thường,"Có hộ đổ trộm xà bần ra bãi đất trống ở Xã Mỹ Khánh, đề nghị kiểm tra",10,9,1,
PA02394,2026-08-01,Văn bản giấy,DV12,Xã Hương Trà,Hạ tầng giao thông,Khẩn,"Mặt đường Xã Hương Trà sau khi đào lắp ống nước hoàn trả không phẳng, đi rất xóc",5,4,1,
PA02395,2026-08-02,Tiếp công dân,DV01,Phường Hoà Thuận,Trật tự đô thị,Thường,Xe tải trọng lớn chạy vào đường nội bộ Phường Hoà Thuận ngoài giờ quy định,10,7,1,5
PA02396,2026-08-02,Tổng đài 1022,DV01,Phường Hoà Thuận,Khác,Thường,Đề nghị Phường Hoà Thuận thông tin rõ kế hoạch chỉnh trang khu dân cư năm tới,10,5,1,4
PA02397,2026-08-02,Cổng dịch vụ công,DV02,Phường Tân Hoà,Thủ tục hành chính,Thường,Cán bộ một cửa Phường Tân Hoà yêu cầu giấy tờ ngoài danh mục niêm yết,10,6,1,
PA02398,2026-08-02,Cổng dịch vụ công,DV02,Phường Tân Hoà,Chiếu sáng công cộng,Thường,"Đèn chiếu sáng khu vực Phường Tân Hoà bật cả ban ngày, rất lãng phí điện",10,9,1,5
PA02399,2026-08-02,Cổng dịch vụ công,DV02,Phường Tân Hoà,Chiếu sáng công cộng,Thường,"Ba cột đèn đường ở Phường Tân Hoà cháy bóng, ban đêm tối om rất mất an toàn",10,9,1,4
PA02400,2026-08-02,Tổng đài 1022,DV03,Phường Đông Giang,Hạ tầng giao thông,Khẩn,"Mặt đường Phường Đông Giang sau khi đào lắp ống nước hoàn trả không phẳng, đi rất xóc",5,2,1,
PA02401,2026-08-02,Ứng dụng di động,DV04,Phường Nam Phong,Hạ tầng giao thông,Thường,"Đoạn đường trước Phường Nam Phong xuống cấp, nhiều ổ gà, xe máy tránh nhau rất nguy hiểm",10,12,0,
PA02402,2026-08-02,Văn bản giấy,DV04,Phường Nam Phong,Chiếu sáng công cộng,Thường,"Ba cột đèn đường ở Phường Nam Phong cháy bóng, ban đêm tối om rất mất an toàn",10,9,1,
PA02403,2026-08-02,Cổng dịch vụ công,DV08,Xã Vĩnh Lộc,Khác,Khẩn,"Loa phát thanh ở Xã Vĩnh Lộc phát quá sớm, ảnh hưởng người già và trẻ nhỏ",5,6,0,2
PA02404,2026-08-02,Tổng đài 1022,DV09,Xã An Cư,Hạ tầng giao thông,Thường,"Đoạn đường trước Xã An Cư xuống cấp, nhiều ổ gà, xe máy tránh nhau rất nguy hiểm",10,4,1,4
PA02405,2026-08-03,Cổng dịch vụ công,DV01,Phường Hoà Thuận,Cấp thoát nước,Khẩn,"Mưa là ngập cả tuyến ở Phường Hoà Thuận, cống thoát nghẹt không rút được",5,6,0,
PA02406,2026-08-03,Văn bản giấy,DV01,Phường Hoà Thuận,Cấp thoát nước,Thường,"Nước máy ở Phường Hoà Thuận mấy hôm nay có mùi lạ, đề nghị kiểm tra chất lượng",10,6,1,5
PA02407,2026-08-03,Cổng dịch vụ công,DV01,Phường Hoà Thuận,Trật tự đô thị,Khẩn,Bãi giữ xe tự phát ở Phường Hoà Thuận chắn lối đi chung của khu dân cư,5,4,1,
PA02408,2026-08-03,Cổng dịch vụ công,DV01,Phường Hoà Thuận,Khác,Khẩn,Đề nghị Phường Hoà Thuận thông tin rõ kế hoạch chỉnh trang khu dân cư năm tới,5,3,1,
PA02409,2026-08-03,Ứng dụng di động,DV02,Phường Tân Hoà,Hạ tầng giao thông,Thường,"Mặt đường Phường Tân Hoà sau khi đào lắp ống nước hoàn trả không phẳng, đi rất xóc",10,8,1,3
PA02410,2026-08-03,Tổng đài 1022,DV02,Phường Tân Hoà,Trật tự đô thị,Khẩn,"Có công trình ở Phường Tân Hoà thi công sau 22 giờ gây ồn, đề nghị kiểm tra giấy phép",5,2,1,
PA02411,2026-08-03,Tổng đài 1022,DV03,Phường Đông Giang,Khác,Thường,"Loa phát thanh ở Phường Đông Giang phát quá sớm, ảnh hưởng người già và trẻ nhỏ",10,8,1,
PA02412,2026-08-03,Tổng đài 1022,DV04,Phường Nam Phong,Hạ tầng giao thông,Thường,Nắp cống trên tuyến đường liên xã qua Phường Nam Phong bị vỡ đã hai tuần chưa ai sửa,10,7,1,4
PA02413,2026-08-03,Tiếp công dân,DV04,Phường Nam Phong,Hạ tầng giao thông,Thường,"Đoạn đường trước Phường Nam Phong xuống cấp, nhiều ổ gà, xe máy tránh nhau rất nguy hiểm",10,13,0,3
PA02414,2026-08-03,Cổng dịch vụ công,DV04,Phường Nam Phong,Vệ sinh môi trường,Thường,"Có hộ đổ trộm xà bần ra bãi đất trống ở Phường Nam Phong, đề nghị kiểm tra",10,11,0,4
PA02415,2026-08-03,Văn bản giấy,DV08,Xã Vĩnh Lộc,Chiếu sáng công cộng,Thường,"Ba cột đèn đường ở Xã Vĩnh Lộc cháy bóng, ban đêm tối om rất mất an toàn",10,11,0,2
PA02416,2026-08-03,Tổng đài 1022,DV10,Xã Thanh Sơn,Vệ sinh môi trường,Thường,"Xe thu gom rác ở Xã Thanh Sơn đổi giờ mà không báo, dân để rác ra đường cả buổi",10,9,1,
PA02417,2026-08-03,Tổng đài 1022,DV11,Xã Mỹ Khánh,Vệ sinh môi trường,Rất khẩn,"Xe thu gom rác ở Xã Mỹ Khánh đổi giờ mà không báo, dân để rác ra đường cả buổi",2,2,1,
PA02418,2026-08-03,Tổng đài 1022,DV12,Xã Hương Trà,Thủ tục hành chính,Thường,Nộp hồ sơ chứng thực tại Xã Hương Trà hẹn 3 ngày nhưng quá 8 ngày chưa có kết quả,10,7,1,
PA02419,2026-08-03,Cổng dịch vụ công,DV12,Xã Hương Trà,Thủ tục hành chính,Thường,Nộp hồ sơ chứng thực tại Xã Hương Trà hẹn 3 ngày nhưng quá 8 ngày chưa có kết quả,10,9,1,
PA02420,2026-08-04,Cổng dịch vụ công,DV01,Phường Hoà Thuận,Hạ tầng giao thông,Thường,"Mặt đường Phường Hoà Thuận sau khi đào lắp ống nước hoàn trả không phẳng, đi rất xóc",10,2,1,4
PA02421,2026-08-04,Văn bản giấy,DV01,Phường Hoà Thuận,Vệ sinh môi trường,Thường,"Rác tồn đọng ở điểm tập kết gần chợ Phường Hoà Thuận ba ngày chưa thu gom, mùi rất nặng",10,13,0,3
PA02422,2026-08-04,Tổng đài 1022,DV02,Phường Tân Hoà,Hạ tầng giao thông,Thường,Nắp cống trên tuyến đường liên xã qua Phường Tân Hoà bị vỡ đã hai tuần chưa ai sửa,10,5,1,
PA02423,2026-08-04,Tổng đài 1022,DV02,Phường Tân Hoà,An sinh xã hội,Khẩn,"Danh sách nhận hỗ trợ ở Phường Tân Hoà niêm yết thiếu tên, đề nghị kiểm tra lại",5,2,1,4
PA02424,2026-08-04,Tổng đài 1022,DV02,Phường Tân Hoà,Hạ tầng giao thông,Thường,Nắp cống trên tuyến đường liên xã qua Phường Tân Hoà bị vỡ đã hai tuần chưa ai sửa,10,7,1,5
PA02425,2026-08-04,Tổng đài 1022,DV02,Phường Tân Hoà,Trật tự đô thị,Khẩn,Hàng quán lấn chiếm vỉa hè trước cổng trường tiểu học ở Phường Tân Hoà giờ tan học,5,3,1,
PA02426,2026-08-04,Ứng dụng di động,DV03,Phường Đông Giang,Chiếu sáng công cộng,Thường,"Ngõ vào cụm dân cư Phường Đông Giang chưa có đèn chiếu sáng, đã kiến nghị hai lần",10,10,1,5
PA02427,2026-08-04,Cổng dịch vụ công,DV08,Xã Vĩnh Lộc,Vệ sinh môi trường,Thường,"Rác tồn đọng ở điểm tập kết gần chợ Xã Vĩnh Lộc ba ngày chưa thu gom, mùi rất nặng",10,8,1,
PA02428,2026-08-04,Ứng dụng di động,DV09,Xã An Cư,Cấp thoát nước,Khẩn,"Nước máy ở Xã An Cư mấy hôm nay có mùi lạ, đề nghị kiểm tra chất lượng",5,6,0,1
PA02429,2026-08-04,Văn bản giấy,DV11,Xã Mỹ Khánh,Hạ tầng giao thông,Khẩn,"Đoạn đường trước Xã Mỹ Khánh xuống cấp, nhiều ổ gà, xe máy tránh nhau rất nguy hiểm",5,5,1,5
PA02430,2026-08-04,Tổng đài 1022,DV12,Xã Hương Trà,An sinh xã hội,Thường,Người cao tuổi ở Xã Hương Trà chưa được hướng dẫn làm thủ tục trợ cấp,10,1,1,
PA02431,2026-08-05,Tổng đài 1022,DV01,Phường Hoà Thuận,Hạ tầng giao thông,Thường,"Cầu nhỏ bắc qua kênh ở Phường Hoà Thuận mục lan can, trẻ em đi học qua rất lo",10,2,1,4
PA02432,2026-08-05,Tiếp công dân,DV01,Phường Hoà Thuận,Hạ tầng giao thông,Khẩn,"Đoạn đường trước Phường Hoà Thuận xuống cấp, nhiều ổ gà, xe máy tránh nhau rất nguy hiểm",5,3,1,5
PA02433,2026-08-05,Ứng dụng di động,DV01,Phường Hoà Thuận,An sinh xã hội,Thường,Người cao tuổi ở Phường Hoà Thuận chưa được hướng dẫn làm thủ tục trợ cấp,10,10,1,
PA02434,2026-08-05,Cổng dịch vụ công,DV01,Phường Hoà Thuận,Trật tự đô thị,Thường,Xe tải trọng lớn chạy vào đường nội bộ Phường Hoà Thuận ngoài giờ quy định,10,11,0,
PA02435,2026-08-05,Tổng đài 1022,DV01,Phường Hoà Thuận,Vệ sinh môi trường,Thường,"Có hộ đổ trộm xà bần ra bãi đất trống ở Phường Hoà Thuận, đề nghị kiểm tra",10,6,1,
PA02436,2026-08-05,Tổng đài 1022,DV02,Phường Tân Hoà,Chiếu sáng công cộng,Thường,"Đèn chiếu sáng khu vực Phường Tân Hoà bật cả ban ngày, rất lãng phí điện",10,5,1,4
PA02437,2026-08-05,Tổng đài 1022,DV04,Phường Nam Phong,Vệ sinh môi trường,Khẩn,"Có hộ đổ trộm xà bần ra bãi đất trống ở Phường Nam Phong, đề nghị kiểm tra",5,3,1,5
PA02438,2026-08-05,Tổng đài 1022,DV04,Phường Nam Phong,Hạ tầng giao thông,Thường,Nắp cống trên tuyến đường liên xã qua Phường Nam Phong bị vỡ đã hai tuần chưa ai sửa,10,11,0,
PA02439,2026-08-05,Cổng dịch vụ công,DV06,Xã Long Thành,Khác,Rất khẩn,"Loa phát thanh ở Xã Long Thành phát quá sớm, ảnh hưởng người già và trẻ nhỏ",2,1,1,
PA02440,2026-08-05,Tổng đài 1022,DV06,Xã Long Thành,Vệ sinh môi trường,Thường,"Rác tồn đọng ở điểm tập kết gần chợ Xã Long Thành ba ngày chưa thu gom, mùi rất nặng",10,10,1,2
PA02441,2026-08-05,Tổng đài 1022,DV06,Xã Long Thành,Hạ tầng giao thông,Thường,"Cầu nhỏ bắc qua kênh ở Xã Long Thành mục lan can, trẻ em đi học qua rất lo",10,25,0,3
PA02442,2026-08-05,Tổng đài 1022,DV10,Xã Thanh Sơn,Khác,Thường,Đề nghị Xã Thanh Sơn thông tin rõ kế hoạch chỉnh trang khu dân cư năm tới,10,9,1,3
PA02443,2026-08-06,Ứng dụng di động,DV02,Phường Tân Hoà,Hạ tầng giao thông,Khẩn,Nắp cống trên tuyến đường liên xã qua Phường Tân Hoà bị vỡ đã hai tuần chưa ai sửa,5,7,0,
PA02444,2026-08-06,Cổng dịch vụ công,DV02,Phường Tân Hoà,Khác,Thường,Góp ý Phường Tân Hoà mở thêm khung giờ tiếp dân vào buổi chiều thứ bảy,10,10,1,
PA02445,2026-08-06,Cổng dịch vụ công,DV02,Phường Tân Hoà,Hạ tầng giao thông,Khẩn,"Đoạn đường trước Phường Tân Hoà xuống cấp, nhiều ổ gà, xe máy tránh nhau rất nguy hiểm",5,4,1,5
PA02446,2026-08-06,Văn bản giấy,DV02,Phường Tân Hoà,Vệ sinh môi trường,Thường,"Có hộ đổ trộm xà bần ra bãi đất trống ở Phường Tân Hoà, đề nghị kiểm tra",10,10,1,
PA02447,2026-08-06,Tổng đài 1022,DV06,Xã Long Thành,Khác,Thường,"Loa phát thanh ở Xã Long Thành phát quá sớm, ảnh hưởng người già và trẻ nhỏ",10,6,1,
PA02448,2026-08-06,Ứng dụng di động,DV07,Xã Phú Điền,Trật tự đô thị,Thường,Hàng quán lấn chiếm vỉa hè trước cổng trường tiểu học ở Xã Phú Điền giờ tan học,10,14,0,3
PA02449,2026-08-06,Văn bản giấy,DV11,Xã Mỹ Khánh,Hạ tầng giao thông,Thường,Nắp cống trên tuyến đường liên xã qua Xã Mỹ Khánh bị vỡ đã hai tuần chưa ai sửa,10,8,1,4
PA02450,2026-08-06,Tiếp công dân,DV11,Xã Mỹ Khánh,Thủ tục hành chính,Thường,"Cổng dịch vụ công báo lỗi khi tải giấy tờ lên, gọi Xã Mỹ Khánh không ai nghe máy",10,11,0,
PA02451,2026-08-06,Ứng dụng di động,DV12,Xã Hương Trà,Vệ sinh môi trường,Thường,"Rác tồn đọng ở điểm tập kết gần chợ Xã Hương Trà ba ngày chưa thu gom, mùi rất nặng",10,4,1,5
PA02452,2026-08-07,Cổng dịch vụ công,DV01,Phường Hoà Thuận,Cấp thoát nước,Thường,"Mưa là ngập cả tuyến ở Phường Hoà Thuận, cống thoát nghẹt không rút được",10,4,1,
PA02453,2026-08-07,Ứng dụng di động,DV01,Phường Hoà Thuận,Cấp thoát nước,Thường,"Mưa là ngập cả tuyến ở Phường Hoà Thuận, cống thoát nghẹt không rút được",10,3,1,
PA02454,2026-08-07,Cổng dịch vụ công,DV01,Phường Hoà Thuận,Cấp thoát nước,Khẩn,"Ống nước trước nhà văn hoá Phường Hoà Thuận rò rỉ, nước chảy ra đường suốt ngày",5,2,1,4
PA02455,2026-08-07,Cổng dịch vụ công,DV03,Phường Đông Giang,Hạ tầng giao thông,Thường,"Mặt đường Phường Đông Giang sau khi đào lắp ống nước hoàn trả không phẳng, đi rất xóc",10,1,1,4
PA02456,2026-08-07,Cổng dịch vụ công,DV04,Phường Nam Phong,Trật tự đô thị,Thường,Xe tải trọng lớn chạy vào đường nội bộ Phường Nam Phong ngoài giờ quy định,10,7,1,
PA02457,2026-08-07,Tổng đài 1022,DV07,Xã Phú Điền,Trật tự đô thị,Khẩn,Xe tải trọng lớn chạy vào đường nội bộ Xã Phú Điền ngoài giờ quy định,5,4,1,
PA02458,2026-08-07,Cổng dịch vụ công,DV11,Xã Mỹ Khánh,Hạ tầng giao thông,Thường,"Cầu nhỏ bắc qua kênh ở Xã Mỹ Khánh mục lan can, trẻ em đi học qua rất lo",10,7,1,4
PA02459,2026-08-08,Ứng dụng di động,DV02,Phường Tân Hoà,Hạ tầng giao thông,Thường,"Mặt đường Phường Tân Hoà sau khi đào lắp ống nước hoàn trả không phẳng, đi rất xóc",10,10,1,4
PA02460,2026-08-08,Tổng đài 1022,DV02,Phường Tân Hoà,Cấp thoát nước,Thường,"Khu dân cư Phường Tân Hoà mất nước từ sáng đến chiều, không thấy thông báo trước",10,7,1,
PA02461,2026-08-08,Ứng dụng di động,DV04,Phường Nam Phong,Hạ tầng giao thông,Thường,"Đoạn đường trước Phường Nam Phong xuống cấp, nhiều ổ gà, xe máy tránh nhau rất nguy hiểm",10,3,1,4
PA02462,2026-08-08,Tổng đài 1022,DV07,Xã Phú Điền,Khác,Thường,"Loa phát thanh ở Xã Phú Điền phát quá sớm, ảnh hưởng người già và trẻ nhỏ",10,13,0,
PA02463,2026-08-08,Tổng đài 1022,DV09,Xã An Cư,Vệ sinh môi trường,Thường,"Rác tồn đọng ở điểm tập kết gần chợ Xã An Cư ba ngày chưa thu gom, mùi rất nặng",10,5,1,4
PA02464,2026-08-08,Ứng dụng di động,DV11,Xã Mỹ Khánh,Chiếu sáng công cộng,Thường,"Ba cột đèn đường ở Xã Mỹ Khánh cháy bóng, ban đêm tối om rất mất an toàn",10,11,0,2
PA02465,2026-08-09,Ứng dụng di động,DV02,Phường Tân Hoà,Trật tự đô thị,Thường,Xe tải trọng lớn chạy vào đường nội bộ Phường Tân Hoà ngoài giờ quy định,10,2,1,
PA02466,2026-08-09,Văn bản giấy,DV02,Phường Tân Hoà,Hạ tầng giao thông,Thường,Nắp cống trên tuyến đường liên xã qua Phường Tân Hoà bị vỡ đã hai tuần chưa ai sửa,10,8,1,
PA02467,2026-08-09,Tổng đài 1022,DV02,Phường Tân Hoà,Vệ sinh môi trường,Thường,"Rác tồn đọng ở điểm tập kết gần chợ Phường Tân Hoà ba ngày chưa thu gom, mùi rất nặng",10,3,1,4
PA02468,2026-08-09,Tổng đài 1022,DV03,Phường Đông Giang,Cấp thoát nước,Khẩn,"Nước máy ở Phường Đông Giang mấy hôm nay có mùi lạ, đề nghị kiểm tra chất lượng",5,3,1,
PA02469,2026-08-09,Cổng dịch vụ công,DV03,Phường Đông Giang,Thủ tục hành chính,Khẩn,Nộp hồ sơ chứng thực tại Phường Đông Giang hẹn 3 ngày nhưng quá 8 ngày chưa có kết quả,5,4,1,
PA02470,2026-08-09,Cổng dịch vụ công,DV04,Phường Nam Phong,Chiếu sáng công cộng,Thường,"Đèn chiếu sáng khu vực Phường Nam Phong bật cả ban ngày, rất lãng phí điện",10,2,1,
PA02471,2026-08-09,Cổng dịch vụ công,DV05,Xã Bình An,Thủ tục hành chính,Thường,Nộp hồ sơ chứng thực tại Xã Bình An hẹn 3 ngày nhưng quá 8 ngày chưa có kết quả,10,4,1,
PA02472,2026-08-09,Tổng đài 1022,DV05,Xã Bình An,Chiếu sáng công cộng,Thường,"Đèn chiếu sáng khu vực Xã Bình An bật cả ban ngày, rất lãng phí điện",10,7,1,4
PA02473,2026-08-09,Văn bản giấy,DV06,Xã Long Thành,Thủ tục hành chính,Thường,"Cổng dịch vụ công báo lỗi khi tải giấy tờ lên, gọi Xã Long Thành không ai nghe máy",10,11,0,3
PA02474,2026-08-09,Tổng đài 1022,DV07,Xã Phú Điền,Hạ tầng giao thông,Thường,"Mặt đường Xã Phú Điền sau khi đào lắp ống nước hoàn trả không phẳng, đi rất xóc",10,12,0,3
PA02475,2026-08-09,Cổng dịch vụ công,DV07,Xã Phú Điền,Vệ sinh môi trường,Thường,"Kênh chạy qua Xã Phú Điền nổi váng đen, nghi có cơ sở xả thải ban đêm",10,7,1,4
PA02476,2026-08-09,Tiếp công dân,DV08,Xã Vĩnh Lộc,Cấp thoát nước,Thường,"Khu dân cư Xã Vĩnh Lộc mất nước từ sáng đến chiều, không thấy thông báo trước",10,8,1,
PA02477,2026-08-09,Cổng dịch vụ công,DV10,Xã Thanh Sơn,Thủ tục hành chính,Thường,"Cổng dịch vụ công báo lỗi khi tải giấy tờ lên, gọi Xã Thanh Sơn không ai nghe máy",10,19,0,
PA02478,2026-08-09,Văn bản giấy,DV11,Xã Mỹ Khánh,Chiếu sáng công cộng,Thường,"Ba cột đèn đường ở Xã Mỹ Khánh cháy bóng, ban đêm tối om rất mất an toàn",10,11,0,
PA02479,2026-08-09,Tổng đài 1022,DV11,Xã Mỹ Khánh,Cấp thoát nước,Thường,"Mưa là ngập cả tuyến ở Xã Mỹ Khánh, cống thoát nghẹt không rút được",10,34,0,
PA02480,2026-08-09,Tiếp công dân,DV12,Xã Hương Trà,Hạ tầng giao thông,Rất khẩn,"Mặt đường Xã Hương Trà sau khi đào lắp ống nước hoàn trả không phẳng, đi rất xóc",2,7,0,2
PA02481,2026-08-09,Tổng đài 1022,DV12,Xã Hương Trà,Cấp thoát nước,Thường,"Khu dân cư Xã Hương Trà mất nước từ sáng đến chiều, không thấy thông báo trước",10,10,1,
PA02482,2026-08-10,Tổng đài 1022,DV01,Phường Hoà Thuận,Trật tự đô thị,Thường,Bãi giữ xe tự phát ở Phường Hoà Thuận chắn lối đi chung của khu dân cư,10,1,1,5
PA02483,2026-08-10,Cổng dịch vụ công,DV04,Phường Nam Phong,Chiếu sáng công cộng,Thường,"Ba cột đèn đường ở Phường Nam Phong cháy bóng, ban đêm tối om rất mất an toàn",10,5,1,4
PA02484,2026-08-10,Tổng đài 1022,DV04,Phường Nam Phong,Hạ tầng giao thông,Thường,"Mặt đường Phường Nam Phong sau khi đào lắp ống nước hoàn trả không phẳng, đi rất xóc",10,7,1,
PA02485,2026-08-10,Tổng đài 1022,DV04,Phường Nam Phong,Thủ tục hành chính,Khẩn,Cán bộ một cửa Phường Nam Phong yêu cầu giấy tờ ngoài danh mục niêm yết,5,5,1,4
PA02486,2026-08-10,Văn bản giấy,DV04,Phường Nam Phong,Hạ tầng giao thông,Thường,"Cầu nhỏ bắc qua kênh ở Phường Nam Phong mục lan can, trẻ em đi học qua rất lo",10,13,0,
PA02487,2026-08-10,Cổng dịch vụ công,DV04,Phường Nam Phong,Khác,Khẩn,Đề nghị Phường Nam Phong thông tin rõ kế hoạch chỉnh trang khu dân cư năm tới,5,5,1,3
PA02488,2026-08-10,Cổng dịch vụ công,DV05,Xã Bình An,Hạ tầng giao thông,Thường,"Cầu nhỏ bắc qua kênh ở Xã Bình An mục lan can, trẻ em đi học qua rất lo",10,7,1,
PA02489,2026-08-10,Tổng đài 1022,DV05,Xã Bình An,Trật tự đô thị,Thường,"Có công trình ở Xã Bình An thi công sau 22 giờ gây ồn, đề nghị kiểm tra giấy phép",10,11,0,3
PA02490,2026-08-10,Văn bản giấy,DV08,Xã Vĩnh Lộc,Trật tự đô thị,Thường,Bãi giữ xe tự phát ở Xã Vĩnh Lộc chắn lối đi chung của khu dân cư,10,7,1,
PA02491,2026-08-11,Tổng đài 1022,DV01,Phường Hoà Thuận,Thủ tục hành chính,Thường,Nộp hồ sơ chứng thực tại Phường Hoà Thuận hẹn 3 ngày nhưng quá 8 ngày chưa có kết quả,10,7,1,4
PA02492,2026-08-11,Tổng đài 1022,DV01,Phường Hoà Thuận,Thủ tục hành chính,Thường,Cán bộ một cửa Phường Hoà Thuận yêu cầu giấy tờ ngoài danh mục niêm yết,10,4,1,2
PA02493,2026-08-11,Tiếp công dân,DV01,Phường Hoà Thuận,Trật tự đô thị,Thường,Bãi giữ xe tự phát ở Phường Hoà Thuận chắn lối đi chung của khu dân cư,10,4,1,
PA02494,2026-08-11,Tổng đài 1022,DV01,Phường Hoà Thuận,Thủ tục hành chính,Thường,Đã nộp trực tuyến nhưng Phường Hoà Thuận vẫn yêu cầu nộp thêm bản giấy,10,11,0,
PA02495,2026-08-11,Văn bản giấy,DV02,Phường Tân Hoà,Khác,Thường,"Loa phát thanh ở Phường Tân Hoà phát quá sớm, ảnh hưởng người già và trẻ nhỏ",10,9,1,4
PA02496,2026-08-11,Tổng đài 1022,DV03,Phường Đông Giang,Thủ tục hành chính,Thường,Cán bộ một cửa Phường Đông Giang yêu cầu giấy tờ ngoài danh mục niêm yết,10,7,1,5
PA02497,2026-08-11,Cổng dịch vụ công,DV05,Xã Bình An,An sinh xã hội,Khẩn,"Danh sách nhận hỗ trợ ở Xã Bình An niêm yết thiếu tên, đề nghị kiểm tra lại",5,3,1,
PA02498,2026-08-11,Cổng dịch vụ công,DV05,Xã Bình An,Vệ sinh môi trường,Thường,"Có hộ đổ trộm xà bần ra bãi đất trống ở Xã Bình An, đề nghị kiểm tra",10,2,1,2
PA02499,2026-08-11,Cổng dịch vụ công,DV06,Xã Long Thành,Thủ tục hành chính,Thường,"Cổng dịch vụ công báo lỗi khi tải giấy tờ lên, gọi Xã Long Thành không ai nghe máy",10,7,1,
PA02500,2026-08-11,Ứng dụng di động,DV06,Xã Long Thành,Hạ tầng giao thông,Thường,"Cầu nhỏ bắc qua kênh ở Xã Long Thành mục lan can, trẻ em đi học qua rất lo",10,17,0,4
PA02501,2026-08-11,Ứng dụng di động,DV08,Xã Vĩnh Lộc,An sinh xã hội,Thường,"Danh sách nhận hỗ trợ ở Xã Vĩnh Lộc niêm yết thiếu tên, đề nghị kiểm tra lại",10,9,1,
PA02502,2026-08-12,Cổng dịch vụ công,DV01,Phường Hoà Thuận,Vệ sinh môi trường,Thường,"Có hộ đổ trộm xà bần ra bãi đất trống ở Phường Hoà Thuận, đề nghị kiểm tra",10,5,1,
PA02503,2026-08-12,Cổng dịch vụ công,DV01,Phường Hoà Thuận,Cấp thoát nước,Thường,"Khu dân cư Phường Hoà Thuận mất nước từ sáng đến chiều, không thấy thông báo trước",10,7,1,5
PA02504,2026-08-12,Tiếp công dân,DV01,Phường Hoà Thuận,Hạ tầng giao thông,Thường,Nắp cống trên tuyến đường liên xã qua Phường Hoà Thuận bị vỡ đã hai tuần chưa ai sửa,10,6,1,5
PA02505,2026-08-12,Ứng dụng di động,DV02,Phường Tân Hoà,Hạ tầng giao thông,Khẩn,Nắp cống trên tuyến đường liên xã qua Phường Tân Hoà bị vỡ đã hai tuần chưa ai sửa,5,2,1,5
PA02506,2026-08-12,Ứng dụng di động,DV03,Phường Đông Giang,Thủ tục hành chính,Thường,"Cổng dịch vụ công báo lỗi khi tải giấy tờ lên, gọi Phường Đông Giang không ai nghe máy",10,7,1,5
PA02507,2026-08-12,Cổng dịch vụ công,DV04,Phường Nam Phong,Hạ tầng giao thông,Thường,"Mặt đường Phường Nam Phong sau khi đào lắp ống nước hoàn trả không phẳng, đi rất xóc",10,5,1,3
PA02508,2026-08-12,Ứng dụng di động,DV04,Phường Nam Phong,Khác,Thường,"Loa phát thanh ở Phường Nam Phong phát quá sớm, ảnh hưởng người già và trẻ nhỏ",10,8,1,5
PA02509,2026-08-12,Cổng dịch vụ công,DV06,Xã Long Thành,Chiếu sáng công cộng,Thường,"Ngõ vào cụm dân cư Xã Long Thành chưa có đèn chiếu sáng, đã kiến nghị hai lần",10,4,1,4
PA02510,2026-08-12,Cổng dịch vụ công,DV09,Xã An Cư,Vệ sinh môi trường,Thường,"Kênh chạy qua Xã An Cư nổi váng đen, nghi có cơ sở xả thải ban đêm",10,12,0,
PA02511,2026-08-12,Cổng dịch vụ công,DV11,Xã Mỹ Khánh,Cấp thoát nước,Khẩn,"Khu dân cư Xã Mỹ Khánh mất nước từ sáng đến chiều, không thấy thông báo trước",5,6,0,
PA02512,2026-08-12,Ứng dụng di động,DV11,Xã Mỹ Khánh,Hạ tầng giao thông,Thường,"Đoạn đường trước Xã Mỹ Khánh xuống cấp, nhiều ổ gà, xe máy tránh nhau rất nguy hiểm",10,9,1,
PA02513,2026-08-12,Tổng đài 1022,DV12,Xã Hương Trà,Cấp thoát nước,Thường,"Ống nước trước nhà văn hoá Xã Hương Trà rò rỉ, nước chảy ra đường suốt ngày",10,8,1,
PA02514,2026-08-13,Ứng dụng di động,DV01,Phường Hoà Thuận,Trật tự đô thị,Thường,Hàng quán lấn chiếm vỉa hè trước cổng trường tiểu học ở Phường Hoà Thuận giờ tan học,10,7,1,
PA02515,2026-08-13,Tổng đài 1022,DV01,Phường Hoà Thuận,Thủ tục hành chính,Khẩn,"Cổng dịch vụ công báo lỗi khi tải giấy tờ lên, gọi Phường Hoà Thuận không ai nghe máy",5,5,1,
PA02516,2026-08-13,Ứng dụng di động,DV01,Phường Hoà Thuận,Cấp thoát nước,Thường,"Nước máy ở Phường Hoà Thuận mấy hôm nay có mùi lạ, đề nghị kiểm tra chất lượng",10,4,1,
PA02517,2026-08-13,Ứng dụng di động,DV02,Phường Tân Hoà,Cấp thoát nước,Khẩn,"Nước máy ở Phường Tân Hoà mấy hôm nay có mùi lạ, đề nghị kiểm tra chất lượng",5,6,0,2
PA02518,2026-08-13,Cổng dịch vụ công,DV04,Phường Nam Phong,Cấp thoát nước,Thường,"Ống nước trước nhà văn hoá Phường Nam Phong rò rỉ, nước chảy ra đường suốt ngày",10,7,1,4
PA02519,2026-08-13,Văn bản giấy,DV04,Phường Nam Phong,Cấp thoát nước,Thường,"Ống nước trước nhà văn hoá Phường Nam Phong rò rỉ, nước chảy ra đường suốt ngày",10,3,1,
PA02520,2026-08-13,Ứng dụng di động,DV04,Phường Nam Phong,Chiếu sáng công cộng,Thường,"Đèn chiếu sáng khu vực Phường Nam Phong bật cả ban ngày, rất lãng phí điện",10,5,1,
PA02521,2026-08-13,Văn bản giấy,DV06,Xã Long Thành,Hạ tầng giao thông,Khẩn,"Mặt đường Xã Long Thành sau khi đào lắp ống nước hoàn trả không phẳng, đi rất xóc",5,2,1,4
PA02522,2026-08-13,Ứng dụng di động,DV07,Xã Phú Điền,Trật tự đô thị,Thường,"Có công trình ở Xã Phú Điền thi công sau 22 giờ gây ồn, đề nghị kiểm tra giấy phép",10,5,1,
PA02523,2026-08-13,Văn bản giấy,DV07,Xã Phú Điền,Hạ tầng giao thông,Thường,"Cầu nhỏ bắc qua kênh ở Xã Phú Điền mục lan can, trẻ em đi học qua rất lo",10,6,1,3
PA02524,2026-08-14,Ứng dụng di động,DV01,Phường Hoà Thuận,Hạ tầng giao thông,Thường,"Cầu nhỏ bắc qua kênh ở Phường Hoà Thuận mục lan can, trẻ em đi học qua rất lo",10,7,1,
PA02525,2026-08-14,Văn bản giấy,DV01,Phường Hoà Thuận,Hạ tầng giao thông,Thường,"Mặt đường Phường Hoà Thuận sau khi đào lắp ống nước hoàn trả không phẳng, đi rất xóc",10,10,1,4
PA02526,2026-08-14,Tổng đài 1022,DV02,Phường Tân Hoà,Vệ sinh môi trường,Thường,"Kênh chạy qua Phường Tân Hoà nổi váng đen, nghi có cơ sở xả thải ban đêm",10,4,1,4
PA02527,2026-08-14,Tiếp công dân,DV02,Phường Tân Hoà,Hạ tầng giao thông,Khẩn,Nắp cống trên tuyến đường liên xã qua Phường Tân Hoà bị vỡ đã hai tuần chưa ai sửa,5,6,0,3
PA02528,2026-08-14,Tiếp công dân,DV02,Phường Tân Hoà,Vệ sinh môi trường,Rất khẩn,"Rác tồn đọng ở điểm tập kết gần chợ Phường Tân Hoà ba ngày chưa thu gom, mùi rất nặng",2,2,1,
PA02529,2026-08-14,Tiếp công dân,DV02,Phường Tân Hoà,Chiếu sáng công cộng,Thường,"Ngõ vào cụm dân cư Phường Tân Hoà chưa có đèn chiếu sáng, đã kiến nghị hai lần",10,1,1,
PA02530,2026-08-14,Tổng đài 1022,DV02,Phường Tân Hoà,Hạ tầng giao thông,Khẩn,Nắp cống trên tuyến đường liên xã qua Phường Tân Hoà bị vỡ đã hai tuần chưa ai sửa,5,3,1,5
PA02531,2026-08-14,Tiếp công dân,DV03,Phường Đông Giang,Cấp thoát nước,Khẩn,"Mưa là ngập cả tuyến ở Phường Đông Giang, cống thoát nghẹt không rút được",5,8,0,
PA02532,2026-08-14,Văn bản giấy,DV04,Phường Nam Phong,Vệ sinh môi trường,Thường,"Xe thu gom rác ở Phường Nam Phong đổi giờ mà không báo, dân để rác ra đường cả buổi",10,1,1,3
PA02533,2026-08-14,Tổng đài 1022,DV04,Phường Nam Phong,Chiếu sáng công cộng,Khẩn,"Ba cột đèn đường ở Phường Nam Phong cháy bóng, ban đêm tối om rất mất an toàn",5,1,1,
PA02534,2026-08-14,Cổng dịch vụ công,DV04,Phường Nam Phong,Trật tự đô thị,Thường,"Có công trình ở Phường Nam Phong thi công sau 22 giờ gây ồn, đề nghị kiểm tra giấy phép",10,4,1,
PA02535,2026-08-14,Tổng đài 1022,DV05,Xã Bình An,Thủ tục hành chính,Thường,Nộp hồ sơ chứng thực tại Xã Bình An hẹn 3 ngày nhưng quá 8 ngày chưa có kết quả,10,8,1,
PA02536,2026-08-14,Văn bản giấy,DV05,Xã Bình An,Cấp thoát nước,Thường,"Khu dân cư Xã Bình An mất nước từ sáng đến chiều, không thấy thông báo trước",10,29,0,
PA02537,2026-08-14,Ứng dụng di động,DV07,Xã Phú Điền,Cấp thoát nước,Thường,"Mưa là ngập cả tuyến ở Xã Phú Điền, cống thoát nghẹt không rút được",10,7,1,
PA02538,2026-08-14,Tiếp công dân,DV11,Xã Mỹ Khánh,Vệ sinh môi trường,Thường,"Rác tồn đọng ở điểm tập kết gần chợ Xã Mỹ Khánh ba ngày chưa thu gom, mùi rất nặng",10,11,0,3
PA02539,2026-08-14,Tổng đài 1022,DV12,Xã Hương Trà,An sinh xã hội,Thường,"Hộ cận nghèo ở Xã Hương Trà chưa nhận được hỗ trợ đợt này, đề nghị rà soát",10,9,1,5
PA02540,2026-08-15,Cổng dịch vụ công,DV01,Phường Hoà Thuận,Thủ tục hành chính,Thường,Nộp hồ sơ chứng thực tại Phường Hoà Thuận hẹn 3 ngày nhưng quá 8 ngày chưa có kết quả,10,4,1,2
PA02541,2026-08-15,Văn bản giấy,DV01,Phường Hoà Thuận,Khác,Thường,Góp ý Phường Hoà Thuận mở thêm khung giờ tiếp dân vào buổi chiều thứ bảy,10,5,1,
PA02542,2026-08-15,Cổng dịch vụ công,DV01,Phường Hoà Thuận,Thủ tục hành chính,Thường,Nộp hồ sơ chứng thực tại Phường Hoà Thuận hẹn 3 ngày nhưng quá 8 ngày chưa có kết quả,10,4,1,
PA02543,2026-08-15,Tổng đài 1022,DV01,Phường Hoà Thuận,Vệ sinh môi trường,Thường,"Kênh chạy qua Phường Hoà Thuận nổi váng đen, nghi có cơ sở xả thải ban đêm",10,11,0,2
PA02544,2026-08-15,Tổng đài 1022,DV02,Phường Tân Hoà,Trật tự đô thị,Khẩn,Hàng quán lấn chiếm vỉa hè trước cổng trường tiểu học ở Phường Tân Hoà giờ tan học,5,6,0,3
PA02545,2026-08-15,Tổng đài 1022,DV02,Phường Tân Hoà,Thủ tục hành chính,Thường,Cán bộ một cửa Phường Tân Hoà yêu cầu giấy tờ ngoài danh mục niêm yết,10,7,1,4
PA02546,2026-08-15,Cổng dịch vụ công,DV02,Phường Tân Hoà,Vệ sinh môi trường,Thường,"Kênh chạy qua Phường Tân Hoà nổi váng đen, nghi có cơ sở xả thải ban đêm",10,7,1,5
PA02547,2026-08-15,Tổng đài 1022,DV02,Phường Tân Hoà,Vệ sinh môi trường,Thường,"Có hộ đổ trộm xà bần ra bãi đất trống ở Phường Tân Hoà, đề nghị kiểm tra",10,9,1,4
PA02548,2026-08-15,Cổng dịch vụ công,DV05,Xã Bình An,Hạ tầng giao thông,Thường,"Mặt đường Xã Bình An sau khi đào lắp ống nước hoàn trả không phẳng, đi rất xóc",10,6,1,4
PA02549,2026-08-15,Cổng dịch vụ công,DV06,Xã Long Thành,Hạ tầng giao thông,Thường,"Đoạn đường trước Xã Long Thành xuống cấp, nhiều ổ gà, xe máy tránh nhau rất nguy hiểm",10,3,1,2
PA02550,2026-08-15,Ứng dụng di động,DV06,Xã Long Thành,Trật tự đô thị,Thường,"Có công trình ở Xã Long Thành thi công sau 22 giờ gây ồn, đề nghị kiểm tra giấy phép",10,6,1,
PA02551,2026-08-15,Văn bản giấy,DV06,Xã Long Thành,Vệ sinh môi trường,Thường,"Xe thu gom rác ở Xã Long Thành đổi giờ mà không báo, dân để rác ra đường cả buổi",10,11,0,
PA02552,2026-08-15,Ứng dụng di động,DV07,Xã Phú Điền,Chiếu sáng công cộng,Thường,"Đèn chiếu sáng khu vực Xã Phú Điền bật cả ban ngày, rất lãng phí điện",10,1,1,5
PA02553,2026-08-15,Ứng dụng di động,DV07,Xã Phú Điền,Thủ tục hành chính,Khẩn,Đã nộp trực tuyến nhưng Xã Phú Điền vẫn yêu cầu nộp thêm bản giấy,5,1,1,3
PA02554,2026-08-15,Ứng dụng di động,DV07,Xã Phú Điền,Chiếu sáng công cộng,Khẩn,"Ngõ vào cụm dân cư Xã Phú Điền chưa có đèn chiếu sáng, đã kiến nghị hai lần",5,3,1,
PA02555,2026-08-15,Cổng dịch vụ công,DV10,Xã Thanh Sơn,Hạ tầng giao thông,Thường,"Cầu nhỏ bắc qua kênh ở Xã Thanh Sơn mục lan can, trẻ em đi học qua rất lo",10,8,1,5
PA02556,2026-08-15,Tổng đài 1022,DV12,Xã Hương Trà,Hạ tầng giao thông,Thường,Nắp cống trên tuyến đường liên xã qua Xã Hương Trà bị vỡ đã hai tuần chưa ai sửa,10,5,1,
PA02557,2026-08-16,Cổng dịch vụ công,DV01,Phường Hoà Thuận,Khác,Thường,"Loa phát thanh ở Phường Hoà Thuận phát quá sớm, ảnh hưởng người già và trẻ nhỏ",10,9,1,
PA02558,2026-08-16,Tổng đài 1022,DV03,Phường Đông Giang,Vệ sinh môi trường,Thường,"Có hộ đổ trộm xà bần ra bãi đất trống ở Phường Đông Giang, đề nghị kiểm tra",10,8,1,5
PA02559,2026-08-16,Tổng đài 1022,DV04,Phường Nam Phong,Khác,Thường,"Loa phát thanh ở Phường Nam Phong phát quá sớm, ảnh hưởng người già và trẻ nhỏ",10,6,1,
PA02560,2026-08-16,Cổng dịch vụ công,DV05,Xã Bình An,Vệ sinh môi trường,Khẩn,"Xe thu gom rác ở Xã Bình An đổi giờ mà không báo, dân để rác ra đường cả buổi",5,8,0,3
PA02561,2026-08-16,Tổng đài 1022,DV07,Xã Phú Điền,Thủ tục hành chính,Thường,Nộp hồ sơ chứng thực tại Xã Phú Điền hẹn 3 ngày nhưng quá 8 ngày chưa có kết quả,10,10,1,
PA02562,2026-08-16,Văn bản giấy,DV07,Xã Phú Điền,Trật tự đô thị,Thường,Hàng quán lấn chiếm vỉa hè trước cổng trường tiểu học ở Xã Phú Điền giờ tan học,10,5,1,
PA02563,2026-08-16,Văn bản giấy,DV08,Xã Vĩnh Lộc,Vệ sinh môi trường,Thường,"Rác tồn đọng ở điểm tập kết gần chợ Xã Vĩnh Lộc ba ngày chưa thu gom, mùi rất nặng",10,9,1,
PA02564,2026-08-16,Tổng đài 1022,DV09,Xã An Cư,Khác,Thường,Góp ý Xã An Cư mở thêm khung giờ tiếp dân vào buổi chiều thứ bảy,10,9,1,
PA02565,2026-08-17,Ứng dụng di động,DV02,Phường Tân Hoà,Trật tự đô thị,Thường,Bãi giữ xe tự phát ở Phường Tân Hoà chắn lối đi chung của khu dân cư,10,4,1,4
PA02566,2026-08-17,Tiếp công dân,DV02,Phường Tân Hoà,Thủ tục hành chính,Rất khẩn,Cán bộ một cửa Phường Tân Hoà yêu cầu giấy tờ ngoài danh mục niêm yết,2,2,1,
PA02567,2026-08-17,Ứng dụng di động,DV04,Phường Nam Phong,Vệ sinh môi trường,Thường,"Có hộ đổ trộm xà bần ra bãi đất trống ở Phường Nam Phong, đề nghị kiểm tra",10,2,1,5
PA02568,2026-08-17,Văn bản giấy,DV11,Xã Mỹ Khánh,Cấp thoát nước,Thường,"Khu dân cư Xã Mỹ Khánh mất nước từ sáng đến chiều, không thấy thông báo trước",10,14,0,
PA02569,2026-08-17,Văn bản giấy,DV11,Xã Mỹ Khánh,Chiếu sáng công cộng,Thường,"Ba cột đèn đường ở Xã Mỹ Khánh cháy bóng, ban đêm tối om rất mất an toàn",10,9,1,
PA02570,2026-08-17,Tổng đài 1022,DV12,Xã Hương Trà,Trật tự đô thị,Khẩn,"Có công trình ở Xã Hương Trà thi công sau 22 giờ gây ồn, đề nghị kiểm tra giấy phép",5,5,1,
PA02571,2026-08-18,Ứng dụng di động,DV01,Phường Hoà Thuận,Vệ sinh môi trường,Khẩn,"Kênh chạy qua Phường Hoà Thuận nổi váng đen, nghi có cơ sở xả thải ban đêm",5,5,1,
PA02572,2026-08-18,Cổng dịch vụ công,DV01,Phường Hoà Thuận,Trật tự đô thị,Thường,"Có công trình ở Phường Hoà Thuận thi công sau 22 giờ gây ồn, đề nghị kiểm tra giấy phép",10,6,1,
PA02573,2026-08-18,Ứng dụng di động,DV01,Phường Hoà Thuận,An sinh xã hội,Thường,"Danh sách nhận hỗ trợ ở Phường Hoà Thuận niêm yết thiếu tên, đề nghị kiểm tra lại",10,3,1,
PA02574,2026-08-18,Tổng đài 1022,DV02,Phường Tân Hoà,Trật tự đô thị,Thường,Xe tải trọng lớn chạy vào đường nội bộ Phường Tân Hoà ngoài giờ quy định,10,9,1,4
PA02575,2026-08-18,Cổng dịch vụ công,DV03,Phường Đông Giang,Chiếu sáng công cộng,Thường,"Đèn chiếu sáng khu vực Phường Đông Giang bật cả ban ngày, rất lãng phí điện",10,7,1,
PA02576,2026-08-18,Ứng dụng di động,DV05,Xã Bình An,Hạ tầng giao thông,Khẩn,"Cầu nhỏ bắc qua kênh ở Xã Bình An mục lan can, trẻ em đi học qua rất lo",5,5,1,
PA02577,2026-08-18,Tổng đài 1022,DV06,Xã Long Thành,Khác,Thường,Đề nghị Xã Long Thành thông tin rõ kế hoạch chỉnh trang khu dân cư năm tới,10,14,0,
PA02578,2026-08-18,Cổng dịch vụ công,DV08,Xã Vĩnh Lộc,An sinh xã hội,Thường,"Danh sách nhận hỗ trợ ở Xã Vĩnh Lộc niêm yết thiếu tên, đề nghị kiểm tra lại",10,6,1,
PA02579,2026-08-19,Văn bản giấy,DV01,Phường Hoà Thuận,Vệ sinh môi trường,Thường,"Có hộ đổ trộm xà bần ra bãi đất trống ở Phường Hoà Thuận, đề nghị kiểm tra",10,11,0,2
PA02580,2026-08-19,Cổng dịch vụ công,DV01,Phường Hoà Thuận,Hạ tầng giao thông,Khẩn,"Đoạn đường trước Phường Hoà Thuận xuống cấp, nhiều ổ gà, xe máy tránh nhau rất nguy hiểm",5,1,1,4
PA02581,2026-08-19,Cổng dịch vụ công,DV01,Phường Hoà Thuận,Hạ tầng giao thông,Khẩn,Nắp cống trên tuyến đường liên xã qua Phường Hoà Thuận bị vỡ đã hai tuần chưa ai sửa,5,2,1,
PA02582,2026-08-19,Cổng dịch vụ công,DV02,Phường Tân Hoà,Trật tự đô thị,Thường,Xe tải trọng lớn chạy vào đường nội bộ Phường Tân Hoà ngoài giờ quy định,10,7,1,5
PA02583,2026-08-19,Cổng dịch vụ công,DV02,Phường Tân Hoà,Trật tự đô thị,Thường,Hàng quán lấn chiếm vỉa hè trước cổng trường tiểu học ở Phường Tân Hoà giờ tan học,10,1,1,5
PA02584,2026-08-19,Tiếp công dân,DV02,Phường Tân Hoà,Hạ tầng giao thông,Thường,Nắp cống trên tuyến đường liên xã qua Phường Tân Hoà bị vỡ đã hai tuần chưa ai sửa,10,11,0,
PA02585,2026-08-19,Tiếp công dân,DV02,Phường Tân Hoà,Cấp thoát nước,Thường,"Mưa là ngập cả tuyến ở Phường Tân Hoà, cống thoát nghẹt không rút được",10,1,1,
PA02586,2026-08-19,Cổng dịch vụ công,DV03,Phường Đông Giang,An sinh xã hội,Khẩn,"Hộ cận nghèo ở Phường Đông Giang chưa nhận được hỗ trợ đợt này, đề nghị rà soát",5,2,1,4
PA02587,2026-08-19,Tổng đài 1022,DV03,Phường Đông Giang,Hạ tầng giao thông,Thường,"Cầu nhỏ bắc qua kênh ở Phường Đông Giang mục lan can, trẻ em đi học qua rất lo",10,5,1,
PA02588,2026-08-19,Cổng dịch vụ công,DV04,Phường Nam Phong,Khác,Thường,Đề nghị Phường Nam Phong thông tin rõ kế hoạch chỉnh trang khu dân cư năm tới,10,11,0,
PA02589,2026-08-19,Tổng đài 1022,DV06,Xã Long Thành,Thủ tục hành chính,Thường,Cán bộ một cửa Xã Long Thành yêu cầu giấy tờ ngoài danh mục niêm yết,10,2,1,5
PA02590,2026-08-19,Tổng đài 1022,DV06,Xã Long Thành,An sinh xã hội,Thường,"Danh sách nhận hỗ trợ ở Xã Long Thành niêm yết thiếu tên, đề nghị kiểm tra lại",10,4,1,3
PA02591,2026-08-19,Cổng dịch vụ công,DV08,Xã Vĩnh Lộc,Hạ tầng giao thông,Thường,"Đoạn đường trước Xã Vĩnh Lộc xuống cấp, nhiều ổ gà, xe máy tránh nhau rất nguy hiểm",10,3,1,
PA02592,2026-08-19,Tổng đài 1022,DV08,Xã Vĩnh Lộc,An sinh xã hội,Khẩn,Người cao tuổi ở Xã Vĩnh Lộc chưa được hướng dẫn làm thủ tục trợ cấp,5,9,0,
PA02593,2026-08-19,Văn bản giấy,DV09,Xã An Cư,Thủ tục hành chính,Rất khẩn,Cán bộ một cửa Xã An Cư yêu cầu giấy tờ ngoài danh mục niêm yết,2,1,1,
PA02594,2026-08-19,Tổng đài 1022,DV09,Xã An Cư,Vệ sinh môi trường,Khẩn,"Rác tồn đọng ở điểm tập kết gần chợ Xã An Cư ba ngày chưa thu gom, mùi rất nặng",5,6,0,3
PA02595,2026-08-20,Ứng dụng di động,DV02,Phường Tân Hoà,Trật tự đô thị,Thường,Bãi giữ xe tự phát ở Phường Tân Hoà chắn lối đi chung của khu dân cư,10,2,1,
PA02596,2026-08-20,Tiếp công dân,DV02,Phường Tân Hoà,Cấp thoát nước,Khẩn,"Nước máy ở Phường Tân Hoà mấy hôm nay có mùi lạ, đề nghị kiểm tra chất lượng",5,1,1,
PA02597,2026-08-20,Ứng dụng di động,DV04,Phường Nam Phong,Trật tự đô thị,Thường,"Có công trình ở Phường Nam Phong thi công sau 22 giờ gây ồn, đề nghị kiểm tra giấy phép",10,9,1,4
PA02598,2026-08-20,Tổng đài 1022,DV04,Phường Nam Phong,Hạ tầng giao thông,Khẩn,"Đoạn đường trước Phường Nam Phong xuống cấp, nhiều ổ gà, xe máy tránh nhau rất nguy hiểm",5,4,1,
PA02599,2026-08-20,Tổng đài 1022,DV04,Phường Nam Phong,Vệ sinh môi trường,Rất khẩn,"Kênh chạy qua Phường Nam Phong nổi váng đen, nghi có cơ sở xả thải ban đêm",2,2,1,
PA02600,2026-08-20,Tiếp công dân,DV04,Phường Nam Phong,An sinh xã hội,Thường,Người cao tuổi ở Phường Nam Phong chưa được hướng dẫn làm thủ tục trợ cấp,10,4,1,3
PA02601,2026-08-20,Cổng dịch vụ công,DV11,Xã Mỹ Khánh,Vệ sinh môi trường,Thường,"Xe thu gom rác ở Xã Mỹ Khánh đổi giờ mà không báo, dân để rác ra đường cả buổi",10,3,1,4
PA02602,2026-08-21,Cổng dịch vụ công,DV02,Phường Tân Hoà,Trật tự đô thị,Thường,"Có công trình ở Phường Tân Hoà thi công sau 22 giờ gây ồn, đề nghị kiểm tra giấy phép",10,6,1,
PA02603,2026-08-21,Cổng dịch vụ công,DV03,Phường Đông Giang,Trật tự đô thị,Thường,Bãi giữ xe tự phát ở Phường Đông Giang chắn lối đi chung của khu dân cư,10,2,1,4
PA02604,2026-08-21,Văn bản giấy,DV03,Phường Đông Giang,Thủ tục hành chính,Thường,Cán bộ một cửa Phường Đông Giang yêu cầu giấy tờ ngoài danh mục niêm yết,10,11,0,3
PA02605,2026-08-21,Ứng dụng di động,DV03,Phường Đông Giang,Trật tự đô thị,Thường,Xe tải trọng lớn chạy vào đường nội bộ Phường Đông Giang ngoài giờ quy định,10,3,1,4
PA02606,2026-08-21,Tổng đài 1022,DV07,Xã Phú Điền,Thủ tục hành chính,Khẩn,Đã nộp trực tuyến nhưng Xã Phú Điền vẫn yêu cầu nộp thêm bản giấy,5,3,1,
PA02607,2026-08-21,Văn bản giấy,DV07,Xã Phú Điền,Chiếu sáng công cộng,Thường,"Đèn chiếu sáng khu vực Xã Phú Điền bật cả ban ngày, rất lãng phí điện",10,4,1,
PA02608,2026-08-21,Tổng đài 1022,DV08,Xã Vĩnh Lộc,Trật tự đô thị,Thường,Hàng quán lấn chiếm vỉa hè trước cổng trường tiểu học ở Xã Vĩnh Lộc giờ tan học,10,9,1,
PA02609,2026-08-21,Ứng dụng di động,DV11,Xã Mỹ Khánh,Vệ sinh môi trường,Thường,"Có hộ đổ trộm xà bần ra bãi đất trống ở Xã Mỹ Khánh, đề nghị kiểm tra",10,8,1,5
PA02610,2026-08-22,Ứng dụng di động,DV01,Phường Hoà Thuận,Hạ tầng giao thông,Khẩn,"Cầu nhỏ bắc qua kênh ở Phường Hoà Thuận mục lan can, trẻ em đi học qua rất lo",5,4,1,
PA02611,2026-08-22,Tổng đài 1022,DV01,Phường Hoà Thuận,Hạ tầng giao thông,Thường,Nắp cống trên tuyến đường liên xã qua Phường Hoà Thuận bị vỡ đã hai tuần chưa ai sửa,10,9,1,5
PA02612,2026-08-22,Cổng dịch vụ công,DV02,Phường Tân Hoà,Trật tự đô thị,Khẩn,Bãi giữ xe tự phát ở Phường Tân Hoà chắn lối đi chung của khu dân cư,5,6,0,2
PA02613,2026-08-22,Văn bản giấy,DV02,Phường Tân Hoà,Khác,Thường,Góp ý Phường Tân Hoà mở thêm khung giờ tiếp dân vào buổi chiều thứ bảy,10,9,1,3
PA02614,2026-08-22,Cổng dịch vụ công,DV02,Phường Tân Hoà,Cấp thoát nước,Thường,"Khu dân cư Phường Tân Hoà mất nước từ sáng đến chiều, không thấy thông báo trước",10,11,0,3
PA02615,2026-08-22,Tổng đài 1022,DV02,Phường Tân Hoà,Cấp thoát nước,Thường,"Ống nước trước nhà văn hoá Phường Tân Hoà rò rỉ, nước chảy ra đường suốt ngày",10,9,1,
PA02616,2026-08-22,Tổng đài 1022,DV03,Phường Đông Giang,Vệ sinh môi trường,Thường,"Xe thu gom rác ở Phường Đông Giang đổi giờ mà không báo, dân để rác ra đường cả buổi",10,1,1,
PA02617,2026-08-22,Tổng đài 1022,DV03,Phường Đông Giang,Vệ sinh môi trường,Thường,"Có hộ đổ trộm xà bần ra bãi đất trống ở Phường Đông Giang, đề nghị kiểm tra",10,7,1,
PA02618,2026-08-22,Tiếp công dân,DV03,Phường Đông Giang,Trật tự đô thị,Khẩn,Xe tải trọng lớn chạy vào đường nội bộ Phường Đông Giang ngoài giờ quy định,5,4,1,
PA02619,2026-08-22,Cổng dịch vụ công,DV04,Phường Nam Phong,Khác,Thường,Góp ý Phường Nam Phong mở thêm khung giờ tiếp dân vào buổi chiều thứ bảy,10,7,1,4
PA02620,2026-08-22,Tiếp công dân,DV04,Phường Nam Phong,Hạ tầng giao thông,Khẩn,"Cầu nhỏ bắc qua kênh ở Phường Nam Phong mục lan can, trẻ em đi học qua rất lo",5,6,0,
PA02621,2026-08-22,Tổng đài 1022,DV10,Xã Thanh Sơn,Thủ tục hành chính,Khẩn,"Cổng dịch vụ công báo lỗi khi tải giấy tờ lên, gọi Xã Thanh Sơn không ai nghe máy",5,7,0,
PA02622,2026-08-23,Ứng dụng di động,DV01,Phường Hoà Thuận,Khác,Khẩn,Đề nghị Phường Hoà Thuận thông tin rõ kế hoạch chỉnh trang khu dân cư năm tới,5,3,1,5
PA02623,2026-08-23,Tiếp công dân,DV03,Phường Đông Giang,Hạ tầng giao thông,Khẩn,"Cầu nhỏ bắc qua kênh ở Phường Đông Giang mục lan can, trẻ em đi học qua rất lo",5,3,1,
PA02624,2026-08-23,Tổng đài 1022,DV04,Phường Nam Phong,Hạ tầng giao thông,Thường,"Đoạn đường trước Phường Nam Phong xuống cấp, nhiều ổ gà, xe máy tránh nhau rất nguy hiểm",10,11,0,2
PA02625,2026-08-23,Văn bản giấy,DV04,Phường Nam Phong,Cấp thoát nước,Thường,"Mưa là ngập cả tuyến ở Phường Nam Phong, cống thoát nghẹt không rút được",10,13,0,
PA02626,2026-08-24,Ứng dụng di động,DV01,Phường Hoà Thuận,Thủ tục hành chính,Rất khẩn,Nộp hồ sơ chứng thực tại Phường Hoà Thuận hẹn 3 ngày nhưng quá 8 ngày chưa có kết quả,2,3,0,
PA02627,2026-08-24,Tiếp công dân,DV02,Phường Tân Hoà,Cấp thoát nước,Thường,"Khu dân cư Phường Tân Hoà mất nước từ sáng đến chiều, không thấy thông báo trước",10,3,1,
PA02628,2026-08-24,Tổng đài 1022,DV04,Phường Nam Phong,Cấp thoát nước,Thường,"Khu dân cư Phường Nam Phong mất nước từ sáng đến chiều, không thấy thông báo trước",10,4,1,
PA02629,2026-08-24,Ứng dụng di động,DV05,Xã Bình An,Chiếu sáng công cộng,Thường,"Ngõ vào cụm dân cư Xã Bình An chưa có đèn chiếu sáng, đã kiến nghị hai lần",10,12,0,1
PA02630,2026-08-24,Ứng dụng di động,DV06,Xã Long Thành,Hạ tầng giao thông,Thường,Nắp cống trên tuyến đường liên xã qua Xã Long Thành bị vỡ đã hai tuần chưa ai sửa,10,1,1,
PA02631,2026-08-24,Ứng dụng di động,DV12,Xã Hương Trà,Trật tự đô thị,Rất khẩn,Bãi giữ xe tự phát ở Xã Hương Trà chắn lối đi chung của khu dân cư,2,2,1,5
PA02632,2026-08-25,Cổng dịch vụ công,DV01,Phường Hoà Thuận,Hạ tầng giao thông,Rất khẩn,"Cầu nhỏ bắc qua kênh ở Phường Hoà Thuận mục lan can, trẻ em đi học qua rất lo",2,1,1,
PA02633,2026-08-25,Tổng đài 1022,DV01,Phường Hoà Thuận,Chiếu sáng công cộng,Thường,"Ngõ vào cụm dân cư Phường Hoà Thuận chưa có đèn chiếu sáng, đã kiến nghị hai lần",10,9,1,5
PA02634,2026-08-25,Ứng dụng di động,DV01,Phường Hoà Thuận,Vệ sinh môi trường,Thường,"Kênh chạy qua Phường Hoà Thuận nổi váng đen, nghi có cơ sở xả thải ban đêm",10,7,1,
PA02635,2026-08-25,Tiếp công dân,DV02,Phường Tân Hoà,Hạ tầng giao thông,Thường,Nắp cống trên tuyến đường liên xã qua Phường Tân Hoà bị vỡ đã hai tuần chưa ai sửa,10,6,1,
PA02636,2026-08-25,Ứng dụng di động,DV02,Phường Tân Hoà,Cấp thoát nước,Khẩn,"Nước máy ở Phường Tân Hoà mấy hôm nay có mùi lạ, đề nghị kiểm tra chất lượng",5,11,0,
PA02637,2026-08-25,Văn bản giấy,DV04,Phường Nam Phong,Trật tự đô thị,Thường,Bãi giữ xe tự phát ở Phường Nam Phong chắn lối đi chung của khu dân cư,10,8,1,5
PA02638,2026-08-25,Ứng dụng di động,DV04,Phường Nam Phong,Thủ tục hành chính,Thường,Đã nộp trực tuyến nhưng Phường Nam Phong vẫn yêu cầu nộp thêm bản giấy,10,11,0,4
PA02639,2026-08-25,Văn bản giấy,DV04,Phường Nam Phong,Vệ sinh môi trường,Thường,"Có hộ đổ trộm xà bần ra bãi đất trống ở Phường Nam Phong, đề nghị kiểm tra",10,5,1,
PA02640,2026-08-25,Tổng đài 1022,DV04,Phường Nam Phong,Thủ tục hành chính,Khẩn,Nộp hồ sơ chứng thực tại Phường Nam Phong hẹn 3 ngày nhưng quá 8 ngày chưa có kết quả,5,1,1,
PA02641,2026-08-25,Tổng đài 1022,DV05,Xã Bình An,Thủ tục hành chính,Thường,Nộp hồ sơ chứng thực tại Xã Bình An hẹn 3 ngày nhưng quá 8 ngày chưa có kết quả,10,26,0,2
PA02642,2026-08-25,Tổng đài 1022,DV06,Xã Long Thành,Trật tự đô thị,Thường,Bãi giữ xe tự phát ở Xã Long Thành chắn lối đi chung của khu dân cư,10,10,1,3
PA02643,2026-08-25,Cổng dịch vụ công,DV06,Xã Long Thành,Trật tự đô thị,Thường,Hàng quán lấn chiếm vỉa hè trước cổng trường tiểu học ở Xã Long Thành giờ tan học,10,11,0,2
PA02644,2026-08-25,Tổng đài 1022,DV07,Xã Phú Điền,Trật tự đô thị,Thường,"Có công trình ở Xã Phú Điền thi công sau 22 giờ gây ồn, đề nghị kiểm tra giấy phép",10,4,1,4
PA02645,2026-08-25,Cổng dịch vụ công,DV11,Xã Mỹ Khánh,Thủ tục hành chính,Thường,"Cổng dịch vụ công báo lỗi khi tải giấy tờ lên, gọi Xã Mỹ Khánh không ai nghe máy",10,8,1,5
PA02646,2026-08-26,Tổng đài 1022,DV01,Phường Hoà Thuận,Trật tự đô thị,Rất khẩn,Bãi giữ xe tự phát ở Phường Hoà Thuận chắn lối đi chung của khu dân cư,2,1,1,
PA02647,2026-08-26,Tổng đài 1022,DV01,Phường Hoà Thuận,Vệ sinh môi trường,Khẩn,"Xe thu gom rác ở Phường Hoà Thuận đổi giờ mà không báo, dân để rác ra đường cả buổi",5,21,0,
PA02648,2026-08-26,Tổng đài 1022,DV02,Phường Tân Hoà,Vệ sinh môi trường,Thường,"Rác tồn đọng ở điểm tập kết gần chợ Phường Tân Hoà ba ngày chưa thu gom, mùi rất nặng",10,4,1,
PA02649,2026-08-26,Ứng dụng di động,DV03,Phường Đông Giang,Cấp thoát nước,Thường,"Mưa là ngập cả tuyến ở Phường Đông Giang, cống thoát nghẹt không rút được",10,8,1,4
PA02650,2026-08-26,Cổng dịch vụ công,DV04,Phường Nam Phong,Trật tự đô thị,Thường,Bãi giữ xe tự phát ở Phường Nam Phong chắn lối đi chung của khu dân cư,10,2,1,
PA02651,2026-08-26,Ứng dụng di động,DV04,Phường Nam Phong,Cấp thoát nước,Khẩn,"Mưa là ngập cả tuyến ở Phường Nam Phong, cống thoát nghẹt không rút được",5,5,1,4
PA02652,2026-08-26,Tiếp công dân,DV04,Phường Nam Phong,Hạ tầng giao thông,Thường,"Cầu nhỏ bắc qua kênh ở Phường Nam Phong mục lan can, trẻ em đi học qua rất lo",10,10,1,
PA02653,2026-08-26,Tổng đài 1022,DV05,Xã Bình An,Vệ sinh môi trường,Thường,"Có hộ đổ trộm xà bần ra bãi đất trống ở Xã Bình An, đề nghị kiểm tra",10,11,0,3
PA02654,2026-08-26,Cổng dịch vụ công,DV05,Xã Bình An,Cấp thoát nước,Rất khẩn,"Nước máy ở Xã Bình An mấy hôm nay có mùi lạ, đề nghị kiểm tra chất lượng",2,2,1,
PA02655,2026-08-26,Tổng đài 1022,DV06,Xã Long Thành,Trật tự đô thị,Thường,Xe tải trọng lớn chạy vào đường nội bộ Xã Long Thành ngoài giờ quy định,10,7,1,5
PA02656,2026-08-26,Cổng dịch vụ công,DV06,Xã Long Thành,Khác,Thường,Đề nghị Xã Long Thành thông tin rõ kế hoạch chỉnh trang khu dân cư năm tới,10,8,1,4
PA02657,2026-08-26,Ứng dụng di động,DV08,Xã Vĩnh Lộc,Trật tự đô thị,Thường,Bãi giữ xe tự phát ở Xã Vĩnh Lộc chắn lối đi chung của khu dân cư,10,5,1,5
PA02658,2026-08-26,Ứng dụng di động,DV10,Xã Thanh Sơn,Cấp thoát nước,Thường,"Ống nước trước nhà văn hoá Xã Thanh Sơn rò rỉ, nước chảy ra đường suốt ngày",10,6,1,
PA02659,2026-08-27,Tổng đài 1022,DV01,Phường Hoà Thuận,Khác,Thường,"Loa phát thanh ở Phường Hoà Thuận phát quá sớm, ảnh hưởng người già và trẻ nhỏ",10,10,1,4
PA02660,2026-08-27,Cổng dịch vụ công,DV02,Phường Tân Hoà,Vệ sinh môi trường,Khẩn,"Kênh chạy qua Phường Tân Hoà nổi váng đen, nghi có cơ sở xả thải ban đêm",5,4,1,5
PA02661,2026-08-27,Tiếp công dân,DV02,Phường Tân Hoà,Thủ tục hành chính,Khẩn,"Cổng dịch vụ công báo lỗi khi tải giấy tờ lên, gọi Phường Tân Hoà không ai nghe máy",5,1,1,
PA02662,2026-08-27,Tiếp công dân,DV02,Phường Tân Hoà,An sinh xã hội,Thường,"Danh sách nhận hỗ trợ ở Phường Tân Hoà niêm yết thiếu tên, đề nghị kiểm tra lại",10,8,1,4
PA02663,2026-08-27,Tiếp công dân,DV02,Phường Tân Hoà,Cấp thoát nước,Thường,"Khu dân cư Phường Tân Hoà mất nước từ sáng đến chiều, không thấy thông báo trước",10,3,1,3
PA02664,2026-08-27,Ứng dụng di động,DV03,Phường Đông Giang,Trật tự đô thị,Thường,"Có công trình ở Phường Đông Giang thi công sau 22 giờ gây ồn, đề nghị kiểm tra giấy phép",10,10,1,
PA02665,2026-08-27,Tổng đài 1022,DV03,Phường Đông Giang,Thủ tục hành chính,Khẩn,"Cổng dịch vụ công báo lỗi khi tải giấy tờ lên, gọi Phường Đông Giang không ai nghe máy",5,4,1,
PA02666,2026-08-27,Cổng dịch vụ công,DV05,Xã Bình An,Cấp thoát nước,Khẩn,"Khu dân cư Xã Bình An mất nước từ sáng đến chiều, không thấy thông báo trước",5,4,1,4
PA02667,2026-08-27,Ứng dụng di động,DV06,Xã Long Thành,Thủ tục hành chính,Thường,Nộp hồ sơ chứng thực tại Xã Long Thành hẹn 3 ngày nhưng quá 8 ngày chưa có kết quả,10,9,1,4
PA02668,2026-08-27,Văn bản giấy,DV06,Xã Long Thành,Khác,Thường,Góp ý Xã Long Thành mở thêm khung giờ tiếp dân vào buổi chiều thứ bảy,10,11,0,
PA02669,2026-08-27,Tổng đài 1022,DV06,Xã Long Thành,Hạ tầng giao thông,Thường,"Cầu nhỏ bắc qua kênh ở Xã Long Thành mục lan can, trẻ em đi học qua rất lo",10,7,1,
PA02670,2026-08-27,Tổng đài 1022,DV07,Xã Phú Điền,Cấp thoát nước,Thường,"Ống nước trước nhà văn hoá Xã Phú Điền rò rỉ, nước chảy ra đường suốt ngày",10,9,1,
PA02671,2026-08-27,Tổng đài 1022,DV07,Xã Phú Điền,Cấp thoát nước,Thường,"Nước máy ở Xã Phú Điền mấy hôm nay có mùi lạ, đề nghị kiểm tra chất lượng",10,10,1,
PA02672,2026-08-27,Cổng dịch vụ công,DV08,Xã Vĩnh Lộc,An sinh xã hội,Khẩn,"Hộ cận nghèo ở Xã Vĩnh Lộc chưa nhận được hỗ trợ đợt này, đề nghị rà soát",5,6,0,
PA02673,2026-08-27,Tổng đài 1022,DV09,Xã An Cư,Chiếu sáng công cộng,Khẩn,"Ngõ vào cụm dân cư Xã An Cư chưa có đèn chiếu sáng, đã kiến nghị hai lần",5,5,1,
PA02674,2026-08-28,Tiếp công dân,DV01,Phường Hoà Thuận,Hạ tầng giao thông,Thường,"Đoạn đường trước Phường Hoà Thuận xuống cấp, nhiều ổ gà, xe máy tránh nhau rất nguy hiểm",10,5,1,5
PA02675,2026-08-28,Tổng đài 1022,DV02,Phường Tân Hoà,An sinh xã hội,Thường,"Danh sách nhận hỗ trợ ở Phường Tân Hoà niêm yết thiếu tên, đề nghị kiểm tra lại",10,2,1,5
PA02676,2026-08-28,Tổng đài 1022,DV04,Phường Nam Phong,Thủ tục hành chính,Thường,Đã nộp trực tuyến nhưng Phường Nam Phong vẫn yêu cầu nộp thêm bản giấy,10,7,1,
PA02677,2026-08-28,Tổng đài 1022,DV06,Xã Long Thành,An sinh xã hội,Thường,"Danh sách nhận hỗ trợ ở Xã Long Thành niêm yết thiếu tên, đề nghị kiểm tra lại",10,6,1,
PA02678,2026-08-28,Cổng dịch vụ công,DV07,Xã Phú Điền,An sinh xã hội,Thường,Người cao tuổi ở Xã Phú Điền chưa được hướng dẫn làm thủ tục trợ cấp,10,7,1,
PA02679,2026-08-28,Ứng dụng di động,DV11,Xã Mỹ Khánh,An sinh xã hội,Khẩn,"Hộ cận nghèo ở Xã Mỹ Khánh chưa nhận được hỗ trợ đợt này, đề nghị rà soát",5,2,1,4
PA02680,2026-08-28,Cổng dịch vụ công,DV11,Xã Mỹ Khánh,Trật tự đô thị,Khẩn,"Có công trình ở Xã Mỹ Khánh thi công sau 22 giờ gây ồn, đề nghị kiểm tra giấy phép",5,6,0,3
PA02681,2026-08-29,Văn bản giấy,DV01,Phường Hoà Thuận,Thủ tục hành chính,Thường,"Cổng dịch vụ công báo lỗi khi tải giấy tờ lên, gọi Phường Hoà Thuận không ai nghe máy",10,11,0,
PA02682,2026-08-29,Tổng đài 1022,DV01,Phường Hoà Thuận,Trật tự đô thị,Thường,Xe tải trọng lớn chạy vào đường nội bộ Phường Hoà Thuận ngoài giờ quy định,10,4,1,
PA02683,2026-08-29,Cổng dịch vụ công,DV02,Phường Tân Hoà,Thủ tục hành chính,Thường,Nộp hồ sơ chứng thực tại Phường Tân Hoà hẹn 3 ngày nhưng quá 8 ngày chưa có kết quả,10,7,1,3
PA02684,2026-08-29,Ứng dụng di động,DV02,Phường Tân Hoà,Khác,Khẩn,Góp ý Phường Tân Hoà mở thêm khung giờ tiếp dân vào buổi chiều thứ bảy,5,3,1,
PA02685,2026-08-29,Văn bản giấy,DV03,Phường Đông Giang,An sinh xã hội,Thường,Người cao tuổi ở Phường Đông Giang chưa được hướng dẫn làm thủ tục trợ cấp,10,10,1,
PA02686,2026-08-29,Tổng đài 1022,DV04,Phường Nam Phong,Cấp thoát nước,Thường,"Nước máy ở Phường Nam Phong mấy hôm nay có mùi lạ, đề nghị kiểm tra chất lượng",10,15,0,5
PA02687,2026-08-29,Tổng đài 1022,DV04,Phường Nam Phong,An sinh xã hội,Thường,"Hộ cận nghèo ở Phường Nam Phong chưa nhận được hỗ trợ đợt này, đề nghị rà soát",10,11,0,
PA02688,2026-08-29,Tổng đài 1022,DV05,Xã Bình An,Vệ sinh môi trường,Thường,"Có hộ đổ trộm xà bần ra bãi đất trống ở Xã Bình An, đề nghị kiểm tra",10,4,1,2
PA02689,2026-08-29,Ứng dụng di động,DV05,Xã Bình An,Vệ sinh môi trường,Thường,"Kênh chạy qua Xã Bình An nổi váng đen, nghi có cơ sở xả thải ban đêm",10,6,1,
PA02690,2026-08-29,Ứng dụng di động,DV08,Xã Vĩnh Lộc,Hạ tầng giao thông,Thường,"Mặt đường Xã Vĩnh Lộc sau khi đào lắp ống nước hoàn trả không phẳng, đi rất xóc",10,5,1,
PA02691,2026-08-29,Ứng dụng di động,DV08,Xã Vĩnh Lộc,Vệ sinh môi trường,Thường,"Xe thu gom rác ở Xã Vĩnh Lộc đổi giờ mà không báo, dân để rác ra đường cả buổi",10,6,1,
PA02692,2026-08-29,Tổng đài 1022,DV10,Xã Thanh Sơn,Vệ sinh môi trường,Thường,"Rác tồn đọng ở điểm tập kết gần chợ Xã Thanh Sơn ba ngày chưa thu gom, mùi rất nặng",10,18,0,
PA02693,2026-08-29,Cổng dịch vụ công,DV10,Xã Thanh Sơn,Hạ tầng giao thông,Thường,"Mặt đường Xã Thanh Sơn sau khi đào lắp ống nước hoàn trả không phẳng, đi rất xóc",10,8,1,
PA02694,2026-08-29,Tổng đài 1022,DV11,Xã Mỹ Khánh,Hạ tầng giao thông,Thường,"Đoạn đường trước Xã Mỹ Khánh xuống cấp, nhiều ổ gà, xe máy tránh nhau rất nguy hiểm",10,12,0,
PA02695,2026-08-30,Ứng dụng di động,DV01,Phường Hoà Thuận,Hạ tầng giao thông,Rất khẩn,"Mặt đường Phường Hoà Thuận sau khi đào lắp ống nước hoàn trả không phẳng, đi rất xóc",2,3,0,
PA02696,2026-08-30,Tiếp công dân,DV02,Phường Tân Hoà,Khác,Thường,"Loa phát thanh ở Phường Tân Hoà phát quá sớm, ảnh hưởng người già và trẻ nhỏ",10,8,1,5
PA02697,2026-08-30,Ứng dụng di động,DV02,Phường Tân Hoà,Hạ tầng giao thông,Khẩn,"Cầu nhỏ bắc qua kênh ở Phường Tân Hoà mục lan can, trẻ em đi học qua rất lo",5,6,0,
PA02698,2026-08-30,Cổng dịch vụ công,DV02,Phường Tân Hoà,Hạ tầng giao thông,Thường,"Mặt đường Phường Tân Hoà sau khi đào lắp ống nước hoàn trả không phẳng, đi rất xóc",10,11,0,
PA02699,2026-08-30,Cổng dịch vụ công,DV02,Phường Tân Hoà,Thủ tục hành chính,Thường,Nộp hồ sơ chứng thực tại Phường Tân Hoà hẹn 3 ngày nhưng quá 8 ngày chưa có kết quả,10,2,1,
PA02700,2026-08-30,Tổng đài 1022,DV04,Phường Nam Phong,Hạ tầng giao thông,Thường,Nắp cống trên tuyến đường liên xã qua Phường Nam Phong bị vỡ đã hai tuần chưa ai sửa,10,13,0,
PA02701,2026-08-30,Tiếp công dân,DV04,Phường Nam Phong,Trật tự đô thị,Thường,Hàng quán lấn chiếm vỉa hè trước cổng trường tiểu học ở Phường Nam Phong giờ tan học,10,5,1,
PA02702,2026-08-30,Ứng dụng di động,DV04,Phường Nam Phong,Thủ tục hành chính,Thường,"Cổng dịch vụ công báo lỗi khi tải giấy tờ lên, gọi Phường Nam Phong không ai nghe máy",10,7,1,5
PA02703,2026-08-30,Văn bản giấy,DV04,Phường Nam Phong,Vệ sinh môi trường,Khẩn,"Có hộ đổ trộm xà bần ra bãi đất trống ở Phường Nam Phong, đề nghị kiểm tra",5,5,1,4
PA02704,2026-08-30,Tổng đài 1022,DV04,Phường Nam Phong,Cấp thoát nước,Thường,"Nước máy ở Phường Nam Phong mấy hôm nay có mùi lạ, đề nghị kiểm tra chất lượng",10,12,0,4
PA02705,2026-08-30,Cổng dịch vụ công,DV05,Xã Bình An,Cấp thoát nước,Thường,"Mưa là ngập cả tuyến ở Xã Bình An, cống thoát nghẹt không rút được",10,5,1,5
PA02706,2026-08-30,Tổng đài 1022,DV09,Xã An Cư,Trật tự đô thị,Thường,"Có công trình ở Xã An Cư thi công sau 22 giờ gây ồn, đề nghị kiểm tra giấy phép",10,11,0,4
PA02707,2026-08-30,Cổng dịch vụ công,DV11,Xã Mỹ Khánh,Cấp thoát nước,Thường,"Mưa là ngập cả tuyến ở Xã Mỹ Khánh, cống thoát nghẹt không rút được",10,11,0,
PA02708,2026-08-30,Tổng đài 1022,DV11,Xã Mỹ Khánh,Vệ sinh môi trường,Thường,"Rác tồn đọng ở điểm tập kết gần chợ Xã Mỹ Khánh ba ngày chưa thu gom, mùi rất nặng",10,8,1,
PA02709,2026-08-31,Tổng đài 1022,DV01,Phường Hoà Thuận,Khác,Khẩn,"Loa phát thanh ở Phường Hoà Thuận phát quá sớm, ảnh hưởng người già và trẻ nhỏ",5,4,1,4
PA02710,2026-08-31,Tổng đài 1022,DV02,Phường Tân Hoà,Cấp thoát nước,Thường,"Khu dân cư Phường Tân Hoà mất nước từ sáng đến chiều, không thấy thông báo trước",10,5,1,
PA02711,2026-08-31,Văn bản giấy,DV02,Phường Tân Hoà,Hạ tầng giao thông,Thường,"Mặt đường Phường Tân Hoà sau khi đào lắp ống nước hoàn trả không phẳng, đi rất xóc",10,8,1,
PA02712,2026-08-31,Cổng dịch vụ công,DV02,Phường Tân Hoà,Hạ tầng giao thông,Rất khẩn,"Mặt đường Phường Tân Hoà sau khi đào lắp ống nước hoàn trả không phẳng, đi rất xóc",2,1,1,
PA02713,2026-08-31,Văn bản giấy,DV02,Phường Tân Hoà,An sinh xã hội,Khẩn,Người cao tuổi ở Phường Tân Hoà chưa được hướng dẫn làm thủ tục trợ cấp,5,3,1,
PA02714,2026-08-31,Ứng dụng di động,DV03,Phường Đông Giang,Trật tự đô thị,Thường,"Có công trình ở Phường Đông Giang thi công sau 22 giờ gây ồn, đề nghị kiểm tra giấy phép",10,10,1,
PA02715,2026-08-31,Cổng dịch vụ công,DV04,Phường Nam Phong,Chiếu sáng công cộng,Thường,"Ngõ vào cụm dân cư Phường Nam Phong chưa có đèn chiếu sáng, đã kiến nghị hai lần",10,4,1,5
PA02716,2026-08-31,Văn bản giấy,DV05,Xã Bình An,Hạ tầng giao thông,Thường,"Mặt đường Xã Bình An sau khi đào lắp ống nước hoàn trả không phẳng, đi rất xóc",10,5,1,
PA02717,2026-08-31,Ứng dụng di động,DV06,Xã Long Thành,Chiếu sáng công cộng,Thường,"Đèn chiếu sáng khu vực Xã Long Thành bật cả ban ngày, rất lãng phí điện",10,7,1,
PA02718,2026-08-31,Ứng dụng di động,DV11,Xã Mỹ Khánh,Hạ tầng giao thông,Thường,"Mặt đường Xã Mỹ Khánh sau khi đào lắp ống nước hoàn trả không phẳng, đi rất xóc",10,7,1,
PA02719,2026-08-31,Tổng đài 1022,DV12,Xã Hương Trà,Cấp thoát nước,Thường,"Khu dân cư Xã Hương Trà mất nước từ sáng đến chiều, không thấy thông báo trước",10,7,1,4
PA02720,2026-08-31,Cổng dịch vụ công,DV12,Xã Hương Trà,An sinh xã hội,Thường,"Hộ cận nghèo ở Xã Hương Trà chưa nhận được hỗ trợ đợt này, đề nghị rà soát",10,6,1,
PA02721,2026-09-01,Ứng dụng di động,DV02,Phường Tân Hoà,Hạ tầng giao thông,Thường,Nắp cống trên tuyến đường liên xã qua Phường Tân Hoà bị vỡ đã hai tuần chưa ai sửa,10,9,1,5
PA02722,2026-09-01,Cổng dịch vụ công,DV02,Phường Tân Hoà,Hạ tầng giao thông,Khẩn,"Mặt đường Phường Tân Hoà sau khi đào lắp ống nước hoàn trả không phẳng, đi rất xóc",5,3,1,5
PA02723,2026-09-01,Cổng dịch vụ công,DV04,Phường Nam Phong,An sinh xã hội,Thường,"Hộ cận nghèo ở Phường Nam Phong chưa nhận được hỗ trợ đợt này, đề nghị rà soát",10,5,1,
PA02724,2026-09-01,Văn bản giấy,DV04,Phường Nam Phong,Cấp thoát nước,Thường,"Nước máy ở Phường Nam Phong mấy hôm nay có mùi lạ, đề nghị kiểm tra chất lượng",10,5,1,4
PA02725,2026-09-01,Cổng dịch vụ công,DV06,Xã Long Thành,Khác,Thường,"Loa phát thanh ở Xã Long Thành phát quá sớm, ảnh hưởng người già và trẻ nhỏ",10,9,1,5
PA02726,2026-09-01,Tổng đài 1022,DV08,Xã Vĩnh Lộc,Thủ tục hành chính,Thường,Cán bộ một cửa Xã Vĩnh Lộc yêu cầu giấy tờ ngoài danh mục niêm yết,10,11,0,
PA02727,2026-09-01,Tổng đài 1022,DV12,Xã Hương Trà,Trật tự đô thị,Thường,Hàng quán lấn chiếm vỉa hè trước cổng trường tiểu học ở Xã Hương Trà giờ tan học,10,8,1,5
PA02728,2026-09-02,Tổng đài 1022,DV01,Phường Hoà Thuận,Trật tự đô thị,Thường,Bãi giữ xe tự phát ở Phường Hoà Thuận chắn lối đi chung của khu dân cư,10,8,1,
PA02729,2026-09-02,Cổng dịch vụ công,DV01,Phường Hoà Thuận,Vệ sinh môi trường,Thường,"Có hộ đổ trộm xà bần ra bãi đất trống ở Phường Hoà Thuận, đề nghị kiểm tra",10,3,1,
PA02730,2026-09-02,Cổng dịch vụ công,DV01,Phường Hoà Thuận,Cấp thoát nước,Thường,"Mưa là ngập cả tuyến ở Phường Hoà Thuận, cống thoát nghẹt không rút được",10,7,1,
PA02731,2026-09-02,Ứng dụng di động,DV02,Phường Tân Hoà,Vệ sinh môi trường,Rất khẩn,"Xe thu gom rác ở Phường Tân Hoà đổi giờ mà không báo, dân để rác ra đường cả buổi",2,2,1,5
PA02732,2026-09-02,Ứng dụng di động,DV02,Phường Tân Hoà,Vệ sinh môi trường,Khẩn,"Rác tồn đọng ở điểm tập kết gần chợ Phường Tân Hoà ba ngày chưa thu gom, mùi rất nặng",5,1,1,
PA02733,2026-09-02,Cổng dịch vụ công,DV02,Phường Tân Hoà,Chiếu sáng công cộng,Thường,"Ba cột đèn đường ở Phường Tân Hoà cháy bóng, ban đêm tối om rất mất an toàn",10,14,0,3
PA02734,2026-09-02,Ứng dụng di động,DV04,Phường Nam Phong,Thủ tục hành chính,Thường,Nộp hồ sơ chứng thực tại Phường Nam Phong hẹn 3 ngày nhưng quá 8 ngày chưa có kết quả,10,8,1,4
PA02735,2026-09-02,Tổng đài 1022,DV04,Phường Nam Phong,Vệ sinh môi trường,Thường,"Xe thu gom rác ở Phường Nam Phong đổi giờ mà không báo, dân để rác ra đường cả buổi",10,6,1,5
PA02736,2026-09-02,Tiếp công dân,DV04,Phường Nam Phong,Vệ sinh môi trường,Rất khẩn,"Xe thu gom rác ở Phường Nam Phong đổi giờ mà không báo, dân để rác ra đường cả buổi",2,2,1,
PA02737,2026-09-02,Tiếp công dân,DV04,Phường Nam Phong,Trật tự đô thị,Khẩn,Bãi giữ xe tự phát ở Phường Nam Phong chắn lối đi chung của khu dân cư,5,3,1,
PA02738,2026-09-02,Cổng dịch vụ công,DV12,Xã Hương Trà,Trật tự đô thị,Thường,Hàng quán lấn chiếm vỉa hè trước cổng trường tiểu học ở Xã Hương Trà giờ tan học,10,10,1,
PA02739,2026-09-03,Cổng dịch vụ công,DV01,Phường Hoà Thuận,Cấp thoát nước,Thường,"Ống nước trước nhà văn hoá Phường Hoà Thuận rò rỉ, nước chảy ra đường suốt ngày",10,10,1,
PA02740,2026-09-03,Ứng dụng di động,DV01,Phường Hoà Thuận,Vệ sinh môi trường,Thường,"Kênh chạy qua Phường Hoà Thuận nổi váng đen, nghi có cơ sở xả thải ban đêm",10,12,0,2
PA02741,2026-09-03,Cổng dịch vụ công,DV02,Phường Tân Hoà,Hạ tầng giao thông,Thường,"Đoạn đường trước Phường Tân Hoà xuống cấp, nhiều ổ gà, xe máy tránh nhau rất nguy hiểm",10,13,0,3
PA02742,2026-09-03,Văn bản giấy,DV04,Phường Nam Phong,Hạ tầng giao thông,Khẩn,"Mặt đường Phường Nam Phong sau khi đào lắp ống nước hoàn trả không phẳng, đi rất xóc",5,1,1,
PA02743,2026-09-03,Tổng đài 1022,DV04,Phường Nam Phong,An sinh xã hội,Thường,"Hộ cận nghèo ở Phường Nam Phong chưa nhận được hỗ trợ đợt này, đề nghị rà soát",10,4,1,
PA02744,2026-09-03,Ứng dụng di động,DV05,Xã Bình An,Khác,Thường,"Loa phát thanh ở Xã Bình An phát quá sớm, ảnh hưởng người già và trẻ nhỏ",10,7,1,
PA02745,2026-09-03,Ứng dụng di động,DV05,Xã Bình An,Vệ sinh môi trường,Thường,"Có hộ đổ trộm xà bần ra bãi đất trống ở Xã Bình An, đề nghị kiểm tra",10,3,1,
PA02746,2026-09-03,Ứng dụng di động,DV07,Xã Phú Điền,Trật tự đô thị,Thường,Hàng quán lấn chiếm vỉa hè trước cổng trường tiểu học ở Xã Phú Điền giờ tan học,10,7,1,3
PA02747,2026-09-03,Văn bản giấy,DV08,Xã Vĩnh Lộc,Thủ tục hành chính,Thường,Đã nộp trực tuyến nhưng Xã Vĩnh Lộc vẫn yêu cầu nộp thêm bản giấy,10,5,1,
PA02748,2026-09-03,Văn bản giấy,DV09,Xã An Cư,Hạ tầng giao thông,Thường,"Đoạn đường trước Xã An Cư xuống cấp, nhiều ổ gà, xe máy tránh nhau rất nguy hiểm",10,13,0,3
PA02749,2026-09-03,Cổng dịch vụ công,DV09,Xã An Cư,Thủ tục hành chính,Khẩn,"Cổng dịch vụ công báo lỗi khi tải giấy tờ lên, gọi Xã An Cư không ai nghe máy",5,8,0,
PA02750,2026-09-03,Văn bản giấy,DV10,Xã Thanh Sơn,Hạ tầng giao thông,Thường,"Cầu nhỏ bắc qua kênh ở Xã Thanh Sơn mục lan can, trẻ em đi học qua rất lo",10,7,1,
PA02751,2026-09-03,Tổng đài 1022,DV11,Xã Mỹ Khánh,Cấp thoát nước,Thường,"Khu dân cư Xã Mỹ Khánh mất nước từ sáng đến chiều, không thấy thông báo trước",10,14,0,3
PA02752,2026-09-04,Văn bản giấy,DV01,Phường Hoà Thuận,Vệ sinh môi trường,Khẩn,"Xe thu gom rác ở Phường Hoà Thuận đổi giờ mà không báo, dân để rác ra đường cả buổi",5,1,1,4
PA02753,2026-09-04,Văn bản giấy,DV01,Phường Hoà Thuận,Hạ tầng giao thông,Thường,"Cầu nhỏ bắc qua kênh ở Phường Hoà Thuận mục lan can, trẻ em đi học qua rất lo",10,10,1,
PA02754,2026-09-04,Tổng đài 1022,DV02,Phường Tân Hoà,Thủ tục hành chính,Thường,Đã nộp trực tuyến nhưng Phường Tân Hoà vẫn yêu cầu nộp thêm bản giấy,10,7,1,4
PA02755,2026-09-04,Tiếp công dân,DV03,Phường Đông Giang,Cấp thoát nước,Khẩn,"Khu dân cư Phường Đông Giang mất nước từ sáng đến chiều, không thấy thông báo trước",5,3,1,
PA02756,2026-09-04,Văn bản giấy,DV03,Phường Đông Giang,Hạ tầng giao thông,Thường,"Đoạn đường trước Phường Đông Giang xuống cấp, nhiều ổ gà, xe máy tránh nhau rất nguy hiểm",10,7,1,5
PA02757,2026-09-04,Cổng dịch vụ công,DV06,Xã Long Thành,Vệ sinh môi trường,Thường,"Có hộ đổ trộm xà bần ra bãi đất trống ở Xã Long Thành, đề nghị kiểm tra",10,15,0,
PA02758,2026-09-05,Cổng dịch vụ công,DV01,Phường Hoà Thuận,Cấp thoát nước,Thường,"Mưa là ngập cả tuyến ở Phường Hoà Thuận, cống thoát nghẹt không rút được",10,6,1,
PA02759,2026-09-05,Cổng dịch vụ công,DV01,Phường Hoà Thuận,Trật tự đô thị,Thường,Xe tải trọng lớn chạy vào đường nội bộ Phường Hoà Thuận ngoài giờ quy định,10,5,1,
PA02760,2026-09-05,Cổng dịch vụ công,DV01,Phường Hoà Thuận,Thủ tục hành chính,Rất khẩn,Nộp hồ sơ chứng thực tại Phường Hoà Thuận hẹn 3 ngày nhưng quá 8 ngày chưa có kết quả,2,2,1,5
PA02761,2026-09-05,Ứng dụng di động,DV02,Phường Tân Hoà,Hạ tầng giao thông,Thường,Nắp cống trên tuyến đường liên xã qua Phường Tân Hoà bị vỡ đã hai tuần chưa ai sửa,10,7,1,
PA02762,2026-09-05,Văn bản giấy,DV02,Phường Tân Hoà,Hạ tầng giao thông,Thường,Nắp cống trên tuyến đường liên xã qua Phường Tân Hoà bị vỡ đã hai tuần chưa ai sửa,10,13,0,
PA02763,2026-09-05,Cổng dịch vụ công,DV03,Phường Đông Giang,Hạ tầng giao thông,Thường,"Đoạn đường trước Phường Đông Giang xuống cấp, nhiều ổ gà, xe máy tránh nhau rất nguy hiểm",10,1,1,
PA02764,2026-09-05,Văn bản giấy,DV03,Phường Đông Giang,Hạ tầng giao thông,Thường,Nắp cống trên tuyến đường liên xã qua Phường Đông Giang bị vỡ đã hai tuần chưa ai sửa,10,4,1,5
PA02765,2026-09-05,Tổng đài 1022,DV04,Phường Nam Phong,Khác,Thường,"Loa phát thanh ở Phường Nam Phong phát quá sớm, ảnh hưởng người già và trẻ nhỏ",10,5,1,4
PA02766,2026-09-05,Tổng đài 1022,DV04,Phường Nam Phong,Trật tự đô thị,Thường,Xe tải trọng lớn chạy vào đường nội bộ Phường Nam Phong ngoài giờ quy định,10,3,1,
PA02767,2026-09-05,Tổng đài 1022,DV06,Xã Long Thành,An sinh xã hội,Khẩn,"Hộ cận nghèo ở Xã Long Thành chưa nhận được hỗ trợ đợt này, đề nghị rà soát",5,3,1,
PA02768,2026-09-05,Cổng dịch vụ công,DV07,Xã Phú Điền,Trật tự đô thị,Thường,Hàng quán lấn chiếm vỉa hè trước cổng trường tiểu học ở Xã Phú Điền giờ tan học,10,9,1,
PA02769,2026-09-05,Tổng đài 1022,DV07,Xã Phú Điền,Cấp thoát nước,Rất khẩn,"Nước máy ở Xã Phú Điền mấy hôm nay có mùi lạ, đề nghị kiểm tra chất lượng",2,1,1,
PA02770,2026-09-05,Ứng dụng di động,DV08,Xã Vĩnh Lộc,Trật tự đô thị,Khẩn,Bãi giữ xe tự phát ở Xã Vĩnh Lộc chắn lối đi chung của khu dân cư,5,1,1,
PA02771,2026-09-05,Cổng dịch vụ công,DV08,Xã Vĩnh Lộc,Hạ tầng giao thông,Khẩn,Nắp cống trên tuyến đường liên xã qua Xã Vĩnh Lộc bị vỡ đã hai tuần chưa ai sửa,5,5,1,5
PA02772,2026-09-05,Cổng dịch vụ công,DV08,Xã Vĩnh Lộc,Chiếu sáng công cộng,Thường,"Đèn chiếu sáng khu vực Xã Vĩnh Lộc bật cả ban ngày, rất lãng phí điện",10,12,0,
PA02773,2026-09-05,Tổng đài 1022,DV11,Xã Mỹ Khánh,Trật tự đô thị,Thường,"Có công trình ở Xã Mỹ Khánh thi công sau 22 giờ gây ồn, đề nghị kiểm tra giấy phép",10,5,1,
PA02774,2026-09-06,Văn bản giấy,DV03,Phường Đông Giang,Chiếu sáng công cộng,Thường,"Ba cột đèn đường ở Phường Đông Giang cháy bóng, ban đêm tối om rất mất an toàn",10,8,1,4
PA02775,2026-09-06,Văn bản giấy,DV03,Phường Đông Giang,Vệ sinh môi trường,Thường,"Xe thu gom rác ở Phường Đông Giang đổi giờ mà không báo, dân để rác ra đường cả buổi",10,3,1,
PA02776,2026-09-06,Ứng dụng di động,DV04,Phường Nam Phong,Cấp thoát nước,Thường,"Ống nước trước nhà văn hoá Phường Nam Phong rò rỉ, nước chảy ra đường suốt ngày",10,6,1,
PA02777,2026-09-06,Cổng dịch vụ công,DV06,Xã Long Thành,Hạ tầng giao thông,Thường,"Mặt đường Xã Long Thành sau khi đào lắp ống nước hoàn trả không phẳng, đi rất xóc",10,11,0,3
PA02778,2026-09-06,Cổng dịch vụ công,DV11,Xã Mỹ Khánh,Thủ tục hành chính,Khẩn,Đã nộp trực tuyến nhưng Xã Mỹ Khánh vẫn yêu cầu nộp thêm bản giấy,5,4,1,
PA02779,2026-09-07,Tổng đài 1022,DV01,Phường Hoà Thuận,Khác,Thường,"Loa phát thanh ở Phường Hoà Thuận phát quá sớm, ảnh hưởng người già và trẻ nhỏ",10,4,1,4
PA02780,2026-09-07,Cổng dịch vụ công,DV02,Phường Tân Hoà,Cấp thoát nước,Thường,"Mưa là ngập cả tuyến ở Phường Tân Hoà, cống thoát nghẹt không rút được",10,4,1,
PA02781,2026-09-07,Văn bản giấy,DV02,Phường Tân Hoà,Thủ tục hành chính,Thường,Đã nộp trực tuyến nhưng Phường Tân Hoà vẫn yêu cầu nộp thêm bản giấy,10,14,0,
PA02782,2026-09-07,Ứng dụng di động,DV04,Phường Nam Phong,Vệ sinh môi trường,Thường,"Xe thu gom rác ở Phường Nam Phong đổi giờ mà không báo, dân để rác ra đường cả buổi",10,14,0,
PA02783,2026-09-07,Ứng dụng di động,DV04,Phường Nam Phong,Chiếu sáng công cộng,Khẩn,"Ba cột đèn đường ở Phường Nam Phong cháy bóng, ban đêm tối om rất mất an toàn",5,2,1,5
PA02784,2026-09-07,Ứng dụng di động,DV04,Phường Nam Phong,Thủ tục hành chính,Thường,Cán bộ một cửa Phường Nam Phong yêu cầu giấy tờ ngoài danh mục niêm yết,10,9,1,4
PA02785,2026-09-07,Cổng dịch vụ công,DV09,Xã An Cư,Thủ tục hành chính,Thường,Đã nộp trực tuyến nhưng Xã An Cư vẫn yêu cầu nộp thêm bản giấy,10,8,1,5
PA02786,2026-09-08,Tổng đài 1022,DV02,Phường Tân Hoà,Cấp thoát nước,Thường,"Nước máy ở Phường Tân Hoà mấy hôm nay có mùi lạ, đề nghị kiểm tra chất lượng",10,7,1,
PA02787,2026-09-08,Ứng dụng di động,DV02,Phường Tân Hoà,Hạ tầng giao thông,Thường,Nắp cống trên tuyến đường liên xã qua Phường Tân Hoà bị vỡ đã hai tuần chưa ai sửa,10,7,1,5
PA02788,2026-09-08,Ứng dụng di động,DV03,Phường Đông Giang,Hạ tầng giao thông,Khẩn,"Mặt đường Phường Đông Giang sau khi đào lắp ống nước hoàn trả không phẳng, đi rất xóc",5,4,1,
PA02789,2026-09-08,Cổng dịch vụ công,DV04,Phường Nam Phong,Trật tự đô thị,Thường,Xe tải trọng lớn chạy vào đường nội bộ Phường Nam Phong ngoài giờ quy định,10,6,1,5
PA02790,2026-09-08,Tổng đài 1022,DV04,Phường Nam Phong,Chiếu sáng công cộng,Thường,"Ngõ vào cụm dân cư Phường Nam Phong chưa có đèn chiếu sáng, đã kiến nghị hai lần",10,11,0,
PA02791,2026-09-08,Ứng dụng di động,DV07,Xã Phú Điền,Hạ tầng giao thông,Thường,"Mặt đường Xã Phú Điền sau khi đào lắp ống nước hoàn trả không phẳng, đi rất xóc",10,6,1,5
PA02792,2026-09-08,Cổng dịch vụ công,DV09,Xã An Cư,Vệ sinh môi trường,Thường,"Có hộ đổ trộm xà bần ra bãi đất trống ở Xã An Cư, đề nghị kiểm tra",10,9,1,
PA02793,2026-09-08,Văn bản giấy,DV12,Xã Hương Trà,Chiếu sáng công cộng,Thường,"Ba cột đèn đường ở Xã Hương Trà cháy bóng, ban đêm tối om rất mất an toàn",10,8,1,3
PA02794,2026-09-09,Văn bản giấy,DV01,Phường Hoà Thuận,An sinh xã hội,Thường,"Danh sách nhận hỗ trợ ở Phường Hoà Thuận niêm yết thiếu tên, đề nghị kiểm tra lại",10,13,0,
PA02795,2026-09-09,Tổng đài 1022,DV01,Phường Hoà Thuận,Vệ sinh môi trường,Thường,"Có hộ đổ trộm xà bần ra bãi đất trống ở Phường Hoà Thuận, đề nghị kiểm tra",10,4,1,
PA02796,2026-09-09,Văn bản giấy,DV01,Phường Hoà Thuận,Vệ sinh môi trường,Thường,"Kênh chạy qua Phường Hoà Thuận nổi váng đen, nghi có cơ sở xả thải ban đêm",10,5,1,4
PA02797,2026-09-09,Văn bản giấy,DV01,Phường Hoà Thuận,Trật tự đô thị,Thường,"Có công trình ở Phường Hoà Thuận thi công sau 22 giờ gây ồn, đề nghị kiểm tra giấy phép",10,8,1,
PA02798,2026-09-09,Tổng đài 1022,DV02,Phường Tân Hoà,Cấp thoát nước,Thường,"Ống nước trước nhà văn hoá Phường Tân Hoà rò rỉ, nước chảy ra đường suốt ngày",10,1,1,
PA02799,2026-09-09,Tổng đài 1022,DV03,Phường Đông Giang,Hạ tầng giao thông,Thường,"Mặt đường Phường Đông Giang sau khi đào lắp ống nước hoàn trả không phẳng, đi rất xóc",10,11,0,
PA02800,2026-09-09,Tiếp công dân,DV03,Phường Đông Giang,Thủ tục hành chính,Khẩn,Cán bộ một cửa Phường Đông Giang yêu cầu giấy tờ ngoài danh mục niêm yết,5,1,1,
PA02801,2026-09-09,Cổng dịch vụ công,DV04,Phường Nam Phong,An sinh xã hội,Thường,Người cao tuổi ở Phường Nam Phong chưa được hướng dẫn làm thủ tục trợ cấp,10,11,0,3
PA02802,2026-09-09,Cổng dịch vụ công,DV05,Xã Bình An,Hạ tầng giao thông,Thường,"Mặt đường Xã Bình An sau khi đào lắp ống nước hoàn trả không phẳng, đi rất xóc",10,12,0,
PA02803,2026-09-09,Ứng dụng di động,DV05,Xã Bình An,An sinh xã hội,Thường,"Danh sách nhận hỗ trợ ở Xã Bình An niêm yết thiếu tên, đề nghị kiểm tra lại",10,6,1,5
PA02804,2026-09-09,Cổng dịch vụ công,DV06,Xã Long Thành,Trật tự đô thị,Rất khẩn,Hàng quán lấn chiếm vỉa hè trước cổng trường tiểu học ở Xã Long Thành giờ tan học,2,1,1,5
PA02805,2026-09-09,Văn bản giấy,DV06,Xã Long Thành,Hạ tầng giao thông,Thường,"Đoạn đường trước Xã Long Thành xuống cấp, nhiều ổ gà, xe máy tránh nhau rất nguy hiểm",10,12,0,
PA02806,2026-09-09,Tổng đài 1022,DV07,Xã Phú Điền,Vệ sinh môi trường,Thường,"Có hộ đổ trộm xà bần ra bãi đất trống ở Xã Phú Điền, đề nghị kiểm tra",10,8,1,
PA02807,2026-09-09,Tổng đài 1022,DV09,Xã An Cư,Chiếu sáng công cộng,Thường,"Ngõ vào cụm dân cư Xã An Cư chưa có đèn chiếu sáng, đã kiến nghị hai lần",10,10,1,
PA02808,2026-09-09,Ứng dụng di động,DV09,Xã An Cư,Trật tự đô thị,Thường,Xe tải trọng lớn chạy vào đường nội bộ Xã An Cư ngoài giờ quy định,10,12,0,
PA02809,2026-09-09,Tổng đài 1022,DV11,Xã Mỹ Khánh,Vệ sinh môi trường,Rất khẩn,"Xe thu gom rác ở Xã Mỹ Khánh đổi giờ mà không báo, dân để rác ra đường cả buổi",2,3,0,3
PA02810,2026-09-09,Tổng đài 1022,DV12,Xã Hương Trà,Vệ sinh môi trường,Khẩn,"Rác tồn đọng ở điểm tập kết gần chợ Xã Hương Trà ba ngày chưa thu gom, mùi rất nặng",5,4,1,
PA02811,2026-09-09,Tổng đài 1022,DV12,Xã Hương Trà,Cấp thoát nước,Khẩn,"Mưa là ngập cả tuyến ở Xã Hương Trà, cống thoát nghẹt không rút được",5,3,1,
PA02812,2026-09-10,Văn bản giấy,DV01,Phường Hoà Thuận,Cấp thoát nước,Thường,"Mưa là ngập cả tuyến ở Phường Hoà Thuận, cống thoát nghẹt không rút được",10,7,1,
PA02813,2026-09-10,Ứng dụng di động,DV01,Phường Hoà Thuận,Vệ sinh môi trường,Khẩn,"Có hộ đổ trộm xà bần ra bãi đất trống ở Phường Hoà Thuận, đề nghị kiểm tra",5,6,0,3
PA02814,2026-09-10,Cổng dịch vụ công,DV02,Phường Tân Hoà,Chiếu sáng công cộng,Khẩn,"Đèn chiếu sáng khu vực Phường Tân Hoà bật cả ban ngày, rất lãng phí điện",5,1,1,
PA02815,2026-09-10,Cổng dịch vụ công,DV02,Phường Tân Hoà,Khác,Rất khẩn,Góp ý Phường Tân Hoà mở thêm khung giờ tiếp dân vào buổi chiều thứ bảy,2,1,1,5
PA02816,2026-09-10,Tổng đài 1022,DV03,Phường Đông Giang,Hạ tầng giao thông,Thường,"Đoạn đường trước Phường Đông Giang xuống cấp, nhiều ổ gà, xe máy tránh nhau rất nguy hiểm",10,5,1,5
PA02817,2026-09-10,Tổng đài 1022,DV03,Phường Đông Giang,Cấp thoát nước,Thường,"Ống nước trước nhà văn hoá Phường Đông Giang rò rỉ, nước chảy ra đường suốt ngày",10,3,1,
PA02818,2026-09-10,Ứng dụng di động,DV03,Phường Đông Giang,Vệ sinh môi trường,Khẩn,"Rác tồn đọng ở điểm tập kết gần chợ Phường Đông Giang ba ngày chưa thu gom, mùi rất nặng",5,5,1,
PA02819,2026-09-10,Cổng dịch vụ công,DV03,Phường Đông Giang,Trật tự đô thị,Thường,Hàng quán lấn chiếm vỉa hè trước cổng trường tiểu học ở Phường Đông Giang giờ tan học,10,6,1,3
PA02820,2026-09-10,Ứng dụng di động,DV04,Phường Nam Phong,Trật tự đô thị,Khẩn,Bãi giữ xe tự phát ở Phường Nam Phong chắn lối đi chung của khu dân cư,5,5,1,4
PA02821,2026-09-10,Cổng dịch vụ công,DV04,Phường Nam Phong,Trật tự đô thị,Thường,Xe tải trọng lớn chạy vào đường nội bộ Phường Nam Phong ngoài giờ quy định,10,10,1,
PA02822,2026-09-10,Cổng dịch vụ công,DV04,Phường Nam Phong,Vệ sinh môi trường,Thường,"Rác tồn đọng ở điểm tập kết gần chợ Phường Nam Phong ba ngày chưa thu gom, mùi rất nặng",10,35,0,
PA02823,2026-09-10,Cổng dịch vụ công,DV05,Xã Bình An,Vệ sinh môi trường,Thường,"Có hộ đổ trộm xà bần ra bãi đất trống ở Xã Bình An, đề nghị kiểm tra",10,13,0,
PA02824,2026-09-10,Cổng dịch vụ công,DV08,Xã Vĩnh Lộc,Vệ sinh môi trường,Thường,"Rác tồn đọng ở điểm tập kết gần chợ Xã Vĩnh Lộc ba ngày chưa thu gom, mùi rất nặng",10,12,0,2
PA02825,2026-09-10,Tổng đài 1022,DV09,Xã An Cư,Khác,Thường,Đề nghị Xã An Cư thông tin rõ kế hoạch chỉnh trang khu dân cư năm tới,10,10,1,4
PA02826,2026-09-10,Cổng dịch vụ công,DV10,Xã Thanh Sơn,Cấp thoát nước,Thường,"Ống nước trước nhà văn hoá Xã Thanh Sơn rò rỉ, nước chảy ra đường suốt ngày",10,13,0,
PA02827,2026-09-10,Văn bản giấy,DV11,Xã Mỹ Khánh,Thủ tục hành chính,Thường,Cán bộ một cửa Xã Mỹ Khánh yêu cầu giấy tờ ngoài danh mục niêm yết,10,13,0,4
PA02828,2026-09-10,Tiếp công dân,DV11,Xã Mỹ Khánh,Vệ sinh môi trường,Thường,"Có hộ đổ trộm xà bần ra bãi đất trống ở Xã Mỹ Khánh, đề nghị kiểm tra",10,10,1,1
PA02829,2026-09-11,Tổng đài 1022,DV02,Phường Tân Hoà,Trật tự đô thị,Thường,Hàng quán lấn chiếm vỉa hè trước cổng trường tiểu học ở Phường Tân Hoà giờ tan học,10,6,1,5
PA02830,2026-09-11,Ứng dụng di động,DV02,Phường Tân Hoà,Vệ sinh môi trường,Thường,"Rác tồn đọng ở điểm tập kết gần chợ Phường Tân Hoà ba ngày chưa thu gom, mùi rất nặng",10,9,1,
PA02831,2026-09-11,Tổng đài 1022,DV02,Phường Tân Hoà,Hạ tầng giao thông,Thường,"Đoạn đường trước Phường Tân Hoà xuống cấp, nhiều ổ gà, xe máy tránh nhau rất nguy hiểm",10,6,1,
PA02832,2026-09-11,Tổng đài 1022,DV03,Phường Đông Giang,Thủ tục hành chính,Thường,Đã nộp trực tuyến nhưng Phường Đông Giang vẫn yêu cầu nộp thêm bản giấy,10,33,0,
PA02833,2026-09-11,Ứng dụng di động,DV04,Phường Nam Phong,Thủ tục hành chính,Thường,Nộp hồ sơ chứng thực tại Phường Nam Phong hẹn 3 ngày nhưng quá 8 ngày chưa có kết quả,10,9,1,
PA02834,2026-09-11,Tổng đài 1022,DV05,Xã Bình An,Khác,Khẩn,"Loa phát thanh ở Xã Bình An phát quá sớm, ảnh hưởng người già và trẻ nhỏ",5,7,0,2
PA02835,2026-09-11,Tiếp công dân,DV06,Xã Long Thành,Chiếu sáng công cộng,Thường,"Đèn chiếu sáng khu vực Xã Long Thành bật cả ban ngày, rất lãng phí điện",10,7,1,
PA02836,2026-09-11,Cổng dịch vụ công,DV08,Xã Vĩnh Lộc,Vệ sinh môi trường,Thường,"Có hộ đổ trộm xà bần ra bãi đất trống ở Xã Vĩnh Lộc, đề nghị kiểm tra",10,10,1,5
PA02837,2026-09-11,Ứng dụng di động,DV12,Xã Hương Trà,Vệ sinh môi trường,Thường,"Kênh chạy qua Xã Hương Trà nổi váng đen, nghi có cơ sở xả thải ban đêm",10,12,0,1
PA02838,2026-09-12,Tổng đài 1022,DV01,Phường Hoà Thuận,Trật tự đô thị,Thường,Xe tải trọng lớn chạy vào đường nội bộ Phường Hoà Thuận ngoài giờ quy định,10,22,0,2
PA02839,2026-09-12,Tiếp công dân,DV01,Phường Hoà Thuận,Cấp thoát nước,Thường,"Mưa là ngập cả tuyến ở Phường Hoà Thuận, cống thoát nghẹt không rút được",10,5,1,5
PA02840,2026-09-12,Ứng dụng di động,DV01,Phường Hoà Thuận,An sinh xã hội,Thường,"Danh sách nhận hỗ trợ ở Phường Hoà Thuận niêm yết thiếu tên, đề nghị kiểm tra lại",10,6,1,
PA02841,2026-09-12,Cổng dịch vụ công,DV02,Phường Tân Hoà,Cấp thoát nước,Khẩn,"Ống nước trước nhà văn hoá Phường Tân Hoà rò rỉ, nước chảy ra đường suốt ngày",5,2,1,4
PA02842,2026-09-12,Cổng dịch vụ công,DV03,Phường Đông Giang,Vệ sinh môi trường,Khẩn,"Rác tồn đọng ở điểm tập kết gần chợ Phường Đông Giang ba ngày chưa thu gom, mùi rất nặng",5,7,0,
PA02843,2026-09-12,Văn bản giấy,DV03,Phường Đông Giang,Vệ sinh môi trường,Thường,"Xe thu gom rác ở Phường Đông Giang đổi giờ mà không báo, dân để rác ra đường cả buổi",10,8,1,
PA02844,2026-09-12,Tiếp công dân,DV04,Phường Nam Phong,An sinh xã hội,Thường,Người cao tuổi ở Phường Nam Phong chưa được hướng dẫn làm thủ tục trợ cấp,10,5,1,
PA02845,2026-09-12,Ứng dụng di động,DV04,Phường Nam Phong,Chiếu sáng công cộng,Thường,"Đèn chiếu sáng khu vực Phường Nam Phong bật cả ban ngày, rất lãng phí điện",10,13,0,
PA02846,2026-09-12,Ứng dụng di động,DV04,Phường Nam Phong,Thủ tục hành chính,Khẩn,Nộp hồ sơ chứng thực tại Phường Nam Phong hẹn 3 ngày nhưng quá 8 ngày chưa có kết quả,5,5,1,
PA02847,2026-09-12,Cổng dịch vụ công,DV05,Xã Bình An,Cấp thoát nước,Khẩn,"Khu dân cư Xã Bình An mất nước từ sáng đến chiều, không thấy thông báo trước",5,4,1,5
PA02848,2026-09-12,Tiếp công dân,DV05,Xã Bình An,Trật tự đô thị,Khẩn,Hàng quán lấn chiếm vỉa hè trước cổng trường tiểu học ở Xã Bình An giờ tan học,5,3,1,4
PA02849,2026-09-12,Tổng đài 1022,DV08,Xã Vĩnh Lộc,Trật tự đô thị,Thường,Xe tải trọng lớn chạy vào đường nội bộ Xã Vĩnh Lộc ngoài giờ quy định,10,5,1,
PA02850,2026-09-12,Ứng dụng di động,DV11,Xã Mỹ Khánh,Trật tự đô thị,Thường,Bãi giữ xe tự phát ở Xã Mỹ Khánh chắn lối đi chung của khu dân cư,10,10,1,
PA02851,2026-09-13,Ứng dụng di động,DV01,Phường Hoà Thuận,Cấp thoát nước,Khẩn,"Ống nước trước nhà văn hoá Phường Hoà Thuận rò rỉ, nước chảy ra đường suốt ngày",5,3,1,
PA02852,2026-09-13,Tổng đài 1022,DV01,Phường Hoà Thuận,Hạ tầng giao thông,Thường,"Đoạn đường trước Phường Hoà Thuận xuống cấp, nhiều ổ gà, xe máy tránh nhau rất nguy hiểm",10,4,1,
PA02853,2026-09-13,Ứng dụng di động,DV01,Phường Hoà Thuận,Khác,Thường,Đề nghị Phường Hoà Thuận thông tin rõ kế hoạch chỉnh trang khu dân cư năm tới,10,5,1,5
PA02854,2026-09-13,Cổng dịch vụ công,DV02,Phường Tân Hoà,Hạ tầng giao thông,Thường,Nắp cống trên tuyến đường liên xã qua Phường Tân Hoà bị vỡ đã hai tuần chưa ai sửa,10,9,1,
PA02855,2026-09-13,Cổng dịch vụ công,DV02,Phường Tân Hoà,Thủ tục hành chính,Khẩn,Nộp hồ sơ chứng thực tại Phường Tân Hoà hẹn 3 ngày nhưng quá 8 ngày chưa có kết quả,5,7,0,
PA02856,2026-09-13,Văn bản giấy,DV03,Phường Đông Giang,Thủ tục hành chính,Khẩn,Cán bộ một cửa Phường Đông Giang yêu cầu giấy tờ ngoài danh mục niêm yết,5,4,1,4
PA02857,2026-09-13,Văn bản giấy,DV03,Phường Đông Giang,Vệ sinh môi trường,Thường,"Xe thu gom rác ở Phường Đông Giang đổi giờ mà không báo, dân để rác ra đường cả buổi",10,11,0,
PA02858,2026-09-13,Tổng đài 1022,DV03,Phường Đông Giang,Vệ sinh môi trường,Thường,"Rác tồn đọng ở điểm tập kết gần chợ Phường Đông Giang ba ngày chưa thu gom, mùi rất nặng",10,10,1,4
PA02859,2026-09-13,Tổng đài 1022,DV03,Phường Đông Giang,Trật tự đô thị,Thường,Bãi giữ xe tự phát ở Phường Đông Giang chắn lối đi chung của khu dân cư,10,8,1,5
PA02860,2026-09-13,Cổng dịch vụ công,DV04,Phường Nam Phong,Chiếu sáng công cộng,Thường,"Ngõ vào cụm dân cư Phường Nam Phong chưa có đèn chiếu sáng, đã kiến nghị hai lần",10,2,1,
PA02861,2026-09-13,Cổng dịch vụ công,DV04,Phường Nam Phong,An sinh xã hội,Thường,"Hộ cận nghèo ở Phường Nam Phong chưa nhận được hỗ trợ đợt này, đề nghị rà soát",10,8,1,4
PA02862,2026-09-13,Cổng dịch vụ công,DV05,Xã Bình An,Thủ tục hành chính,Thường,Cán bộ một cửa Xã Bình An yêu cầu giấy tờ ngoài danh mục niêm yết,10,3,1,
PA02863,2026-09-13,Cổng dịch vụ công,DV05,Xã Bình An,Vệ sinh môi trường,Thường,"Xe thu gom rác ở Xã Bình An đổi giờ mà không báo, dân để rác ra đường cả buổi",10,1,1,
PA02864,2026-09-13,Cổng dịch vụ công,DV06,Xã Long Thành,Thủ tục hành chính,Rất khẩn,Cán bộ một cửa Xã Long Thành yêu cầu giấy tờ ngoài danh mục niêm yết,2,2,1,
PA02865,2026-09-13,Ứng dụng di động,DV06,Xã Long Thành,Cấp thoát nước,Thường,"Ống nước trước nhà văn hoá Xã Long Thành rò rỉ, nước chảy ra đường suốt ngày",10,9,1,4
PA02866,2026-09-13,Cổng dịch vụ công,DV10,Xã Thanh Sơn,Trật tự đô thị,Thường,Bãi giữ xe tự phát ở Xã Thanh Sơn chắn lối đi chung của khu dân cư,10,6,1,
PA02867,2026-09-13,Ứng dụng di động,DV10,Xã Thanh Sơn,Chiếu sáng công cộng,Khẩn,"Ba cột đèn đường ở Xã Thanh Sơn cháy bóng, ban đêm tối om rất mất an toàn",5,6,0,
PA02868,2026-09-14,Cổng dịch vụ công,DV01,Phường Hoà Thuận,Trật tự đô thị,Khẩn,Hàng quán lấn chiếm vỉa hè trước cổng trường tiểu học ở Phường Hoà Thuận giờ tan học,5,5,1,
PA02869,2026-09-14,Ứng dụng di động,DV01,Phường Hoà Thuận,Hạ tầng giao thông,Khẩn,"Cầu nhỏ bắc qua kênh ở Phường Hoà Thuận mục lan can, trẻ em đi học qua rất lo",5,2,1,
PA02870,2026-09-14,Tổng đài 1022,DV01,Phường Hoà Thuận,Hạ tầng giao thông,Thường,"Mặt đường Phường Hoà Thuận sau khi đào lắp ống nước hoàn trả không phẳng, đi rất xóc",10,8,1,
PA02871,2026-09-14,Cổng dịch vụ công,DV01,Phường Hoà Thuận,Vệ sinh môi trường,Thường,"Xe thu gom rác ở Phường Hoà Thuận đổi giờ mà không báo, dân để rác ra đường cả buổi",10,4,1,5
PA02872,2026-09-14,Cổng dịch vụ công,DV01,Phường Hoà Thuận,An sinh xã hội,Thường,"Danh sách nhận hỗ trợ ở Phường Hoà Thuận niêm yết thiếu tên, đề nghị kiểm tra lại",10,11,0,
PA02873,2026-09-14,Tổng đài 1022,DV01,Phường Hoà Thuận,Vệ sinh môi trường,Thường,"Xe thu gom rác ở Phường Hoà Thuận đổi giờ mà không báo, dân để rác ra đường cả buổi",10,1,1,
PA02874,2026-09-14,Cổng dịch vụ công,DV02,Phường Tân Hoà,Hạ tầng giao thông,Thường,Nắp cống trên tuyến đường liên xã qua Phường Tân Hoà bị vỡ đã hai tuần chưa ai sửa,10,7,1,5
PA02875,2026-09-14,Văn bản giấy,DV02,Phường Tân Hoà,Vệ sinh môi trường,Thường,"Kênh chạy qua Phường Tân Hoà nổi váng đen, nghi có cơ sở xả thải ban đêm",10,9,1,
PA02876,2026-09-14,Ứng dụng di động,DV02,Phường Tân Hoà,Trật tự đô thị,Thường,Hàng quán lấn chiếm vỉa hè trước cổng trường tiểu học ở Phường Tân Hoà giờ tan học,10,8,1,
PA02877,2026-09-14,Cổng dịch vụ công,DV03,Phường Đông Giang,Vệ sinh môi trường,Thường,"Có hộ đổ trộm xà bần ra bãi đất trống ở Phường Đông Giang, đề nghị kiểm tra",10,9,1,
PA02878,2026-09-14,Tổng đài 1022,DV03,Phường Đông Giang,Hạ tầng giao thông,Thường,"Đoạn đường trước Phường Đông Giang xuống cấp, nhiều ổ gà, xe máy tránh nhau rất nguy hiểm",10,4,1,4
PA02879,2026-09-14,Ứng dụng di động,DV07,Xã Phú Điền,Vệ sinh môi trường,Thường,"Có hộ đổ trộm xà bần ra bãi đất trống ở Xã Phú Điền, đề nghị kiểm tra",10,7,1,4
PA02880,2026-09-14,Ứng dụng di động,DV08,Xã Vĩnh Lộc,Vệ sinh môi trường,Khẩn,"Rác tồn đọng ở điểm tập kết gần chợ Xã Vĩnh Lộc ba ngày chưa thu gom, mùi rất nặng",5,5,1,
PA02881,2026-09-14,Văn bản giấy,DV08,Xã Vĩnh Lộc,Cấp thoát nước,Thường,"Ống nước trước nhà văn hoá Xã Vĩnh Lộc rò rỉ, nước chảy ra đường suốt ngày",10,8,1,
PA02882,2026-09-14,Tổng đài 1022,DV09,Xã An Cư,Cấp thoát nước,Khẩn,"Mưa là ngập cả tuyến ở Xã An Cư, cống thoát nghẹt không rút được",5,1,1,
PA02883,2026-09-14,Tổng đài 1022,DV11,Xã Mỹ Khánh,Cấp thoát nước,Thường,"Ống nước trước nhà văn hoá Xã Mỹ Khánh rò rỉ, nước chảy ra đường suốt ngày",10,12,0,3
PA02884,2026-09-14,Tổng đài 1022,DV12,Xã Hương Trà,Thủ tục hành chính,Thường,"Cổng dịch vụ công báo lỗi khi tải giấy tờ lên, gọi Xã Hương Trà không ai nghe máy",10,13,0,
PA02885,2026-09-14,Tiếp công dân,DV12,Xã Hương Trà,Hạ tầng giao thông,Thường,"Đoạn đường trước Xã Hương Trà xuống cấp, nhiều ổ gà, xe máy tránh nhau rất nguy hiểm",10,9,1,
PA02886,2026-09-15,Tiếp công dân,DV01,Phường Hoà Thuận,Cấp thoát nước,Thường,"Nước máy ở Phường Hoà Thuận mấy hôm nay có mùi lạ, đề nghị kiểm tra chất lượng",10,7,1,
PA02887,2026-09-15,Cổng dịch vụ công,DV01,Phường Hoà Thuận,Hạ tầng giao thông,Khẩn,Nắp cống trên tuyến đường liên xã qua Phường Hoà Thuận bị vỡ đã hai tuần chưa ai sửa,5,6,0,
PA02888,2026-09-15,Ứng dụng di động,DV01,Phường Hoà Thuận,Thủ tục hành chính,Thường,Nộp hồ sơ chứng thực tại Phường Hoà Thuận hẹn 3 ngày nhưng quá 8 ngày chưa có kết quả,10,7,1,
PA02889,2026-09-15,Tổng đài 1022,DV02,Phường Tân Hoà,Trật tự đô thị,Thường,Hàng quán lấn chiếm vỉa hè trước cổng trường tiểu học ở Phường Tân Hoà giờ tan học,10,6,1,
PA02890,2026-09-15,Tiếp công dân,DV02,Phường Tân Hoà,Hạ tầng giao thông,Thường,"Cầu nhỏ bắc qua kênh ở Phường Tân Hoà mục lan can, trẻ em đi học qua rất lo",10,7,1,4
PA02891,2026-09-15,Tổng đài 1022,DV04,Phường Nam Phong,Hạ tầng giao thông,Thường,"Cầu nhỏ bắc qua kênh ở Phường Nam Phong mục lan can, trẻ em đi học qua rất lo",10,4,1,4
PA02892,2026-09-15,Tổng đài 1022,DV07,Xã Phú Điền,Cấp thoát nước,Rất khẩn,"Mưa là ngập cả tuyến ở Xã Phú Điền, cống thoát nghẹt không rút được",2,3,0,2
PA02893,2026-09-15,Ứng dụng di động,DV12,Xã Hương Trà,Vệ sinh môi trường,Thường,"Rác tồn đọng ở điểm tập kết gần chợ Xã Hương Trà ba ngày chưa thu gom, mùi rất nặng",10,13,0,
PA02894,2026-09-16,Cổng dịch vụ công,DV01,Phường Hoà Thuận,Khác,Khẩn,Đề nghị Phường Hoà Thuận thông tin rõ kế hoạch chỉnh trang khu dân cư năm tới,5,3,1,
PA02895,2026-09-16,Ứng dụng di động,DV03,Phường Đông Giang,Cấp thoát nước,Thường,"Ống nước trước nhà văn hoá Phường Đông Giang rò rỉ, nước chảy ra đường suốt ngày",10,4,1,
PA02896,2026-09-16,Tiếp công dân,DV03,Phường Đông Giang,Vệ sinh môi trường,Thường,"Có hộ đổ trộm xà bần ra bãi đất trống ở Phường Đông Giang, đề nghị kiểm tra",10,10,1,
PA02897,2026-09-16,Tổng đài 1022,DV03,Phường Đông Giang,Vệ sinh môi trường,Thường,"Có hộ đổ trộm xà bần ra bãi đất trống ở Phường Đông Giang, đề nghị kiểm tra",10,6,1,5
PA02898,2026-09-16,Văn bản giấy,DV04,Phường Nam Phong,Hạ tầng giao thông,Thường,"Đoạn đường trước Phường Nam Phong xuống cấp, nhiều ổ gà, xe máy tránh nhau rất nguy hiểm",10,5,1,
PA02899,2026-09-16,Văn bản giấy,DV04,Phường Nam Phong,Chiếu sáng công cộng,Thường,"Ba cột đèn đường ở Phường Nam Phong cháy bóng, ban đêm tối om rất mất an toàn",10,1,1,
PA02900,2026-09-16,Tổng đài 1022,DV04,Phường Nam Phong,Trật tự đô thị,Thường,Xe tải trọng lớn chạy vào đường nội bộ Phường Nam Phong ngoài giờ quy định,10,3,1,5
PA02901,2026-09-16,Tiếp công dân,DV04,Phường Nam Phong,Hạ tầng giao thông,Thường,"Mặt đường Phường Nam Phong sau khi đào lắp ống nước hoàn trả không phẳng, đi rất xóc",10,9,1,
PA02902,2026-09-16,Ứng dụng di động,DV12,Xã Hương Trà,Cấp thoát nước,Thường,"Nước máy ở Xã Hương Trà mấy hôm nay có mùi lạ, đề nghị kiểm tra chất lượng",10,10,1,5
PA02903,2026-09-16,Tiếp công dân,DV12,Xã Hương Trà,Trật tự đô thị,Thường,Hàng quán lấn chiếm vỉa hè trước cổng trường tiểu học ở Xã Hương Trà giờ tan học,10,4,1,5
PA02904,2026-09-17,Tổng đài 1022,DV01,Phường Hoà Thuận,Cấp thoát nước,Khẩn,"Khu dân cư Phường Hoà Thuận mất nước từ sáng đến chiều, không thấy thông báo trước",5,4,1,
PA02905,2026-09-17,Tiếp công dân,DV02,Phường Tân Hoà,Hạ tầng giao thông,Thường,"Mặt đường Phường Tân Hoà sau khi đào lắp ống nước hoàn trả không phẳng, đi rất xóc",10,8,1,
PA02906,2026-09-17,Cổng dịch vụ công,DV02,Phường Tân Hoà,Trật tự đô thị,Thường,"Có công trình ở Phường Tân Hoà thi công sau 22 giờ gây ồn, đề nghị kiểm tra giấy phép",10,13,0,1
PA02907,2026-09-17,Tiếp công dân,DV02,Phường Tân Hoà,Vệ sinh môi trường,Thường,"Rác tồn đọng ở điểm tập kết gần chợ Phường Tân Hoà ba ngày chưa thu gom, mùi rất nặng",10,7,1,
PA02908,2026-09-17,Tổng đài 1022,DV02,Phường Tân Hoà,Chiếu sáng công cộng,Thường,"Ba cột đèn đường ở Phường Tân Hoà cháy bóng, ban đêm tối om rất mất an toàn",10,9,1,5
PA02909,2026-09-17,Tổng đài 1022,DV04,Phường Nam Phong,Vệ sinh môi trường,Thường,"Kênh chạy qua Phường Nam Phong nổi váng đen, nghi có cơ sở xả thải ban đêm",10,6,1,
PA02910,2026-09-17,Tổng đài 1022,DV04,Phường Nam Phong,Vệ sinh môi trường,Khẩn,"Có hộ đổ trộm xà bần ra bãi đất trống ở Phường Nam Phong, đề nghị kiểm tra",5,2,1,5
PA02911,2026-09-17,Văn bản giấy,DV04,Phường Nam Phong,Cấp thoát nước,Thường,"Mưa là ngập cả tuyến ở Phường Nam Phong, cống thoát nghẹt không rút được",10,10,1,5
PA02912,2026-09-17,Tổng đài 1022,DV04,Phường Nam Phong,Cấp thoát nước,Thường,"Nước máy ở Phường Nam Phong mấy hôm nay có mùi lạ, đề nghị kiểm tra chất lượng",10,11,0,
PA02913,2026-09-17,Ứng dụng di động,DV05,Xã Bình An,Trật tự đô thị,Thường,Xe tải trọng lớn chạy vào đường nội bộ Xã Bình An ngoài giờ quy định,10,4,1,3
PA02914,2026-09-17,Ứng dụng di động,DV06,Xã Long Thành,Trật tự đô thị,Thường,"Có công trình ở Xã Long Thành thi công sau 22 giờ gây ồn, đề nghị kiểm tra giấy phép",10,15,0,
PA02915,2026-09-17,Tổng đài 1022,DV08,Xã Vĩnh Lộc,Hạ tầng giao thông,Rất khẩn,"Mặt đường Xã Vĩnh Lộc sau khi đào lắp ống nước hoàn trả không phẳng, đi rất xóc",2,2,1,
PA02916,2026-09-17,Tiếp công dân,DV09,Xã An Cư,Hạ tầng giao thông,Khẩn,Nắp cống trên tuyến đường liên xã qua Xã An Cư bị vỡ đã hai tuần chưa ai sửa,5,3,1,4
PA02917,2026-09-17,Ứng dụng di động,DV10,Xã Thanh Sơn,Cấp thoát nước,Khẩn,"Nước máy ở Xã Thanh Sơn mấy hôm nay có mùi lạ, đề nghị kiểm tra chất lượng",5,4,1,
PA02918,2026-09-17,Tổng đài 1022,DV11,Xã Mỹ Khánh,Hạ tầng giao thông,Thường,"Đoạn đường trước Xã Mỹ Khánh xuống cấp, nhiều ổ gà, xe máy tránh nhau rất nguy hiểm",10,10,1,4
PA02919,2026-09-17,Văn bản giấy,DV11,Xã Mỹ Khánh,Khác,Thường,"Loa phát thanh ở Xã Mỹ Khánh phát quá sớm, ảnh hưởng người già và trẻ nhỏ",10,5,1,
PA02920,2026-09-17,Cổng dịch vụ công,DV12,Xã Hương Trà,Vệ sinh môi trường,Thường,"Kênh chạy qua Xã Hương Trà nổi váng đen, nghi có cơ sở xả thải ban đêm",10,8,1,5
PA02921,2026-09-17,Tổng đài 1022,DV12,Xã Hương Trà,Hạ tầng giao thông,Thường,"Đoạn đường trước Xã Hương Trà xuống cấp, nhiều ổ gà, xe máy tránh nhau rất nguy hiểm",10,6,1,
PA02922,2026-09-18,Ứng dụng di động,DV01,Phường Hoà Thuận,Thủ tục hành chính,Thường,Cán bộ một cửa Phường Hoà Thuận yêu cầu giấy tờ ngoài danh mục niêm yết,10,6,1,5
PA02923,2026-09-18,Ứng dụng di động,DV02,Phường Tân Hoà,Trật tự đô thị,Thường,Hàng quán lấn chiếm vỉa hè trước cổng trường tiểu học ở Phường Tân Hoà giờ tan học,10,11,0,
PA02924,2026-09-18,Tổng đài 1022,DV02,Phường Tân Hoà,Hạ tầng giao thông,Thường,"Mặt đường Phường Tân Hoà sau khi đào lắp ống nước hoàn trả không phẳng, đi rất xóc",10,12,0,
PA02925,2026-09-18,Tổng đài 1022,DV02,Phường Tân Hoà,Vệ sinh môi trường,Thường,"Xe thu gom rác ở Phường Tân Hoà đổi giờ mà không báo, dân để rác ra đường cả buổi",10,6,1,
PA02926,2026-09-18,Văn bản giấy,DV03,Phường Đông Giang,Cấp thoát nước,Thường,"Ống nước trước nhà văn hoá Phường Đông Giang rò rỉ, nước chảy ra đường suốt ngày",10,14,0,3
PA02927,2026-09-18,Tổng đài 1022,DV03,Phường Đông Giang,Cấp thoát nước,Thường,"Khu dân cư Phường Đông Giang mất nước từ sáng đến chiều, không thấy thông báo trước",10,9,1,
PA02928,2026-09-18,Tổng đài 1022,DV04,Phường Nam Phong,Vệ sinh môi trường,Khẩn,"Xe thu gom rác ở Phường Nam Phong đổi giờ mà không báo, dân để rác ra đường cả buổi",5,5,1,
PA02929,2026-09-18,Cổng dịch vụ công,DV04,Phường Nam Phong,Khác,Thường,Góp ý Phường Nam Phong mở thêm khung giờ tiếp dân vào buổi chiều thứ bảy,10,12,0,
PA02930,2026-09-18,Tổng đài 1022,DV06,Xã Long Thành,Cấp thoát nước,Thường,"Nước máy ở Xã Long Thành mấy hôm nay có mùi lạ, đề nghị kiểm tra chất lượng",10,3,1,4
PA02931,2026-09-18,Văn bản giấy,DV07,Xã Phú Điền,Chiếu sáng công cộng,Thường,"Đèn chiếu sáng khu vực Xã Phú Điền bật cả ban ngày, rất lãng phí điện",10,11,0,3
PA02932,2026-09-18,Tổng đài 1022,DV08,Xã Vĩnh Lộc,Thủ tục hành chính,Khẩn,Nộp hồ sơ chứng thực tại Xã Vĩnh Lộc hẹn 3 ngày nhưng quá 8 ngày chưa có kết quả,5,4,1,
PA02933,2026-09-18,Tổng đài 1022,DV09,Xã An Cư,Hạ tầng giao thông,Thường,"Cầu nhỏ bắc qua kênh ở Xã An Cư mục lan can, trẻ em đi học qua rất lo",10,10,1,4
PA02934,2026-09-19,Ứng dụng di động,DV02,Phường Tân Hoà,Vệ sinh môi trường,Thường,"Kênh chạy qua Phường Tân Hoà nổi váng đen, nghi có cơ sở xả thải ban đêm",10,1,1,2
PA02935,2026-09-19,Tổng đài 1022,DV02,Phường Tân Hoà,Thủ tục hành chính,Khẩn,Nộp hồ sơ chứng thực tại Phường Tân Hoà hẹn 3 ngày nhưng quá 8 ngày chưa có kết quả,5,3,1,4
PA02936,2026-09-19,Ứng dụng di động,DV02,Phường Tân Hoà,Vệ sinh môi trường,Khẩn,"Có hộ đổ trộm xà bần ra bãi đất trống ở Phường Tân Hoà, đề nghị kiểm tra",5,2,1,4
PA02937,2026-09-19,Cổng dịch vụ công,DV02,Phường Tân Hoà,Thủ tục hành chính,Thường,"Cổng dịch vụ công báo lỗi khi tải giấy tờ lên, gọi Phường Tân Hoà không ai nghe máy",10,6,1,4
PA02938,2026-09-19,Tổng đài 1022,DV02,Phường Tân Hoà,An sinh xã hội,Thường,"Hộ cận nghèo ở Phường Tân Hoà chưa nhận được hỗ trợ đợt này, đề nghị rà soát",10,10,1,3
PA02939,2026-09-19,Cổng dịch vụ công,DV03,Phường Đông Giang,Hạ tầng giao thông,Thường,Nắp cống trên tuyến đường liên xã qua Phường Đông Giang bị vỡ đã hai tuần chưa ai sửa,10,5,1,
PA02940,2026-09-19,Ứng dụng di động,DV08,Xã Vĩnh Lộc,Hạ tầng giao thông,Thường,"Đoạn đường trước Xã Vĩnh Lộc xuống cấp, nhiều ổ gà, xe máy tránh nhau rất nguy hiểm",10,4,1,
PA02941,2026-09-19,Ứng dụng di động,DV10,Xã Thanh Sơn,Thủ tục hành chính,Thường,"Cổng dịch vụ công báo lỗi khi tải giấy tờ lên, gọi Xã Thanh Sơn không ai nghe máy",10,11,0,4
PA02942,2026-09-20,Tổng đài 1022,DV01,Phường Hoà Thuận,An sinh xã hội,Thường,Người cao tuổi ở Phường Hoà Thuận chưa được hướng dẫn làm thủ tục trợ cấp,10,12,0,3
PA02943,2026-09-20,Tiếp công dân,DV02,Phường Tân Hoà,Trật tự đô thị,Thường,"Có công trình ở Phường Tân Hoà thi công sau 22 giờ gây ồn, đề nghị kiểm tra giấy phép",10,6,1,5
PA02944,2026-09-20,Cổng dịch vụ công,DV03,Phường Đông Giang,Chiếu sáng công cộng,Thường,"Ngõ vào cụm dân cư Phường Đông Giang chưa có đèn chiếu sáng, đã kiến nghị hai lần",10,8,1,
PA02945,2026-09-20,Văn bản giấy,DV03,Phường Đông Giang,Cấp thoát nước,Thường,"Nước máy ở Phường Đông Giang mấy hôm nay có mùi lạ, đề nghị kiểm tra chất lượng",10,1,1,
PA02946,2026-09-20,Cổng dịch vụ công,DV04,Phường Nam Phong,Thủ tục hành chính,Thường,Cán bộ một cửa Phường Nam Phong yêu cầu giấy tờ ngoài danh mục niêm yết,10,8,1,
PA02947,2026-09-20,Ứng dụng di động,DV04,Phường Nam Phong,Chiếu sáng công cộng,Khẩn,"Ba cột đèn đường ở Phường Nam Phong cháy bóng, ban đêm tối om rất mất an toàn",5,6,0,
PA02948,2026-09-20,Văn bản giấy,DV04,Phường Nam Phong,Chiếu sáng công cộng,Rất khẩn,"Ba cột đèn đường ở Phường Nam Phong cháy bóng, ban đêm tối om rất mất an toàn",2,2,1,
PA02949,2026-09-20,Tổng đài 1022,DV08,Xã Vĩnh Lộc,Vệ sinh môi trường,Rất khẩn,"Có hộ đổ trộm xà bần ra bãi đất trống ở Xã Vĩnh Lộc, đề nghị kiểm tra",2,1,1,
PA02950,2026-09-20,Cổng dịch vụ công,DV10,Xã Thanh Sơn,Hạ tầng giao thông,Thường,"Cầu nhỏ bắc qua kênh ở Xã Thanh Sơn mục lan can, trẻ em đi học qua rất lo",10,7,1,3
PA02951,2026-09-20,Cổng dịch vụ công,DV10,Xã Thanh Sơn,Vệ sinh môi trường,Rất khẩn,"Rác tồn đọng ở điểm tập kết gần chợ Xã Thanh Sơn ba ngày chưa thu gom, mùi rất nặng",2,1,1,5
PA02952,2026-09-20,Ứng dụng di động,DV11,Xã Mỹ Khánh,Thủ tục hành chính,Thường,Đã nộp trực tuyến nhưng Xã Mỹ Khánh vẫn yêu cầu nộp thêm bản giấy,10,7,1,
PA02953,2026-09-21,Cổng dịch vụ công,DV01,Phường Hoà Thuận,Hạ tầng giao thông,Khẩn,Nắp cống trên tuyến đường liên xã qua Phường Hoà Thuận bị vỡ đã hai tuần chưa ai sửa,5,1,1,
PA02954,2026-09-21,Ứng dụng di động,DV01,Phường Hoà Thuận,Thủ tục hành chính,Thường,Đã nộp trực tuyến nhưng Phường Hoà Thuận vẫn yêu cầu nộp thêm bản giấy,10,8,1,
PA02955,2026-09-21,Văn bản giấy,DV01,Phường Hoà Thuận,Thủ tục hành chính,Thường,"Cổng dịch vụ công báo lỗi khi tải giấy tờ lên, gọi Phường Hoà Thuận không ai nghe máy",10,13,0,
PA02956,2026-09-21,Văn bản giấy,DV02,Phường Tân Hoà,An sinh xã hội,Thường,"Danh sách nhận hỗ trợ ở Phường Tân Hoà niêm yết thiếu tên, đề nghị kiểm tra lại",10,8,1,
PA02957,2026-09-21,Tổng đài 1022,DV02,Phường Tân Hoà,Vệ sinh môi trường,Thường,"Kênh chạy qua Phường Tân Hoà nổi váng đen, nghi có cơ sở xả thải ban đêm",10,7,1,
PA02958,2026-09-21,Cổng dịch vụ công,DV02,Phường Tân Hoà,Cấp thoát nước,Thường,"Mưa là ngập cả tuyến ở Phường Tân Hoà, cống thoát nghẹt không rút được",10,4,1,
PA02959,2026-09-21,Tổng đài 1022,DV03,Phường Đông Giang,Trật tự đô thị,Thường,Bãi giữ xe tự phát ở Phường Đông Giang chắn lối đi chung của khu dân cư,10,9,1,
PA02960,2026-09-21,Tổng đài 1022,DV03,Phường Đông Giang,Vệ sinh môi trường,Thường,"Có hộ đổ trộm xà bần ra bãi đất trống ở Phường Đông Giang, đề nghị kiểm tra",10,12,0,
PA02961,2026-09-21,Cổng dịch vụ công,DV03,Phường Đông Giang,Hạ tầng giao thông,Thường,"Đoạn đường trước Phường Đông Giang xuống cấp, nhiều ổ gà, xe máy tránh nhau rất nguy hiểm",10,12,0,
PA02962,2026-09-21,Ứng dụng di động,DV04,Phường Nam Phong,Trật tự đô thị,Thường,Hàng quán lấn chiếm vỉa hè trước cổng trường tiểu học ở Phường Nam Phong giờ tan học,10,17,0,4
PA02963,2026-09-21,Tổng đài 1022,DV04,Phường Nam Phong,Hạ tầng giao thông,Rất khẩn,"Cầu nhỏ bắc qua kênh ở Phường Nam Phong mục lan can, trẻ em đi học qua rất lo",2,1,1,
PA02964,2026-09-21,Tổng đài 1022,DV04,Phường Nam Phong,An sinh xã hội,Thường,Người cao tuổi ở Phường Nam Phong chưa được hướng dẫn làm thủ tục trợ cấp,10,9,1,
PA02965,2026-09-21,Cổng dịch vụ công,DV06,Xã Long Thành,Vệ sinh môi trường,Rất khẩn,"Có hộ đổ trộm xà bần ra bãi đất trống ở Xã Long Thành, đề nghị kiểm tra",2,2,1,
PA02966,2026-09-21,Cổng dịch vụ công,DV07,Xã Phú Điền,Chiếu sáng công cộng,Thường,"Ba cột đèn đường ở Xã Phú Điền cháy bóng, ban đêm tối om rất mất an toàn",10,6,1,5
PA02967,2026-09-21,Cổng dịch vụ công,DV08,Xã Vĩnh Lộc,Vệ sinh môi trường,Thường,"Xe thu gom rác ở Xã Vĩnh Lộc đổi giờ mà không báo, dân để rác ra đường cả buổi",10,11,0,3
PA02968,2026-09-21,Cổng dịch vụ công,DV09,Xã An Cư,Hạ tầng giao thông,Thường,"Cầu nhỏ bắc qua kênh ở Xã An Cư mục lan can, trẻ em đi học qua rất lo",10,8,1,3
PA02969,2026-09-22,Tổng đài 1022,DV01,Phường Hoà Thuận,Trật tự đô thị,Thường,Xe tải trọng lớn chạy vào đường nội bộ Phường Hoà Thuận ngoài giờ quy định,10,6,1,5
PA02970,2026-09-22,Tiếp công dân,DV01,Phường Hoà Thuận,An sinh xã hội,Thường,"Danh sách nhận hỗ trợ ở Phường Hoà Thuận niêm yết thiếu tên, đề nghị kiểm tra lại",10,12,0,1
PA02971,2026-09-22,Tổng đài 1022,DV01,Phường Hoà Thuận,Hạ tầng giao thông,Thường,"Cầu nhỏ bắc qua kênh ở Phường Hoà Thuận mục lan can, trẻ em đi học qua rất lo",10,11,0,3
PA02972,2026-09-22,Văn bản giấy,DV02,Phường Tân Hoà,Cấp thoát nước,Thường,"Ống nước trước nhà văn hoá Phường Tân Hoà rò rỉ, nước chảy ra đường suốt ngày",10,12,0,
PA02973,2026-09-22,Ứng dụng di động,DV02,Phường Tân Hoà,Khác,Thường,Đề nghị Phường Tân Hoà thông tin rõ kế hoạch chỉnh trang khu dân cư năm tới,10,4,1,
PA02974,2026-09-22,Tổng đài 1022,DV02,Phường Tân Hoà,Vệ sinh môi trường,Khẩn,"Xe thu gom rác ở Phường Tân Hoà đổi giờ mà không báo, dân để rác ra đường cả buổi",5,4,1,3
PA02975,2026-09-22,Cổng dịch vụ công,DV02,Phường Tân Hoà,Chiếu sáng công cộng,Khẩn,"Ba cột đèn đường ở Phường Tân Hoà cháy bóng, ban đêm tối om rất mất an toàn",5,9,0,
PA02976,2026-09-22,Ứng dụng di động,DV02,Phường Tân Hoà,Khác,Thường,Đề nghị Phường Tân Hoà thông tin rõ kế hoạch chỉnh trang khu dân cư năm tới,10,8,1,
PA02977,2026-09-22,Ứng dụng di động,DV05,Xã Bình An,Trật tự đô thị,Thường,Hàng quán lấn chiếm vỉa hè trước cổng trường tiểu học ở Xã Bình An giờ tan học,10,13,0,2
PA02978,2026-09-22,Tổng đài 1022,DV06,Xã Long Thành,Trật tự đô thị,Thường,Xe tải trọng lớn chạy vào đường nội bộ Xã Long Thành ngoài giờ quy định,10,12,0,
PA02979,2026-09-22,Ứng dụng di động,DV09,Xã An Cư,Thủ tục hành chính,Khẩn,Đã nộp trực tuyến nhưng Xã An Cư vẫn yêu cầu nộp thêm bản giấy,5,4,1,
PA02980,2026-09-23,Cổng dịch vụ công,DV01,Phường Hoà Thuận,Vệ sinh môi trường,Khẩn,"Có hộ đổ trộm xà bần ra bãi đất trống ở Phường Hoà Thuận, đề nghị kiểm tra",5,1,1,4
PA02981,2026-09-23,Cổng dịch vụ công,DV01,Phường Hoà Thuận,Cấp thoát nước,Thường,"Khu dân cư Phường Hoà Thuận mất nước từ sáng đến chiều, không thấy thông báo trước",10,5,1,
PA02982,2026-09-23,Văn bản giấy,DV01,Phường Hoà Thuận,Khác,Thường,Góp ý Phường Hoà Thuận mở thêm khung giờ tiếp dân vào buổi chiều thứ bảy,10,8,1,
PA02983,2026-09-23,Tổng đài 1022,DV04,Phường Nam Phong,Trật tự đô thị,Thường,Bãi giữ xe tự phát ở Phường Nam Phong chắn lối đi chung của khu dân cư,10,7,1,5
PA02984,2026-09-23,Tổng đài 1022,DV06,Xã Long Thành,Vệ sinh môi trường,Thường,"Rác tồn đọng ở điểm tập kết gần chợ Xã Long Thành ba ngày chưa thu gom, mùi rất nặng",10,9,1,5
PA02985,2026-09-23,Tổng đài 1022,DV06,Xã Long Thành,Trật tự đô thị,Thường,Xe tải trọng lớn chạy vào đường nội bộ Xã Long Thành ngoài giờ quy định,10,9,1,
PA02986,2026-09-23,Tổng đài 1022,DV12,Xã Hương Trà,Chiếu sáng công cộng,Thường,"Đèn chiếu sáng khu vực Xã Hương Trà bật cả ban ngày, rất lãng phí điện",10,8,1,
PA02987,2026-09-24,Tổng đài 1022,DV01,Phường Hoà Thuận,Trật tự đô thị,Thường,Xe tải trọng lớn chạy vào đường nội bộ Phường Hoà Thuận ngoài giờ quy định,10,9,1,3
PA02988,2026-09-24,Văn bản giấy,DV01,Phường Hoà Thuận,Thủ tục hành chính,Thường,Đã nộp trực tuyến nhưng Phường Hoà Thuận vẫn yêu cầu nộp thêm bản giấy,10,5,1,5
PA02989,2026-09-24,Ứng dụng di động,DV02,Phường Tân Hoà,Hạ tầng giao thông,Thường,"Cầu nhỏ bắc qua kênh ở Phường Tân Hoà mục lan can, trẻ em đi học qua rất lo",10,7,1,5
PA02990,2026-09-24,Ứng dụng di động,DV03,Phường Đông Giang,Cấp thoát nước,Thường,"Ống nước trước nhà văn hoá Phường Đông Giang rò rỉ, nước chảy ra đường suốt ngày",10,5,1,
PA02991,2026-09-24,Cổng dịch vụ công,DV03,Phường Đông Giang,Hạ tầng giao thông,Thường,Nắp cống trên tuyến đường liên xã qua Phường Đông Giang bị vỡ đã hai tuần chưa ai sửa,10,10,1,5
PA02992,2026-09-24,Tổng đài 1022,DV03,Phường Đông Giang,Chiếu sáng công cộng,Thường,"Ba cột đèn đường ở Phường Đông Giang cháy bóng, ban đêm tối om rất mất an toàn",10,6,1,
PA02993,2026-09-24,Tổng đài 1022,DV04,Phường Nam Phong,Hạ tầng giao thông,Thường,"Đoạn đường trước Phường Nam Phong xuống cấp, nhiều ổ gà, xe máy tránh nhau rất nguy hiểm",10,9,1,
PA02994,2026-09-24,Tổng đài 1022,DV12,Xã Hương Trà,Chiếu sáng công cộng,Thường,"Ngõ vào cụm dân cư Xã Hương Trà chưa có đèn chiếu sáng, đã kiến nghị hai lần",10,29,0,4
PA02995,2026-09-24,Ứng dụng di động,DV12,Xã Hương Trà,Vệ sinh môi trường,Thường,"Xe thu gom rác ở Xã Hương Trà đổi giờ mà không báo, dân để rác ra đường cả buổi",10,10,1,5
PA02996,2026-09-25,Tổng đài 1022,DV01,Phường Hoà Thuận,Cấp thoát nước,Khẩn,"Ống nước trước nhà văn hoá Phường Hoà Thuận rò rỉ, nước chảy ra đường suốt ngày",5,2,1,
PA02997,2026-09-25,Tiếp công dân,DV01,Phường Hoà Thuận,Cấp thoát nước,Thường,"Khu dân cư Phường Hoà Thuận mất nước từ sáng đến chiều, không thấy thông báo trước",10,5,1,5
PA02998,2026-09-25,Tổng đài 1022,DV02,Phường Tân Hoà,Hạ tầng giao thông,Thường,Nắp cống trên tuyến đường liên xã qua Phường Tân Hoà bị vỡ đã hai tuần chưa ai sửa,10,6,1,4
PA02999,2026-09-25,Ứng dụng di động,DV02,Phường Tân Hoà,Cấp thoát nước,Thường,"Nước máy ở Phường Tân Hoà mấy hôm nay có mùi lạ, đề nghị kiểm tra chất lượng",10,10,1,4
PA03000,2026-09-25,Văn bản giấy,DV03,Phường Đông Giang,Vệ sinh môi trường,Thường,"Xe thu gom rác ở Phường Đông Giang đổi giờ mà không báo, dân để rác ra đường cả buổi",10,8,1,
PA03001,2026-09-25,Tổng đài 1022,DV03,Phường Đông Giang,Hạ tầng giao thông,Thường,Nắp cống trên tuyến đường liên xã qua Phường Đông Giang bị vỡ đã hai tuần chưa ai sửa,10,4,1,
PA03002,2026-09-25,Tổng đài 1022,DV03,Phường Đông Giang,Cấp thoát nước,Thường,"Khu dân cư Phường Đông Giang mất nước từ sáng đến chiều, không thấy thông báo trước",10,10,1,
PA03003,2026-09-25,Tổng đài 1022,DV04,Phường Nam Phong,Hạ tầng giao thông,Thường,"Mặt đường Phường Nam Phong sau khi đào lắp ống nước hoàn trả không phẳng, đi rất xóc",10,7,1,
PA03004,2026-09-25,Văn bản giấy,DV04,Phường Nam Phong,Hạ tầng giao thông,Thường,"Mặt đường Phường Nam Phong sau khi đào lắp ống nước hoàn trả không phẳng, đi rất xóc",10,8,1,
PA03005,2026-09-25,Ứng dụng di động,DV04,Phường Nam Phong,Vệ sinh môi trường,Rất khẩn,"Có hộ đổ trộm xà bần ra bãi đất trống ở Phường Nam Phong, đề nghị kiểm tra",2,2,1,4
PA03006,2026-09-25,Tổng đài 1022,DV04,Phường Nam Phong,Trật tự đô thị,Thường,"Có công trình ở Phường Nam Phong thi công sau 22 giờ gây ồn, đề nghị kiểm tra giấy phép",10,7,1,
PA03007,2026-09-25,Cổng dịch vụ công,DV04,Phường Nam Phong,Trật tự đô thị,Thường,"Có công trình ở Phường Nam Phong thi công sau 22 giờ gây ồn, đề nghị kiểm tra giấy phép",10,10,1,
PA03008,2026-09-25,Tiếp công dân,DV07,Xã Phú Điền,Chiếu sáng công cộng,Thường,"Ngõ vào cụm dân cư Xã Phú Điền chưa có đèn chiếu sáng, đã kiến nghị hai lần",10,12,0,
PA03009,2026-09-25,Tổng đài 1022,DV07,Xã Phú Điền,Hạ tầng giao thông,Thường,"Mặt đường Xã Phú Điền sau khi đào lắp ống nước hoàn trả không phẳng, đi rất xóc",10,12,0,
PA03010,2026-09-25,Tổng đài 1022,DV08,Xã Vĩnh Lộc,Vệ sinh môi trường,Thường,"Rác tồn đọng ở điểm tập kết gần chợ Xã Vĩnh Lộc ba ngày chưa thu gom, mùi rất nặng",10,7,1,
PA03011,2026-09-25,Văn bản giấy,DV11,Xã Mỹ Khánh,Cấp thoát nước,Thường,"Mưa là ngập cả tuyến ở Xã Mỹ Khánh, cống thoát nghẹt không rút được",10,8,1,
PA03012,2026-09-26,Cổng dịch vụ công,DV01,Phường Hoà Thuận,Vệ sinh môi trường,Thường,"Rác tồn đọng ở điểm tập kết gần chợ Phường Hoà Thuận ba ngày chưa thu gom, mùi rất nặng",10,13,0,
PA03013,2026-09-26,Tiếp công dân,DV01,Phường Hoà Thuận,Hạ tầng giao thông,Thường,Nắp cống trên tuyến đường liên xã qua Phường Hoà Thuận bị vỡ đã hai tuần chưa ai sửa,10,5,1,5
PA03014,2026-09-26,Tổng đài 1022,DV01,Phường Hoà Thuận,Hạ tầng giao thông,Thường,"Đoạn đường trước Phường Hoà Thuận xuống cấp, nhiều ổ gà, xe máy tránh nhau rất nguy hiểm",10,10,1,3
PA03015,2026-09-26,Ứng dụng di động,DV01,Phường Hoà Thuận,Chiếu sáng công cộng,Thường,"Đèn chiếu sáng khu vực Phường Hoà Thuận bật cả ban ngày, rất lãng phí điện",10,9,1,
PA03016,2026-09-26,Tổng đài 1022,DV01,Phường Hoà Thuận,Vệ sinh môi trường,Thường,"Kênh chạy qua Phường Hoà Thuận nổi váng đen, nghi có cơ sở xả thải ban đêm",10,7,1,
PA03017,2026-09-26,Cổng dịch vụ công,DV02,Phường Tân Hoà,Hạ tầng giao thông,Thường,"Cầu nhỏ bắc qua kênh ở Phường Tân Hoà mục lan can, trẻ em đi học qua rất lo",10,6,1,5
PA03018,2026-09-26,Cổng dịch vụ công,DV02,Phường Tân Hoà,Thủ tục hành chính,Khẩn,Đã nộp trực tuyến nhưng Phường Tân Hoà vẫn yêu cầu nộp thêm bản giấy,5,5,1,5
PA03019,2026-09-26,Tổng đài 1022,DV02,Phường Tân Hoà,An sinh xã hội,Thường,"Danh sách nhận hỗ trợ ở Phường Tân Hoà niêm yết thiếu tên, đề nghị kiểm tra lại",10,8,1,4
PA03020,2026-09-26,Tổng đài 1022,DV03,Phường Đông Giang,Cấp thoát nước,Thường,"Ống nước trước nhà văn hoá Phường Đông Giang rò rỉ, nước chảy ra đường suốt ngày",10,7,1,
PA03021,2026-09-26,Tổng đài 1022,DV03,Phường Đông Giang,Trật tự đô thị,Thường,Xe tải trọng lớn chạy vào đường nội bộ Phường Đông Giang ngoài giờ quy định,10,6,1,
PA03022,2026-09-26,Tổng đài 1022,DV03,Phường Đông Giang,Hạ tầng giao thông,Thường,"Cầu nhỏ bắc qua kênh ở Phường Đông Giang mục lan can, trẻ em đi học qua rất lo",10,11,0,
PA03023,2026-09-26,Tổng đài 1022,DV04,Phường Nam Phong,Chiếu sáng công cộng,Thường,"Ba cột đèn đường ở Phường Nam Phong cháy bóng, ban đêm tối om rất mất an toàn",10,7,1,5
PA03024,2026-09-26,Tổng đài 1022,DV04,Phường Nam Phong,Cấp thoát nước,Thường,"Nước máy ở Phường Nam Phong mấy hôm nay có mùi lạ, đề nghị kiểm tra chất lượng",10,9,1,
PA03025,2026-09-26,Văn bản giấy,DV04,Phường Nam Phong,An sinh xã hội,Thường,"Danh sách nhận hỗ trợ ở Phường Nam Phong niêm yết thiếu tên, đề nghị kiểm tra lại",10,4,1,5
PA03026,2026-09-26,Cổng dịch vụ công,DV05,Xã Bình An,Chiếu sáng công cộng,Thường,"Đèn chiếu sáng khu vực Xã Bình An bật cả ban ngày, rất lãng phí điện",10,11,0,2
PA03027,2026-09-26,Ứng dụng di động,DV06,Xã Long Thành,Thủ tục hành chính,Khẩn,Cán bộ một cửa Xã Long Thành yêu cầu giấy tờ ngoài danh mục niêm yết,5,4,1,5
PA03028,2026-09-26,Cổng dịch vụ công,DV09,Xã An Cư,Trật tự đô thị,Thường,Hàng quán lấn chiếm vỉa hè trước cổng trường tiểu học ở Xã An Cư giờ tan học,10,12,0,2
PA03029,2026-09-26,Cổng dịch vụ công,DV10,Xã Thanh Sơn,An sinh xã hội,Thường,"Danh sách nhận hỗ trợ ở Xã Thanh Sơn niêm yết thiếu tên, đề nghị kiểm tra lại",10,11,0,
PA03030,2026-09-27,Ứng dụng di động,DV01,Phường Hoà Thuận,Cấp thoát nước,Thường,"Ống nước trước nhà văn hoá Phường Hoà Thuận rò rỉ, nước chảy ra đường suốt ngày",10,1,1,
PA03031,2026-09-27,Tổng đài 1022,DV02,Phường Tân Hoà,Thủ tục hành chính,Thường,Đã nộp trực tuyến nhưng Phường Tân Hoà vẫn yêu cầu nộp thêm bản giấy,10,12,0,2
PA03032,2026-09-27,Ứng dụng di động,DV03,Phường Đông Giang,Khác,Thường,Đề nghị Phường Đông Giang thông tin rõ kế hoạch chỉnh trang khu dân cư năm tới,10,3,1,5
PA03033,2026-09-27,Tổng đài 1022,DV03,Phường Đông Giang,Hạ tầng giao thông,Khẩn,"Cầu nhỏ bắc qua kênh ở Phường Đông Giang mục lan can, trẻ em đi học qua rất lo",5,2,1,
PA03034,2026-09-27,Cổng dịch vụ công,DV04,Phường Nam Phong,Vệ sinh môi trường,Thường,"Có hộ đổ trộm xà bần ra bãi đất trống ở Phường Nam Phong, đề nghị kiểm tra",10,4,1,4
PA03035,2026-09-27,Ứng dụng di động,DV05,Xã Bình An,Khác,Khẩn,Đề nghị Xã Bình An thông tin rõ kế hoạch chỉnh trang khu dân cư năm tới,5,6,0,
PA03036,2026-09-27,Văn bản giấy,DV05,Xã Bình An,Hạ tầng giao thông,Thường,"Đoạn đường trước Xã Bình An xuống cấp, nhiều ổ gà, xe máy tránh nhau rất nguy hiểm",10,5,1,
PA03037,2026-09-27,Ứng dụng di động,DV05,Xã Bình An,Thủ tục hành chính,Thường,Cán bộ một cửa Xã Bình An yêu cầu giấy tờ ngoài danh mục niêm yết,10,11,0,3
PA03038,2026-09-27,Cổng dịch vụ công,DV09,Xã An Cư,Cấp thoát nước,Thường,"Khu dân cư Xã An Cư mất nước từ sáng đến chiều, không thấy thông báo trước",10,10,1,
PA03039,2026-09-27,Ứng dụng di động,DV11,Xã Mỹ Khánh,Hạ tầng giao thông,Khẩn,"Mặt đường Xã Mỹ Khánh sau khi đào lắp ống nước hoàn trả không phẳng, đi rất xóc",5,4,1,5
PA03040,2026-09-28,Tổng đài 1022,DV01,Phường Hoà Thuận,Vệ sinh môi trường,Thường,"Kênh chạy qua Phường Hoà Thuận nổi váng đen, nghi có cơ sở xả thải ban đêm",10,6,1,4
PA03041,2026-09-28,Ứng dụng di động,DV01,Phường Hoà Thuận,Cấp thoát nước,Thường,"Khu dân cư Phường Hoà Thuận mất nước từ sáng đến chiều, không thấy thông báo trước",10,11,0,
PA03042,2026-09-28,Tổng đài 1022,DV01,Phường Hoà Thuận,Cấp thoát nước,Khẩn,"Ống nước trước nhà văn hoá Phường Hoà Thuận rò rỉ, nước chảy ra đường suốt ngày",5,7,0,
PA03043,2026-09-28,Tổng đài 1022,DV01,Phường Hoà Thuận,Hạ tầng giao thông,Thường,"Mặt đường Phường Hoà Thuận sau khi đào lắp ống nước hoàn trả không phẳng, đi rất xóc",10,8,1,
PA03044,2026-09-28,Tổng đài 1022,DV04,Phường Nam Phong,Trật tự đô thị,Thường,"Có công trình ở Phường Nam Phong thi công sau 22 giờ gây ồn, đề nghị kiểm tra giấy phép",10,7,1,5
PA03045,2026-09-28,Ứng dụng di động,DV04,Phường Nam Phong,Chiếu sáng công cộng,Rất khẩn,"Ba cột đèn đường ở Phường Nam Phong cháy bóng, ban đêm tối om rất mất an toàn",2,1,1,
PA03046,2026-09-28,Văn bản giấy,DV10,Xã Thanh Sơn,Hạ tầng giao thông,Thường,"Mặt đường Xã Thanh Sơn sau khi đào lắp ống nước hoàn trả không phẳng, đi rất xóc",10,3,1,4
PA03047,2026-09-28,Tiếp công dân,DV10,Xã Thanh Sơn,Thủ tục hành chính,Thường,Đã nộp trực tuyến nhưng Xã Thanh Sơn vẫn yêu cầu nộp thêm bản giấy,10,12,0,
PA03048,2026-09-28,Tổng đài 1022,DV11,Xã Mỹ Khánh,Vệ sinh môi trường,Thường,"Có hộ đổ trộm xà bần ra bãi đất trống ở Xã Mỹ Khánh, đề nghị kiểm tra",10,14,0,
PA03049,2026-09-28,Tổng đài 1022,DV12,Xã Hương Trà,Vệ sinh môi trường,Thường,"Có hộ đổ trộm xà bần ra bãi đất trống ở Xã Hương Trà, đề nghị kiểm tra",10,3,1,
PA03050,2026-09-29,Văn bản giấy,DV01,Phường Hoà Thuận,Cấp thoát nước,Thường,"Nước máy ở Phường Hoà Thuận mấy hôm nay có mùi lạ, đề nghị kiểm tra chất lượng",10,4,1,4
PA03051,2026-09-29,Ứng dụng di động,DV02,Phường Tân Hoà,Cấp thoát nước,Thường,"Khu dân cư Phường Tân Hoà mất nước từ sáng đến chiều, không thấy thông báo trước",10,3,1,5
PA03052,2026-09-29,Tổng đài 1022,DV02,Phường Tân Hoà,Vệ sinh môi trường,Thường,"Rác tồn đọng ở điểm tập kết gần chợ Phường Tân Hoà ba ngày chưa thu gom, mùi rất nặng",10,3,1,4
PA03053,2026-09-29,Ứng dụng di động,DV03,Phường Đông Giang,Trật tự đô thị,Thường,Hàng quán lấn chiếm vỉa hè trước cổng trường tiểu học ở Phường Đông Giang giờ tan học,10,11,0,
PA03054,2026-09-29,Tổng đài 1022,DV03,Phường Đông Giang,Thủ tục hành chính,Thường,Cán bộ một cửa Phường Đông Giang yêu cầu giấy tờ ngoài danh mục niêm yết,10,10,1,4
PA03055,2026-09-29,Cổng dịch vụ công,DV03,Phường Đông Giang,Chiếu sáng công cộng,Thường,"Ba cột đèn đường ở Phường Đông Giang cháy bóng, ban đêm tối om rất mất an toàn",10,12,0,1
PA03056,2026-09-29,Tổng đài 1022,DV03,Phường Đông Giang,Vệ sinh môi trường,Thường,"Kênh chạy qua Phường Đông Giang nổi váng đen, nghi có cơ sở xả thải ban đêm",10,4,1,
PA03057,2026-09-29,Cổng dịch vụ công,DV04,Phường Nam Phong,Trật tự đô thị,Thường,"Có công trình ở Phường Nam Phong thi công sau 22 giờ gây ồn, đề nghị kiểm tra giấy phép",10,14,0,3
PA03058,2026-09-29,Cổng dịch vụ công,DV05,Xã Bình An,Cấp thoát nước,Thường,"Ống nước trước nhà văn hoá Xã Bình An rò rỉ, nước chảy ra đường suốt ngày",10,12,0,
PA03059,2026-09-29,Tổng đài 1022,DV07,Xã Phú Điền,Khác,Khẩn,"Loa phát thanh ở Xã Phú Điền phát quá sớm, ảnh hưởng người già và trẻ nhỏ",5,4,1,
PA03060,2026-09-30,Cổng dịch vụ công,DV01,Phường Hoà Thuận,Cấp thoát nước,Thường,"Khu dân cư Phường Hoà Thuận mất nước từ sáng đến chiều, không thấy thông báo trước",10,5,1,
PA03061,2026-09-30,Cổng dịch vụ công,DV01,Phường Hoà Thuận,Hạ tầng giao thông,Thường,"Mặt đường Phường Hoà Thuận sau khi đào lắp ống nước hoàn trả không phẳng, đi rất xóc",10,4,1,
PA03062,2026-09-30,Tiếp công dân,DV01,Phường Hoà Thuận,Khác,Thường,Góp ý Phường Hoà Thuận mở thêm khung giờ tiếp dân vào buổi chiều thứ bảy,10,6,1,4
PA03063,2026-09-30,Tổng đài 1022,DV01,Phường Hoà Thuận,Thủ tục hành chính,Rất khẩn,Nộp hồ sơ chứng thực tại Phường Hoà Thuận hẹn 3 ngày nhưng quá 8 ngày chưa có kết quả,2,1,1,4
PA03064,2026-09-30,Văn bản giấy,DV02,Phường Tân Hoà,Vệ sinh môi trường,Thường,"Có hộ đổ trộm xà bần ra bãi đất trống ở Phường Tân Hoà, đề nghị kiểm tra",10,15,0,
PA03065,2026-09-30,Tổng đài 1022,DV02,Phường Tân Hoà,Cấp thoát nước,Thường,"Nước máy ở Phường Tân Hoà mấy hôm nay có mùi lạ, đề nghị kiểm tra chất lượng",10,7,1,4
PA03066,2026-09-30,Cổng dịch vụ công,DV02,Phường Tân Hoà,Trật tự đô thị,Thường,Bãi giữ xe tự phát ở Phường Tân Hoà chắn lối đi chung của khu dân cư,10,6,1,
PA03067,2026-09-30,Cổng dịch vụ công,DV03,Phường Đông Giang,Khác,Khẩn,Góp ý Phường Đông Giang mở thêm khung giờ tiếp dân vào buổi chiều thứ bảy,5,1,1,5
PA03068,2026-09-30,Tiếp công dân,DV03,Phường Đông Giang,Khác,Thường,Đề nghị Phường Đông Giang thông tin rõ kế hoạch chỉnh trang khu dân cư năm tới,10,7,1,
PA03069,2026-09-30,Tổng đài 1022,DV03,Phường Đông Giang,Hạ tầng giao thông,Thường,"Đoạn đường trước Phường Đông Giang xuống cấp, nhiều ổ gà, xe máy tránh nhau rất nguy hiểm",10,12,0,
PA03070,2026-09-30,Cổng dịch vụ công,DV04,Phường Nam Phong,Vệ sinh môi trường,Thường,"Rác tồn đọng ở điểm tập kết gần chợ Phường Nam Phong ba ngày chưa thu gom, mùi rất nặng",10,8,1,
PA03071,2026-09-30,Ứng dụng di động,DV06,Xã Long Thành,Thủ tục hành chính,Khẩn,Cán bộ một cửa Xã Long Thành yêu cầu giấy tờ ngoài danh mục niêm yết,5,6,0,5
PA03072,2026-09-30,Tổng đài 1022,DV09,Xã An Cư,Cấp thoát nước,Thường,"Khu dân cư Xã An Cư mất nước từ sáng đến chiều, không thấy thông báo trước",10,14,0,
PA03073,2026-09-30,Văn bản giấy,DV10,Xã Thanh Sơn,Trật tự đô thị,Thường,"Có công trình ở Xã Thanh Sơn thi công sau 22 giờ gây ồn, đề nghị kiểm tra giấy phép",10,10,1,
PA03074,2026-10-01,Tiếp công dân,DV02,Phường Tân Hoà,Chiếu sáng công cộng,Thường,"Đèn chiếu sáng khu vực Phường Tân Hoà bật cả ban ngày, rất lãng phí điện",10,2,1,4
PA03075,2026-10-01,Ứng dụng di động,DV02,Phường Tân Hoà,Khác,Khẩn,Góp ý Phường Tân Hoà mở thêm khung giờ tiếp dân vào buổi chiều thứ bảy,5,1,1,
PA03076,2026-10-01,Văn bản giấy,DV02,Phường Tân Hoà,Thủ tục hành chính,Thường,Nộp hồ sơ chứng thực tại Phường Tân Hoà hẹn 3 ngày nhưng quá 8 ngày chưa có kết quả,10,8,1,
PA03077,2026-10-01,Cổng dịch vụ công,DV02,Phường Tân Hoà,Cấp thoát nước,Khẩn,"Khu dân cư Phường Tân Hoà mất nước từ sáng đến chiều, không thấy thông báo trước",5,1,1,
PA03078,2026-10-01,Tổng đài 1022,DV04,Phường Nam Phong,Thủ tục hành chính,Thường,"Cổng dịch vụ công báo lỗi khi tải giấy tờ lên, gọi Phường Nam Phong không ai nghe máy",10,10,1,5
PA03079,2026-10-01,Ứng dụng di động,DV05,Xã Bình An,Thủ tục hành chính,Thường,"Cổng dịch vụ công báo lỗi khi tải giấy tờ lên, gọi Xã Bình An không ai nghe máy",10,8,1,
PA03080,2026-10-01,Tiếp công dân,DV05,Xã Bình An,Hạ tầng giao thông,Thường,Nắp cống trên tuyến đường liên xã qua Xã Bình An bị vỡ đã hai tuần chưa ai sửa,10,8,1,
PA03081,2026-10-01,Tổng đài 1022,DV05,Xã Bình An,Vệ sinh môi trường,Thường,"Kênh chạy qua Xã Bình An nổi váng đen, nghi có cơ sở xả thải ban đêm",10,8,1,5
PA03082,2026-10-01,Tổng đài 1022,DV06,Xã Long Thành,Khác,Thường,Góp ý Xã Long Thành mở thêm khung giờ tiếp dân vào buổi chiều thứ bảy,10,12,0,3
PA03083,2026-10-01,Ứng dụng di động,DV09,Xã An Cư,Khác,Khẩn,Đề nghị Xã An Cư thông tin rõ kế hoạch chỉnh trang khu dân cư năm tới,5,7,0,
PA03084,2026-10-01,Cổng dịch vụ công,DV09,Xã An Cư,An sinh xã hội,Thường,"Hộ cận nghèo ở Xã An Cư chưa nhận được hỗ trợ đợt này, đề nghị rà soát",10,11,0,
PA03085,2026-10-01,Tổng đài 1022,DV10,Xã Thanh Sơn,Chiếu sáng công cộng,Thường,"Ngõ vào cụm dân cư Xã Thanh Sơn chưa có đèn chiếu sáng, đã kiến nghị hai lần",10,11,0,
PA03086,2026-10-01,Cổng dịch vụ công,DV11,Xã Mỹ Khánh,Trật tự đô thị,Khẩn,"Có công trình ở Xã Mỹ Khánh thi công sau 22 giờ gây ồn, đề nghị kiểm tra giấy phép",5,2,1,
PA03087,2026-10-02,Tổng đài 1022,DV01,Phường Hoà Thuận,An sinh xã hội,Thường,Người cao tuổi ở Phường Hoà Thuận chưa được hướng dẫn làm thủ tục trợ cấp,10,7,1,2
PA03088,2026-10-02,Tổng đài 1022,DV01,Phường Hoà Thuận,An sinh xã hội,Khẩn,Người cao tuổi ở Phường Hoà Thuận chưa được hướng dẫn làm thủ tục trợ cấp,5,3,1,
PA03089,2026-10-02,Tổng đài 1022,DV02,Phường Tân Hoà,Hạ tầng giao thông,Thường,"Đoạn đường trước Phường Tân Hoà xuống cấp, nhiều ổ gà, xe máy tránh nhau rất nguy hiểm",10,12,0,
PA03090,2026-10-02,Văn bản giấy,DV02,Phường Tân Hoà,Hạ tầng giao thông,Khẩn,"Cầu nhỏ bắc qua kênh ở Phường Tân Hoà mục lan can, trẻ em đi học qua rất lo",5,2,1,5
PA03091,2026-10-02,Tổng đài 1022,DV03,Phường Đông Giang,An sinh xã hội,Khẩn,"Danh sách nhận hỗ trợ ở Phường Đông Giang niêm yết thiếu tên, đề nghị kiểm tra lại",5,4,1,
PA03092,2026-10-02,Cổng dịch vụ công,DV03,Phường Đông Giang,Chiếu sáng công cộng,Thường,"Đèn chiếu sáng khu vực Phường Đông Giang bật cả ban ngày, rất lãng phí điện",10,10,1,4
PA03093,2026-10-02,Ứng dụng di động,DV04,Phường Nam Phong,Khác,Khẩn,Đề nghị Phường Nam Phong thông tin rõ kế hoạch chỉnh trang khu dân cư năm tới,5,8,0,3
PA03094,2026-10-02,Cổng dịch vụ công,DV04,Phường Nam Phong,Hạ tầng giao thông,Thường,Nắp cống trên tuyến đường liên xã qua Phường Nam Phong bị vỡ đã hai tuần chưa ai sửa,10,7,1,
PA03095,2026-10-02,Tổng đài 1022,DV04,Phường Nam Phong,Trật tự đô thị,Thường,Xe tải trọng lớn chạy vào đường nội bộ Phường Nam Phong ngoài giờ quy định,10,10,1,5
PA03096,2026-10-02,Tổng đài 1022,DV06,Xã Long Thành,Cấp thoát nước,Thường,"Ống nước trước nhà văn hoá Xã Long Thành rò rỉ, nước chảy ra đường suốt ngày",10,6,1,
PA03097,2026-10-02,Cổng dịch vụ công,DV06,Xã Long Thành,Vệ sinh môi trường,Rất khẩn,"Có hộ đổ trộm xà bần ra bãi đất trống ở Xã Long Thành, đề nghị kiểm tra",2,1,1,
PA03098,2026-10-02,Ứng dụng di động,DV09,Xã An Cư,Thủ tục hành chính,Thường,"Cổng dịch vụ công báo lỗi khi tải giấy tờ lên, gọi Xã An Cư không ai nghe máy",10,11,0,2
PA03099,2026-10-02,Cổng dịch vụ công,DV11,Xã Mỹ Khánh,Vệ sinh môi trường,Thường,"Xe thu gom rác ở Xã Mỹ Khánh đổi giờ mà không báo, dân để rác ra đường cả buổi",10,6,1,
PA03100,2026-10-03,Ứng dụng di động,DV01,Phường Hoà Thuận,Cấp thoát nước,Thường,"Ống nước trước nhà văn hoá Phường Hoà Thuận rò rỉ, nước chảy ra đường suốt ngày",10,1,1,5
PA03101,2026-10-03,Ứng dụng di động,DV01,Phường Hoà Thuận,Hạ tầng giao thông,Thường,"Cầu nhỏ bắc qua kênh ở Phường Hoà Thuận mục lan can, trẻ em đi học qua rất lo",10,4,1,4
PA03102,2026-10-03,Cổng dịch vụ công,DV02,Phường Tân Hoà,Vệ sinh môi trường,Khẩn,"Có hộ đổ trộm xà bần ra bãi đất trống ở Phường Tân Hoà, đề nghị kiểm tra",5,3,1,
PA03103,2026-10-03,Cổng dịch vụ công,DV04,Phường Nam Phong,Trật tự đô thị,Thường,Hàng quán lấn chiếm vỉa hè trước cổng trường tiểu học ở Phường Nam Phong giờ tan học,10,12,0,
PA03104,2026-10-03,Ứng dụng di động,DV06,Xã Long Thành,Trật tự đô thị,Khẩn,Hàng quán lấn chiếm vỉa hè trước cổng trường tiểu học ở Xã Long Thành giờ tan học,5,6,0,3
PA03105,2026-10-03,Cổng dịch vụ công,DV07,Xã Phú Điền,An sinh xã hội,Khẩn,"Danh sách nhận hỗ trợ ở Xã Phú Điền niêm yết thiếu tên, đề nghị kiểm tra lại",5,7,0,
PA03106,2026-10-03,Tổng đài 1022,DV08,Xã Vĩnh Lộc,Chiếu sáng công cộng,Thường,"Ba cột đèn đường ở Xã Vĩnh Lộc cháy bóng, ban đêm tối om rất mất an toàn",10,13,0,5
PA03107,2026-10-03,Cổng dịch vụ công,DV09,Xã An Cư,Hạ tầng giao thông,Thường,"Đoạn đường trước Xã An Cư xuống cấp, nhiều ổ gà, xe máy tránh nhau rất nguy hiểm",10,7,1,
PA03108,2026-10-04,Tổng đài 1022,DV01,Phường Hoà Thuận,Cấp thoát nước,Thường,"Ống nước trước nhà văn hoá Phường Hoà Thuận rò rỉ, nước chảy ra đường suốt ngày",10,10,1,5
PA03109,2026-10-04,Tiếp công dân,DV01,Phường Hoà Thuận,Hạ tầng giao thông,Thường,Nắp cống trên tuyến đường liên xã qua Phường Hoà Thuận bị vỡ đã hai tuần chưa ai sửa,10,8,1,
PA03110,2026-10-04,Tổng đài 1022,DV02,Phường Tân Hoà,Chiếu sáng công cộng,Khẩn,"Đèn chiếu sáng khu vực Phường Tân Hoà bật cả ban ngày, rất lãng phí điện",5,3,1,
PA03111,2026-10-04,Ứng dụng di động,DV03,Phường Đông Giang,An sinh xã hội,Thường,"Danh sách nhận hỗ trợ ở Phường Đông Giang niêm yết thiếu tên, đề nghị kiểm tra lại",10,12,0,3
PA03112,2026-10-04,Ứng dụng di động,DV03,Phường Đông Giang,Chiếu sáng công cộng,Khẩn,"Ba cột đèn đường ở Phường Đông Giang cháy bóng, ban đêm tối om rất mất an toàn",5,5,1,
PA03113,2026-10-04,Tổng đài 1022,DV04,Phường Nam Phong,Chiếu sáng công cộng,Khẩn,"Ngõ vào cụm dân cư Phường Nam Phong chưa có đèn chiếu sáng, đã kiến nghị hai lần",5,4,1,5
PA03114,2026-10-04,Cổng dịch vụ công,DV04,Phường Nam Phong,Cấp thoát nước,Thường,"Khu dân cư Phường Nam Phong mất nước từ sáng đến chiều, không thấy thông báo trước",10,9,1,
PA03115,2026-10-04,Tổng đài 1022,DV05,Xã Bình An,Trật tự đô thị,Thường,Bãi giữ xe tự phát ở Xã Bình An chắn lối đi chung của khu dân cư,10,10,1,5
PA03116,2026-10-04,Ứng dụng di động,DV06,Xã Long Thành,Thủ tục hành chính,Thường,Đã nộp trực tuyến nhưng Xã Long Thành vẫn yêu cầu nộp thêm bản giấy,10,14,0,2
PA03117,2026-10-04,Tiếp công dân,DV07,Xã Phú Điền,Trật tự đô thị,Thường,Xe tải trọng lớn chạy vào đường nội bộ Xã Phú Điền ngoài giờ quy định,10,12,0,
PA03118,2026-10-04,Ứng dụng di động,DV08,Xã Vĩnh Lộc,Cấp thoát nước,Khẩn,"Nước máy ở Xã Vĩnh Lộc mấy hôm nay có mùi lạ, đề nghị kiểm tra chất lượng",5,5,1,3
PA03119,2026-10-04,Ứng dụng di động,DV09,Xã An Cư,Hạ tầng giao thông,Thường,"Mặt đường Xã An Cư sau khi đào lắp ống nước hoàn trả không phẳng, đi rất xóc",10,9,1,4
PA03120,2026-10-04,Tổng đài 1022,DV12,Xã Hương Trà,Cấp thoát nước,Thường,"Mưa là ngập cả tuyến ở Xã Hương Trà, cống thoát nghẹt không rút được",10,4,1,3
PA03121,2026-10-04,Cổng dịch vụ công,DV12,Xã Hương Trà,Hạ tầng giao thông,Thường,"Đoạn đường trước Xã Hương Trà xuống cấp, nhiều ổ gà, xe máy tránh nhau rất nguy hiểm",10,45,0,
PA03122,2026-10-05,Tổng đài 1022,DV01,Phường Hoà Thuận,Hạ tầng giao thông,Thường,"Đoạn đường trước Phường Hoà Thuận xuống cấp, nhiều ổ gà, xe máy tránh nhau rất nguy hiểm",10,7,1,
PA03123,2026-10-05,Tổng đài 1022,DV02,Phường Tân Hoà,Vệ sinh môi trường,Thường,"Rác tồn đọng ở điểm tập kết gần chợ Phường Tân Hoà ba ngày chưa thu gom, mùi rất nặng",10,5,1,4
PA03124,2026-10-05,Ứng dụng di động,DV11,Xã Mỹ Khánh,Thủ tục hành chính,Thường,Cán bộ một cửa Xã Mỹ Khánh yêu cầu giấy tờ ngoài danh mục niêm yết,10,5,1,4
PA03125,2026-10-05,Tiếp công dân,DV11,Xã Mỹ Khánh,Cấp thoát nước,Khẩn,"Ống nước trước nhà văn hoá Xã Mỹ Khánh rò rỉ, nước chảy ra đường suốt ngày",5,3,1,
PA03126,2026-10-05,Tiếp công dân,DV11,Xã Mỹ Khánh,Vệ sinh môi trường,Khẩn,"Kênh chạy qua Xã Mỹ Khánh nổi váng đen, nghi có cơ sở xả thải ban đêm",5,3,1,
PA03127,2026-10-06,Tổng đài 1022,DV01,Phường Hoà Thuận,Hạ tầng giao thông,Thường,"Đoạn đường trước Phường Hoà Thuận xuống cấp, nhiều ổ gà, xe máy tránh nhau rất nguy hiểm",10,8,1,
PA03128,2026-10-06,Ứng dụng di động,DV01,Phường Hoà Thuận,Khác,Thường,Đề nghị Phường Hoà Thuận thông tin rõ kế hoạch chỉnh trang khu dân cư năm tới,10,8,1,4
PA03129,2026-10-06,Tiếp công dân,DV02,Phường Tân Hoà,Thủ tục hành chính,Thường,Đã nộp trực tuyến nhưng Phường Tân Hoà vẫn yêu cầu nộp thêm bản giấy,10,9,1,
PA03130,2026-10-06,Văn bản giấy,DV02,Phường Tân Hoà,Hạ tầng giao thông,Thường,"Mặt đường Phường Tân Hoà sau khi đào lắp ống nước hoàn trả không phẳng, đi rất xóc",10,4,1,
PA03131,2026-10-06,Cổng dịch vụ công,DV03,Phường Đông Giang,Hạ tầng giao thông,Thường,Nắp cống trên tuyến đường liên xã qua Phường Đông Giang bị vỡ đã hai tuần chưa ai sửa,10,5,1,
PA03132,2026-10-06,Cổng dịch vụ công,DV03,Phường Đông Giang,Vệ sinh môi trường,Thường,"Rác tồn đọng ở điểm tập kết gần chợ Phường Đông Giang ba ngày chưa thu gom, mùi rất nặng",10,5,1,4
PA03133,2026-10-06,Tổng đài 1022,DV04,Phường Nam Phong,Vệ sinh môi trường,Thường,"Rác tồn đọng ở điểm tập kết gần chợ Phường Nam Phong ba ngày chưa thu gom, mùi rất nặng",10,6,1,3
PA03134,2026-10-06,Cổng dịch vụ công,DV06,Xã Long Thành,Thủ tục hành chính,Thường,Đã nộp trực tuyến nhưng Xã Long Thành vẫn yêu cầu nộp thêm bản giấy,10,8,1,5
PA03135,2026-10-06,Tiếp công dân,DV07,Xã Phú Điền,Hạ tầng giao thông,Thường,"Mặt đường Xã Phú Điền sau khi đào lắp ống nước hoàn trả không phẳng, đi rất xóc",10,11,0,
PA03136,2026-10-06,Cổng dịch vụ công,DV08,Xã Vĩnh Lộc,An sinh xã hội,Thường,Người cao tuổi ở Xã Vĩnh Lộc chưa được hướng dẫn làm thủ tục trợ cấp,10,16,0,2
PA03137,2026-10-06,Cổng dịch vụ công,DV10,Xã Thanh Sơn,Hạ tầng giao thông,Thường,"Mặt đường Xã Thanh Sơn sau khi đào lắp ống nước hoàn trả không phẳng, đi rất xóc",10,8,1,
PA03138,2026-10-06,Tổng đài 1022,DV11,Xã Mỹ Khánh,Chiếu sáng công cộng,Thường,"Đèn chiếu sáng khu vực Xã Mỹ Khánh bật cả ban ngày, rất lãng phí điện",10,3,1,4
PA03139,2026-10-07,Ứng dụng di động,DV01,Phường Hoà Thuận,Hạ tầng giao thông,Thường,Nắp cống trên tuyến đường liên xã qua Phường Hoà Thuận bị vỡ đã hai tuần chưa ai sửa,10,12,0,3
PA03140,2026-10-07,Tổng đài 1022,DV02,Phường Tân Hoà,Chiếu sáng công cộng,Thường,"Ba cột đèn đường ở Phường Tân Hoà cháy bóng, ban đêm tối om rất mất an toàn",10,10,1,3
PA03141,2026-10-07,Ứng dụng di động,DV02,Phường Tân Hoà,Cấp thoát nước,Thường,"Nước máy ở Phường Tân Hoà mấy hôm nay có mùi lạ, đề nghị kiểm tra chất lượng",10,4,1,5
PA03142,2026-10-07,Cổng dịch vụ công,DV02,Phường Tân Hoà,Chiếu sáng công cộng,Thường,"Đèn chiếu sáng khu vực Phường Tân Hoà bật cả ban ngày, rất lãng phí điện",10,7,1,4
PA03143,2026-10-07,Cổng dịch vụ công,DV02,Phường Tân Hoà,Chiếu sáng công cộng,Khẩn,"Ngõ vào cụm dân cư Phường Tân Hoà chưa có đèn chiếu sáng, đã kiến nghị hai lần",5,3,1,
PA03144,2026-10-07,Ứng dụng di động,DV03,Phường Đông Giang,Khác,Khẩn,Đề nghị Phường Đông Giang thông tin rõ kế hoạch chỉnh trang khu dân cư năm tới,5,3,1,
PA03145,2026-10-07,Cổng dịch vụ công,DV03,Phường Đông Giang,Vệ sinh môi trường,Thường,"Kênh chạy qua Phường Đông Giang nổi váng đen, nghi có cơ sở xả thải ban đêm",10,9,1,4
PA03146,2026-10-07,Cổng dịch vụ công,DV04,Phường Nam Phong,Chiếu sáng công cộng,Khẩn,"Đèn chiếu sáng khu vực Phường Nam Phong bật cả ban ngày, rất lãng phí điện",5,3,1,
PA03147,2026-10-07,Cổng dịch vụ công,DV04,Phường Nam Phong,Thủ tục hành chính,Khẩn,Cán bộ một cửa Phường Nam Phong yêu cầu giấy tờ ngoài danh mục niêm yết,5,2,1,
PA03148,2026-10-07,Văn bản giấy,DV05,Xã Bình An,Thủ tục hành chính,Rất khẩn,Đã nộp trực tuyến nhưng Xã Bình An vẫn yêu cầu nộp thêm bản giấy,2,3,0,
PA03149,2026-10-07,Ứng dụng di động,DV06,Xã Long Thành,Trật tự đô thị,Thường,"Có công trình ở Xã Long Thành thi công sau 22 giờ gây ồn, đề nghị kiểm tra giấy phép",10,12,0,2
PA03150,2026-10-07,Tổng đài 1022,DV07,Xã Phú Điền,Hạ tầng giao thông,Thường,"Cầu nhỏ bắc qua kênh ở Xã Phú Điền mục lan can, trẻ em đi học qua rất lo",10,11,0,4
PA03151,2026-10-07,Cổng dịch vụ công,DV09,Xã An Cư,Vệ sinh môi trường,Khẩn,"Kênh chạy qua Xã An Cư nổi váng đen, nghi có cơ sở xả thải ban đêm",5,6,0,
PA03152,2026-10-07,Ứng dụng di động,DV09,Xã An Cư,Vệ sinh môi trường,Thường,"Xe thu gom rác ở Xã An Cư đổi giờ mà không báo, dân để rác ra đường cả buổi",10,6,1,3
PA03153,2026-10-07,Văn bản giấy,DV09,Xã An Cư,Cấp thoát nước,Thường,"Ống nước trước nhà văn hoá Xã An Cư rò rỉ, nước chảy ra đường suốt ngày",10,9,1,
PA03154,2026-10-07,Cổng dịch vụ công,DV11,Xã Mỹ Khánh,Chiếu sáng công cộng,Thường,"Ngõ vào cụm dân cư Xã Mỹ Khánh chưa có đèn chiếu sáng, đã kiến nghị hai lần",10,4,1,3
PA03155,2026-10-07,Tổng đài 1022,DV11,Xã Mỹ Khánh,Vệ sinh môi trường,Thường,"Xe thu gom rác ở Xã Mỹ Khánh đổi giờ mà không báo, dân để rác ra đường cả buổi",10,9,1,3
PA03156,2026-10-07,Tổng đài 1022,DV11,Xã Mỹ Khánh,Cấp thoát nước,Thường,"Khu dân cư Xã Mỹ Khánh mất nước từ sáng đến chiều, không thấy thông báo trước",10,10,1,
PA03157,2026-10-08,Cổng dịch vụ công,DV01,Phường Hoà Thuận,Hạ tầng giao thông,Thường,"Đoạn đường trước Phường Hoà Thuận xuống cấp, nhiều ổ gà, xe máy tránh nhau rất nguy hiểm",10,1,1,
PA03158,2026-10-08,Ứng dụng di động,DV01,Phường Hoà Thuận,Cấp thoát nước,Thường,"Nước máy ở Phường Hoà Thuận mấy hôm nay có mùi lạ, đề nghị kiểm tra chất lượng",10,9,1,
PA03159,2026-10-08,Cổng dịch vụ công,DV01,Phường Hoà Thuận,Thủ tục hành chính,Thường,Nộp hồ sơ chứng thực tại Phường Hoà Thuận hẹn 3 ngày nhưng quá 8 ngày chưa có kết quả,10,8,1,
PA03160,2026-10-08,Cổng dịch vụ công,DV01,Phường Hoà Thuận,An sinh xã hội,Rất khẩn,"Hộ cận nghèo ở Phường Hoà Thuận chưa nhận được hỗ trợ đợt này, đề nghị rà soát",2,1,1,2
PA03161,2026-10-08,Ứng dụng di động,DV02,Phường Tân Hoà,Thủ tục hành chính,Rất khẩn,"Cổng dịch vụ công báo lỗi khi tải giấy tờ lên, gọi Phường Tân Hoà không ai nghe máy",2,3,0,
PA03162,2026-10-08,Văn bản giấy,DV02,Phường Tân Hoà,An sinh xã hội,Rất khẩn,"Hộ cận nghèo ở Phường Tân Hoà chưa nhận được hỗ trợ đợt này, đề nghị rà soát",2,1,1,
PA03163,2026-10-08,Tổng đài 1022,DV03,Phường Đông Giang,Hạ tầng giao thông,Thường,"Mặt đường Phường Đông Giang sau khi đào lắp ống nước hoàn trả không phẳng, đi rất xóc",10,10,1,4
PA03164,2026-10-08,Ứng dụng di động,DV03,Phường Đông Giang,Chiếu sáng công cộng,Khẩn,"Đèn chiếu sáng khu vực Phường Đông Giang bật cả ban ngày, rất lãng phí điện",5,15,0,
PA03165,2026-10-08,Ứng dụng di động,DV04,Phường Nam Phong,Hạ tầng giao thông,Thường,"Mặt đường Phường Nam Phong sau khi đào lắp ống nước hoàn trả không phẳng, đi rất xóc",10,6,1,
PA03166,2026-10-08,Văn bản giấy,DV04,Phường Nam Phong,Cấp thoát nước,Thường,"Khu dân cư Phường Nam Phong mất nước từ sáng đến chiều, không thấy thông báo trước",10,2,1,
PA03167,2026-10-08,Tổng đài 1022,DV08,Xã Vĩnh Lộc,Hạ tầng giao thông,Thường,"Cầu nhỏ bắc qua kênh ở Xã Vĩnh Lộc mục lan can, trẻ em đi học qua rất lo",10,6,1,
PA03168,2026-10-08,Tiếp công dân,DV10,Xã Thanh Sơn,Cấp thoát nước,Thường,"Khu dân cư Xã Thanh Sơn mất nước từ sáng đến chiều, không thấy thông báo trước",10,38,0,2
PA03169,2026-10-08,Cổng dịch vụ công,DV10,Xã Thanh Sơn,Khác,Thường,Đề nghị Xã Thanh Sơn thông tin rõ kế hoạch chỉnh trang khu dân cư năm tới,10,16,0,
PA03170,2026-10-08,Cổng dịch vụ công,DV12,Xã Hương Trà,Hạ tầng giao thông,Thường,"Đoạn đường trước Xã Hương Trà xuống cấp, nhiều ổ gà, xe máy tránh nhau rất nguy hiểm",10,4,1,
PA03171,2026-10-09,Ứng dụng di động,DV01,Phường Hoà Thuận,Trật tự đô thị,Khẩn,Xe tải trọng lớn chạy vào đường nội bộ Phường Hoà Thuận ngoài giờ quy định,5,2,1,5
PA03172,2026-10-09,Văn bản giấy,DV01,Phường Hoà Thuận,Hạ tầng giao thông,Thường,"Đoạn đường trước Phường Hoà Thuận xuống cấp, nhiều ổ gà, xe máy tránh nhau rất nguy hiểm",10,5,1,2
PA03173,2026-10-09,Ứng dụng di động,DV02,Phường Tân Hoà,Cấp thoát nước,Thường,"Nước máy ở Phường Tân Hoà mấy hôm nay có mùi lạ, đề nghị kiểm tra chất lượng",10,8,1,5
PA03174,2026-10-09,Ứng dụng di động,DV02,Phường Tân Hoà,Khác,Khẩn,Góp ý Phường Tân Hoà mở thêm khung giờ tiếp dân vào buổi chiều thứ bảy,5,2,1,5
PA03175,2026-10-09,Cổng dịch vụ công,DV02,Phường Tân Hoà,Thủ tục hành chính,Thường,Nộp hồ sơ chứng thực tại Phường Tân Hoà hẹn 3 ngày nhưng quá 8 ngày chưa có kết quả,10,7,1,
PA03176,2026-10-09,Cổng dịch vụ công,DV03,Phường Đông Giang,Vệ sinh môi trường,Thường,"Rác tồn đọng ở điểm tập kết gần chợ Phường Đông Giang ba ngày chưa thu gom, mùi rất nặng",10,8,1,
PA03177,2026-10-09,Ứng dụng di động,DV04,Phường Nam Phong,Chiếu sáng công cộng,Thường,"Ba cột đèn đường ở Phường Nam Phong cháy bóng, ban đêm tối om rất mất an toàn",10,3,1,
PA03178,2026-10-09,Ứng dụng di động,DV04,Phường Nam Phong,Vệ sinh môi trường,Thường,"Có hộ đổ trộm xà bần ra bãi đất trống ở Phường Nam Phong, đề nghị kiểm tra",10,6,1,
PA03179,2026-10-09,Ứng dụng di động,DV04,Phường Nam Phong,Chiếu sáng công cộng,Thường,"Ngõ vào cụm dân cư Phường Nam Phong chưa có đèn chiếu sáng, đã kiến nghị hai lần",10,4,1,
PA03180,2026-10-09,Tổng đài 1022,DV05,Xã Bình An,Trật tự đô thị,Thường,"Có công trình ở Xã Bình An thi công sau 22 giờ gây ồn, đề nghị kiểm tra giấy phép",10,9,1,5
PA03181,2026-10-09,Văn bản giấy,DV06,Xã Long Thành,Cấp thoát nước,Thường,"Mưa là ngập cả tuyến ở Xã Long Thành, cống thoát nghẹt không rút được",10,9,1,5
PA03182,2026-10-09,Ứng dụng di động,DV08,Xã Vĩnh Lộc,Khác,Thường,"Loa phát thanh ở Xã Vĩnh Lộc phát quá sớm, ảnh hưởng người già và trẻ nhỏ",10,10,1,
PA03183,2026-10-09,Cổng dịch vụ công,DV09,Xã An Cư,Hạ tầng giao thông,Thường,"Đoạn đường trước Xã An Cư xuống cấp, nhiều ổ gà, xe máy tránh nhau rất nguy hiểm",10,2,1,
PA03184,2026-10-09,Tổng đài 1022,DV11,Xã Mỹ Khánh,Trật tự đô thị,Thường,Xe tải trọng lớn chạy vào đường nội bộ Xã Mỹ Khánh ngoài giờ quy định,10,14,0,
PA03185,2026-10-09,Tổng đài 1022,DV12,Xã Hương Trà,Thủ tục hành chính,Khẩn,Nộp hồ sơ chứng thực tại Xã Hương Trà hẹn 3 ngày nhưng quá 8 ngày chưa có kết quả,5,4,1,
PA03186,2026-10-10,Cổng dịch vụ công,DV01,Phường Hoà Thuận,Chiếu sáng công cộng,Thường,"Ngõ vào cụm dân cư Phường Hoà Thuận chưa có đèn chiếu sáng, đã kiến nghị hai lần",10,8,1,2
PA03187,2026-10-10,Ứng dụng di động,DV02,Phường Tân Hoà,Trật tự đô thị,Thường,"Có công trình ở Phường Tân Hoà thi công sau 22 giờ gây ồn, đề nghị kiểm tra giấy phép",10,9,1,
PA03188,2026-10-10,Tổng đài 1022,DV02,Phường Tân Hoà,Cấp thoát nước,Thường,"Nước máy ở Phường Tân Hoà mấy hôm nay có mùi lạ, đề nghị kiểm tra chất lượng",10,10,1,
PA03189,2026-10-10,Cổng dịch vụ công,DV02,Phường Tân Hoà,Chiếu sáng công cộng,Thường,"Ba cột đèn đường ở Phường Tân Hoà cháy bóng, ban đêm tối om rất mất an toàn",10,3,1,3
PA03190,2026-10-10,Cổng dịch vụ công,DV03,Phường Đông Giang,Vệ sinh môi trường,Khẩn,"Xe thu gom rác ở Phường Đông Giang đổi giờ mà không báo, dân để rác ra đường cả buổi",5,5,1,
PA03191,2026-10-10,Tổng đài 1022,DV03,Phường Đông Giang,Khác,Thường,Đề nghị Phường Đông Giang thông tin rõ kế hoạch chỉnh trang khu dân cư năm tới,10,5,1,
PA03192,2026-10-10,Ứng dụng di động,DV03,Phường Đông Giang,Vệ sinh môi trường,Thường,"Có hộ đổ trộm xà bần ra bãi đất trống ở Phường Đông Giang, đề nghị kiểm tra",10,3,1,3
PA03193,2026-10-10,Cổng dịch vụ công,DV03,Phường Đông Giang,Cấp thoát nước,Thường,"Khu dân cư Phường Đông Giang mất nước từ sáng đến chiều, không thấy thông báo trước",10,7,1,
PA03194,2026-10-10,Cổng dịch vụ công,DV04,Phường Nam Phong,Vệ sinh môi trường,Thường,"Rác tồn đọng ở điểm tập kết gần chợ Phường Nam Phong ba ngày chưa thu gom, mùi rất nặng",10,2,1,5
PA03195,2026-10-10,Cổng dịch vụ công,DV05,Xã Bình An,Cấp thoát nước,Khẩn,"Khu dân cư Xã Bình An mất nước từ sáng đến chiều, không thấy thông báo trước",5,5,1,5
PA03196,2026-10-10,Văn bản giấy,DV10,Xã Thanh Sơn,Thủ tục hành chính,Thường,Cán bộ một cửa Xã Thanh Sơn yêu cầu giấy tờ ngoài danh mục niêm yết,10,44,0,
PA03197,2026-10-10,Tiếp công dân,DV10,Xã Thanh Sơn,Khác,Thường,"Loa phát thanh ở Xã Thanh Sơn phát quá sớm, ảnh hưởng người già và trẻ nhỏ",10,13,0,2
PA03198,2026-10-10,Tổng đài 1022,DV11,Xã Mỹ Khánh,Vệ sinh môi trường,Thường,"Có hộ đổ trộm xà bần ra bãi đất trống ở Xã Mỹ Khánh, đề nghị kiểm tra",10,8,1,
PA03199,2026-10-10,Văn bản giấy,DV12,Xã Hương Trà,Vệ sinh môi trường,Khẩn,"Có hộ đổ trộm xà bần ra bãi đất trống ở Xã Hương Trà, đề nghị kiểm tra",5,9,0,4
PA03200,2026-10-11,Tiếp công dân,DV01,Phường Hoà Thuận,Thủ tục hành chính,Thường,"Cổng dịch vụ công báo lỗi khi tải giấy tờ lên, gọi Phường Hoà Thuận không ai nghe máy",10,8,1,5
PA03201,2026-10-11,Cổng dịch vụ công,DV01,Phường Hoà Thuận,Vệ sinh môi trường,Thường,"Kênh chạy qua Phường Hoà Thuận nổi váng đen, nghi có cơ sở xả thải ban đêm",10,12,0,3
PA03202,2026-10-11,Cổng dịch vụ công,DV01,Phường Hoà Thuận,Vệ sinh môi trường,Khẩn,"Rác tồn đọng ở điểm tập kết gần chợ Phường Hoà Thuận ba ngày chưa thu gom, mùi rất nặng",5,3,1,4
PA03203,2026-10-11,Tổng đài 1022,DV01,Phường Hoà Thuận,Hạ tầng giao thông,Thường,"Đoạn đường trước Phường Hoà Thuận xuống cấp, nhiều ổ gà, xe máy tránh nhau rất nguy hiểm",10,9,1,
PA03204,2026-10-11,Cổng dịch vụ công,DV02,Phường Tân Hoà,Hạ tầng giao thông,Thường,"Cầu nhỏ bắc qua kênh ở Phường Tân Hoà mục lan can, trẻ em đi học qua rất lo",10,10,1,5
PA03205,2026-10-11,Ứng dụng di động,DV04,Phường Nam Phong,Hạ tầng giao thông,Thường,Nắp cống trên tuyến đường liên xã qua Phường Nam Phong bị vỡ đã hai tuần chưa ai sửa,10,11,0,3
PA03206,2026-10-11,Cổng dịch vụ công,DV04,Phường Nam Phong,Vệ sinh môi trường,Thường,"Có hộ đổ trộm xà bần ra bãi đất trống ở Phường Nam Phong, đề nghị kiểm tra",10,8,1,3
PA03207,2026-10-11,Văn bản giấy,DV05,Xã Bình An,Trật tự đô thị,Khẩn,Xe tải trọng lớn chạy vào đường nội bộ Xã Bình An ngoài giờ quy định,5,4,1,
PA03208,2026-10-11,Cổng dịch vụ công,DV05,Xã Bình An,Hạ tầng giao thông,Thường,"Cầu nhỏ bắc qua kênh ở Xã Bình An mục lan can, trẻ em đi học qua rất lo",10,8,1,2
PA03209,2026-10-11,Tổng đài 1022,DV05,Xã Bình An,Vệ sinh môi trường,Thường,"Có hộ đổ trộm xà bần ra bãi đất trống ở Xã Bình An, đề nghị kiểm tra",10,4,1,
PA03210,2026-10-11,Cổng dịch vụ công,DV08,Xã Vĩnh Lộc,Chiếu sáng công cộng,Thường,"Đèn chiếu sáng khu vực Xã Vĩnh Lộc bật cả ban ngày, rất lãng phí điện",10,9,1,
PA03211,2026-10-11,Văn bản giấy,DV09,Xã An Cư,Cấp thoát nước,Thường,"Khu dân cư Xã An Cư mất nước từ sáng đến chiều, không thấy thông báo trước",10,10,1,
PA03212,2026-10-11,Tổng đài 1022,DV10,Xã Thanh Sơn,Hạ tầng giao thông,Rất khẩn,Nắp cống trên tuyến đường liên xã qua Xã Thanh Sơn bị vỡ đã hai tuần chưa ai sửa,2,6,0,
PA03213,2026-10-11,Ứng dụng di động,DV11,Xã Mỹ Khánh,Cấp thoát nước,Khẩn,"Nước máy ở Xã Mỹ Khánh mấy hôm nay có mùi lạ, đề nghị kiểm tra chất lượng",5,5,1,
PA03214,2026-10-11,Cổng dịch vụ công,DV11,Xã Mỹ Khánh,Vệ sinh môi trường,Khẩn,"Kênh chạy qua Xã Mỹ Khánh nổi váng đen, nghi có cơ sở xả thải ban đêm",5,14,0,
PA03215,2026-10-12,Tổng đài 1022,DV01,Phường Hoà Thuận,Khác,Rất khẩn,"Loa phát thanh ở Phường Hoà Thuận phát quá sớm, ảnh hưởng người già và trẻ nhỏ",2,2,1,4
PA03216,2026-10-12,Cổng dịch vụ công,DV01,Phường Hoà Thuận,Vệ sinh môi trường,Thường,"Rác tồn đọng ở điểm tập kết gần chợ Phường Hoà Thuận ba ngày chưa thu gom, mùi rất nặng",10,2,1,
PA03217,2026-10-12,Tổng đài 1022,DV02,Phường Tân Hoà,Vệ sinh môi trường,Thường,"Kênh chạy qua Phường Tân Hoà nổi váng đen, nghi có cơ sở xả thải ban đêm",10,11,0,3
PA03218,2026-10-12,Cổng dịch vụ công,DV02,Phường Tân Hoà,Cấp thoát nước,Thường,"Nước máy ở Phường Tân Hoà mấy hôm nay có mùi lạ, đề nghị kiểm tra chất lượng",10,11,0,
PA03219,2026-10-12,Ứng dụng di động,DV02,Phường Tân Hoà,Trật tự đô thị,Thường,Hàng quán lấn chiếm vỉa hè trước cổng trường tiểu học ở Phường Tân Hoà giờ tan học,10,5,1,4
PA03220,2026-10-12,Cổng dịch vụ công,DV02,Phường Tân Hoà,Hạ tầng giao thông,Thường,"Cầu nhỏ bắc qua kênh ở Phường Tân Hoà mục lan can, trẻ em đi học qua rất lo",10,2,1,5
PA03221,2026-10-12,Cổng dịch vụ công,DV02,Phường Tân Hoà,Cấp thoát nước,Thường,"Ống nước trước nhà văn hoá Phường Tân Hoà rò rỉ, nước chảy ra đường suốt ngày",10,7,1,3
PA03222,2026-10-12,Tiếp công dân,DV03,Phường Đông Giang,Chiếu sáng công cộng,Thường,"Đèn chiếu sáng khu vực Phường Đông Giang bật cả ban ngày, rất lãng phí điện",10,3,1,
PA03223,2026-10-12,Tổng đài 1022,DV03,Phường Đông Giang,Trật tự đô thị,Thường,Xe tải trọng lớn chạy vào đường nội bộ Phường Đông Giang ngoài giờ quy định,10,5,1,
PA03224,2026-10-12,Cổng dịch vụ công,DV08,Xã Vĩnh Lộc,Thủ tục hành chính,Thường,Cán bộ một cửa Xã Vĩnh Lộc yêu cầu giấy tờ ngoài danh mục niêm yết,10,13,0,2
PA03225,2026-10-12,Cổng dịch vụ công,DV11,Xã Mỹ Khánh,Vệ sinh môi trường,Thường,"Có hộ đổ trộm xà bần ra bãi đất trống ở Xã Mỹ Khánh, đề nghị kiểm tra",10,9,1,
PA03226,2026-10-13,Văn bản giấy,DV01,Phường Hoà Thuận,Thủ tục hành chính,Thường,"Cổng dịch vụ công báo lỗi khi tải giấy tờ lên, gọi Phường Hoà Thuận không ai nghe máy",10,8,1,5
PA03227,2026-10-13,Tổng đài 1022,DV01,Phường Hoà Thuận,Cấp thoát nước,Khẩn,"Ống nước trước nhà văn hoá Phường Hoà Thuận rò rỉ, nước chảy ra đường suốt ngày",5,6,0,
PA03228,2026-10-13,Cổng dịch vụ công,DV01,Phường Hoà Thuận,Trật tự đô thị,Khẩn,Bãi giữ xe tự phát ở Phường Hoà Thuận chắn lối đi chung của khu dân cư,5,4,1,3
PA03229,2026-10-13,Ứng dụng di động,DV02,Phường Tân Hoà,Vệ sinh môi trường,Thường,"Có hộ đổ trộm xà bần ra bãi đất trống ở Phường Tân Hoà, đề nghị kiểm tra",10,5,1,
PA03230,2026-10-13,Văn bản giấy,DV02,Phường Tân Hoà,Vệ sinh môi trường,Thường,"Xe thu gom rác ở Phường Tân Hoà đổi giờ mà không báo, dân để rác ra đường cả buổi",10,9,1,5
PA03231,2026-10-13,Ứng dụng di động,DV04,Phường Nam Phong,Cấp thoát nước,Rất khẩn,"Ống nước trước nhà văn hoá Phường Nam Phong rò rỉ, nước chảy ra đường suốt ngày",2,3,0,
PA03232,2026-10-13,Tổng đài 1022,DV04,Phường Nam Phong,Vệ sinh môi trường,Thường,"Có hộ đổ trộm xà bần ra bãi đất trống ở Phường Nam Phong, đề nghị kiểm tra",10,1,1,
PA03233,2026-10-13,Tổng đài 1022,DV07,Xã Phú Điền,An sinh xã hội,Thường,Người cao tuổi ở Xã Phú Điền chưa được hướng dẫn làm thủ tục trợ cấp,10,1,1,
PA03234,2026-10-13,Cổng dịch vụ công,DV09,Xã An Cư,Thủ tục hành chính,Thường,"Cổng dịch vụ công báo lỗi khi tải giấy tờ lên, gọi Xã An Cư không ai nghe máy",10,13,0,4
PA03235,2026-10-13,Cổng dịch vụ công,DV11,Xã Mỹ Khánh,Vệ sinh môi trường,Khẩn,"Kênh chạy qua Xã Mỹ Khánh nổi váng đen, nghi có cơ sở xả thải ban đêm",5,6,0,
PA03236,2026-10-13,Tiếp công dân,DV12,Xã Hương Trà,An sinh xã hội,Thường,"Hộ cận nghèo ở Xã Hương Trà chưa nhận được hỗ trợ đợt này, đề nghị rà soát",10,4,1,
PA03237,2026-10-13,Cổng dịch vụ công,DV12,Xã Hương Trà,Vệ sinh môi trường,Thường,"Rác tồn đọng ở điểm tập kết gần chợ Xã Hương Trà ba ngày chưa thu gom, mùi rất nặng",10,10,1,
PA03238,2026-10-14,Văn bản giấy,DV01,Phường Hoà Thuận,Vệ sinh môi trường,Thường,"Rác tồn đọng ở điểm tập kết gần chợ Phường Hoà Thuận ba ngày chưa thu gom, mùi rất nặng",10,10,1,5
PA03239,2026-10-14,Văn bản giấy,DV02,Phường Tân Hoà,Vệ sinh môi trường,Thường,"Kênh chạy qua Phường Tân Hoà nổi váng đen, nghi có cơ sở xả thải ban đêm",10,2,1,
PA03240,2026-10-14,Tổng đài 1022,DV02,Phường Tân Hoà,Hạ tầng giao thông,Khẩn,"Đoạn đường trước Phường Tân Hoà xuống cấp, nhiều ổ gà, xe máy tránh nhau rất nguy hiểm",5,2,1,5
PA03241,2026-10-14,Tiếp công dân,DV03,Phường Đông Giang,Hạ tầng giao thông,Khẩn,Nắp cống trên tuyến đường liên xã qua Phường Đông Giang bị vỡ đã hai tuần chưa ai sửa,5,4,1,5
PA03242,2026-10-14,Tổng đài 1022,DV04,Phường Nam Phong,Chiếu sáng công cộng,Thường,"Ba cột đèn đường ở Phường Nam Phong cháy bóng, ban đêm tối om rất mất an toàn",10,6,1,
PA03243,2026-10-14,Văn bản giấy,DV04,Phường Nam Phong,Hạ tầng giao thông,Khẩn,"Cầu nhỏ bắc qua kênh ở Phường Nam Phong mục lan can, trẻ em đi học qua rất lo",5,3,1,
PA03244,2026-10-14,Tổng đài 1022,DV06,Xã Long Thành,Chiếu sáng công cộng,Thường,"Ngõ vào cụm dân cư Xã Long Thành chưa có đèn chiếu sáng, đã kiến nghị hai lần",10,8,1,
PA03245,2026-10-14,Cổng dịch vụ công,DV06,Xã Long Thành,Trật tự đô thị,Thường,Bãi giữ xe tự phát ở Xã Long Thành chắn lối đi chung của khu dân cư,10,6,1,
PA03246,2026-10-14,Văn bản giấy,DV08,Xã Vĩnh Lộc,Thủ tục hành chính,Thường,Cán bộ một cửa Xã Vĩnh Lộc yêu cầu giấy tờ ngoài danh mục niêm yết,10,11,0,2
PA03247,2026-10-15,Ứng dụng di động,DV02,Phường Tân Hoà,Trật tự đô thị,Rất khẩn,"Có công trình ở Phường Tân Hoà thi công sau 22 giờ gây ồn, đề nghị kiểm tra giấy phép",2,2,1,
PA03248,2026-10-15,Tổng đài 1022,DV02,Phường Tân Hoà,Cấp thoát nước,Khẩn,"Ống nước trước nhà văn hoá Phường Tân Hoà rò rỉ, nước chảy ra đường suốt ngày",5,4,1,
PA03249,2026-10-15,Tổng đài 1022,DV02,Phường Tân Hoà,Chiếu sáng công cộng,Thường,"Ngõ vào cụm dân cư Phường Tân Hoà chưa có đèn chiếu sáng, đã kiến nghị hai lần",10,1,1,4
PA03250,2026-10-15,Văn bản giấy,DV02,Phường Tân Hoà,Thủ tục hành chính,Khẩn,Đã nộp trực tuyến nhưng Phường Tân Hoà vẫn yêu cầu nộp thêm bản giấy,5,3,1,3
PA03251,2026-10-15,Tổng đài 1022,DV04,Phường Nam Phong,Khác,Rất khẩn,"Loa phát thanh ở Phường Nam Phong phát quá sớm, ảnh hưởng người già và trẻ nhỏ",2,2,1,5
PA03252,2026-10-15,Văn bản giấy,DV04,Phường Nam Phong,Cấp thoát nước,Thường,"Nước máy ở Phường Nam Phong mấy hôm nay có mùi lạ, đề nghị kiểm tra chất lượng",10,13,0,
PA03253,2026-10-15,Ứng dụng di động,DV05,Xã Bình An,Vệ sinh môi trường,Khẩn,"Rác tồn đọng ở điểm tập kết gần chợ Xã Bình An ba ngày chưa thu gom, mùi rất nặng",5,4,1,5
PA03254,2026-10-15,Ứng dụng di động,DV07,Xã Phú Điền,Hạ tầng giao thông,Khẩn,"Đoạn đường trước Xã Phú Điền xuống cấp, nhiều ổ gà, xe máy tránh nhau rất nguy hiểm",5,4,1,
PA03255,2026-10-15,Ứng dụng di động,DV09,Xã An Cư,An sinh xã hội,Thường,"Hộ cận nghèo ở Xã An Cư chưa nhận được hỗ trợ đợt này, đề nghị rà soát",10,12,0,3
PA03256,2026-10-15,Tổng đài 1022,DV10,Xã Thanh Sơn,Chiếu sáng công cộng,Thường,"Ngõ vào cụm dân cư Xã Thanh Sơn chưa có đèn chiếu sáng, đã kiến nghị hai lần",10,9,1,4
PA03257,2026-10-15,Văn bản giấy,DV11,Xã Mỹ Khánh,Thủ tục hành chính,Thường,"Cổng dịch vụ công báo lỗi khi tải giấy tờ lên, gọi Xã Mỹ Khánh không ai nghe máy",10,17,0,
PA03258,2026-10-15,Tổng đài 1022,DV12,Xã Hương Trà,Cấp thoát nước,Thường,"Khu dân cư Xã Hương Trà mất nước từ sáng đến chiều, không thấy thông báo trước",10,10,1,
PA03259,2026-10-15,Tổng đài 1022,DV12,Xã Hương Trà,Khác,Thường,"Loa phát thanh ở Xã Hương Trà phát quá sớm, ảnh hưởng người già và trẻ nhỏ",10,12,0,
PA03260,2026-10-16,Cổng dịch vụ công,DV01,Phường Hoà Thuận,Trật tự đô thị,Thường,Bãi giữ xe tự phát ở Phường Hoà Thuận chắn lối đi chung của khu dân cư,10,1,1,
PA03261,2026-10-16,Ứng dụng di động,DV02,Phường Tân Hoà,Vệ sinh môi trường,Thường,"Rác tồn đọng ở điểm tập kết gần chợ Phường Tân Hoà ba ngày chưa thu gom, mùi rất nặng",10,4,1,
PA03262,2026-10-16,Tổng đài 1022,DV02,Phường Tân Hoà,Vệ sinh môi trường,Thường,"Rác tồn đọng ở điểm tập kết gần chợ Phường Tân Hoà ba ngày chưa thu gom, mùi rất nặng",10,7,1,5
PA03263,2026-10-16,Cổng dịch vụ công,DV02,Phường Tân Hoà,Hạ tầng giao thông,Rất khẩn,"Đoạn đường trước Phường Tân Hoà xuống cấp, nhiều ổ gà, xe máy tránh nhau rất nguy hiểm",2,1,1,
PA03264,2026-10-16,Tiếp công dân,DV02,Phường Tân Hoà,An sinh xã hội,Thường,"Hộ cận nghèo ở Phường Tân Hoà chưa nhận được hỗ trợ đợt này, đề nghị rà soát",10,6,1,4
PA03265,2026-10-16,Tổng đài 1022,DV02,Phường Tân Hoà,Chiếu sáng công cộng,Thường,"Ba cột đèn đường ở Phường Tân Hoà cháy bóng, ban đêm tối om rất mất an toàn",10,7,1,4
PA03266,2026-10-16,Ứng dụng di động,DV03,Phường Đông Giang,Vệ sinh môi trường,Thường,"Rác tồn đọng ở điểm tập kết gần chợ Phường Đông Giang ba ngày chưa thu gom, mùi rất nặng",10,30,0,
PA03267,2026-10-16,Cổng dịch vụ công,DV06,Xã Long Thành,Hạ tầng giao thông,Thường,"Mặt đường Xã Long Thành sau khi đào lắp ống nước hoàn trả không phẳng, đi rất xóc",10,2,1,5
PA03268,2026-10-16,Cổng dịch vụ công,DV08,Xã Vĩnh Lộc,An sinh xã hội,Khẩn,"Hộ cận nghèo ở Xã Vĩnh Lộc chưa nhận được hỗ trợ đợt này, đề nghị rà soát",5,5,1,
PA03269,2026-10-17,Ứng dụng di động,DV01,Phường Hoà Thuận,Trật tự đô thị,Thường,Hàng quán lấn chiếm vỉa hè trước cổng trường tiểu học ở Phường Hoà Thuận giờ tan học,10,9,1,
PA03270,2026-10-17,Tổng đài 1022,DV01,Phường Hoà Thuận,Hạ tầng giao thông,Thường,"Đoạn đường trước Phường Hoà Thuận xuống cấp, nhiều ổ gà, xe máy tránh nhau rất nguy hiểm",10,11,0,
PA03271,2026-10-17,Tổng đài 1022,DV02,Phường Tân Hoà,An sinh xã hội,Thường,Người cao tuổi ở Phường Tân Hoà chưa được hướng dẫn làm thủ tục trợ cấp,10,4,1,
PA03272,2026-10-17,Văn bản giấy,DV03,Phường Đông Giang,Trật tự đô thị,Thường,Xe tải trọng lớn chạy vào đường nội bộ Phường Đông Giang ngoài giờ quy định,10,4,1,4
PA03273,2026-10-17,Tổng đài 1022,DV04,Phường Nam Phong,Hạ tầng giao thông,Khẩn,"Cầu nhỏ bắc qua kênh ở Phường Nam Phong mục lan can, trẻ em đi học qua rất lo",5,1,1,5
PA03274,2026-10-17,Tổng đài 1022,DV04,Phường Nam Phong,Hạ tầng giao thông,Thường,"Đoạn đường trước Phường Nam Phong xuống cấp, nhiều ổ gà, xe máy tránh nhau rất nguy hiểm",10,11,0,
PA03275,2026-10-17,Tổng đài 1022,DV04,Phường Nam Phong,Hạ tầng giao thông,Thường,"Cầu nhỏ bắc qua kênh ở Phường Nam Phong mục lan can, trẻ em đi học qua rất lo",10,14,0,2
PA03276,2026-10-17,Cổng dịch vụ công,DV05,Xã Bình An,Cấp thoát nước,Khẩn,"Ống nước trước nhà văn hoá Xã Bình An rò rỉ, nước chảy ra đường suốt ngày",5,4,1,
PA03277,2026-10-17,Cổng dịch vụ công,DV05,Xã Bình An,Thủ tục hành chính,Thường,Cán bộ một cửa Xã Bình An yêu cầu giấy tờ ngoài danh mục niêm yết,10,8,1,
PA03278,2026-10-17,Ứng dụng di động,DV06,Xã Long Thành,Trật tự đô thị,Thường,Bãi giữ xe tự phát ở Xã Long Thành chắn lối đi chung của khu dân cư,10,6,1,
PA03279,2026-10-17,Ứng dụng di động,DV06,Xã Long Thành,Cấp thoát nước,Thường,"Ống nước trước nhà văn hoá Xã Long Thành rò rỉ, nước chảy ra đường suốt ngày",10,8,1,5
PA03280,2026-10-17,Cổng dịch vụ công,DV06,Xã Long Thành,Hạ tầng giao thông,Thường,"Đoạn đường trước Xã Long Thành xuống cấp, nhiều ổ gà, xe máy tránh nhau rất nguy hiểm",10,8,1,
PA03281,2026-10-17,Tổng đài 1022,DV12,Xã Hương Trà,Hạ tầng giao thông,Thường,"Cầu nhỏ bắc qua kênh ở Xã Hương Trà mục lan can, trẻ em đi học qua rất lo",10,14,0,
PA03282,2026-10-18,Cổng dịch vụ công,DV01,Phường Hoà Thuận,Hạ tầng giao thông,Thường,"Đoạn đường trước Phường Hoà Thuận xuống cấp, nhiều ổ gà, xe máy tránh nhau rất nguy hiểm",10,7,1,5
PA03283,2026-10-18,Tổng đài 1022,DV02,Phường Tân Hoà,Khác,Thường,Góp ý Phường Tân Hoà mở thêm khung giờ tiếp dân vào buổi chiều thứ bảy,10,11,0,3
PA03284,2026-10-18,Cổng dịch vụ công,DV03,Phường Đông Giang,Hạ tầng giao thông,Thường,"Đoạn đường trước Phường Đông Giang xuống cấp, nhiều ổ gà, xe máy tránh nhau rất nguy hiểm",10,12,0,
PA03285,2026-10-18,Ứng dụng di động,DV03,Phường Đông Giang,Cấp thoát nước,Thường,"Ống nước trước nhà văn hoá Phường Đông Giang rò rỉ, nước chảy ra đường suốt ngày",10,14,0,2
PA03286,2026-10-18,Văn bản giấy,DV04,Phường Nam Phong,Vệ sinh môi trường,Thường,"Xe thu gom rác ở Phường Nam Phong đổi giờ mà không báo, dân để rác ra đường cả buổi",10,7,1,4
PA03287,2026-10-18,Văn bản giấy,DV04,Phường Nam Phong,Hạ tầng giao thông,Thường,"Đoạn đường trước Phường Nam Phong xuống cấp, nhiều ổ gà, xe máy tránh nhau rất nguy hiểm",10,11,0,
PA03288,2026-10-18,Văn bản giấy,DV04,Phường Nam Phong,Cấp thoát nước,Thường,"Nước máy ở Phường Nam Phong mấy hôm nay có mùi lạ, đề nghị kiểm tra chất lượng",10,12,0,
PA03289,2026-10-18,Ứng dụng di động,DV05,Xã Bình An,Trật tự đô thị,Thường,"Có công trình ở Xã Bình An thi công sau 22 giờ gây ồn, đề nghị kiểm tra giấy phép",10,8,1,
PA03290,2026-10-18,Cổng dịch vụ công,DV06,Xã Long Thành,An sinh xã hội,Thường,Người cao tuổi ở Xã Long Thành chưa được hướng dẫn làm thủ tục trợ cấp,10,10,1,4
PA03291,2026-10-18,Tổng đài 1022,DV07,Xã Phú Điền,Trật tự đô thị,Rất khẩn,Hàng quán lấn chiếm vỉa hè trước cổng trường tiểu học ở Xã Phú Điền giờ tan học,2,2,1,
PA03292,2026-10-18,Văn bản giấy,DV07,Xã Phú Điền,Hạ tầng giao thông,Thường,"Mặt đường Xã Phú Điền sau khi đào lắp ống nước hoàn trả không phẳng, đi rất xóc",10,13,0,2
PA03293,2026-10-18,Cổng dịch vụ công,DV08,Xã Vĩnh Lộc,Trật tự đô thị,Khẩn,Hàng quán lấn chiếm vỉa hè trước cổng trường tiểu học ở Xã Vĩnh Lộc giờ tan học,5,4,1,
PA03294,2026-10-18,Cổng dịch vụ công,DV08,Xã Vĩnh Lộc,Cấp thoát nước,Thường,"Ống nước trước nhà văn hoá Xã Vĩnh Lộc rò rỉ, nước chảy ra đường suốt ngày",10,7,1,
PA03295,2026-10-18,Tổng đài 1022,DV10,Xã Thanh Sơn,Trật tự đô thị,Khẩn,Bãi giữ xe tự phát ở Xã Thanh Sơn chắn lối đi chung của khu dân cư,5,4,1,
PA03296,2026-10-18,Cổng dịch vụ công,DV11,Xã Mỹ Khánh,Vệ sinh môi trường,Thường,"Kênh chạy qua Xã Mỹ Khánh nổi váng đen, nghi có cơ sở xả thải ban đêm",10,5,1,
PA03297,2026-10-19,Tổng đài 1022,DV01,Phường Hoà Thuận,Vệ sinh môi trường,Thường,"Có hộ đổ trộm xà bần ra bãi đất trống ở Phường Hoà Thuận, đề nghị kiểm tra",10,6,1,
PA03298,2026-10-19,Văn bản giấy,DV02,Phường Tân Hoà,Vệ sinh môi trường,Thường,"Rác tồn đọng ở điểm tập kết gần chợ Phường Tân Hoà ba ngày chưa thu gom, mùi rất nặng",10,7,1,
PA03299,2026-10-19,Tổng đài 1022,DV03,Phường Đông Giang,Trật tự đô thị,Thường,Bãi giữ xe tự phát ở Phường Đông Giang chắn lối đi chung của khu dân cư,10,13,0,
PA03300,2026-10-19,Văn bản giấy,DV04,Phường Nam Phong,Trật tự đô thị,Thường,Xe tải trọng lớn chạy vào đường nội bộ Phường Nam Phong ngoài giờ quy định,10,11,0,
PA03301,2026-10-19,Cổng dịch vụ công,DV04,Phường Nam Phong,Khác,Thường,Góp ý Phường Nam Phong mở thêm khung giờ tiếp dân vào buổi chiều thứ bảy,10,1,1,
PA03302,2026-10-19,Văn bản giấy,DV05,Xã Bình An,Vệ sinh môi trường,Khẩn,"Rác tồn đọng ở điểm tập kết gần chợ Xã Bình An ba ngày chưa thu gom, mùi rất nặng",5,14,0,2
PA03303,2026-10-19,Cổng dịch vụ công,DV07,Xã Phú Điền,Cấp thoát nước,Thường,"Mưa là ngập cả tuyến ở Xã Phú Điền, cống thoát nghẹt không rút được",10,7,1,3
PA03304,2026-10-19,Tổng đài 1022,DV07,Xã Phú Điền,Chiếu sáng công cộng,Thường,"Đèn chiếu sáng khu vực Xã Phú Điền bật cả ban ngày, rất lãng phí điện",10,4,1,4
PA03305,2026-10-19,Ứng dụng di động,DV07,Xã Phú Điền,Cấp thoát nước,Khẩn,"Mưa là ngập cả tuyến ở Xã Phú Điền, cống thoát nghẹt không rút được",5,2,1,
PA03306,2026-10-19,Cổng dịch vụ công,DV08,Xã Vĩnh Lộc,Chiếu sáng công cộng,Thường,"Ngõ vào cụm dân cư Xã Vĩnh Lộc chưa có đèn chiếu sáng, đã kiến nghị hai lần",10,5,1,
PA03307,2026-10-19,Văn bản giấy,DV08,Xã Vĩnh Lộc,Trật tự đô thị,Thường,Xe tải trọng lớn chạy vào đường nội bộ Xã Vĩnh Lộc ngoài giờ quy định,10,16,0,
PA03308,2026-10-19,Cổng dịch vụ công,DV09,Xã An Cư,Hạ tầng giao thông,Khẩn,"Cầu nhỏ bắc qua kênh ở Xã An Cư mục lan can, trẻ em đi học qua rất lo",5,7,0,
PA03309,2026-10-20,Tổng đài 1022,DV01,Phường Hoà Thuận,Hạ tầng giao thông,Thường,"Cầu nhỏ bắc qua kênh ở Phường Hoà Thuận mục lan can, trẻ em đi học qua rất lo",10,3,1,
PA03310,2026-10-20,Tổng đài 1022,DV01,Phường Hoà Thuận,Hạ tầng giao thông,Khẩn,"Mặt đường Phường Hoà Thuận sau khi đào lắp ống nước hoàn trả không phẳng, đi rất xóc",5,2,1,
PA03311,2026-10-20,Cổng dịch vụ công,DV02,Phường Tân Hoà,Chiếu sáng công cộng,Khẩn,"Ba cột đèn đường ở Phường Tân Hoà cháy bóng, ban đêm tối om rất mất an toàn",5,2,1,
PA03312,2026-10-20,Ứng dụng di động,DV02,Phường Tân Hoà,Vệ sinh môi trường,Khẩn,"Xe thu gom rác ở Phường Tân Hoà đổi giờ mà không báo, dân để rác ra đường cả buổi",5,4,1,4
PA03313,2026-10-20,Ứng dụng di động,DV02,Phường Tân Hoà,Cấp thoát nước,Thường,"Nước máy ở Phường Tân Hoà mấy hôm nay có mùi lạ, đề nghị kiểm tra chất lượng",10,6,1,
PA03314,2026-10-20,Văn bản giấy,DV02,Phường Tân Hoà,Vệ sinh môi trường,Thường,"Rác tồn đọng ở điểm tập kết gần chợ Phường Tân Hoà ba ngày chưa thu gom, mùi rất nặng",10,3,1,5
PA03315,2026-10-20,Văn bản giấy,DV02,Phường Tân Hoà,Trật tự đô thị,Thường,Bãi giữ xe tự phát ở Phường Tân Hoà chắn lối đi chung của khu dân cư,10,2,1,4
PA03316,2026-10-20,Ứng dụng di động,DV04,Phường Nam Phong,Chiếu sáng công cộng,Thường,"Ngõ vào cụm dân cư Phường Nam Phong chưa có đèn chiếu sáng, đã kiến nghị hai lần",10,10,1,3
PA03317,2026-10-20,Cổng dịch vụ công,DV09,Xã An Cư,Vệ sinh môi trường,Thường,"Kênh chạy qua Xã An Cư nổi váng đen, nghi có cơ sở xả thải ban đêm",10,13,0,
PA03318,2026-10-20,Tiếp công dân,DV11,Xã Mỹ Khánh,Hạ tầng giao thông,Thường,"Đoạn đường trước Xã Mỹ Khánh xuống cấp, nhiều ổ gà, xe máy tránh nhau rất nguy hiểm",10,4,1,
PA03319,2026-10-21,Tổng đài 1022,DV01,Phường Hoà Thuận,Thủ tục hành chính,Thường,"Cổng dịch vụ công báo lỗi khi tải giấy tờ lên, gọi Phường Hoà Thuận không ai nghe máy",10,11,0,3
PA03320,2026-10-21,Tổng đài 1022,DV02,Phường Tân Hoà,Cấp thoát nước,Thường,"Mưa là ngập cả tuyến ở Phường Tân Hoà, cống thoát nghẹt không rút được",10,2,1,
PA03321,2026-10-21,Văn bản giấy,DV02,Phường Tân Hoà,Khác,Thường,Góp ý Phường Tân Hoà mở thêm khung giờ tiếp dân vào buổi chiều thứ bảy,10,8,1,5
PA03322,2026-10-21,Văn bản giấy,DV02,Phường Tân Hoà,Thủ tục hành chính,Thường,Nộp hồ sơ chứng thực tại Phường Tân Hoà hẹn 3 ngày nhưng quá 8 ngày chưa có kết quả,10,8,1,3
PA03323,2026-10-21,Cổng dịch vụ công,DV03,Phường Đông Giang,Trật tự đô thị,Thường,Xe tải trọng lớn chạy vào đường nội bộ Phường Đông Giang ngoài giờ quy định,10,10,1,5
PA03324,2026-10-21,Tổng đài 1022,DV04,Phường Nam Phong,Vệ sinh môi trường,Khẩn,"Rác tồn đọng ở điểm tập kết gần chợ Phường Nam Phong ba ngày chưa thu gom, mùi rất nặng",5,2,1,5
PA03325,2026-10-21,Cổng dịch vụ công,DV04,Phường Nam Phong,An sinh xã hội,Thường,Người cao tuổi ở Phường Nam Phong chưa được hướng dẫn làm thủ tục trợ cấp,10,17,0,3
PA03326,2026-10-21,Cổng dịch vụ công,DV04,Phường Nam Phong,Cấp thoát nước,Thường,"Khu dân cư Phường Nam Phong mất nước từ sáng đến chiều, không thấy thông báo trước",10,4,1,3
PA03327,2026-10-21,Ứng dụng di động,DV04,Phường Nam Phong,Thủ tục hành chính,Thường,"Cổng dịch vụ công báo lỗi khi tải giấy tờ lên, gọi Phường Nam Phong không ai nghe máy",10,18,0,3
PA03328,2026-10-21,Cổng dịch vụ công,DV06,Xã Long Thành,An sinh xã hội,Thường,Người cao tuổi ở Xã Long Thành chưa được hướng dẫn làm thủ tục trợ cấp,10,12,0,
PA03329,2026-10-21,Ứng dụng di động,DV06,Xã Long Thành,Hạ tầng giao thông,Thường,"Đoạn đường trước Xã Long Thành xuống cấp, nhiều ổ gà, xe máy tránh nhau rất nguy hiểm",10,4,1,4
PA03330,2026-10-21,Cổng dịch vụ công,DV09,Xã An Cư,Trật tự đô thị,Thường,"Có công trình ở Xã An Cư thi công sau 22 giờ gây ồn, đề nghị kiểm tra giấy phép",10,7,1,
PA03331,2026-10-21,Cổng dịch vụ công,DV09,Xã An Cư,An sinh xã hội,Khẩn,"Hộ cận nghèo ở Xã An Cư chưa nhận được hỗ trợ đợt này, đề nghị rà soát",5,3,1,
PA03332,2026-10-21,Ứng dụng di động,DV10,Xã Thanh Sơn,Trật tự đô thị,Thường,Xe tải trọng lớn chạy vào đường nội bộ Xã Thanh Sơn ngoài giờ quy định,10,10,1,
PA03333,2026-10-21,Ứng dụng di động,DV12,Xã Hương Trà,Vệ sinh môi trường,Thường,"Xe thu gom rác ở Xã Hương Trà đổi giờ mà không báo, dân để rác ra đường cả buổi",10,9,1,4
PA03334,2026-10-22,Văn bản giấy,DV02,Phường Tân Hoà,Vệ sinh môi trường,Thường,"Kênh chạy qua Phường Tân Hoà nổi váng đen, nghi có cơ sở xả thải ban đêm",10,8,1,
PA03335,2026-10-22,Văn bản giấy,DV02,Phường Tân Hoà,Vệ sinh môi trường,Thường,"Rác tồn đọng ở điểm tập kết gần chợ Phường Tân Hoà ba ngày chưa thu gom, mùi rất nặng",10,8,1,
PA03336,2026-10-22,Cổng dịch vụ công,DV02,Phường Tân Hoà,Thủ tục hành chính,Thường,Cán bộ một cửa Phường Tân Hoà yêu cầu giấy tờ ngoài danh mục niêm yết,10,6,1,
PA03337,2026-10-22,Ứng dụng di động,DV02,Phường Tân Hoà,Hạ tầng giao thông,Khẩn,"Đoạn đường trước Phường Tân Hoà xuống cấp, nhiều ổ gà, xe máy tránh nhau rất nguy hiểm",5,2,1,
PA03338,2026-10-22,Tổng đài 1022,DV05,Xã Bình An,Thủ tục hành chính,Khẩn,Nộp hồ sơ chứng thực tại Xã Bình An hẹn 3 ngày nhưng quá 8 ngày chưa có kết quả,5,4,1,4
PA03339,2026-10-22,Văn bản giấy,DV05,Xã Bình An,Chiếu sáng công cộng,Thường,"Ngõ vào cụm dân cư Xã Bình An chưa có đèn chiếu sáng, đã kiến nghị hai lần",10,3,1,
PA03340,2026-10-22,Tổng đài 1022,DV05,Xã Bình An,Khác,Rất khẩn,"Loa phát thanh ở Xã Bình An phát quá sớm, ảnh hưởng người già và trẻ nhỏ",2,1,1,
PA03341,2026-10-22,Tổng đài 1022,DV06,Xã Long Thành,Hạ tầng giao thông,Thường,"Cầu nhỏ bắc qua kênh ở Xã Long Thành mục lan can, trẻ em đi học qua rất lo",10,2,1,4
PA03342,2026-10-22,Cổng dịch vụ công,DV06,Xã Long Thành,Thủ tục hành chính,Thường,"Cổng dịch vụ công báo lỗi khi tải giấy tờ lên, gọi Xã Long Thành không ai nghe máy",10,14,0,2
PA03343,2026-10-22,Ứng dụng di động,DV08,Xã Vĩnh Lộc,Chiếu sáng công cộng,Thường,"Ba cột đèn đường ở Xã Vĩnh Lộc cháy bóng, ban đêm tối om rất mất an toàn",10,1,1,
PA03344,2026-10-22,Ứng dụng di động,DV08,Xã Vĩnh Lộc,Vệ sinh môi trường,Thường,"Kênh chạy qua Xã Vĩnh Lộc nổi váng đen, nghi có cơ sở xả thải ban đêm",10,4,1,5
PA03345,2026-10-22,Ứng dụng di động,DV09,Xã An Cư,Hạ tầng giao thông,Thường,"Mặt đường Xã An Cư sau khi đào lắp ống nước hoàn trả không phẳng, đi rất xóc",10,8,1,4
PA03346,2026-10-22,Ứng dụng di động,DV11,Xã Mỹ Khánh,An sinh xã hội,Thường,Người cao tuổi ở Xã Mỹ Khánh chưa được hướng dẫn làm thủ tục trợ cấp,10,4,1,
PA03347,2026-10-22,Tổng đài 1022,DV11,Xã Mỹ Khánh,Hạ tầng giao thông,Thường,"Mặt đường Xã Mỹ Khánh sau khi đào lắp ống nước hoàn trả không phẳng, đi rất xóc",10,6,1,
PA03348,2026-10-22,Văn bản giấy,DV11,Xã Mỹ Khánh,Thủ tục hành chính,Thường,Nộp hồ sơ chứng thực tại Xã Mỹ Khánh hẹn 3 ngày nhưng quá 8 ngày chưa có kết quả,10,13,0,
PA03349,2026-10-23,Tổng đài 1022,DV01,Phường Hoà Thuận,Thủ tục hành chính,Khẩn,Nộp hồ sơ chứng thực tại Phường Hoà Thuận hẹn 3 ngày nhưng quá 8 ngày chưa có kết quả,5,4,1,
PA03350,2026-10-23,Cổng dịch vụ công,DV02,Phường Tân Hoà,Vệ sinh môi trường,Thường,"Có hộ đổ trộm xà bần ra bãi đất trống ở Phường Tân Hoà, đề nghị kiểm tra",10,4,1,
PA03351,2026-10-23,Cổng dịch vụ công,DV02,Phường Tân Hoà,Hạ tầng giao thông,Thường,Nắp cống trên tuyến đường liên xã qua Phường Tân Hoà bị vỡ đã hai tuần chưa ai sửa,10,6,1,4
PA03352,2026-10-23,Cổng dịch vụ công,DV03,Phường Đông Giang,Trật tự đô thị,Thường,Bãi giữ xe tự phát ở Phường Đông Giang chắn lối đi chung của khu dân cư,10,14,0,
PA03353,2026-10-23,Tổng đài 1022,DV04,Phường Nam Phong,Thủ tục hành chính,Thường,Cán bộ một cửa Phường Nam Phong yêu cầu giấy tờ ngoài danh mục niêm yết,10,4,1,4
PA03354,2026-10-23,Cổng dịch vụ công,DV04,Phường Nam Phong,Hạ tầng giao thông,Thường,"Đoạn đường trước Phường Nam Phong xuống cấp, nhiều ổ gà, xe máy tránh nhau rất nguy hiểm",10,4,1,4
PA03355,2026-10-23,Ứng dụng di động,DV11,Xã Mỹ Khánh,Trật tự đô thị,Thường,Xe tải trọng lớn chạy vào đường nội bộ Xã Mỹ Khánh ngoài giờ quy định,10,7,1,
PA03356,2026-10-24,Cổng dịch vụ công,DV01,Phường Hoà Thuận,An sinh xã hội,Rất khẩn,Người cao tuổi ở Phường Hoà Thuận chưa được hướng dẫn làm thủ tục trợ cấp,2,3,0,3
PA03357,2026-10-24,Ứng dụng di động,DV02,Phường Tân Hoà,Cấp thoát nước,Thường,"Ống nước trước nhà văn hoá Phường Tân Hoà rò rỉ, nước chảy ra đường suốt ngày",10,9,1,3
PA03358,2026-10-24,Ứng dụng di động,DV02,Phường Tân Hoà,Chiếu sáng công cộng,Thường,"Ngõ vào cụm dân cư Phường Tân Hoà chưa có đèn chiếu sáng, đã kiến nghị hai lần",10,7,1,3
PA03359,2026-10-24,Văn bản giấy,DV02,Phường Tân Hoà,Trật tự đô thị,Thường,Xe tải trọng lớn chạy vào đường nội bộ Phường Tân Hoà ngoài giờ quy định,10,9,1,4
PA03360,2026-10-24,Tổng đài 1022,DV03,Phường Đông Giang,An sinh xã hội,Thường,"Hộ cận nghèo ở Phường Đông Giang chưa nhận được hỗ trợ đợt này, đề nghị rà soát",10,12,0,4
PA03361,2026-10-24,Ứng dụng di động,DV03,Phường Đông Giang,Trật tự đô thị,Thường,Bãi giữ xe tự phát ở Phường Đông Giang chắn lối đi chung của khu dân cư,10,8,1,
PA03362,2026-10-24,Cổng dịch vụ công,DV03,Phường Đông Giang,Vệ sinh môi trường,Thường,"Có hộ đổ trộm xà bần ra bãi đất trống ở Phường Đông Giang, đề nghị kiểm tra",10,4,1,4
PA03363,2026-10-24,Cổng dịch vụ công,DV07,Xã Phú Điền,Vệ sinh môi trường,Thường,"Kênh chạy qua Xã Phú Điền nổi váng đen, nghi có cơ sở xả thải ban đêm",10,7,1,3
PA03364,2026-10-24,Tổng đài 1022,DV07,Xã Phú Điền,Vệ sinh môi trường,Khẩn,"Có hộ đổ trộm xà bần ra bãi đất trống ở Xã Phú Điền, đề nghị kiểm tra",5,3,1,
PA03365,2026-10-24,Tổng đài 1022,DV08,Xã Vĩnh Lộc,Hạ tầng giao thông,Thường,"Cầu nhỏ bắc qua kênh ở Xã Vĩnh Lộc mục lan can, trẻ em đi học qua rất lo",10,12,0,3
PA03366,2026-10-25,Tổng đài 1022,DV01,Phường Hoà Thuận,Vệ sinh môi trường,Thường,"Rác tồn đọng ở điểm tập kết gần chợ Phường Hoà Thuận ba ngày chưa thu gom, mùi rất nặng",10,8,1,
PA03367,2026-10-25,Cổng dịch vụ công,DV01,Phường Hoà Thuận,Hạ tầng giao thông,Thường,"Cầu nhỏ bắc qua kênh ở Phường Hoà Thuận mục lan can, trẻ em đi học qua rất lo",10,6,1,4
PA03368,2026-10-25,Tổng đài 1022,DV01,Phường Hoà Thuận,Cấp thoát nước,Thường,"Nước máy ở Phường Hoà Thuận mấy hôm nay có mùi lạ, đề nghị kiểm tra chất lượng",10,9,1,2
PA03369,2026-10-25,Ứng dụng di động,DV02,Phường Tân Hoà,Cấp thoát nước,Thường,"Khu dân cư Phường Tân Hoà mất nước từ sáng đến chiều, không thấy thông báo trước",10,4,1,4
PA03370,2026-10-25,Ứng dụng di động,DV02,Phường Tân Hoà,Vệ sinh môi trường,Khẩn,"Có hộ đổ trộm xà bần ra bãi đất trống ở Phường Tân Hoà, đề nghị kiểm tra",5,3,1,
PA03371,2026-10-25,Văn bản giấy,DV03,Phường Đông Giang,Thủ tục hành chính,Thường,"Cổng dịch vụ công báo lỗi khi tải giấy tờ lên, gọi Phường Đông Giang không ai nghe máy",10,5,1,5
PA03372,2026-10-25,Văn bản giấy,DV03,Phường Đông Giang,Hạ tầng giao thông,Khẩn,"Mặt đường Phường Đông Giang sau khi đào lắp ống nước hoàn trả không phẳng, đi rất xóc",5,3,1,4
PA03373,2026-10-25,Văn bản giấy,DV04,Phường Nam Phong,Hạ tầng giao thông,Thường,"Cầu nhỏ bắc qua kênh ở Phường Nam Phong mục lan can, trẻ em đi học qua rất lo",10,7,1,
PA03374,2026-10-25,Cổng dịch vụ công,DV04,Phường Nam Phong,Hạ tầng giao thông,Thường,"Đoạn đường trước Phường Nam Phong xuống cấp, nhiều ổ gà, xe máy tránh nhau rất nguy hiểm",10,2,1,
PA03375,2026-10-25,Tổng đài 1022,DV05,Xã Bình An,Thủ tục hành chính,Khẩn,Cán bộ một cửa Xã Bình An yêu cầu giấy tờ ngoài danh mục niêm yết,5,2,1,
PA03376,2026-10-25,Tổng đài 1022,DV07,Xã Phú Điền,Hạ tầng giao thông,Thường,Nắp cống trên tuyến đường liên xã qua Xã Phú Điền bị vỡ đã hai tuần chưa ai sửa,10,15,0,
PA03377,2026-10-25,Cổng dịch vụ công,DV09,Xã An Cư,Trật tự đô thị,Thường,Hàng quán lấn chiếm vỉa hè trước cổng trường tiểu học ở Xã An Cư giờ tan học,10,4,1,
PA03378,2026-10-25,Tổng đài 1022,DV09,Xã An Cư,Chiếu sáng công cộng,Khẩn,"Ngõ vào cụm dân cư Xã An Cư chưa có đèn chiếu sáng, đã kiến nghị hai lần",5,4,1,4
PA03379,2026-10-25,Văn bản giấy,DV11,Xã Mỹ Khánh,Vệ sinh môi trường,Thường,"Kênh chạy qua Xã Mỹ Khánh nổi váng đen, nghi có cơ sở xả thải ban đêm",10,14,0,
PA03380,2026-10-25,Ứng dụng di động,DV12,Xã Hương Trà,Trật tự đô thị,Rất khẩn,Bãi giữ xe tự phát ở Xã Hương Trà chắn lối đi chung của khu dân cư,2,2,1,
PA03381,2026-10-26,Ứng dụng di động,DV01,Phường Hoà Thuận,Chiếu sáng công cộng,Khẩn,"Ngõ vào cụm dân cư Phường Hoà Thuận chưa có đèn chiếu sáng, đã kiến nghị hai lần",5,2,1,5
PA03382,2026-10-26,Ứng dụng di động,DV01,Phường Hoà Thuận,Trật tự đô thị,Thường,Bãi giữ xe tự phát ở Phường Hoà Thuận chắn lối đi chung của khu dân cư,10,8,1,
PA03383,2026-10-26,Ứng dụng di động,DV03,Phường Đông Giang,Cấp thoát nước,Thường,"Ống nước trước nhà văn hoá Phường Đông Giang rò rỉ, nước chảy ra đường suốt ngày",10,5,1,4
PA03384,2026-10-26,Tổng đài 1022,DV03,Phường Đông Giang,Cấp thoát nước,Thường,"Nước máy ở Phường Đông Giang mấy hôm nay có mùi lạ, đề nghị kiểm tra chất lượng",10,14,0,
PA03385,2026-10-26,Ứng dụng di động,DV04,Phường Nam Phong,Thủ tục hành chính,Thường,Nộp hồ sơ chứng thực tại Phường Nam Phong hẹn 3 ngày nhưng quá 8 ngày chưa có kết quả,10,8,1,
PA03386,2026-10-26,Ứng dụng di động,DV06,Xã Long Thành,Hạ tầng giao thông,Thường,Nắp cống trên tuyến đường liên xã qua Xã Long Thành bị vỡ đã hai tuần chưa ai sửa,10,5,1,
PA03387,2026-10-26,Cổng dịch vụ công,DV07,Xã Phú Điền,Hạ tầng giao thông,Thường,"Cầu nhỏ bắc qua kênh ở Xã Phú Điền mục lan can, trẻ em đi học qua rất lo",10,9,1,
PA03388,2026-10-27,Cổng dịch vụ công,DV02,Phường Tân Hoà,Thủ tục hành chính,Thường,"Cổng dịch vụ công báo lỗi khi tải giấy tờ lên, gọi Phường Tân Hoà không ai nghe máy",10,5,1,
PA03389,2026-10-27,Tổng đài 1022,DV02,Phường Tân Hoà,Khác,Khẩn,Đề nghị Phường Tân Hoà thông tin rõ kế hoạch chỉnh trang khu dân cư năm tới,5,4,1,
PA03390,2026-10-27,Tổng đài 1022,DV02,Phường Tân Hoà,Hạ tầng giao thông,Thường,"Mặt đường Phường Tân Hoà sau khi đào lắp ống nước hoàn trả không phẳng, đi rất xóc",10,4,1,5
PA03391,2026-10-27,Cổng dịch vụ công,DV03,Phường Đông Giang,Khác,Thường,"Loa phát thanh ở Phường Đông Giang phát quá sớm, ảnh hưởng người già và trẻ nhỏ",10,10,1,
PA03392,2026-10-27,Ứng dụng di động,DV03,Phường Đông Giang,Cấp thoát nước,Thường,"Nước máy ở Phường Đông Giang mấy hôm nay có mùi lạ, đề nghị kiểm tra chất lượng",10,9,1,5
PA03393,2026-10-27,Tổng đài 1022,DV03,Phường Đông Giang,Hạ tầng giao thông,Thường,"Cầu nhỏ bắc qua kênh ở Phường Đông Giang mục lan can, trẻ em đi học qua rất lo",10,5,1,
PA03394,2026-10-27,Ứng dụng di động,DV04,Phường Nam Phong,Hạ tầng giao thông,Thường,"Đoạn đường trước Phường Nam Phong xuống cấp, nhiều ổ gà, xe máy tránh nhau rất nguy hiểm",10,12,0,
PA03395,2026-10-27,Tổng đài 1022,DV04,Phường Nam Phong,Vệ sinh môi trường,Thường,"Có hộ đổ trộm xà bần ra bãi đất trống ở Phường Nam Phong, đề nghị kiểm tra",10,8,1,3
PA03396,2026-10-27,Tổng đài 1022,DV06,Xã Long Thành,Vệ sinh môi trường,Thường,"Có hộ đổ trộm xà bần ra bãi đất trống ở Xã Long Thành, đề nghị kiểm tra",10,9,1,5
PA03397,2026-10-27,Văn bản giấy,DV06,Xã Long Thành,Chiếu sáng công cộng,Thường,"Ba cột đèn đường ở Xã Long Thành cháy bóng, ban đêm tối om rất mất an toàn",10,2,1,
PA03398,2026-10-27,Văn bản giấy,DV08,Xã Vĩnh Lộc,Vệ sinh môi trường,Thường,"Có hộ đổ trộm xà bần ra bãi đất trống ở Xã Vĩnh Lộc, đề nghị kiểm tra",10,24,0,
PA03399,2026-10-27,Cổng dịch vụ công,DV08,Xã Vĩnh Lộc,Thủ tục hành chính,Thường,Đã nộp trực tuyến nhưng Xã Vĩnh Lộc vẫn yêu cầu nộp thêm bản giấy,10,11,0,
PA03400,2026-10-27,Văn bản giấy,DV09,Xã An Cư,Trật tự đô thị,Thường,Hàng quán lấn chiếm vỉa hè trước cổng trường tiểu học ở Xã An Cư giờ tan học,10,11,0,
PA03401,2026-10-27,Ứng dụng di động,DV10,Xã Thanh Sơn,Cấp thoát nước,Khẩn,"Ống nước trước nhà văn hoá Xã Thanh Sơn rò rỉ, nước chảy ra đường suốt ngày",5,3,1,
PA03402,2026-10-27,Tổng đài 1022,DV11,Xã Mỹ Khánh,Vệ sinh môi trường,Thường,"Xe thu gom rác ở Xã Mỹ Khánh đổi giờ mà không báo, dân để rác ra đường cả buổi",10,13,0,2
PA03403,2026-10-28,Cổng dịch vụ công,DV01,Phường Hoà Thuận,Cấp thoát nước,Thường,"Mưa là ngập cả tuyến ở Phường Hoà Thuận, cống thoát nghẹt không rút được",10,2,1,5
PA03404,2026-10-28,Cổng dịch vụ công,DV02,Phường Tân Hoà,Vệ sinh môi trường,Khẩn,"Xe thu gom rác ở Phường Tân Hoà đổi giờ mà không báo, dân để rác ra đường cả buổi",5,2,1,
PA03405,2026-10-28,Ứng dụng di động,DV02,Phường Tân Hoà,Cấp thoát nước,Thường,"Ống nước trước nhà văn hoá Phường Tân Hoà rò rỉ, nước chảy ra đường suốt ngày",10,11,0,2
PA03406,2026-10-28,Ứng dụng di động,DV03,Phường Đông Giang,Thủ tục hành chính,Thường,"Cổng dịch vụ công báo lỗi khi tải giấy tờ lên, gọi Phường Đông Giang không ai nghe máy",10,12,0,4
PA03407,2026-10-28,Văn bản giấy,DV04,Phường Nam Phong,Trật tự đô thị,Thường,"Có công trình ở Phường Nam Phong thi công sau 22 giờ gây ồn, đề nghị kiểm tra giấy phép",10,18,0,
PA03408,2026-10-28,Ứng dụng di động,DV07,Xã Phú Điền,Hạ tầng giao thông,Thường,"Cầu nhỏ bắc qua kênh ở Xã Phú Điền mục lan can, trẻ em đi học qua rất lo",10,1,1,5
PA03409,2026-10-28,Cổng dịch vụ công,DV12,Xã Hương Trà,Hạ tầng giao thông,Khẩn,"Cầu nhỏ bắc qua kênh ở Xã Hương Trà mục lan can, trẻ em đi học qua rất lo",5,2,1,
PA03410,2026-10-29,Cổng dịch vụ công,DV01,Phường Hoà Thuận,Vệ sinh môi trường,Thường,"Kênh chạy qua Phường Hoà Thuận nổi váng đen, nghi có cơ sở xả thải ban đêm",10,7,1,
PA03411,2026-10-29,Tổng đài 1022,DV03,Phường Đông Giang,Thủ tục hành chính,Khẩn,Cán bộ một cửa Phường Đông Giang yêu cầu giấy tờ ngoài danh mục niêm yết,5,4,1,4
PA03412,2026-10-29,Tổng đài 1022,DV03,Phường Đông Giang,Hạ tầng giao thông,Khẩn,Nắp cống trên tuyến đường liên xã qua Phường Đông Giang bị vỡ đã hai tuần chưa ai sửa,5,5,1,
PA03413,2026-10-29,Cổng dịch vụ công,DV04,Phường Nam Phong,Chiếu sáng công cộng,Khẩn,"Đèn chiếu sáng khu vực Phường Nam Phong bật cả ban ngày, rất lãng phí điện",5,6,0,
PA03414,2026-10-29,Tổng đài 1022,DV05,Xã Bình An,Cấp thoát nước,Thường,"Nước máy ở Xã Bình An mấy hôm nay có mùi lạ, đề nghị kiểm tra chất lượng",10,4,1,
PA03415,2026-10-29,Tổng đài 1022,DV05,Xã Bình An,Chiếu sáng công cộng,Thường,"Ngõ vào cụm dân cư Xã Bình An chưa có đèn chiếu sáng, đã kiến nghị hai lần",10,16,0,1
PA03416,2026-10-29,Ứng dụng di động,DV07,Xã Phú Điền,Trật tự đô thị,Thường,Xe tải trọng lớn chạy vào đường nội bộ Xã Phú Điền ngoài giờ quy định,10,13,0,
PA03417,2026-10-29,Cổng dịch vụ công,DV10,Xã Thanh Sơn,Trật tự đô thị,Thường,Hàng quán lấn chiếm vỉa hè trước cổng trường tiểu học ở Xã Thanh Sơn giờ tan học,10,3,1,4
PA03418,2026-10-29,Cổng dịch vụ công,DV10,Xã Thanh Sơn,Cấp thoát nước,Thường,"Mưa là ngập cả tuyến ở Xã Thanh Sơn, cống thoát nghẹt không rút được",10,14,0,3
PA03419,2026-10-30,Cổng dịch vụ công,DV01,Phường Hoà Thuận,Hạ tầng giao thông,Thường,"Cầu nhỏ bắc qua kênh ở Phường Hoà Thuận mục lan can, trẻ em đi học qua rất lo",10,4,1,5
PA03420,2026-10-30,Cổng dịch vụ công,DV01,Phường Hoà Thuận,Hạ tầng giao thông,Thường,Nắp cống trên tuyến đường liên xã qua Phường Hoà Thuận bị vỡ đã hai tuần chưa ai sửa,10,4,1,5
PA03421,2026-10-30,Ứng dụng di động,DV02,Phường Tân Hoà,Trật tự đô thị,Thường,Xe tải trọng lớn chạy vào đường nội bộ Phường Tân Hoà ngoài giờ quy định,10,2,1,5
PA03422,2026-10-30,Tổng đài 1022,DV02,Phường Tân Hoà,Hạ tầng giao thông,Thường,"Mặt đường Phường Tân Hoà sau khi đào lắp ống nước hoàn trả không phẳng, đi rất xóc",10,7,1,2
PA03423,2026-10-30,Tổng đài 1022,DV02,Phường Tân Hoà,Khác,Thường,"Loa phát thanh ở Phường Tân Hoà phát quá sớm, ảnh hưởng người già và trẻ nhỏ",10,25,0,2
PA03424,2026-10-30,Văn bản giấy,DV02,Phường Tân Hoà,Trật tự đô thị,Thường,Hàng quán lấn chiếm vỉa hè trước cổng trường tiểu học ở Phường Tân Hoà giờ tan học,10,10,1,
PA03425,2026-10-30,Tổng đài 1022,DV02,Phường Tân Hoà,Cấp thoát nước,Thường,"Nước máy ở Phường Tân Hoà mấy hôm nay có mùi lạ, đề nghị kiểm tra chất lượng",10,6,1,4
PA03426,2026-10-30,Cổng dịch vụ công,DV03,Phường Đông Giang,Thủ tục hành chính,Thường,Nộp hồ sơ chứng thực tại Phường Đông Giang hẹn 3 ngày nhưng quá 8 ngày chưa có kết quả,10,10,1,
PA03427,2026-10-30,Cổng dịch vụ công,DV04,Phường Nam Phong,Vệ sinh môi trường,Thường,"Có hộ đổ trộm xà bần ra bãi đất trống ở Phường Nam Phong, đề nghị kiểm tra",10,1,1,
PA03428,2026-10-30,Cổng dịch vụ công,DV04,Phường Nam Phong,An sinh xã hội,Thường,"Danh sách nhận hỗ trợ ở Phường Nam Phong niêm yết thiếu tên, đề nghị kiểm tra lại",10,1,1,
PA03429,2026-10-30,Tổng đài 1022,DV08,Xã Vĩnh Lộc,An sinh xã hội,Thường,"Danh sách nhận hỗ trợ ở Xã Vĩnh Lộc niêm yết thiếu tên, đề nghị kiểm tra lại",10,12,0,
PA03430,2026-10-30,Văn bản giấy,DV09,Xã An Cư,Cấp thoát nước,Khẩn,"Khu dân cư Xã An Cư mất nước từ sáng đến chiều, không thấy thông báo trước",5,4,1,5
PA03431,2026-10-30,Văn bản giấy,DV11,Xã Mỹ Khánh,Vệ sinh môi trường,Thường,"Có hộ đổ trộm xà bần ra bãi đất trống ở Xã Mỹ Khánh, đề nghị kiểm tra",10,34,0,4
PA03432,2026-10-31,Tiếp công dân,DV02,Phường Tân Hoà,Trật tự đô thị,Thường,Bãi giữ xe tự phát ở Phường Tân Hoà chắn lối đi chung của khu dân cư,10,5,1,
PA03433,2026-10-31,Cổng dịch vụ công,DV02,Phường Tân Hoà,Hạ tầng giao thông,Khẩn,"Mặt đường Phường Tân Hoà sau khi đào lắp ống nước hoàn trả không phẳng, đi rất xóc",5,3,1,4
PA03434,2026-10-31,Văn bản giấy,DV02,Phường Tân Hoà,Hạ tầng giao thông,Thường,Nắp cống trên tuyến đường liên xã qua Phường Tân Hoà bị vỡ đã hai tuần chưa ai sửa,10,8,1,
PA03435,2026-10-31,Cổng dịch vụ công,DV02,Phường Tân Hoà,An sinh xã hội,Khẩn,Người cao tuổi ở Phường Tân Hoà chưa được hướng dẫn làm thủ tục trợ cấp,5,4,1,4
PA03436,2026-10-31,Cổng dịch vụ công,DV02,Phường Tân Hoà,Vệ sinh môi trường,Thường,"Kênh chạy qua Phường Tân Hoà nổi váng đen, nghi có cơ sở xả thải ban đêm",10,2,1,5
PA03437,2026-10-31,Tổng đài 1022,DV03,Phường Đông Giang,Chiếu sáng công cộng,Thường,"Đèn chiếu sáng khu vực Phường Đông Giang bật cả ban ngày, rất lãng phí điện",10,1,1,4
PA03438,2026-10-31,Tổng đài 1022,DV04,Phường Nam Phong,Khác,Thường,"Loa phát thanh ở Phường Nam Phong phát quá sớm, ảnh hưởng người già và trẻ nhỏ",10,12,0,3
PA03439,2026-10-31,Tiếp công dân,DV05,Xã Bình An,Hạ tầng giao thông,Thường,"Đoạn đường trước Xã Bình An xuống cấp, nhiều ổ gà, xe máy tránh nhau rất nguy hiểm",10,9,1,
PA03440,2026-10-31,Tổng đài 1022,DV11,Xã Mỹ Khánh,Hạ tầng giao thông,Khẩn,"Cầu nhỏ bắc qua kênh ở Xã Mỹ Khánh mục lan can, trẻ em đi học qua rất lo",5,3,1,
PA03441,2026-11-01,Văn bản giấy,DV01,Phường Hoà Thuận,Cấp thoát nước,Thường,"Ống nước trước nhà văn hoá Phường Hoà Thuận rò rỉ, nước chảy ra đường suốt ngày",10,6,1,
PA03442,2026-11-01,Tổng đài 1022,DV01,Phường Hoà Thuận,Vệ sinh môi trường,Thường,"Xe thu gom rác ở Phường Hoà Thuận đổi giờ mà không báo, dân để rác ra đường cả buổi",10,1,1,5
PA03443,2026-11-01,Cổng dịch vụ công,DV01,Phường Hoà Thuận,Cấp thoát nước,Thường,"Ống nước trước nhà văn hoá Phường Hoà Thuận rò rỉ, nước chảy ra đường suốt ngày",10,13,0,
PA03444,2026-11-01,Cổng dịch vụ công,DV01,Phường Hoà Thuận,Chiếu sáng công cộng,Khẩn,"Ngõ vào cụm dân cư Phường Hoà Thuận chưa có đèn chiếu sáng, đã kiến nghị hai lần",5,5,1,4
PA03445,2026-11-01,Tổng đài 1022,DV02,Phường Tân Hoà,Chiếu sáng công cộng,Thường,"Ngõ vào cụm dân cư Phường Tân Hoà chưa có đèn chiếu sáng, đã kiến nghị hai lần",10,7,1,5
PA03446,2026-11-01,Ứng dụng di động,DV02,Phường Tân Hoà,Vệ sinh môi trường,Thường,"Kênh chạy qua Phường Tân Hoà nổi váng đen, nghi có cơ sở xả thải ban đêm",10,9,1,
PA03447,2026-11-01,Tổng đài 1022,DV03,Phường Đông Giang,An sinh xã hội,Thường,"Hộ cận nghèo ở Phường Đông Giang chưa nhận được hỗ trợ đợt này, đề nghị rà soát",10,10,1,5
PA03448,2026-11-01,Tổng đài 1022,DV03,Phường Đông Giang,Thủ tục hành chính,Thường,Cán bộ một cửa Phường Đông Giang yêu cầu giấy tờ ngoài danh mục niêm yết,10,9,1,
PA03449,2026-11-01,Tổng đài 1022,DV03,Phường Đông Giang,Hạ tầng giao thông,Thường,"Cầu nhỏ bắc qua kênh ở Phường Đông Giang mục lan can, trẻ em đi học qua rất lo",10,1,1,
PA03450,2026-11-01,Cổng dịch vụ công,DV04,Phường Nam Phong,Hạ tầng giao thông,Rất khẩn,Nắp cống trên tuyến đường liên xã qua Phường Nam Phong bị vỡ đã hai tuần chưa ai sửa,2,1,1,
PA03451,2026-11-01,Cổng dịch vụ công,DV04,Phường Nam Phong,Hạ tầng giao thông,Thường,"Cầu nhỏ bắc qua kênh ở Phường Nam Phong mục lan can, trẻ em đi học qua rất lo",10,7,1,4
PA03452,2026-11-01,Tổng đài 1022,DV06,Xã Long Thành,Hạ tầng giao thông,Khẩn,Nắp cống trên tuyến đường liên xã qua Xã Long Thành bị vỡ đã hai tuần chưa ai sửa,5,4,1,
PA03453,2026-11-01,Văn bản giấy,DV06,Xã Long Thành,Hạ tầng giao thông,Thường,"Cầu nhỏ bắc qua kênh ở Xã Long Thành mục lan can, trẻ em đi học qua rất lo",10,8,1,
PA03454,2026-11-01,Cổng dịch vụ công,DV07,Xã Phú Điền,Cấp thoát nước,Thường,"Ống nước trước nhà văn hoá Xã Phú Điền rò rỉ, nước chảy ra đường suốt ngày",10,11,0,3
PA03455,2026-11-01,Tổng đài 1022,DV08,Xã Vĩnh Lộc,Vệ sinh môi trường,Thường,"Kênh chạy qua Xã Vĩnh Lộc nổi váng đen, nghi có cơ sở xả thải ban đêm",10,5,1,
PA03456,2026-11-01,Tổng đài 1022,DV12,Xã Hương Trà,An sinh xã hội,Thường,"Danh sách nhận hỗ trợ ở Xã Hương Trà niêm yết thiếu tên, đề nghị kiểm tra lại",10,6,1,5
PA03457,2026-11-02,Tiếp công dân,DV01,Phường Hoà Thuận,Khác,Thường,Đề nghị Phường Hoà Thuận thông tin rõ kế hoạch chỉnh trang khu dân cư năm tới,10,25,0,
PA03458,2026-11-02,Cổng dịch vụ công,DV01,Phường Hoà Thuận,Thủ tục hành chính,Thường,"Cổng dịch vụ công báo lỗi khi tải giấy tờ lên, gọi Phường Hoà Thuận không ai nghe máy",10,8,1,
PA03459,2026-11-02,Ứng dụng di động,DV01,Phường Hoà Thuận,Thủ tục hành chính,Khẩn,Đã nộp trực tuyến nhưng Phường Hoà Thuận vẫn yêu cầu nộp thêm bản giấy,5,6,0,3
PA03460,2026-11-02,Cổng dịch vụ công,DV02,Phường Tân Hoà,Chiếu sáng công cộng,Thường,"Ba cột đèn đường ở Phường Tân Hoà cháy bóng, ban đêm tối om rất mất an toàn",10,5,1,
PA03461,2026-11-02,Cổng dịch vụ công,DV02,Phường Tân Hoà,Chiếu sáng công cộng,Thường,"Đèn chiếu sáng khu vực Phường Tân Hoà bật cả ban ngày, rất lãng phí điện",10,8,1,
PA03462,2026-11-02,Tiếp công dân,DV04,Phường Nam Phong,Chiếu sáng công cộng,Khẩn,"Ba cột đèn đường ở Phường Nam Phong cháy bóng, ban đêm tối om rất mất an toàn",5,4,1,
PA03463,2026-11-02,Tổng đài 1022,DV05,Xã Bình An,An sinh xã hội,Thường,"Danh sách nhận hỗ trợ ở Xã Bình An niêm yết thiếu tên, đề nghị kiểm tra lại",10,8,1,3
PA03464,2026-11-02,Cổng dịch vụ công,DV05,Xã Bình An,Thủ tục hành chính,Thường,Cán bộ một cửa Xã Bình An yêu cầu giấy tờ ngoài danh mục niêm yết,10,10,1,
PA03465,2026-11-02,Ứng dụng di động,DV05,Xã Bình An,Vệ sinh môi trường,Thường,"Xe thu gom rác ở Xã Bình An đổi giờ mà không báo, dân để rác ra đường cả buổi",10,3,1,3
PA03466,2026-11-02,Tổng đài 1022,DV06,Xã Long Thành,Cấp thoát nước,Thường,"Nước máy ở Xã Long Thành mấy hôm nay có mùi lạ, đề nghị kiểm tra chất lượng",10,13,0,3
PA03467,2026-11-02,Cổng dịch vụ công,DV07,Xã Phú Điền,Khác,Thường,Góp ý Xã Phú Điền mở thêm khung giờ tiếp dân vào buổi chiều thứ bảy,10,10,1,
PA03468,2026-11-02,Cổng dịch vụ công,DV09,Xã An Cư,Cấp thoát nước,Thường,"Khu dân cư Xã An Cư mất nước từ sáng đến chiều, không thấy thông báo trước",10,6,1,5
PA03469,2026-11-02,Ứng dụng di động,DV12,Xã Hương Trà,Vệ sinh môi trường,Thường,"Rác tồn đọng ở điểm tập kết gần chợ Xã Hương Trà ba ngày chưa thu gom, mùi rất nặng",10,4,1,
PA03470,2026-11-02,Tổng đài 1022,DV12,Xã Hương Trà,Cấp thoát nước,Khẩn,"Ống nước trước nhà văn hoá Xã Hương Trà rò rỉ, nước chảy ra đường suốt ngày",5,6,0,4
PA03471,2026-11-03,Cổng dịch vụ công,DV01,Phường Hoà Thuận,Vệ sinh môi trường,Thường,"Rác tồn đọng ở điểm tập kết gần chợ Phường Hoà Thuận ba ngày chưa thu gom, mùi rất nặng",10,13,0,
PA03472,2026-11-03,Tổng đài 1022,DV01,Phường Hoà Thuận,Hạ tầng giao thông,Thường,Nắp cống trên tuyến đường liên xã qua Phường Hoà Thuận bị vỡ đã hai tuần chưa ai sửa,10,7,1,4
PA03473,2026-11-03,Cổng dịch vụ công,DV01,Phường Hoà Thuận,Trật tự đô thị,Thường,"Có công trình ở Phường Hoà Thuận thi công sau 22 giờ gây ồn, đề nghị kiểm tra giấy phép",10,7,1,
PA03474,2026-11-03,Văn bản giấy,DV02,Phường Tân Hoà,Hạ tầng giao thông,Thường,"Mặt đường Phường Tân Hoà sau khi đào lắp ống nước hoàn trả không phẳng, đi rất xóc",10,5,1,
PA03475,2026-11-03,Cổng dịch vụ công,DV02,Phường Tân Hoà,Cấp thoát nước,Thường,"Ống nước trước nhà văn hoá Phường Tân Hoà rò rỉ, nước chảy ra đường suốt ngày",10,6,1,
PA03476,2026-11-03,Tổng đài 1022,DV02,Phường Tân Hoà,Vệ sinh môi trường,Thường,"Kênh chạy qua Phường Tân Hoà nổi váng đen, nghi có cơ sở xả thải ban đêm",10,8,1,
PA03477,2026-11-03,Ứng dụng di động,DV03,Phường Đông Giang,Hạ tầng giao thông,Thường,Nắp cống trên tuyến đường liên xã qua Phường Đông Giang bị vỡ đã hai tuần chưa ai sửa,10,6,1,
PA03478,2026-11-03,Ứng dụng di động,DV03,Phường Đông Giang,Thủ tục hành chính,Thường,"Cổng dịch vụ công báo lỗi khi tải giấy tờ lên, gọi Phường Đông Giang không ai nghe máy",10,7,1,
PA03479,2026-11-03,Tổng đài 1022,DV03,Phường Đông Giang,Cấp thoát nước,Thường,"Ống nước trước nhà văn hoá Phường Đông Giang rò rỉ, nước chảy ra đường suốt ngày",10,3,1,
PA03480,2026-11-03,Tổng đài 1022,DV03,Phường Đông Giang,Hạ tầng giao thông,Thường,Nắp cống trên tuyến đường liên xã qua Phường Đông Giang bị vỡ đã hai tuần chưa ai sửa,10,6,1,
PA03481,2026-11-03,Tổng đài 1022,DV04,Phường Nam Phong,Hạ tầng giao thông,Thường,"Mặt đường Phường Nam Phong sau khi đào lắp ống nước hoàn trả không phẳng, đi rất xóc",10,9,1,
PA03482,2026-11-03,Cổng dịch vụ công,DV04,Phường Nam Phong,Chiếu sáng công cộng,Thường,"Ngõ vào cụm dân cư Phường Nam Phong chưa có đèn chiếu sáng, đã kiến nghị hai lần",10,8,1,4
PA03483,2026-11-03,Ứng dụng di động,DV04,Phường Nam Phong,An sinh xã hội,Thường,"Hộ cận nghèo ở Phường Nam Phong chưa nhận được hỗ trợ đợt này, đề nghị rà soát",10,8,1,3
PA03484,2026-11-03,Tổng đài 1022,DV06,Xã Long Thành,Thủ tục hành chính,Thường,"Cổng dịch vụ công báo lỗi khi tải giấy tờ lên, gọi Xã Long Thành không ai nghe máy",10,8,1,
PA03485,2026-11-03,Cổng dịch vụ công,DV07,Xã Phú Điền,Cấp thoát nước,Thường,"Ống nước trước nhà văn hoá Xã Phú Điền rò rỉ, nước chảy ra đường suốt ngày",10,5,1,
PA03486,2026-11-03,Ứng dụng di động,DV08,Xã Vĩnh Lộc,Vệ sinh môi trường,Thường,"Rác tồn đọng ở điểm tập kết gần chợ Xã Vĩnh Lộc ba ngày chưa thu gom, mùi rất nặng",10,7,1,
PA03487,2026-11-03,Tổng đài 1022,DV11,Xã Mỹ Khánh,Trật tự đô thị,Thường,Bãi giữ xe tự phát ở Xã Mỹ Khánh chắn lối đi chung của khu dân cư,10,8,1,
PA03488,2026-11-04,Văn bản giấy,DV01,Phường Hoà Thuận,Chiếu sáng công cộng,Thường,"Ba cột đèn đường ở Phường Hoà Thuận cháy bóng, ban đêm tối om rất mất an toàn",10,5,1,
PA03489,2026-11-04,Tổng đài 1022,DV02,Phường Tân Hoà,Vệ sinh môi trường,Khẩn,"Xe thu gom rác ở Phường Tân Hoà đổi giờ mà không báo, dân để rác ra đường cả buổi",5,1,1,
PA03490,2026-11-04,Văn bản giấy,DV02,Phường Tân Hoà,Khác,Thường,"Loa phát thanh ở Phường Tân Hoà phát quá sớm, ảnh hưởng người già và trẻ nhỏ",10,1,1,
PA03491,2026-11-04,Tổng đài 1022,DV03,Phường Đông Giang,An sinh xã hội,Thường,Người cao tuổi ở Phường Đông Giang chưa được hướng dẫn làm thủ tục trợ cấp,10,10,1,
PA03492,2026-11-04,Tổng đài 1022,DV04,Phường Nam Phong,Trật tự đô thị,Thường,"Có công trình ở Phường Nam Phong thi công sau 22 giờ gây ồn, đề nghị kiểm tra giấy phép",10,6,1,3
PA03493,2026-11-04,Tổng đài 1022,DV05,Xã Bình An,Hạ tầng giao thông,Khẩn,"Cầu nhỏ bắc qua kênh ở Xã Bình An mục lan can, trẻ em đi học qua rất lo",5,5,1,
PA03494,2026-11-04,Tổng đài 1022,DV05,Xã Bình An,An sinh xã hội,Thường,"Hộ cận nghèo ở Xã Bình An chưa nhận được hỗ trợ đợt này, đề nghị rà soát",10,12,0,
PA03495,2026-11-04,Tổng đài 1022,DV08,Xã Vĩnh Lộc,An sinh xã hội,Thường,"Danh sách nhận hỗ trợ ở Xã Vĩnh Lộc niêm yết thiếu tên, đề nghị kiểm tra lại",10,19,0,
PA03496,2026-11-04,Ứng dụng di động,DV09,Xã An Cư,Vệ sinh môi trường,Thường,"Kênh chạy qua Xã An Cư nổi váng đen, nghi có cơ sở xả thải ban đêm",10,12,0,3
PA03497,2026-11-04,Ứng dụng di động,DV11,Xã Mỹ Khánh,Hạ tầng giao thông,Thường,Nắp cống trên tuyến đường liên xã qua Xã Mỹ Khánh bị vỡ đã hai tuần chưa ai sửa,10,12,0,
PA03498,2026-11-04,Ứng dụng di động,DV11,Xã Mỹ Khánh,Trật tự đô thị,Thường,"Có công trình ở Xã Mỹ Khánh thi công sau 22 giờ gây ồn, đề nghị kiểm tra giấy phép",10,6,1,
PA03499,2026-11-04,Văn bản giấy,DV11,Xã Mỹ Khánh,Trật tự đô thị,Thường,"Có công trình ở Xã Mỹ Khánh thi công sau 22 giờ gây ồn, đề nghị kiểm tra giấy phép",10,9,1,
PA03500,2026-11-04,Tiếp công dân,DV12,Xã Hương Trà,Trật tự đô thị,Khẩn,"Có công trình ở Xã Hương Trà thi công sau 22 giờ gây ồn, đề nghị kiểm tra giấy phép",5,4,1,5
PA03501,2026-11-05,Tổng đài 1022,DV01,Phường Hoà Thuận,Chiếu sáng công cộng,Thường,"Ngõ vào cụm dân cư Phường Hoà Thuận chưa có đèn chiếu sáng, đã kiến nghị hai lần",10,7,1,
PA03502,2026-11-05,Văn bản giấy,DV02,Phường Tân Hoà,Cấp thoát nước,Thường,"Nước máy ở Phường Tân Hoà mấy hôm nay có mùi lạ, đề nghị kiểm tra chất lượng",10,11,0,3
PA03503,2026-11-05,Cổng dịch vụ công,DV02,Phường Tân Hoà,Trật tự đô thị,Khẩn,"Có công trình ở Phường Tân Hoà thi công sau 22 giờ gây ồn, đề nghị kiểm tra giấy phép",5,4,1,
PA03504,2026-11-05,Tổng đài 1022,DV02,Phường Tân Hoà,Cấp thoát nước,Thường,"Mưa là ngập cả tuyến ở Phường Tân Hoà, cống thoát nghẹt không rút được",10,7,1,
PA03505,2026-11-05,Tiếp công dân,DV03,Phường Đông Giang,Cấp thoát nước,Thường,"Ống nước trước nhà văn hoá Phường Đông Giang rò rỉ, nước chảy ra đường suốt ngày",10,10,1,3
PA03506,2026-11-05,Tổng đài 1022,DV04,Phường Nam Phong,Trật tự đô thị,Thường,"Có công trình ở Phường Nam Phong thi công sau 22 giờ gây ồn, đề nghị kiểm tra giấy phép",10,11,0,5
PA03507,2026-11-05,Tiếp công dân,DV06,Xã Long Thành,Thủ tục hành chính,Thường,"Cổng dịch vụ công báo lỗi khi tải giấy tờ lên, gọi Xã Long Thành không ai nghe máy",10,8,1,5
PA03508,2026-11-05,Tổng đài 1022,DV08,Xã Vĩnh Lộc,Cấp thoát nước,Thường,"Nước máy ở Xã Vĩnh Lộc mấy hôm nay có mùi lạ, đề nghị kiểm tra chất lượng",10,13,0,3
PA03509,2026-11-05,Cổng dịch vụ công,DV09,Xã An Cư,Thủ tục hành chính,Thường,Cán bộ một cửa Xã An Cư yêu cầu giấy tờ ngoài danh mục niêm yết,10,4,1,4
PA03510,2026-11-05,Cổng dịch vụ công,DV10,Xã Thanh Sơn,Thủ tục hành chính,Thường,Đã nộp trực tuyến nhưng Xã Thanh Sơn vẫn yêu cầu nộp thêm bản giấy,10,8,1,5
PA03511,2026-11-05,Ứng dụng di động,DV11,Xã Mỹ Khánh,Hạ tầng giao thông,Thường,"Mặt đường Xã Mỹ Khánh sau khi đào lắp ống nước hoàn trả không phẳng, đi rất xóc",10,7,1,5
PA03512,2026-11-06,Cổng dịch vụ công,DV01,Phường Hoà Thuận,Vệ sinh môi trường,Thường,"Kênh chạy qua Phường Hoà Thuận nổi váng đen, nghi có cơ sở xả thải ban đêm",10,11,0,
PA03513,2026-11-06,Ứng dụng di động,DV02,Phường Tân Hoà,Hạ tầng giao thông,Thường,Nắp cống trên tuyến đường liên xã qua Phường Tân Hoà bị vỡ đã hai tuần chưa ai sửa,10,11,0,1
PA03514,2026-11-06,Cổng dịch vụ công,DV02,Phường Tân Hoà,Vệ sinh môi trường,Thường,"Rác tồn đọng ở điểm tập kết gần chợ Phường Tân Hoà ba ngày chưa thu gom, mùi rất nặng",10,5,1,5
PA03515,2026-11-06,Tổng đài 1022,DV02,Phường Tân Hoà,Hạ tầng giao thông,Rất khẩn,"Đoạn đường trước Phường Tân Hoà xuống cấp, nhiều ổ gà, xe máy tránh nhau rất nguy hiểm",2,3,0,4
PA03516,2026-11-06,Ứng dụng di động,DV02,Phường Tân Hoà,Cấp thoát nước,Thường,"Nước máy ở Phường Tân Hoà mấy hôm nay có mùi lạ, đề nghị kiểm tra chất lượng",10,8,1,4
PA03517,2026-11-06,Tổng đài 1022,DV03,Phường Đông Giang,Hạ tầng giao thông,Thường,Nắp cống trên tuyến đường liên xã qua Phường Đông Giang bị vỡ đã hai tuần chưa ai sửa,10,8,1,
PA03518,2026-11-06,Ứng dụng di động,DV03,Phường Đông Giang,Chiếu sáng công cộng,Thường,"Ba cột đèn đường ở Phường Đông Giang cháy bóng, ban đêm tối om rất mất an toàn",10,11,0,
PA03519,2026-11-06,Ứng dụng di động,DV03,Phường Đông Giang,Cấp thoát nước,Thường,"Ống nước trước nhà văn hoá Phường Đông Giang rò rỉ, nước chảy ra đường suốt ngày",10,9,1,
PA03520,2026-11-06,Ứng dụng di động,DV04,Phường Nam Phong,Hạ tầng giao thông,Thường,Nắp cống trên tuyến đường liên xã qua Phường Nam Phong bị vỡ đã hai tuần chưa ai sửa,10,1,1,
PA03521,2026-11-06,Cổng dịch vụ công,DV04,Phường Nam Phong,Vệ sinh môi trường,Thường,"Kênh chạy qua Phường Nam Phong nổi váng đen, nghi có cơ sở xả thải ban đêm",10,5,1,
PA03522,2026-11-06,Tổng đài 1022,DV04,Phường Nam Phong,Khác,Thường,Góp ý Phường Nam Phong mở thêm khung giờ tiếp dân vào buổi chiều thứ bảy,10,4,1,
PA03523,2026-11-06,Văn bản giấy,DV05,Xã Bình An,Thủ tục hành chính,Thường,Nộp hồ sơ chứng thực tại Xã Bình An hẹn 3 ngày nhưng quá 8 ngày chưa có kết quả,10,4,1,
PA03524,2026-11-06,Ứng dụng di động,DV11,Xã Mỹ Khánh,Trật tự đô thị,Thường,"Có công trình ở Xã Mỹ Khánh thi công sau 22 giờ gây ồn, đề nghị kiểm tra giấy phép",10,15,0,3
PA03525,2026-11-06,Cổng dịch vụ công,DV12,Xã Hương Trà,Khác,Thường,"Loa phát thanh ở Xã Hương Trà phát quá sớm, ảnh hưởng người già và trẻ nhỏ",10,12,0,
PA03526,2026-11-07,Tiếp công dân,DV01,Phường Hoà Thuận,Thủ tục hành chính,Thường,"Cổng dịch vụ công báo lỗi khi tải giấy tờ lên, gọi Phường Hoà Thuận không ai nghe máy",10,6,1,
PA03527,2026-11-07,Tiếp công dân,DV01,Phường Hoà Thuận,Chiếu sáng công cộng,Thường,"Đèn chiếu sáng khu vực Phường Hoà Thuận bật cả ban ngày, rất lãng phí điện",10,9,1,
PA03528,2026-11-07,Cổng dịch vụ công,DV02,Phường Tân Hoà,Khác,Khẩn,Góp ý Phường Tân Hoà mở thêm khung giờ tiếp dân vào buổi chiều thứ bảy,5,2,1,4
PA03529,2026-11-07,Văn bản giấy,DV02,Phường Tân Hoà,Hạ tầng giao thông,Thường,Nắp cống trên tuyến đường liên xã qua Phường Tân Hoà bị vỡ đã hai tuần chưa ai sửa,10,9,1,
PA03530,2026-11-07,Tổng đài 1022,DV02,Phường Tân Hoà,Khác,Thường,Đề nghị Phường Tân Hoà thông tin rõ kế hoạch chỉnh trang khu dân cư năm tới,10,1,1,4
PA03531,2026-11-07,Tổng đài 1022,DV02,Phường Tân Hoà,An sinh xã hội,Khẩn,"Hộ cận nghèo ở Phường Tân Hoà chưa nhận được hỗ trợ đợt này, đề nghị rà soát",5,5,1,
PA03532,2026-11-07,Tổng đài 1022,DV02,Phường Tân Hoà,Trật tự đô thị,Thường,"Có công trình ở Phường Tân Hoà thi công sau 22 giờ gây ồn, đề nghị kiểm tra giấy phép",10,9,1,
PA03533,2026-11-07,Tổng đài 1022,DV03,Phường Đông Giang,Vệ sinh môi trường,Thường,"Xe thu gom rác ở Phường Đông Giang đổi giờ mà không báo, dân để rác ra đường cả buổi",10,2,1,
PA03534,2026-11-07,Tiếp công dân,DV03,Phường Đông Giang,Chiếu sáng công cộng,Khẩn,"Ba cột đèn đường ở Phường Đông Giang cháy bóng, ban đêm tối om rất mất an toàn",5,6,0,
PA03535,2026-11-07,Ứng dụng di động,DV04,Phường Nam Phong,Hạ tầng giao thông,Thường,"Mặt đường Phường Nam Phong sau khi đào lắp ống nước hoàn trả không phẳng, đi rất xóc",10,3,1,5
PA03536,2026-11-08,Tiếp công dân,DV01,Phường Hoà Thuận,Vệ sinh môi trường,Khẩn,"Rác tồn đọng ở điểm tập kết gần chợ Phường Hoà Thuận ba ngày chưa thu gom, mùi rất nặng",5,4,1,4
PA03537,2026-11-08,Cổng dịch vụ công,DV01,Phường Hoà Thuận,Hạ tầng giao thông,Thường,"Mặt đường Phường Hoà Thuận sau khi đào lắp ống nước hoàn trả không phẳng, đi rất xóc",10,5,1,3
PA03538,2026-11-08,Ứng dụng di động,DV02,Phường Tân Hoà,Vệ sinh môi trường,Thường,"Rác tồn đọng ở điểm tập kết gần chợ Phường Tân Hoà ba ngày chưa thu gom, mùi rất nặng",10,6,1,
PA03539,2026-11-08,Ứng dụng di động,DV02,Phường Tân Hoà,Thủ tục hành chính,Thường,"Cổng dịch vụ công báo lỗi khi tải giấy tờ lên, gọi Phường Tân Hoà không ai nghe máy",10,17,0,
PA03540,2026-11-08,Cổng dịch vụ công,DV02,Phường Tân Hoà,Trật tự đô thị,Thường,Xe tải trọng lớn chạy vào đường nội bộ Phường Tân Hoà ngoài giờ quy định,10,11,0,
PA03541,2026-11-08,Ứng dụng di động,DV03,Phường Đông Giang,Khác,Thường,Đề nghị Phường Đông Giang thông tin rõ kế hoạch chỉnh trang khu dân cư năm tới,10,8,1,5
PA03542,2026-11-08,Tổng đài 1022,DV04,Phường Nam Phong,Hạ tầng giao thông,Thường,"Mặt đường Phường Nam Phong sau khi đào lắp ống nước hoàn trả không phẳng, đi rất xóc",10,9,1,3
PA03543,2026-11-08,Tổng đài 1022,DV05,Xã Bình An,Thủ tục hành chính,Thường,Cán bộ một cửa Xã Bình An yêu cầu giấy tờ ngoài danh mục niêm yết,10,43,0,3
PA03544,2026-11-08,Cổng dịch vụ công,DV07,Xã Phú Điền,Hạ tầng giao thông,Thường,"Cầu nhỏ bắc qua kênh ở Xã Phú Điền mục lan can, trẻ em đi học qua rất lo",10,2,1,4
PA03545,2026-11-08,Tổng đài 1022,DV07,Xã Phú Điền,Trật tự đô thị,Thường,Hàng quán lấn chiếm vỉa hè trước cổng trường tiểu học ở Xã Phú Điền giờ tan học,10,18,0,
PA03546,2026-11-08,Tổng đài 1022,DV08,Xã Vĩnh Lộc,Trật tự đô thị,Thường,Bãi giữ xe tự phát ở Xã Vĩnh Lộc chắn lối đi chung của khu dân cư,10,5,1,5
PA03547,2026-11-08,Ứng dụng di động,DV08,Xã Vĩnh Lộc,Thủ tục hành chính,Khẩn,Nộp hồ sơ chứng thực tại Xã Vĩnh Lộc hẹn 3 ngày nhưng quá 8 ngày chưa có kết quả,5,2,1,
PA03548,2026-11-08,Cổng dịch vụ công,DV08,Xã Vĩnh Lộc,Hạ tầng giao thông,Thường,"Cầu nhỏ bắc qua kênh ở Xã Vĩnh Lộc mục lan can, trẻ em đi học qua rất lo",10,12,0,
PA03549,2026-11-08,Cổng dịch vụ công,DV09,Xã An Cư,Cấp thoát nước,Thường,"Nước máy ở Xã An Cư mấy hôm nay có mùi lạ, đề nghị kiểm tra chất lượng",10,13,0,3
PA03550,2026-11-09,Cổng dịch vụ công,DV03,Phường Đông Giang,Khác,Thường,"Loa phát thanh ở Phường Đông Giang phát quá sớm, ảnh hưởng người già và trẻ nhỏ",10,3,1,
PA03551,2026-11-09,Tổng đài 1022,DV03,Phường Đông Giang,Vệ sinh môi trường,Khẩn,"Xe thu gom rác ở Phường Đông Giang đổi giờ mà không báo, dân để rác ra đường cả buổi",5,3,1,4
PA03552,2026-11-09,Tổng đài 1022,DV03,Phường Đông Giang,Chiếu sáng công cộng,Thường,"Đèn chiếu sáng khu vực Phường Đông Giang bật cả ban ngày, rất lãng phí điện",10,7,1,4
PA03553,2026-11-09,Cổng dịch vụ công,DV04,Phường Nam Phong,Hạ tầng giao thông,Khẩn,"Cầu nhỏ bắc qua kênh ở Phường Nam Phong mục lan can, trẻ em đi học qua rất lo",5,4,1,
PA03554,2026-11-09,Cổng dịch vụ công,DV06,Xã Long Thành,Hạ tầng giao thông,Khẩn,"Cầu nhỏ bắc qua kênh ở Xã Long Thành mục lan can, trẻ em đi học qua rất lo",5,5,1,5
PA03555,2026-11-09,Cổng dịch vụ công,DV09,Xã An Cư,Khác,Thường,Góp ý Xã An Cư mở thêm khung giờ tiếp dân vào buổi chiều thứ bảy,10,4,1,
PA03556,2026-11-09,Tổng đài 1022,DV09,Xã An Cư,Trật tự đô thị,Thường,"Có công trình ở Xã An Cư thi công sau 22 giờ gây ồn, đề nghị kiểm tra giấy phép",10,14,0,4
PA03557,2026-11-09,Cổng dịch vụ công,DV11,Xã Mỹ Khánh,Khác,Thường,Đề nghị Xã Mỹ Khánh thông tin rõ kế hoạch chỉnh trang khu dân cư năm tới,10,11,0,3
PA03558,2026-11-10,Tiếp công dân,DV01,Phường Hoà Thuận,Thủ tục hành chính,Thường,Nộp hồ sơ chứng thực tại Phường Hoà Thuận hẹn 3 ngày nhưng quá 8 ngày chưa có kết quả,10,8,1,
PA03559,2026-11-10,Tổng đài 1022,DV02,Phường Tân Hoà,Hạ tầng giao thông,Thường,"Cầu nhỏ bắc qua kênh ở Phường Tân Hoà mục lan can, trẻ em đi học qua rất lo",10,8,1,
PA03560,2026-11-10,Cổng dịch vụ công,DV02,Phường Tân Hoà,Hạ tầng giao thông,Khẩn,"Mặt đường Phường Tân Hoà sau khi đào lắp ống nước hoàn trả không phẳng, đi rất xóc",5,3,1,
PA03561,2026-11-10,Tổng đài 1022,DV03,Phường Đông Giang,Vệ sinh môi trường,Thường,"Xe thu gom rác ở Phường Đông Giang đổi giờ mà không báo, dân để rác ra đường cả buổi",10,5,1,
PA03562,2026-11-10,Tổng đài 1022,DV04,Phường Nam Phong,Chiếu sáng công cộng,Thường,"Ba cột đèn đường ở Phường Nam Phong cháy bóng, ban đêm tối om rất mất an toàn",10,11,0,3
PA03563,2026-11-10,Văn bản giấy,DV07,Xã Phú Điền,Hạ tầng giao thông,Thường,"Mặt đường Xã Phú Điền sau khi đào lắp ống nước hoàn trả không phẳng, đi rất xóc",10,8,1,
PA03564,2026-11-10,Ứng dụng di động,DV08,Xã Vĩnh Lộc,Chiếu sáng công cộng,Thường,"Ba cột đèn đường ở Xã Vĩnh Lộc cháy bóng, ban đêm tối om rất mất an toàn",10,16,0,
PA03565,2026-11-10,Cổng dịch vụ công,DV09,Xã An Cư,Thủ tục hành chính,Thường,Đã nộp trực tuyến nhưng Xã An Cư vẫn yêu cầu nộp thêm bản giấy,10,12,0,2
PA03566,2026-11-11,Cổng dịch vụ công,DV01,Phường Hoà Thuận,Vệ sinh môi trường,Thường,"Có hộ đổ trộm xà bần ra bãi đất trống ở Phường Hoà Thuận, đề nghị kiểm tra",10,8,1,
PA03567,2026-11-11,Cổng dịch vụ công,DV01,Phường Hoà Thuận,Khác,Thường,"Loa phát thanh ở Phường Hoà Thuận phát quá sớm, ảnh hưởng người già và trẻ nhỏ",10,6,1,
PA03568,2026-11-11,Ứng dụng di động,DV02,Phường Tân Hoà,Cấp thoát nước,Thường,"Mưa là ngập cả tuyến ở Phường Tân Hoà, cống thoát nghẹt không rút được",10,6,1,5
PA03569,2026-11-11,Tổng đài 1022,DV03,Phường Đông Giang,Vệ sinh môi trường,Thường,"Xe thu gom rác ở Phường Đông Giang đổi giờ mà không báo, dân để rác ra đường cả buổi",10,9,1,4
PA03570,2026-11-11,Tổng đài 1022,DV03,Phường Đông Giang,Hạ tầng giao thông,Thường,"Mặt đường Phường Đông Giang sau khi đào lắp ống nước hoàn trả không phẳng, đi rất xóc",10,8,1,
PA03571,2026-11-11,Văn bản giấy,DV04,Phường Nam Phong,Hạ tầng giao thông,Thường,"Đoạn đường trước Phường Nam Phong xuống cấp, nhiều ổ gà, xe máy tránh nhau rất nguy hiểm",10,6,1,5
PA03572,2026-11-11,Tiếp công dân,DV04,Phường Nam Phong,Thủ tục hành chính,Thường,"Cổng dịch vụ công báo lỗi khi tải giấy tờ lên, gọi Phường Nam Phong không ai nghe máy",10,8,1,
PA03573,2026-11-11,Tổng đài 1022,DV06,Xã Long Thành,Trật tự đô thị,Thường,"Có công trình ở Xã Long Thành thi công sau 22 giờ gây ồn, đề nghị kiểm tra giấy phép",10,3,1,5
PA03574,2026-11-11,Tổng đài 1022,DV07,Xã Phú Điền,Vệ sinh môi trường,Thường,"Kênh chạy qua Xã Phú Điền nổi váng đen, nghi có cơ sở xả thải ban đêm",10,12,0,2
PA03575,2026-11-11,Tiếp công dân,DV08,Xã Vĩnh Lộc,Cấp thoát nước,Khẩn,"Ống nước trước nhà văn hoá Xã Vĩnh Lộc rò rỉ, nước chảy ra đường suốt ngày",5,5,1,
PA03576,2026-11-11,Tổng đài 1022,DV11,Xã Mỹ Khánh,Hạ tầng giao thông,Thường,"Mặt đường Xã Mỹ Khánh sau khi đào lắp ống nước hoàn trả không phẳng, đi rất xóc",10,8,1,4
PA03577,2026-11-11,Tổng đài 1022,DV11,Xã Mỹ Khánh,Trật tự đô thị,Thường,Xe tải trọng lớn chạy vào đường nội bộ Xã Mỹ Khánh ngoài giờ quy định,10,10,1,3
PA03578,2026-11-11,Tiếp công dân,DV11,Xã Mỹ Khánh,Cấp thoát nước,Khẩn,"Ống nước trước nhà văn hoá Xã Mỹ Khánh rò rỉ, nước chảy ra đường suốt ngày",5,5,1,
PA03579,2026-11-11,Tiếp công dân,DV12,Xã Hương Trà,Vệ sinh môi trường,Thường,"Kênh chạy qua Xã Hương Trà nổi váng đen, nghi có cơ sở xả thải ban đêm",10,6,1,
PA03580,2026-11-11,Văn bản giấy,DV12,Xã Hương Trà,Chiếu sáng công cộng,Thường,"Đèn chiếu sáng khu vực Xã Hương Trà bật cả ban ngày, rất lãng phí điện",10,10,1,2
PA03581,2026-11-12,Tổng đài 1022,DV01,Phường Hoà Thuận,An sinh xã hội,Thường,Người cao tuổi ở Phường Hoà Thuận chưa được hướng dẫn làm thủ tục trợ cấp,10,7,1,
PA03582,2026-11-12,Tổng đài 1022,DV02,Phường Tân Hoà,Trật tự đô thị,Thường,Hàng quán lấn chiếm vỉa hè trước cổng trường tiểu học ở Phường Tân Hoà giờ tan học,10,13,0,
PA03583,2026-11-12,Văn bản giấy,DV02,Phường Tân Hoà,Trật tự đô thị,Thường,Xe tải trọng lớn chạy vào đường nội bộ Phường Tân Hoà ngoài giờ quy định,10,8,1,
PA03584,2026-11-12,Cổng dịch vụ công,DV02,Phường Tân Hoà,Vệ sinh môi trường,Khẩn,"Rác tồn đọng ở điểm tập kết gần chợ Phường Tân Hoà ba ngày chưa thu gom, mùi rất nặng",5,2,1,5
PA03585,2026-11-12,Cổng dịch vụ công,DV02,Phường Tân Hoà,Vệ sinh môi trường,Thường,"Rác tồn đọng ở điểm tập kết gần chợ Phường Tân Hoà ba ngày chưa thu gom, mùi rất nặng",10,5,1,
PA03586,2026-11-12,Tổng đài 1022,DV03,Phường Đông Giang,An sinh xã hội,Thường,"Hộ cận nghèo ở Phường Đông Giang chưa nhận được hỗ trợ đợt này, đề nghị rà soát",10,6,1,4
PA03587,2026-11-12,Cổng dịch vụ công,DV03,Phường Đông Giang,Thủ tục hành chính,Thường,Đã nộp trực tuyến nhưng Phường Đông Giang vẫn yêu cầu nộp thêm bản giấy,10,12,0,3
PA03588,2026-11-12,Tiếp công dân,DV05,Xã Bình An,Vệ sinh môi trường,Thường,"Rác tồn đọng ở điểm tập kết gần chợ Xã Bình An ba ngày chưa thu gom, mùi rất nặng",10,8,1,4
PA03589,2026-11-12,Tiếp công dân,DV07,Xã Phú Điền,Khác,Thường,Góp ý Xã Phú Điền mở thêm khung giờ tiếp dân vào buổi chiều thứ bảy,10,13,0,
PA03590,2026-11-12,Tổng đài 1022,DV10,Xã Thanh Sơn,Cấp thoát nước,Thường,"Ống nước trước nhà văn hoá Xã Thanh Sơn rò rỉ, nước chảy ra đường suốt ngày",10,9,1,
PA03591,2026-11-13,Tiếp công dân,DV01,Phường Hoà Thuận,Chiếu sáng công cộng,Thường,"Ba cột đèn đường ở Phường Hoà Thuận cháy bóng, ban đêm tối om rất mất an toàn",10,9,1,
PA03592,2026-11-13,Tổng đài 1022,DV01,Phường Hoà Thuận,Hạ tầng giao thông,Thường,"Đoạn đường trước Phường Hoà Thuận xuống cấp, nhiều ổ gà, xe máy tránh nhau rất nguy hiểm",10,47,0,2
PA03593,2026-11-13,Cổng dịch vụ công,DV02,Phường Tân Hoà,Vệ sinh môi trường,Khẩn,"Kênh chạy qua Phường Tân Hoà nổi váng đen, nghi có cơ sở xả thải ban đêm",5,3,1,5
PA03594,2026-11-13,Cổng dịch vụ công,DV02,Phường Tân Hoà,An sinh xã hội,Thường,"Danh sách nhận hỗ trợ ở Phường Tân Hoà niêm yết thiếu tên, đề nghị kiểm tra lại",10,5,1,5
PA03595,2026-11-13,Ứng dụng di động,DV02,Phường Tân Hoà,Trật tự đô thị,Khẩn,"Có công trình ở Phường Tân Hoà thi công sau 22 giờ gây ồn, đề nghị kiểm tra giấy phép",5,3,1,
PA03596,2026-11-13,Cổng dịch vụ công,DV03,Phường Đông Giang,Thủ tục hành chính,Thường,Đã nộp trực tuyến nhưng Phường Đông Giang vẫn yêu cầu nộp thêm bản giấy,10,8,1,
PA03597,2026-11-13,Tổng đài 1022,DV03,Phường Đông Giang,Cấp thoát nước,Thường,"Ống nước trước nhà văn hoá Phường Đông Giang rò rỉ, nước chảy ra đường suốt ngày",10,5,1,4
PA03598,2026-11-13,Ứng dụng di động,DV04,Phường Nam Phong,Hạ tầng giao thông,Khẩn,"Mặt đường Phường Nam Phong sau khi đào lắp ống nước hoàn trả không phẳng, đi rất xóc",5,5,1,4
PA03599,2026-11-13,Văn bản giấy,DV05,Xã Bình An,Cấp thoát nước,Thường,"Mưa là ngập cả tuyến ở Xã Bình An, cống thoát nghẹt không rút được",10,4,1,4
PA03600,2026-11-13,Tổng đài 1022,DV06,Xã Long Thành,Thủ tục hành chính,Thường,Cán bộ một cửa Xã Long Thành yêu cầu giấy tờ ngoài danh mục niêm yết,10,12,0,4
PA03601,2026-11-13,Văn bản giấy,DV12,Xã Hương Trà,Thủ tục hành chính,Thường,Nộp hồ sơ chứng thực tại Xã Hương Trà hẹn 3 ngày nhưng quá 8 ngày chưa có kết quả,10,10,1,4
PA03602,2026-11-14,Tiếp công dân,DV01,Phường Hoà Thuận,Hạ tầng giao thông,Thường,Nắp cống trên tuyến đường liên xã qua Phường Hoà Thuận bị vỡ đã hai tuần chưa ai sửa,10,1,1,5
PA03603,2026-11-14,Cổng dịch vụ công,DV01,Phường Hoà Thuận,An sinh xã hội,Thường,"Danh sách nhận hỗ trợ ở Phường Hoà Thuận niêm yết thiếu tên, đề nghị kiểm tra lại",10,1,1,5
PA03604,2026-11-14,Cổng dịch vụ công,DV02,Phường Tân Hoà,Thủ tục hành chính,Thường,"Cổng dịch vụ công báo lỗi khi tải giấy tờ lên, gọi Phường Tân Hoà không ai nghe máy",10,5,1,
PA03605,2026-11-14,Ứng dụng di động,DV02,Phường Tân Hoà,Thủ tục hành chính,Khẩn,Nộp hồ sơ chứng thực tại Phường Tân Hoà hẹn 3 ngày nhưng quá 8 ngày chưa có kết quả,5,6,0,3
PA03606,2026-11-14,Tổng đài 1022,DV02,Phường Tân Hoà,Trật tự đô thị,Khẩn,Xe tải trọng lớn chạy vào đường nội bộ Phường Tân Hoà ngoài giờ quy định,5,5,1,
PA03607,2026-11-14,Tổng đài 1022,DV02,Phường Tân Hoà,An sinh xã hội,Thường,"Danh sách nhận hỗ trợ ở Phường Tân Hoà niêm yết thiếu tên, đề nghị kiểm tra lại",10,7,1,
PA03608,2026-11-14,Cổng dịch vụ công,DV03,Phường Đông Giang,Chiếu sáng công cộng,Khẩn,"Ngõ vào cụm dân cư Phường Đông Giang chưa có đèn chiếu sáng, đã kiến nghị hai lần",5,5,1,
PA03609,2026-11-14,Tổng đài 1022,DV04,Phường Nam Phong,Hạ tầng giao thông,Thường,Nắp cống trên tuyến đường liên xã qua Phường Nam Phong bị vỡ đã hai tuần chưa ai sửa,10,4,1,
PA03610,2026-11-14,Ứng dụng di động,DV04,Phường Nam Phong,An sinh xã hội,Khẩn,"Hộ cận nghèo ở Phường Nam Phong chưa nhận được hỗ trợ đợt này, đề nghị rà soát",5,2,1,2
PA03611,2026-11-14,Ứng dụng di động,DV04,Phường Nam Phong,Khác,Thường,Đề nghị Phường Nam Phong thông tin rõ kế hoạch chỉnh trang khu dân cư năm tới,10,1,1,
PA03612,2026-11-14,Ứng dụng di động,DV04,Phường Nam Phong,Vệ sinh môi trường,Thường,"Rác tồn đọng ở điểm tập kết gần chợ Phường Nam Phong ba ngày chưa thu gom, mùi rất nặng",10,1,1,5
PA03613,2026-11-14,Ứng dụng di động,DV05,Xã Bình An,Hạ tầng giao thông,Thường,"Mặt đường Xã Bình An sau khi đào lắp ống nước hoàn trả không phẳng, đi rất xóc",10,7,1,
PA03614,2026-11-14,Cổng dịch vụ công,DV06,Xã Long Thành,Vệ sinh môi trường,Khẩn,"Có hộ đổ trộm xà bần ra bãi đất trống ở Xã Long Thành, đề nghị kiểm tra",5,2,1,4
PA03615,2026-11-14,Cổng dịch vụ công,DV06,Xã Long Thành,Khác,Thường,Góp ý Xã Long Thành mở thêm khung giờ tiếp dân vào buổi chiều thứ bảy,10,6,1,
PA03616,2026-11-14,Ứng dụng di động,DV09,Xã An Cư,Hạ tầng giao thông,Khẩn,Nắp cống trên tuyến đường liên xã qua Xã An Cư bị vỡ đã hai tuần chưa ai sửa,5,5,1,
PA03617,2026-11-14,Tổng đài 1022,DV11,Xã Mỹ Khánh,Vệ sinh môi trường,Thường,"Có hộ đổ trộm xà bần ra bãi đất trống ở Xã Mỹ Khánh, đề nghị kiểm tra",10,8,1,
PA03618,2026-11-14,Ứng dụng di động,DV11,Xã Mỹ Khánh,Cấp thoát nước,Thường,"Khu dân cư Xã Mỹ Khánh mất nước từ sáng đến chiều, không thấy thông báo trước",10,12,0,
PA03619,2026-11-14,Cổng dịch vụ công,DV12,Xã Hương Trà,Hạ tầng giao thông,Rất khẩn,"Cầu nhỏ bắc qua kênh ở Xã Hương Trà mục lan can, trẻ em đi học qua rất lo",2,3,0,2
PA03620,2026-11-15,Ứng dụng di động,DV01,Phường Hoà Thuận,Thủ tục hành chính,Thường,Nộp hồ sơ chứng thực tại Phường Hoà Thuận hẹn 3 ngày nhưng quá 8 ngày chưa có kết quả,10,14,0,
PA03621,2026-11-15,Cổng dịch vụ công,DV01,Phường Hoà Thuận,Trật tự đô thị,Thường,Xe tải trọng lớn chạy vào đường nội bộ Phường Hoà Thuận ngoài giờ quy định,10,10,1,5
PA03622,2026-11-15,Tổng đài 1022,DV02,Phường Tân Hoà,Vệ sinh môi trường,Thường,"Rác tồn đọng ở điểm tập kết gần chợ Phường Tân Hoà ba ngày chưa thu gom, mùi rất nặng",10,8,1,3
PA03623,2026-11-15,Cổng dịch vụ công,DV02,Phường Tân Hoà,Hạ tầng giao thông,Thường,"Đoạn đường trước Phường Tân Hoà xuống cấp, nhiều ổ gà, xe máy tránh nhau rất nguy hiểm",10,12,0,
PA03624,2026-11-15,Văn bản giấy,DV04,Phường Nam Phong,Chiếu sáng công cộng,Thường,"Ngõ vào cụm dân cư Phường Nam Phong chưa có đèn chiếu sáng, đã kiến nghị hai lần",10,10,1,
PA03625,2026-11-15,Cổng dịch vụ công,DV04,Phường Nam Phong,Vệ sinh môi trường,Thường,"Xe thu gom rác ở Phường Nam Phong đổi giờ mà không báo, dân để rác ra đường cả buổi",10,12,0,
PA03626,2026-11-15,Ứng dụng di động,DV05,Xã Bình An,Vệ sinh môi trường,Khẩn,"Có hộ đổ trộm xà bần ra bãi đất trống ở Xã Bình An, đề nghị kiểm tra",5,4,1,
PA03627,2026-11-15,Cổng dịch vụ công,DV05,Xã Bình An,Vệ sinh môi trường,Thường,"Xe thu gom rác ở Xã Bình An đổi giờ mà không báo, dân để rác ra đường cả buổi",10,12,0,
PA03628,2026-11-15,Tổng đài 1022,DV06,Xã Long Thành,Vệ sinh môi trường,Thường,"Xe thu gom rác ở Xã Long Thành đổi giờ mà không báo, dân để rác ra đường cả buổi",10,3,1,4
PA03629,2026-11-15,Văn bản giấy,DV06,Xã Long Thành,Khác,Thường,Đề nghị Xã Long Thành thông tin rõ kế hoạch chỉnh trang khu dân cư năm tới,10,12,0,
PA03630,2026-11-15,Văn bản giấy,DV07,Xã Phú Điền,An sinh xã hội,Thường,"Hộ cận nghèo ở Xã Phú Điền chưa nhận được hỗ trợ đợt này, đề nghị rà soát",10,4,1,
PA03631,2026-11-15,Cổng dịch vụ công,DV11,Xã Mỹ Khánh,Thủ tục hành chính,Thường,Đã nộp trực tuyến nhưng Xã Mỹ Khánh vẫn yêu cầu nộp thêm bản giấy,10,8,1,
PA03632,2026-11-15,Tổng đài 1022,DV11,Xã Mỹ Khánh,Khác,Thường,"Loa phát thanh ở Xã Mỹ Khánh phát quá sớm, ảnh hưởng người già và trẻ nhỏ",10,4,1,5
PA03633,2026-11-16,Tổng đài 1022,DV01,Phường Hoà Thuận,Hạ tầng giao thông,Khẩn,"Cầu nhỏ bắc qua kênh ở Phường Hoà Thuận mục lan can, trẻ em đi học qua rất lo",5,7,0,2
PA03634,2026-11-16,Cổng dịch vụ công,DV01,Phường Hoà Thuận,Vệ sinh môi trường,Thường,"Xe thu gom rác ở Phường Hoà Thuận đổi giờ mà không báo, dân để rác ra đường cả buổi",10,4,1,
PA03635,2026-11-16,Cổng dịch vụ công,DV01,Phường Hoà Thuận,Khác,Thường,"Loa phát thanh ở Phường Hoà Thuận phát quá sớm, ảnh hưởng người già và trẻ nhỏ",10,6,1,4
PA03636,2026-11-16,Tổng đài 1022,DV01,Phường Hoà Thuận,Trật tự đô thị,Thường,Hàng quán lấn chiếm vỉa hè trước cổng trường tiểu học ở Phường Hoà Thuận giờ tan học,10,4,1,
PA03637,2026-11-16,Ứng dụng di động,DV01,Phường Hoà Thuận,Vệ sinh môi trường,Khẩn,"Kênh chạy qua Phường Hoà Thuận nổi váng đen, nghi có cơ sở xả thải ban đêm",5,3,1,4
PA03638,2026-11-16,Tiếp công dân,DV02,Phường Tân Hoà,An sinh xã hội,Thường,Người cao tuổi ở Phường Tân Hoà chưa được hướng dẫn làm thủ tục trợ cấp,10,3,1,
PA03639,2026-11-16,Tổng đài 1022,DV02,Phường Tân Hoà,Hạ tầng giao thông,Thường,"Đoạn đường trước Phường Tân Hoà xuống cấp, nhiều ổ gà, xe máy tránh nhau rất nguy hiểm",10,3,1,
PA03640,2026-11-16,Văn bản giấy,DV02,Phường Tân Hoà,Vệ sinh môi trường,Thường,"Xe thu gom rác ở Phường Tân Hoà đổi giờ mà không báo, dân để rác ra đường cả buổi",10,11,0,
PA03641,2026-11-16,Tổng đài 1022,DV03,Phường Đông Giang,Hạ tầng giao thông,Thường,"Đoạn đường trước Phường Đông Giang xuống cấp, nhiều ổ gà, xe máy tránh nhau rất nguy hiểm",10,9,1,4
PA03642,2026-11-16,Ứng dụng di động,DV04,Phường Nam Phong,Thủ tục hành chính,Thường,Đã nộp trực tuyến nhưng Phường Nam Phong vẫn yêu cầu nộp thêm bản giấy,10,7,1,5
PA03643,2026-11-16,Cổng dịch vụ công,DV04,Phường Nam Phong,Vệ sinh môi trường,Thường,"Có hộ đổ trộm xà bần ra bãi đất trống ở Phường Nam Phong, đề nghị kiểm tra",10,10,1,
PA03644,2026-11-16,Ứng dụng di động,DV04,Phường Nam Phong,Vệ sinh môi trường,Rất khẩn,"Có hộ đổ trộm xà bần ra bãi đất trống ở Phường Nam Phong, đề nghị kiểm tra",2,2,1,4
PA03645,2026-11-16,Ứng dụng di động,DV08,Xã Vĩnh Lộc,Cấp thoát nước,Rất khẩn,"Ống nước trước nhà văn hoá Xã Vĩnh Lộc rò rỉ, nước chảy ra đường suốt ngày",2,2,1,4
PA03646,2026-11-16,Tổng đài 1022,DV08,Xã Vĩnh Lộc,Cấp thoát nước,Thường,"Ống nước trước nhà văn hoá Xã Vĩnh Lộc rò rỉ, nước chảy ra đường suốt ngày",10,3,1,
PA03647,2026-11-16,Tổng đài 1022,DV08,Xã Vĩnh Lộc,An sinh xã hội,Thường,"Hộ cận nghèo ở Xã Vĩnh Lộc chưa nhận được hỗ trợ đợt này, đề nghị rà soát",10,5,1,5
PA03648,2026-11-16,Cổng dịch vụ công,DV08,Xã Vĩnh Lộc,Hạ tầng giao thông,Thường,Nắp cống trên tuyến đường liên xã qua Xã Vĩnh Lộc bị vỡ đã hai tuần chưa ai sửa,10,9,1,4
PA03649,2026-11-16,Tổng đài 1022,DV12,Xã Hương Trà,Hạ tầng giao thông,Thường,"Đoạn đường trước Xã Hương Trà xuống cấp, nhiều ổ gà, xe máy tránh nhau rất nguy hiểm",10,13,0,5
PA03650,2026-11-17,Cổng dịch vụ công,DV02,Phường Tân Hoà,Thủ tục hành chính,Thường,Nộp hồ sơ chứng thực tại Phường Tân Hoà hẹn 3 ngày nhưng quá 8 ngày chưa có kết quả,10,7,1,5
PA03651,2026-11-17,Văn bản giấy,DV02,Phường Tân Hoà,Hạ tầng giao thông,Thường,"Cầu nhỏ bắc qua kênh ở Phường Tân Hoà mục lan can, trẻ em đi học qua rất lo",10,4,1,
PA03652,2026-11-17,Tổng đài 1022,DV02,Phường Tân Hoà,Trật tự đô thị,Khẩn,Bãi giữ xe tự phát ở Phường Tân Hoà chắn lối đi chung của khu dân cư,5,3,1,5
PA03653,2026-11-17,Tổng đài 1022,DV03,Phường Đông Giang,Vệ sinh môi trường,Khẩn,"Rác tồn đọng ở điểm tập kết gần chợ Phường Đông Giang ba ngày chưa thu gom, mùi rất nặng",5,3,1,
PA03654,2026-11-17,Ứng dụng di động,DV04,Phường Nam Phong,Vệ sinh môi trường,Thường,"Có hộ đổ trộm xà bần ra bãi đất trống ở Phường Nam Phong, đề nghị kiểm tra",10,10,1,
PA03655,2026-11-17,Cổng dịch vụ công,DV04,Phường Nam Phong,Thủ tục hành chính,Rất khẩn,Nộp hồ sơ chứng thực tại Phường Nam Phong hẹn 3 ngày nhưng quá 8 ngày chưa có kết quả,2,2,1,3
PA03656,2026-11-17,Tổng đài 1022,DV05,Xã Bình An,Thủ tục hành chính,Thường,Đã nộp trực tuyến nhưng Xã Bình An vẫn yêu cầu nộp thêm bản giấy,10,6,1,
PA03657,2026-11-17,Cổng dịch vụ công,DV11,Xã Mỹ Khánh,Cấp thoát nước,Khẩn,"Ống nước trước nhà văn hoá Xã Mỹ Khánh rò rỉ, nước chảy ra đường suốt ngày",5,4,1,5
PA03658,2026-11-18,Ứng dụng di động,DV01,Phường Hoà Thuận,Trật tự đô thị,Thường,Xe tải trọng lớn chạy vào đường nội bộ Phường Hoà Thuận ngoài giờ quy định,10,11,0,
PA03659,2026-11-18,Tổng đài 1022,DV02,Phường Tân Hoà,Trật tự đô thị,Khẩn,Hàng quán lấn chiếm vỉa hè trước cổng trường tiểu học ở Phường Tân Hoà giờ tan học,5,5,1,
PA03660,2026-11-18,Cổng dịch vụ công,DV02,Phường Tân Hoà,Hạ tầng giao thông,Thường,Nắp cống trên tuyến đường liên xã qua Phường Tân Hoà bị vỡ đã hai tuần chưa ai sửa,10,6,1,
PA03661,2026-11-18,Văn bản giấy,DV03,Phường Đông Giang,Trật tự đô thị,Thường,Hàng quán lấn chiếm vỉa hè trước cổng trường tiểu học ở Phường Đông Giang giờ tan học,10,4,1,
PA03662,2026-11-18,Ứng dụng di động,DV03,Phường Đông Giang,Vệ sinh môi trường,Thường,"Xe thu gom rác ở Phường Đông Giang đổi giờ mà không báo, dân để rác ra đường cả buổi",10,7,1,
PA03663,2026-11-18,Văn bản giấy,DV04,Phường Nam Phong,Chiếu sáng công cộng,Khẩn,"Ngõ vào cụm dân cư Phường Nam Phong chưa có đèn chiếu sáng, đã kiến nghị hai lần",5,2,1,3
PA03664,2026-11-18,Ứng dụng di động,DV06,Xã Long Thành,Chiếu sáng công cộng,Thường,"Ba cột đèn đường ở Xã Long Thành cháy bóng, ban đêm tối om rất mất an toàn",10,6,1,4
PA03665,2026-11-18,Văn bản giấy,DV06,Xã Long Thành,Cấp thoát nước,Thường,"Ống nước trước nhà văn hoá Xã Long Thành rò rỉ, nước chảy ra đường suốt ngày",10,9,1,5
PA03666,2026-11-18,Tiếp công dân,DV08,Xã Vĩnh Lộc,Hạ tầng giao thông,Khẩn,"Cầu nhỏ bắc qua kênh ở Xã Vĩnh Lộc mục lan can, trẻ em đi học qua rất lo",5,4,1,4
PA03667,2026-11-18,Tổng đài 1022,DV11,Xã Mỹ Khánh,Thủ tục hành chính,Thường,Nộp hồ sơ chứng thực tại Xã Mỹ Khánh hẹn 3 ngày nhưng quá 8 ngày chưa có kết quả,10,8,1,4
PA03668,2026-11-19,Tổng đài 1022,DV01,Phường Hoà Thuận,Khác,Khẩn,"Loa phát thanh ở Phường Hoà Thuận phát quá sớm, ảnh hưởng người già và trẻ nhỏ",5,6,0,
PA03669,2026-11-19,Văn bản giấy,DV02,Phường Tân Hoà,Vệ sinh môi trường,Thường,"Kênh chạy qua Phường Tân Hoà nổi váng đen, nghi có cơ sở xả thải ban đêm",10,9,1,
PA03670,2026-11-19,Cổng dịch vụ công,DV02,Phường Tân Hoà,An sinh xã hội,Thường,"Danh sách nhận hỗ trợ ở Phường Tân Hoà niêm yết thiếu tên, đề nghị kiểm tra lại",10,4,1,4
PA03671,2026-11-19,Tiếp công dân,DV03,Phường Đông Giang,Trật tự đô thị,Thường,Xe tải trọng lớn chạy vào đường nội bộ Phường Đông Giang ngoài giờ quy định,10,5,1,
PA03672,2026-11-19,Cổng dịch vụ công,DV03,Phường Đông Giang,Cấp thoát nước,Khẩn,"Mưa là ngập cả tuyến ở Phường Đông Giang, cống thoát nghẹt không rút được",5,2,1,
PA03673,2026-11-19,Tổng đài 1022,DV04,Phường Nam Phong,Khác,Khẩn,"Loa phát thanh ở Phường Nam Phong phát quá sớm, ảnh hưởng người già và trẻ nhỏ",5,4,1,
PA03674,2026-11-19,Tổng đài 1022,DV08,Xã Vĩnh Lộc,An sinh xã hội,Thường,Người cao tuổi ở Xã Vĩnh Lộc chưa được hướng dẫn làm thủ tục trợ cấp,10,11,0,3
PA03675,2026-11-19,Cổng dịch vụ công,DV10,Xã Thanh Sơn,Trật tự đô thị,Rất khẩn,"Có công trình ở Xã Thanh Sơn thi công sau 22 giờ gây ồn, đề nghị kiểm tra giấy phép",2,1,1,
PA03676,2026-11-19,Tổng đài 1022,DV10,Xã Thanh Sơn,Chiếu sáng công cộng,Thường,"Ngõ vào cụm dân cư Xã Thanh Sơn chưa có đèn chiếu sáng, đã kiến nghị hai lần",10,7,1,
PA03677,2026-11-19,Ứng dụng di động,DV11,Xã Mỹ Khánh,Hạ tầng giao thông,Khẩn,"Mặt đường Xã Mỹ Khánh sau khi đào lắp ống nước hoàn trả không phẳng, đi rất xóc",5,3,1,4
PA03678,2026-11-19,Cổng dịch vụ công,DV11,Xã Mỹ Khánh,Khác,Khẩn,Đề nghị Xã Mỹ Khánh thông tin rõ kế hoạch chỉnh trang khu dân cư năm tới,5,4,1,
PA03679,2026-11-19,Tổng đài 1022,DV12,Xã Hương Trà,Hạ tầng giao thông,Thường,"Đoạn đường trước Xã Hương Trà xuống cấp, nhiều ổ gà, xe máy tránh nhau rất nguy hiểm",10,16,0,2
PA03680,2026-11-20,Cổng dịch vụ công,DV01,Phường Hoà Thuận,Vệ sinh môi trường,Thường,"Có hộ đổ trộm xà bần ra bãi đất trống ở Phường Hoà Thuận, đề nghị kiểm tra",10,9,1,
PA03681,2026-11-20,Tổng đài 1022,DV02,Phường Tân Hoà,Cấp thoát nước,Thường,"Mưa là ngập cả tuyến ở Phường Tân Hoà, cống thoát nghẹt không rút được",10,8,1,4
PA03682,2026-11-20,Ứng dụng di động,DV02,Phường Tân Hoà,Vệ sinh môi trường,Thường,"Xe thu gom rác ở Phường Tân Hoà đổi giờ mà không báo, dân để rác ra đường cả buổi",10,1,1,5
PA03683,2026-11-20,Văn bản giấy,DV03,Phường Đông Giang,Vệ sinh môi trường,Thường,"Kênh chạy qua Phường Đông Giang nổi váng đen, nghi có cơ sở xả thải ban đêm",10,6,1,5
PA03684,2026-11-20,Cổng dịch vụ công,DV03,Phường Đông Giang,Cấp thoát nước,Thường,"Nước máy ở Phường Đông Giang mấy hôm nay có mùi lạ, đề nghị kiểm tra chất lượng",10,9,1,5
PA03685,2026-11-20,Cổng dịch vụ công,DV04,Phường Nam Phong,Trật tự đô thị,Thường,Hàng quán lấn chiếm vỉa hè trước cổng trường tiểu học ở Phường Nam Phong giờ tan học,10,6,1,
PA03686,2026-11-20,Tổng đài 1022,DV04,Phường Nam Phong,Hạ tầng giao thông,Thường,"Đoạn đường trước Phường Nam Phong xuống cấp, nhiều ổ gà, xe máy tránh nhau rất nguy hiểm",10,9,1,
PA03687,2026-11-20,Tổng đài 1022,DV05,Xã Bình An,Cấp thoát nước,Thường,"Mưa là ngập cả tuyến ở Xã Bình An, cống thoát nghẹt không rút được",10,10,1,
PA03688,2026-11-20,Cổng dịch vụ công,DV06,Xã Long Thành,Trật tự đô thị,Khẩn,Xe tải trọng lớn chạy vào đường nội bộ Xã Long Thành ngoài giờ quy định,5,5,1,
PA03689,2026-11-20,Cổng dịch vụ công,DV06,Xã Long Thành,Thủ tục hành chính,Thường,Cán bộ một cửa Xã Long Thành yêu cầu giấy tờ ngoài danh mục niêm yết,10,11,0,
PA03690,2026-11-20,Cổng dịch vụ công,DV10,Xã Thanh Sơn,Hạ tầng giao thông,Thường,"Cầu nhỏ bắc qua kênh ở Xã Thanh Sơn mục lan can, trẻ em đi học qua rất lo",10,10,1,2
PA03691,2026-11-20,Tổng đài 1022,DV10,Xã Thanh Sơn,Trật tự đô thị,Thường,Xe tải trọng lớn chạy vào đường nội bộ Xã Thanh Sơn ngoài giờ quy định,10,6,1,
PA03692,2026-11-21,Cổng dịch vụ công,DV01,Phường Hoà Thuận,Hạ tầng giao thông,Thường,"Mặt đường Phường Hoà Thuận sau khi đào lắp ống nước hoàn trả không phẳng, đi rất xóc",10,6,1,
PA03693,2026-11-21,Tiếp công dân,DV02,Phường Tân Hoà,Khác,Thường,Đề nghị Phường Tân Hoà thông tin rõ kế hoạch chỉnh trang khu dân cư năm tới,10,3,1,4
PA03694,2026-11-21,Ứng dụng di động,DV02,Phường Tân Hoà,Cấp thoát nước,Thường,"Ống nước trước nhà văn hoá Phường Tân Hoà rò rỉ, nước chảy ra đường suốt ngày",10,6,1,
PA03695,2026-11-21,Văn bản giấy,DV02,Phường Tân Hoà,Hạ tầng giao thông,Thường,"Cầu nhỏ bắc qua kênh ở Phường Tân Hoà mục lan can, trẻ em đi học qua rất lo",10,6,1,5
PA03696,2026-11-21,Ứng dụng di động,DV02,Phường Tân Hoà,Chiếu sáng công cộng,Khẩn,"Ba cột đèn đường ở Phường Tân Hoà cháy bóng, ban đêm tối om rất mất an toàn",5,2,1,5
PA03697,2026-11-21,Ứng dụng di động,DV03,Phường Đông Giang,Hạ tầng giao thông,Khẩn,"Mặt đường Phường Đông Giang sau khi đào lắp ống nước hoàn trả không phẳng, đi rất xóc",5,4,1,
PA03698,2026-11-21,Cổng dịch vụ công,DV03,Phường Đông Giang,An sinh xã hội,Khẩn,"Hộ cận nghèo ở Phường Đông Giang chưa nhận được hỗ trợ đợt này, đề nghị rà soát",5,5,1,
PA03699,2026-11-21,Cổng dịch vụ công,DV04,Phường Nam Phong,Vệ sinh môi trường,Khẩn,"Rác tồn đọng ở điểm tập kết gần chợ Phường Nam Phong ba ngày chưa thu gom, mùi rất nặng",5,2,1,5
PA03700,2026-11-21,Tổng đài 1022,DV04,Phường Nam Phong,Hạ tầng giao thông,Thường,"Cầu nhỏ bắc qua kênh ở Phường Nam Phong mục lan can, trẻ em đi học qua rất lo",10,7,1,
PA03701,2026-11-21,Cổng dịch vụ công,DV04,Phường Nam Phong,Hạ tầng giao thông,Thường,"Cầu nhỏ bắc qua kênh ở Phường Nam Phong mục lan can, trẻ em đi học qua rất lo",10,9,1,
PA03702,2026-11-21,Ứng dụng di động,DV06,Xã Long Thành,Hạ tầng giao thông,Thường,"Đoạn đường trước Xã Long Thành xuống cấp, nhiều ổ gà, xe máy tránh nhau rất nguy hiểm",10,4,1,
PA03703,2026-11-21,Tổng đài 1022,DV11,Xã Mỹ Khánh,Chiếu sáng công cộng,Thường,"Ba cột đèn đường ở Xã Mỹ Khánh cháy bóng, ban đêm tối om rất mất an toàn",10,9,1,5
PA03704,2026-11-21,Cổng dịch vụ công,DV11,Xã Mỹ Khánh,Hạ tầng giao thông,Thường,Nắp cống trên tuyến đường liên xã qua Xã Mỹ Khánh bị vỡ đã hai tuần chưa ai sửa,10,18,0,
PA03705,2026-11-21,Tổng đài 1022,DV12,Xã Hương Trà,Trật tự đô thị,Thường,"Có công trình ở Xã Hương Trà thi công sau 22 giờ gây ồn, đề nghị kiểm tra giấy phép",10,13,0,2
PA03706,2026-11-22,Tiếp công dân,DV02,Phường Tân Hoà,Hạ tầng giao thông,Khẩn,"Mặt đường Phường Tân Hoà sau khi đào lắp ống nước hoàn trả không phẳng, đi rất xóc",5,5,1,3
PA03707,2026-11-22,Văn bản giấy,DV02,Phường Tân Hoà,Vệ sinh môi trường,Thường,"Rác tồn đọng ở điểm tập kết gần chợ Phường Tân Hoà ba ngày chưa thu gom, mùi rất nặng",10,9,1,
PA03708,2026-11-22,Cổng dịch vụ công,DV02,Phường Tân Hoà,Thủ tục hành chính,Thường,"Cổng dịch vụ công báo lỗi khi tải giấy tờ lên, gọi Phường Tân Hoà không ai nghe máy",10,8,1,
PA03709,2026-11-22,Cổng dịch vụ công,DV03,Phường Đông Giang,Vệ sinh môi trường,Thường,"Có hộ đổ trộm xà bần ra bãi đất trống ở Phường Đông Giang, đề nghị kiểm tra",10,10,1,4
PA03710,2026-11-22,Cổng dịch vụ công,DV04,Phường Nam Phong,Vệ sinh môi trường,Thường,"Xe thu gom rác ở Phường Nam Phong đổi giờ mà không báo, dân để rác ra đường cả buổi",10,9,1,
PA03711,2026-11-22,Cổng dịch vụ công,DV08,Xã Vĩnh Lộc,Trật tự đô thị,Thường,Xe tải trọng lớn chạy vào đường nội bộ Xã Vĩnh Lộc ngoài giờ quy định,10,5,1,
PA03712,2026-11-22,Tổng đài 1022,DV08,Xã Vĩnh Lộc,Hạ tầng giao thông,Thường,Nắp cống trên tuyến đường liên xã qua Xã Vĩnh Lộc bị vỡ đã hai tuần chưa ai sửa,10,11,0,4
PA03713,2026-11-23,Tổng đài 1022,DV02,Phường Tân Hoà,Cấp thoát nước,Thường,"Ống nước trước nhà văn hoá Phường Tân Hoà rò rỉ, nước chảy ra đường suốt ngày",10,7,1,5
PA03714,2026-11-23,Cổng dịch vụ công,DV02,Phường Tân Hoà,Trật tự đô thị,Thường,Bãi giữ xe tự phát ở Phường Tân Hoà chắn lối đi chung của khu dân cư,10,4,1,5
PA03715,2026-11-23,Tổng đài 1022,DV02,Phường Tân Hoà,Hạ tầng giao thông,Thường,"Cầu nhỏ bắc qua kênh ở Phường Tân Hoà mục lan can, trẻ em đi học qua rất lo",10,10,1,5
PA03716,2026-11-23,Tổng đài 1022,DV03,Phường Đông Giang,Cấp thoát nước,Thường,"Nước máy ở Phường Đông Giang mấy hôm nay có mùi lạ, đề nghị kiểm tra chất lượng",10,4,1,
PA03717,2026-11-23,Văn bản giấy,DV05,Xã Bình An,Vệ sinh môi trường,Thường,"Rác tồn đọng ở điểm tập kết gần chợ Xã Bình An ba ngày chưa thu gom, mùi rất nặng",10,4,1,5
PA03718,2026-11-23,Ứng dụng di động,DV05,Xã Bình An,Cấp thoát nước,Thường,"Nước máy ở Xã Bình An mấy hôm nay có mùi lạ, đề nghị kiểm tra chất lượng",10,11,0,4
PA03719,2026-11-23,Cổng dịch vụ công,DV06,Xã Long Thành,Cấp thoát nước,Khẩn,"Mưa là ngập cả tuyến ở Xã Long Thành, cống thoát nghẹt không rút được",5,4,1,
PA03720,2026-11-23,Cổng dịch vụ công,DV06,Xã Long Thành,Vệ sinh môi trường,Thường,"Xe thu gom rác ở Xã Long Thành đổi giờ mà không báo, dân để rác ra đường cả buổi",10,5,1,5
PA03721,2026-11-23,Cổng dịch vụ công,DV06,Xã Long Thành,Trật tự đô thị,Thường,Xe tải trọng lớn chạy vào đường nội bộ Xã Long Thành ngoài giờ quy định,10,27,0,
PA03722,2026-11-23,Tổng đài 1022,DV07,Xã Phú Điền,Thủ tục hành chính,Thường,"Cổng dịch vụ công báo lỗi khi tải giấy tờ lên, gọi Xã Phú Điền không ai nghe máy",10,4,1,5
PA03723,2026-11-23,Ứng dụng di động,DV09,Xã An Cư,Hạ tầng giao thông,Thường,"Mặt đường Xã An Cư sau khi đào lắp ống nước hoàn trả không phẳng, đi rất xóc",10,7,1,
PA03724,2026-11-23,Tổng đài 1022,DV12,Xã Hương Trà,Chiếu sáng công cộng,Thường,"Ngõ vào cụm dân cư Xã Hương Trà chưa có đèn chiếu sáng, đã kiến nghị hai lần",10,10,1,
PA03725,2026-11-24,Tổng đài 1022,DV01,Phường Hoà Thuận,Vệ sinh môi trường,Thường,"Xe thu gom rác ở Phường Hoà Thuận đổi giờ mà không báo, dân để rác ra đường cả buổi",10,5,1,
PA03726,2026-11-24,Cổng dịch vụ công,DV01,Phường Hoà Thuận,Chiếu sáng công cộng,Rất khẩn,"Ngõ vào cụm dân cư Phường Hoà Thuận chưa có đèn chiếu sáng, đã kiến nghị hai lần",2,2,1,
PA03727,2026-11-24,Cổng dịch vụ công,DV01,Phường Hoà Thuận,Cấp thoát nước,Khẩn,"Nước máy ở Phường Hoà Thuận mấy hôm nay có mùi lạ, đề nghị kiểm tra chất lượng",5,3,1,
PA03728,2026-11-24,Tổng đài 1022,DV02,Phường Tân Hoà,Cấp thoát nước,Thường,"Ống nước trước nhà văn hoá Phường Tân Hoà rò rỉ, nước chảy ra đường suốt ngày",10,6,1,
PA03729,2026-11-24,Tổng đài 1022,DV02,Phường Tân Hoà,Trật tự đô thị,Thường,Hàng quán lấn chiếm vỉa hè trước cổng trường tiểu học ở Phường Tân Hoà giờ tan học,10,10,1,
PA03730,2026-11-24,Tổng đài 1022,DV02,Phường Tân Hoà,Hạ tầng giao thông,Thường,Nắp cống trên tuyến đường liên xã qua Phường Tân Hoà bị vỡ đã hai tuần chưa ai sửa,10,5,1,
PA03731,2026-11-24,Tổng đài 1022,DV03,Phường Đông Giang,Khác,Thường,Đề nghị Phường Đông Giang thông tin rõ kế hoạch chỉnh trang khu dân cư năm tới,10,4,1,
PA03732,2026-11-24,Tổng đài 1022,DV05,Xã Bình An,Khác,Rất khẩn,"Loa phát thanh ở Xã Bình An phát quá sớm, ảnh hưởng người già và trẻ nhỏ",2,1,1,3
PA03733,2026-11-24,Ứng dụng di động,DV05,Xã Bình An,Trật tự đô thị,Thường,Hàng quán lấn chiếm vỉa hè trước cổng trường tiểu học ở Xã Bình An giờ tan học,10,6,1,5
PA03734,2026-11-24,Ứng dụng di động,DV05,Xã Bình An,Hạ tầng giao thông,Thường,"Cầu nhỏ bắc qua kênh ở Xã Bình An mục lan can, trẻ em đi học qua rất lo",10,5,1,4
PA03735,2026-11-24,Cổng dịch vụ công,DV05,Xã Bình An,Thủ tục hành chính,Thường,Nộp hồ sơ chứng thực tại Xã Bình An hẹn 3 ngày nhưng quá 8 ngày chưa có kết quả,10,11,0,2
PA03736,2026-11-24,Tiếp công dân,DV05,Xã Bình An,Hạ tầng giao thông,Khẩn,"Cầu nhỏ bắc qua kênh ở Xã Bình An mục lan can, trẻ em đi học qua rất lo",5,5,1,
PA03737,2026-11-24,Tổng đài 1022,DV06,Xã Long Thành,An sinh xã hội,Thường,Người cao tuổi ở Xã Long Thành chưa được hướng dẫn làm thủ tục trợ cấp,10,2,1,
PA03738,2026-11-24,Ứng dụng di động,DV08,Xã Vĩnh Lộc,Thủ tục hành chính,Thường,Cán bộ một cửa Xã Vĩnh Lộc yêu cầu giấy tờ ngoài danh mục niêm yết,10,5,1,
PA03739,2026-11-25,Tổng đài 1022,DV01,Phường Hoà Thuận,Hạ tầng giao thông,Thường,"Mặt đường Phường Hoà Thuận sau khi đào lắp ống nước hoàn trả không phẳng, đi rất xóc",10,2,1,
PA03740,2026-11-25,Ứng dụng di động,DV01,Phường Hoà Thuận,An sinh xã hội,Thường,"Hộ cận nghèo ở Phường Hoà Thuận chưa nhận được hỗ trợ đợt này, đề nghị rà soát",10,9,1,
PA03741,2026-11-25,Tổng đài 1022,DV02,Phường Tân Hoà,An sinh xã hội,Thường,"Danh sách nhận hỗ trợ ở Phường Tân Hoà niêm yết thiếu tên, đề nghị kiểm tra lại",10,11,0,
PA03742,2026-11-25,Tổng đài 1022,DV02,Phường Tân Hoà,Hạ tầng giao thông,Khẩn,"Mặt đường Phường Tân Hoà sau khi đào lắp ống nước hoàn trả không phẳng, đi rất xóc",5,2,1,
PA03743,2026-11-25,Văn bản giấy,DV02,Phường Tân Hoà,Thủ tục hành chính,Khẩn,Nộp hồ sơ chứng thực tại Phường Tân Hoà hẹn 3 ngày nhưng quá 8 ngày chưa có kết quả,5,4,1,
PA03744,2026-11-25,Tổng đài 1022,DV03,Phường Đông Giang,An sinh xã hội,Thường,"Hộ cận nghèo ở Phường Đông Giang chưa nhận được hỗ trợ đợt này, đề nghị rà soát",10,8,1,
PA03745,2026-11-25,Tổng đài 1022,DV03,Phường Đông Giang,Trật tự đô thị,Khẩn,Bãi giữ xe tự phát ở Phường Đông Giang chắn lối đi chung của khu dân cư,5,5,1,3
PA03746,2026-11-25,Ứng dụng di động,DV04,Phường Nam Phong,Thủ tục hành chính,Thường,"Cổng dịch vụ công báo lỗi khi tải giấy tờ lên, gọi Phường Nam Phong không ai nghe máy",10,11,0,
PA03747,2026-11-25,Văn bản giấy,DV04,Phường Nam Phong,Hạ tầng giao thông,Thường,Nắp cống trên tuyến đường liên xã qua Phường Nam Phong bị vỡ đã hai tuần chưa ai sửa,10,29,0,
PA03748,2026-11-25,Tổng đài 1022,DV04,Phường Nam Phong,Hạ tầng giao thông,Khẩn,"Cầu nhỏ bắc qua kênh ở Phường Nam Phong mục lan can, trẻ em đi học qua rất lo",5,2,1,5
PA03749,2026-11-25,Ứng dụng di động,DV06,Xã Long Thành,Vệ sinh môi trường,Thường,"Kênh chạy qua Xã Long Thành nổi váng đen, nghi có cơ sở xả thải ban đêm",10,12,0,
PA03750,2026-11-25,Tổng đài 1022,DV06,Xã Long Thành,Trật tự đô thị,Khẩn,Xe tải trọng lớn chạy vào đường nội bộ Xã Long Thành ngoài giờ quy định,5,6,0,
PA03751,2026-11-25,Tổng đài 1022,DV06,Xã Long Thành,Cấp thoát nước,Thường,"Khu dân cư Xã Long Thành mất nước từ sáng đến chiều, không thấy thông báo trước",10,11,0,3
PA03752,2026-11-26,Cổng dịch vụ công,DV01,Phường Hoà Thuận,An sinh xã hội,Thường,"Hộ cận nghèo ở Phường Hoà Thuận chưa nhận được hỗ trợ đợt này, đề nghị rà soát",10,10,1,4
PA03753,2026-11-26,Tổng đài 1022,DV01,Phường Hoà Thuận,Thủ tục hành chính,Thường,Đã nộp trực tuyến nhưng Phường Hoà Thuận vẫn yêu cầu nộp thêm bản giấy,10,9,1,5
PA03754,2026-11-26,Cổng dịch vụ công,DV02,Phường Tân Hoà,Vệ sinh môi trường,Thường,"Có hộ đổ trộm xà bần ra bãi đất trống ở Phường Tân Hoà, đề nghị kiểm tra",10,5,1,
PA03755,2026-11-26,Cổng dịch vụ công,DV02,Phường Tân Hoà,Trật tự đô thị,Thường,"Có công trình ở Phường Tân Hoà thi công sau 22 giờ gây ồn, đề nghị kiểm tra giấy phép",10,3,1,
PA03756,2026-11-26,Tổng đài 1022,DV02,Phường Tân Hoà,Hạ tầng giao thông,Khẩn,Nắp cống trên tuyến đường liên xã qua Phường Tân Hoà bị vỡ đã hai tuần chưa ai sửa,5,2,1,
PA03757,2026-11-26,Cổng dịch vụ công,DV02,Phường Tân Hoà,Chiếu sáng công cộng,Thường,"Ba cột đèn đường ở Phường Tân Hoà cháy bóng, ban đêm tối om rất mất an toàn",10,5,1,
PA03758,2026-11-26,Tổng đài 1022,DV02,Phường Tân Hoà,Khác,Khẩn,Góp ý Phường Tân Hoà mở thêm khung giờ tiếp dân vào buổi chiều thứ bảy,5,3,1,
PA03759,2026-11-26,Cổng dịch vụ công,DV03,Phường Đông Giang,Cấp thoát nước,Thường,"Khu dân cư Phường Đông Giang mất nước từ sáng đến chiều, không thấy thông báo trước",10,13,0,3
PA03760,2026-11-26,Tổng đài 1022,DV04,Phường Nam Phong,Thủ tục hành chính,Thường,Cán bộ một cửa Phường Nam Phong yêu cầu giấy tờ ngoài danh mục niêm yết,10,12,0,
PA03761,2026-11-26,Tổng đài 1022,DV04,Phường Nam Phong,Vệ sinh môi trường,Thường,"Xe thu gom rác ở Phường Nam Phong đổi giờ mà không báo, dân để rác ra đường cả buổi",10,9,1,4
PA03762,2026-11-26,Tổng đài 1022,DV04,Phường Nam Phong,Thủ tục hành chính,Khẩn,Đã nộp trực tuyến nhưng Phường Nam Phong vẫn yêu cầu nộp thêm bản giấy,5,5,1,
PA03763,2026-11-26,Cổng dịch vụ công,DV04,Phường Nam Phong,Vệ sinh môi trường,Khẩn,"Xe thu gom rác ở Phường Nam Phong đổi giờ mà không báo, dân để rác ra đường cả buổi",5,1,1,2
PA03764,2026-11-26,Ứng dụng di động,DV06,Xã Long Thành,Cấp thoát nước,Thường,"Mưa là ngập cả tuyến ở Xã Long Thành, cống thoát nghẹt không rút được",10,6,1,
PA03765,2026-11-26,Cổng dịch vụ công,DV07,Xã Phú Điền,Vệ sinh môi trường,Khẩn,"Rác tồn đọng ở điểm tập kết gần chợ Xã Phú Điền ba ngày chưa thu gom, mùi rất nặng",5,5,1,
PA03766,2026-11-26,Tổng đài 1022,DV09,Xã An Cư,Trật tự đô thị,Thường,Xe tải trọng lớn chạy vào đường nội bộ Xã An Cư ngoài giờ quy định,10,10,1,4
PA03767,2026-11-26,Tổng đài 1022,DV12,Xã Hương Trà,Thủ tục hành chính,Thường,Cán bộ một cửa Xã Hương Trà yêu cầu giấy tờ ngoài danh mục niêm yết,10,6,1,5
PA03768,2026-11-27,Cổng dịch vụ công,DV01,Phường Hoà Thuận,Hạ tầng giao thông,Thường,"Đoạn đường trước Phường Hoà Thuận xuống cấp, nhiều ổ gà, xe máy tránh nhau rất nguy hiểm",10,8,1,5
PA03769,2026-11-27,Ứng dụng di động,DV02,Phường Tân Hoà,Vệ sinh môi trường,Thường,"Có hộ đổ trộm xà bần ra bãi đất trống ở Phường Tân Hoà, đề nghị kiểm tra",10,3,1,
PA03770,2026-11-27,Tổng đài 1022,DV02,Phường Tân Hoà,An sinh xã hội,Thường,"Danh sách nhận hỗ trợ ở Phường Tân Hoà niêm yết thiếu tên, đề nghị kiểm tra lại",10,7,1,5
PA03771,2026-11-27,Tổng đài 1022,DV04,Phường Nam Phong,Hạ tầng giao thông,Thường,"Đoạn đường trước Phường Nam Phong xuống cấp, nhiều ổ gà, xe máy tránh nhau rất nguy hiểm",10,7,1,3
PA03772,2026-11-27,Cổng dịch vụ công,DV07,Xã Phú Điền,Chiếu sáng công cộng,Thường,"Ngõ vào cụm dân cư Xã Phú Điền chưa có đèn chiếu sáng, đã kiến nghị hai lần",10,7,1,4
PA03773,2026-11-27,Tổng đài 1022,DV08,Xã Vĩnh Lộc,Hạ tầng giao thông,Thường,"Cầu nhỏ bắc qua kênh ở Xã Vĩnh Lộc mục lan can, trẻ em đi học qua rất lo",10,10,1,
PA03774,2026-11-27,Cổng dịch vụ công,DV10,Xã Thanh Sơn,Hạ tầng giao thông,Thường,"Mặt đường Xã Thanh Sơn sau khi đào lắp ống nước hoàn trả không phẳng, đi rất xóc",10,4,1,
PA03775,2026-11-27,Cổng dịch vụ công,DV11,Xã Mỹ Khánh,Trật tự đô thị,Khẩn,Hàng quán lấn chiếm vỉa hè trước cổng trường tiểu học ở Xã Mỹ Khánh giờ tan học,5,1,1,
PA03776,2026-11-28,Ứng dụng di động,DV01,Phường Hoà Thuận,Chiếu sáng công cộng,Thường,"Đèn chiếu sáng khu vực Phường Hoà Thuận bật cả ban ngày, rất lãng phí điện",10,6,1,
PA03777,2026-11-28,Cổng dịch vụ công,DV02,Phường Tân Hoà,Chiếu sáng công cộng,Thường,"Ngõ vào cụm dân cư Phường Tân Hoà chưa có đèn chiếu sáng, đã kiến nghị hai lần",10,8,1,5
PA03778,2026-11-28,Tổng đài 1022,DV02,Phường Tân Hoà,Khác,Thường,"Loa phát thanh ở Phường Tân Hoà phát quá sớm, ảnh hưởng người già và trẻ nhỏ",10,5,1,4
PA03779,2026-11-28,Ứng dụng di động,DV02,Phường Tân Hoà,Trật tự đô thị,Thường,Xe tải trọng lớn chạy vào đường nội bộ Phường Tân Hoà ngoài giờ quy định,10,10,1,
PA03780,2026-11-28,Văn bản giấy,DV02,Phường Tân Hoà,Vệ sinh môi trường,Thường,"Xe thu gom rác ở Phường Tân Hoà đổi giờ mà không báo, dân để rác ra đường cả buổi",10,1,1,
PA03781,2026-11-28,Tổng đài 1022,DV02,Phường Tân Hoà,Vệ sinh môi trường,Thường,"Có hộ đổ trộm xà bần ra bãi đất trống ở Phường Tân Hoà, đề nghị kiểm tra",10,8,1,
PA03782,2026-11-28,Tổng đài 1022,DV03,Phường Đông Giang,Thủ tục hành chính,Rất khẩn,Đã nộp trực tuyến nhưng Phường Đông Giang vẫn yêu cầu nộp thêm bản giấy,2,1,1,5
PA03783,2026-11-28,Tổng đài 1022,DV03,Phường Đông Giang,Vệ sinh môi trường,Thường,"Rác tồn đọng ở điểm tập kết gần chợ Phường Đông Giang ba ngày chưa thu gom, mùi rất nặng",10,10,1,5
PA03784,2026-11-28,Ứng dụng di động,DV03,Phường Đông Giang,Khác,Khẩn,"Loa phát thanh ở Phường Đông Giang phát quá sớm, ảnh hưởng người già và trẻ nhỏ",5,2,1,
PA03785,2026-11-28,Tiếp công dân,DV05,Xã Bình An,Vệ sinh môi trường,Thường,"Kênh chạy qua Xã Bình An nổi váng đen, nghi có cơ sở xả thải ban đêm",10,8,1,
PA03786,2026-11-28,Tổng đài 1022,DV06,Xã Long Thành,Trật tự đô thị,Khẩn,Bãi giữ xe tự phát ở Xã Long Thành chắn lối đi chung của khu dân cư,5,5,1,
PA03787,2026-11-28,Tổng đài 1022,DV08,Xã Vĩnh Lộc,Hạ tầng giao thông,Thường,"Mặt đường Xã Vĩnh Lộc sau khi đào lắp ống nước hoàn trả không phẳng, đi rất xóc",10,4,1,
PA03788,2026-11-28,Văn bản giấy,DV08,Xã Vĩnh Lộc,Thủ tục hành chính,Khẩn,"Cổng dịch vụ công báo lỗi khi tải giấy tờ lên, gọi Xã Vĩnh Lộc không ai nghe máy",5,4,1,4
PA03789,2026-11-28,Ứng dụng di động,DV12,Xã Hương Trà,Vệ sinh môi trường,Thường,"Rác tồn đọng ở điểm tập kết gần chợ Xã Hương Trà ba ngày chưa thu gom, mùi rất nặng",10,6,1,3
PA03790,2026-11-29,Tổng đài 1022,DV01,Phường Hoà Thuận,Vệ sinh môi trường,Thường,"Có hộ đổ trộm xà bần ra bãi đất trống ở Phường Hoà Thuận, đề nghị kiểm tra",10,2,1,4
PA03791,2026-11-29,Tiếp công dân,DV01,Phường Hoà Thuận,Hạ tầng giao thông,Thường,"Cầu nhỏ bắc qua kênh ở Phường Hoà Thuận mục lan can, trẻ em đi học qua rất lo",10,16,0,
PA03792,2026-11-29,Ứng dụng di động,DV02,Phường Tân Hoà,Cấp thoát nước,Thường,"Nước máy ở Phường Tân Hoà mấy hôm nay có mùi lạ, đề nghị kiểm tra chất lượng",10,7,1,4
PA03793,2026-11-29,Tổng đài 1022,DV02,Phường Tân Hoà,Thủ tục hành chính,Thường,Đã nộp trực tuyến nhưng Phường Tân Hoà vẫn yêu cầu nộp thêm bản giấy,10,7,1,
PA03794,2026-11-29,Tổng đài 1022,DV03,Phường Đông Giang,Khác,Thường,Đề nghị Phường Đông Giang thông tin rõ kế hoạch chỉnh trang khu dân cư năm tới,10,6,1,
PA03795,2026-11-29,Ứng dụng di động,DV03,Phường Đông Giang,Cấp thoát nước,Khẩn,"Mưa là ngập cả tuyến ở Phường Đông Giang, cống thoát nghẹt không rút được",5,3,1,
PA03796,2026-11-29,Văn bản giấy,DV03,Phường Đông Giang,Hạ tầng giao thông,Thường,"Cầu nhỏ bắc qua kênh ở Phường Đông Giang mục lan can, trẻ em đi học qua rất lo",10,8,1,5
PA03797,2026-11-29,Tổng đài 1022,DV04,Phường Nam Phong,Hạ tầng giao thông,Thường,"Mặt đường Phường Nam Phong sau khi đào lắp ống nước hoàn trả không phẳng, đi rất xóc",10,7,1,5
PA03798,2026-11-29,Cổng dịch vụ công,DV05,Xã Bình An,Hạ tầng giao thông,Thường,Nắp cống trên tuyến đường liên xã qua Xã Bình An bị vỡ đã hai tuần chưa ai sửa,10,9,1,4
PA03799,2026-11-29,Tổng đài 1022,DV07,Xã Phú Điền,Vệ sinh môi trường,Thường,"Rác tồn đọng ở điểm tập kết gần chợ Xã Phú Điền ba ngày chưa thu gom, mùi rất nặng",10,7,1,
PA03800,2026-11-29,Cổng dịch vụ công,DV12,Xã Hương Trà,Hạ tầng giao thông,Thường,"Mặt đường Xã Hương Trà sau khi đào lắp ống nước hoàn trả không phẳng, đi rất xóc",10,11,0,
PA03801,2026-11-29,Tổng đài 1022,DV12,Xã Hương Trà,An sinh xã hội,Khẩn,"Hộ cận nghèo ở Xã Hương Trà chưa nhận được hỗ trợ đợt này, đề nghị rà soát",5,2,1,
PA03802,2026-11-29,Tổng đài 1022,DV12,Xã Hương Trà,Vệ sinh môi trường,Thường,"Kênh chạy qua Xã Hương Trà nổi váng đen, nghi có cơ sở xả thải ban đêm",10,11,0,
PA03803,2026-11-30,Tổng đài 1022,DV01,Phường Hoà Thuận,Vệ sinh môi trường,Khẩn,"Rác tồn đọng ở điểm tập kết gần chợ Phường Hoà Thuận ba ngày chưa thu gom, mùi rất nặng",5,5,1,5
PA03804,2026-11-30,Tổng đài 1022,DV01,Phường Hoà Thuận,Cấp thoát nước,Thường,"Mưa là ngập cả tuyến ở Phường Hoà Thuận, cống thoát nghẹt không rút được",10,8,1,4
PA03805,2026-11-30,Ứng dụng di động,DV02,Phường Tân Hoà,Hạ tầng giao thông,Thường,"Mặt đường Phường Tân Hoà sau khi đào lắp ống nước hoàn trả không phẳng, đi rất xóc",10,1,1,2
PA03806,2026-11-30,Tiếp công dân,DV02,Phường Tân Hoà,Khác,Khẩn,Góp ý Phường Tân Hoà mở thêm khung giờ tiếp dân vào buổi chiều thứ bảy,5,8,0,
PA03807,2026-11-30,Cổng dịch vụ công,DV02,Phường Tân Hoà,Vệ sinh môi trường,Khẩn,"Kênh chạy qua Phường Tân Hoà nổi váng đen, nghi có cơ sở xả thải ban đêm",5,2,1,
PA03808,2026-11-30,Tổng đài 1022,DV06,Xã Long Thành,An sinh xã hội,Thường,"Hộ cận nghèo ở Xã Long Thành chưa nhận được hỗ trợ đợt này, đề nghị rà soát",10,8,1,
PA03809,2026-11-30,Tổng đài 1022,DV08,Xã Vĩnh Lộc,Vệ sinh môi trường,Thường,"Rác tồn đọng ở điểm tập kết gần chợ Xã Vĩnh Lộc ba ngày chưa thu gom, mùi rất nặng",10,13,0,
PA03810,2026-11-30,Tổng đài 1022,DV09,Xã An Cư,Vệ sinh môi trường,Thường,"Xe thu gom rác ở Xã An Cư đổi giờ mà không báo, dân để rác ra đường cả buổi",10,12,0,4
PA03811,2026-11-30,Cổng dịch vụ công,DV10,Xã Thanh Sơn,Trật tự đô thị,Thường,Hàng quán lấn chiếm vỉa hè trước cổng trường tiểu học ở Xã Thanh Sơn giờ tan học,10,7,1,
PA03812,2026-11-30,Cổng dịch vụ công,DV12,Xã Hương Trà,Vệ sinh môi trường,Thường,"Có hộ đổ trộm xà bần ra bãi đất trống ở Xã Hương Trà, đề nghị kiểm tra",10,7,1,
PA03813,2026-11-30,Tổng đài 1022,DV12,Xã Hương Trà,Chiếu sáng công cộng,Thường,"Ba cột đèn đường ở Xã Hương Trà cháy bóng, ban đêm tối om rất mất an toàn",10,9,1,5
PA03814,2026-12-01,Tổng đài 1022,DV02,Phường Tân Hoà,Trật tự đô thị,Thường,"Có công trình ở Phường Tân Hoà thi công sau 22 giờ gây ồn, đề nghị kiểm tra giấy phép",10,2,1,
PA03815,2026-12-01,Ứng dụng di động,DV03,Phường Đông Giang,Trật tự đô thị,Thường,"Có công trình ở Phường Đông Giang thi công sau 22 giờ gây ồn, đề nghị kiểm tra giấy phép",10,10,1,5
PA03816,2026-12-01,Tiếp công dân,DV03,Phường Đông Giang,Chiếu sáng công cộng,Khẩn,"Đèn chiếu sáng khu vực Phường Đông Giang bật cả ban ngày, rất lãng phí điện",5,5,1,
PA03817,2026-12-01,Tiếp công dân,DV03,Phường Đông Giang,Hạ tầng giao thông,Thường,"Cầu nhỏ bắc qua kênh ở Phường Đông Giang mục lan can, trẻ em đi học qua rất lo",10,9,1,
PA03818,2026-12-01,Tổng đài 1022,DV04,Phường Nam Phong,Thủ tục hành chính,Thường,Nộp hồ sơ chứng thực tại Phường Nam Phong hẹn 3 ngày nhưng quá 8 ngày chưa có kết quả,10,10,1,5
PA03819,2026-12-02,Cổng dịch vụ công,DV01,Phường Hoà Thuận,An sinh xã hội,Rất khẩn,Người cao tuổi ở Phường Hoà Thuận chưa được hướng dẫn làm thủ tục trợ cấp,2,1,1,
PA03820,2026-12-02,Ứng dụng di động,DV02,Phường Tân Hoà,Hạ tầng giao thông,Thường,"Đoạn đường trước Phường Tân Hoà xuống cấp, nhiều ổ gà, xe máy tránh nhau rất nguy hiểm",10,3,1,5
PA03821,2026-12-02,Cổng dịch vụ công,DV02,Phường Tân Hoà,Thủ tục hành chính,Khẩn,Cán bộ một cửa Phường Tân Hoà yêu cầu giấy tờ ngoài danh mục niêm yết,5,5,1,4
PA03822,2026-12-02,Tổng đài 1022,DV03,Phường Đông Giang,Vệ sinh môi trường,Thường,"Rác tồn đọng ở điểm tập kết gần chợ Phường Đông Giang ba ngày chưa thu gom, mùi rất nặng",10,8,1,4
PA03823,2026-12-02,Ứng dụng di động,DV03,Phường Đông Giang,An sinh xã hội,Thường,"Hộ cận nghèo ở Phường Đông Giang chưa nhận được hỗ trợ đợt này, đề nghị rà soát",10,6,1,4
PA03824,2026-12-02,Văn bản giấy,DV04,Phường Nam Phong,Cấp thoát nước,Thường,"Nước máy ở Phường Nam Phong mấy hôm nay có mùi lạ, đề nghị kiểm tra chất lượng",10,8,1,
PA03825,2026-12-02,Tổng đài 1022,DV04,Phường Nam Phong,Hạ tầng giao thông,Thường,Nắp cống trên tuyến đường liên xã qua Phường Nam Phong bị vỡ đã hai tuần chưa ai sửa,10,11,0,3
PA03826,2026-12-02,Tổng đài 1022,DV04,Phường Nam Phong,Vệ sinh môi trường,Khẩn,"Xe thu gom rác ở Phường Nam Phong đổi giờ mà không báo, dân để rác ra đường cả buổi",5,5,1,
PA03827,2026-12-02,Tổng đài 1022,DV04,Phường Nam Phong,Thủ tục hành chính,Thường,Đã nộp trực tuyến nhưng Phường Nam Phong vẫn yêu cầu nộp thêm bản giấy,10,8,1,4
PA03828,2026-12-02,Văn bản giấy,DV06,Xã Long Thành,Hạ tầng giao thông,Thường,"Đoạn đường trước Xã Long Thành xuống cấp, nhiều ổ gà, xe máy tránh nhau rất nguy hiểm",10,7,1,5
PA03829,2026-12-02,Văn bản giấy,DV07,Xã Phú Điền,Trật tự đô thị,Thường,Xe tải trọng lớn chạy vào đường nội bộ Xã Phú Điền ngoài giờ quy định,10,5,1,5
PA03830,2026-12-02,Tiếp công dân,DV07,Xã Phú Điền,Vệ sinh môi trường,Thường,"Có hộ đổ trộm xà bần ra bãi đất trống ở Xã Phú Điền, đề nghị kiểm tra",10,11,0,4
PA03831,2026-12-02,Văn bản giấy,DV07,Xã Phú Điền,Vệ sinh môi trường,Khẩn,"Xe thu gom rác ở Xã Phú Điền đổi giờ mà không báo, dân để rác ra đường cả buổi",5,3,1,5
PA03832,2026-12-02,Cổng dịch vụ công,DV08,Xã Vĩnh Lộc,Vệ sinh môi trường,Thường,"Có hộ đổ trộm xà bần ra bãi đất trống ở Xã Vĩnh Lộc, đề nghị kiểm tra",10,6,1,
PA03833,2026-12-02,Tổng đài 1022,DV10,Xã Thanh Sơn,Chiếu sáng công cộng,Khẩn,"Ba cột đèn đường ở Xã Thanh Sơn cháy bóng, ban đêm tối om rất mất an toàn",5,18,0,
PA03834,2026-12-02,Ứng dụng di động,DV10,Xã Thanh Sơn,Vệ sinh môi trường,Thường,"Rác tồn đọng ở điểm tập kết gần chợ Xã Thanh Sơn ba ngày chưa thu gom, mùi rất nặng",10,12,0,2
PA03835,2026-12-02,Văn bản giấy,DV11,Xã Mỹ Khánh,An sinh xã hội,Thường,Người cao tuổi ở Xã Mỹ Khánh chưa được hướng dẫn làm thủ tục trợ cấp,10,7,1,4
PA03836,2026-12-03,Cổng dịch vụ công,DV02,Phường Tân Hoà,Hạ tầng giao thông,Khẩn,"Mặt đường Phường Tân Hoà sau khi đào lắp ống nước hoàn trả không phẳng, đi rất xóc",5,1,1,5
PA03837,2026-12-03,Tổng đài 1022,DV02,Phường Tân Hoà,Vệ sinh môi trường,Thường,"Kênh chạy qua Phường Tân Hoà nổi váng đen, nghi có cơ sở xả thải ban đêm",10,7,1,5
PA03838,2026-12-03,Tổng đài 1022,DV02,Phường Tân Hoà,An sinh xã hội,Thường,Người cao tuổi ở Phường Tân Hoà chưa được hướng dẫn làm thủ tục trợ cấp,10,7,1,4
PA03839,2026-12-03,Tổng đài 1022,DV02,Phường Tân Hoà,Vệ sinh môi trường,Thường,"Rác tồn đọng ở điểm tập kết gần chợ Phường Tân Hoà ba ngày chưa thu gom, mùi rất nặng",10,43,0,2
PA03840,2026-12-03,Tổng đài 1022,DV08,Xã Vĩnh Lộc,Cấp thoát nước,Thường,"Ống nước trước nhà văn hoá Xã Vĩnh Lộc rò rỉ, nước chảy ra đường suốt ngày",10,12,0,
PA03841,2026-12-03,Văn bản giấy,DV08,Xã Vĩnh Lộc,An sinh xã hội,Thường,"Danh sách nhận hỗ trợ ở Xã Vĩnh Lộc niêm yết thiếu tên, đề nghị kiểm tra lại",10,9,1,
PA03842,2026-12-03,Tổng đài 1022,DV09,Xã An Cư,Chiếu sáng công cộng,Thường,"Đèn chiếu sáng khu vực Xã An Cư bật cả ban ngày, rất lãng phí điện",10,4,1,
PA03843,2026-12-03,Ứng dụng di động,DV10,Xã Thanh Sơn,Trật tự đô thị,Thường,Xe tải trọng lớn chạy vào đường nội bộ Xã Thanh Sơn ngoài giờ quy định,10,6,1,3
PA03844,2026-12-03,Tổng đài 1022,DV12,Xã Hương Trà,Chiếu sáng công cộng,Khẩn,"Ba cột đèn đường ở Xã Hương Trà cháy bóng, ban đêm tối om rất mất an toàn",5,21,0,
PA03845,2026-12-04,Tổng đài 1022,DV02,Phường Tân Hoà,Khác,Thường,Góp ý Phường Tân Hoà mở thêm khung giờ tiếp dân vào buổi chiều thứ bảy,10,4,1,
PA03846,2026-12-04,Cổng dịch vụ công,DV02,Phường Tân Hoà,Hạ tầng giao thông,Thường,"Cầu nhỏ bắc qua kênh ở Phường Tân Hoà mục lan can, trẻ em đi học qua rất lo",10,10,1,
PA03847,2026-12-04,Văn bản giấy,DV02,Phường Tân Hoà,Hạ tầng giao thông,Thường,Nắp cống trên tuyến đường liên xã qua Phường Tân Hoà bị vỡ đã hai tuần chưa ai sửa,10,7,1,
PA03848,2026-12-04,Tổng đài 1022,DV10,Xã Thanh Sơn,Trật tự đô thị,Thường,Hàng quán lấn chiếm vỉa hè trước cổng trường tiểu học ở Xã Thanh Sơn giờ tan học,10,9,1,5
PA03849,2026-12-04,Tiếp công dân,DV11,Xã Mỹ Khánh,Hạ tầng giao thông,Thường,Nắp cống trên tuyến đường liên xã qua Xã Mỹ Khánh bị vỡ đã hai tuần chưa ai sửa,10,5,1,
PA03850,2026-12-04,Tổng đài 1022,DV11,Xã Mỹ Khánh,Vệ sinh môi trường,Thường,"Kênh chạy qua Xã Mỹ Khánh nổi váng đen, nghi có cơ sở xả thải ban đêm",10,3,1,
PA03851,2026-12-04,Cổng dịch vụ công,DV11,Xã Mỹ Khánh,Vệ sinh môi trường,Rất khẩn,"Rác tồn đọng ở điểm tập kết gần chợ Xã Mỹ Khánh ba ngày chưa thu gom, mùi rất nặng",2,2,1,
PA03852,2026-12-04,Tổng đài 1022,DV12,Xã Hương Trà,Trật tự đô thị,Thường,Bãi giữ xe tự phát ở Xã Hương Trà chắn lối đi chung của khu dân cư,10,10,1,
PA03853,2026-12-05,Cổng dịch vụ công,DV02,Phường Tân Hoà,Vệ sinh môi trường,Thường,"Xe thu gom rác ở Phường Tân Hoà đổi giờ mà không báo, dân để rác ra đường cả buổi",10,10,1,4
PA03854,2026-12-05,Tổng đài 1022,DV02,Phường Tân Hoà,Hạ tầng giao thông,Thường,"Đoạn đường trước Phường Tân Hoà xuống cấp, nhiều ổ gà, xe máy tránh nhau rất nguy hiểm",10,5,1,3
PA03855,2026-12-05,Ứng dụng di động,DV02,Phường Tân Hoà,Chiếu sáng công cộng,Thường,"Đèn chiếu sáng khu vực Phường Tân Hoà bật cả ban ngày, rất lãng phí điện",10,12,0,
PA03856,2026-12-05,Tổng đài 1022,DV02,Phường Tân Hoà,Hạ tầng giao thông,Thường,"Đoạn đường trước Phường Tân Hoà xuống cấp, nhiều ổ gà, xe máy tránh nhau rất nguy hiểm",10,13,0,
PA03857,2026-12-05,Cổng dịch vụ công,DV03,Phường Đông Giang,Hạ tầng giao thông,Thường,"Mặt đường Phường Đông Giang sau khi đào lắp ống nước hoàn trả không phẳng, đi rất xóc",10,9,1,3
PA03858,2026-12-05,Tổng đài 1022,DV03,Phường Đông Giang,Cấp thoát nước,Thường,"Mưa là ngập cả tuyến ở Phường Đông Giang, cống thoát nghẹt không rút được",10,9,1,5
PA03859,2026-12-05,Cổng dịch vụ công,DV06,Xã Long Thành,Thủ tục hành chính,Thường,Nộp hồ sơ chứng thực tại Xã Long Thành hẹn 3 ngày nhưng quá 8 ngày chưa có kết quả,10,4,1,
PA03860,2026-12-05,Cổng dịch vụ công,DV08,Xã Vĩnh Lộc,Trật tự đô thị,Thường,"Có công trình ở Xã Vĩnh Lộc thi công sau 22 giờ gây ồn, đề nghị kiểm tra giấy phép",10,12,0,
PA03861,2026-12-06,Ứng dụng di động,DV02,Phường Tân Hoà,Chiếu sáng công cộng,Thường,"Ba cột đèn đường ở Phường Tân Hoà cháy bóng, ban đêm tối om rất mất an toàn",10,17,0,2
PA03862,2026-12-06,Ứng dụng di động,DV02,Phường Tân Hoà,Trật tự đô thị,Thường,Hàng quán lấn chiếm vỉa hè trước cổng trường tiểu học ở Phường Tân Hoà giờ tan học,10,8,1,4
PA03863,2026-12-06,Ứng dụng di động,DV03,Phường Đông Giang,Vệ sinh môi trường,Thường,"Xe thu gom rác ở Phường Đông Giang đổi giờ mà không báo, dân để rác ra đường cả buổi",10,10,1,5
PA03864,2026-12-06,Cổng dịch vụ công,DV04,Phường Nam Phong,Trật tự đô thị,Thường,Bãi giữ xe tự phát ở Phường Nam Phong chắn lối đi chung của khu dân cư,10,11,0,
PA03865,2026-12-06,Ứng dụng di động,DV04,Phường Nam Phong,Vệ sinh môi trường,Thường,"Kênh chạy qua Phường Nam Phong nổi váng đen, nghi có cơ sở xả thải ban đêm",10,5,1,4
PA03866,2026-12-06,Tổng đài 1022,DV04,Phường Nam Phong,Chiếu sáng công cộng,Thường,"Ba cột đèn đường ở Phường Nam Phong cháy bóng, ban đêm tối om rất mất an toàn",10,8,1,
PA03867,2026-12-06,Tổng đài 1022,DV06,Xã Long Thành,An sinh xã hội,Thường,"Hộ cận nghèo ở Xã Long Thành chưa nhận được hỗ trợ đợt này, đề nghị rà soát",10,10,1,
PA03868,2026-12-06,Ứng dụng di động,DV08,Xã Vĩnh Lộc,Cấp thoát nước,Thường,"Nước máy ở Xã Vĩnh Lộc mấy hôm nay có mùi lạ, đề nghị kiểm tra chất lượng",10,9,1,
PA03869,2026-12-06,Tổng đài 1022,DV11,Xã Mỹ Khánh,Hạ tầng giao thông,Thường,"Đoạn đường trước Xã Mỹ Khánh xuống cấp, nhiều ổ gà, xe máy tránh nhau rất nguy hiểm",10,4,1,4
PA03870,2026-12-06,Cổng dịch vụ công,DV12,Xã Hương Trà,Chiếu sáng công cộng,Thường,"Ngõ vào cụm dân cư Xã Hương Trà chưa có đèn chiếu sáng, đã kiến nghị hai lần",10,10,1,5
PA03871,2026-12-07,Tổng đài 1022,DV01,Phường Hoà Thuận,An sinh xã hội,Thường,"Hộ cận nghèo ở Phường Hoà Thuận chưa nhận được hỗ trợ đợt này, đề nghị rà soát",10,11,0,
PA03872,2026-12-07,Tổng đài 1022,DV01,Phường Hoà Thuận,An sinh xã hội,Thường,"Danh sách nhận hỗ trợ ở Phường Hoà Thuận niêm yết thiếu tên, đề nghị kiểm tra lại",10,9,1,5
PA03873,2026-12-07,Ứng dụng di động,DV02,Phường Tân Hoà,Hạ tầng giao thông,Thường,"Cầu nhỏ bắc qua kênh ở Phường Tân Hoà mục lan can, trẻ em đi học qua rất lo",10,11,0,3
PA03874,2026-12-07,Tổng đài 1022,DV02,Phường Tân Hoà,Hạ tầng giao thông,Rất khẩn,"Đoạn đường trước Phường Tân Hoà xuống cấp, nhiều ổ gà, xe máy tránh nhau rất nguy hiểm",2,1,1,
PA03875,2026-12-07,Văn bản giấy,DV04,Phường Nam Phong,Cấp thoát nước,Thường,"Nước máy ở Phường Nam Phong mấy hôm nay có mùi lạ, đề nghị kiểm tra chất lượng",10,12,0,
PA03876,2026-12-07,Tổng đài 1022,DV04,Phường Nam Phong,Trật tự đô thị,Thường,Hàng quán lấn chiếm vỉa hè trước cổng trường tiểu học ở Phường Nam Phong giờ tan học,10,1,1,
PA03877,2026-12-07,Cổng dịch vụ công,DV06,Xã Long Thành,Cấp thoát nước,Rất khẩn,"Mưa là ngập cả tuyến ở Xã Long Thành, cống thoát nghẹt không rút được",2,3,0,
PA03878,2026-12-07,Tổng đài 1022,DV06,Xã Long Thành,Cấp thoát nước,Khẩn,"Nước máy ở Xã Long Thành mấy hôm nay có mùi lạ, đề nghị kiểm tra chất lượng",5,4,1,
PA03879,2026-12-07,Văn bản giấy,DV07,Xã Phú Điền,Chiếu sáng công cộng,Thường,"Ngõ vào cụm dân cư Xã Phú Điền chưa có đèn chiếu sáng, đã kiến nghị hai lần",10,9,1,4
PA03880,2026-12-07,Tiếp công dân,DV09,Xã An Cư,Thủ tục hành chính,Thường,Đã nộp trực tuyến nhưng Xã An Cư vẫn yêu cầu nộp thêm bản giấy,10,16,0,
PA03881,2026-12-07,Tổng đài 1022,DV12,Xã Hương Trà,Vệ sinh môi trường,Thường,"Kênh chạy qua Xã Hương Trà nổi váng đen, nghi có cơ sở xả thải ban đêm",10,7,1,
PA03882,2026-12-08,Cổng dịch vụ công,DV02,Phường Tân Hoà,Thủ tục hành chính,Thường,Đã nộp trực tuyến nhưng Phường Tân Hoà vẫn yêu cầu nộp thêm bản giấy,10,14,0,
PA03883,2026-12-08,Cổng dịch vụ công,DV03,Phường Đông Giang,Vệ sinh môi trường,Thường,"Kênh chạy qua Phường Đông Giang nổi váng đen, nghi có cơ sở xả thải ban đêm",10,7,1,3
PA03884,2026-12-08,Ứng dụng di động,DV03,Phường Đông Giang,Cấp thoát nước,Thường,"Mưa là ngập cả tuyến ở Phường Đông Giang, cống thoát nghẹt không rút được",10,8,1,
PA03885,2026-12-08,Tiếp công dân,DV06,Xã Long Thành,Hạ tầng giao thông,Khẩn,"Đoạn đường trước Xã Long Thành xuống cấp, nhiều ổ gà, xe máy tránh nhau rất nguy hiểm",5,3,1,3
PA03886,2026-12-08,Ứng dụng di động,DV08,Xã Vĩnh Lộc,Hạ tầng giao thông,Thường,Nắp cống trên tuyến đường liên xã qua Xã Vĩnh Lộc bị vỡ đã hai tuần chưa ai sửa,10,8,1,
PA03887,2026-12-08,Tổng đài 1022,DV12,Xã Hương Trà,Thủ tục hành chính,Thường,"Cổng dịch vụ công báo lỗi khi tải giấy tờ lên, gọi Xã Hương Trà không ai nghe máy",10,74,0,2
PA03888,2026-12-09,Tổng đài 1022,DV01,Phường Hoà Thuận,Trật tự đô thị,Thường,Xe tải trọng lớn chạy vào đường nội bộ Phường Hoà Thuận ngoài giờ quy định,10,10,1,
PA03889,2026-12-09,Tổng đài 1022,DV02,Phường Tân Hoà,Vệ sinh môi trường,Thường,"Rác tồn đọng ở điểm tập kết gần chợ Phường Tân Hoà ba ngày chưa thu gom, mùi rất nặng",10,11,0,
PA03890,2026-12-09,Văn bản giấy,DV02,Phường Tân Hoà,Hạ tầng giao thông,Thường,"Cầu nhỏ bắc qua kênh ở Phường Tân Hoà mục lan can, trẻ em đi học qua rất lo",10,4,1,3
PA03891,2026-12-09,Ứng dụng di động,DV03,Phường Đông Giang,Chiếu sáng công cộng,Thường,"Ngõ vào cụm dân cư Phường Đông Giang chưa có đèn chiếu sáng, đã kiến nghị hai lần",10,11,0,5
PA03892,2026-12-09,Tổng đài 1022,DV03,Phường Đông Giang,Thủ tục hành chính,Thường,"Cổng dịch vụ công báo lỗi khi tải giấy tờ lên, gọi Phường Đông Giang không ai nghe máy",10,9,1,
PA03893,2026-12-09,Cổng dịch vụ công,DV03,Phường Đông Giang,Chiếu sáng công cộng,Thường,"Ba cột đèn đường ở Phường Đông Giang cháy bóng, ban đêm tối om rất mất an toàn",10,4,1,4
PA03894,2026-12-09,Cổng dịch vụ công,DV04,Phường Nam Phong,Hạ tầng giao thông,Rất khẩn,Nắp cống trên tuyến đường liên xã qua Phường Nam Phong bị vỡ đã hai tuần chưa ai sửa,2,1,1,5
PA03895,2026-12-09,Tổng đài 1022,DV05,Xã Bình An,Hạ tầng giao thông,Khẩn,Nắp cống trên tuyến đường liên xã qua Xã Bình An bị vỡ đã hai tuần chưa ai sửa,5,6,0,3
PA03896,2026-12-09,Tổng đài 1022,DV05,Xã Bình An,Vệ sinh môi trường,Thường,"Rác tồn đọng ở điểm tập kết gần chợ Xã Bình An ba ngày chưa thu gom, mùi rất nặng",10,9,1,
PA03897,2026-12-09,Tiếp công dân,DV05,Xã Bình An,Trật tự đô thị,Thường,Hàng quán lấn chiếm vỉa hè trước cổng trường tiểu học ở Xã Bình An giờ tan học,10,4,1,
PA03898,2026-12-09,Cổng dịch vụ công,DV05,Xã Bình An,Vệ sinh môi trường,Thường,"Xe thu gom rác ở Xã Bình An đổi giờ mà không báo, dân để rác ra đường cả buổi",10,13,0,
PA03899,2026-12-09,Cổng dịch vụ công,DV05,Xã Bình An,Cấp thoát nước,Thường,"Mưa là ngập cả tuyến ở Xã Bình An, cống thoát nghẹt không rút được",10,13,0,
PA03900,2026-12-09,Ứng dụng di động,DV07,Xã Phú Điền,Hạ tầng giao thông,Thường,Nắp cống trên tuyến đường liên xã qua Xã Phú Điền bị vỡ đã hai tuần chưa ai sửa,10,8,1,
PA03901,2026-12-09,Cổng dịch vụ công,DV08,Xã Vĩnh Lộc,Vệ sinh môi trường,Thường,"Có hộ đổ trộm xà bần ra bãi đất trống ở Xã Vĩnh Lộc, đề nghị kiểm tra",10,7,1,
PA03902,2026-12-09,Ứng dụng di động,DV11,Xã Mỹ Khánh,Hạ tầng giao thông,Thường,"Mặt đường Xã Mỹ Khánh sau khi đào lắp ống nước hoàn trả không phẳng, đi rất xóc",10,5,1,
PA03903,2026-12-09,Cổng dịch vụ công,DV12,Xã Hương Trà,Hạ tầng giao thông,Thường,"Đoạn đường trước Xã Hương Trà xuống cấp, nhiều ổ gà, xe máy tránh nhau rất nguy hiểm",10,6,1,5
PA03904,2026-12-10,Văn bản giấy,DV01,Phường Hoà Thuận,Vệ sinh môi trường,Thường,"Kênh chạy qua Phường Hoà Thuận nổi váng đen, nghi có cơ sở xả thải ban đêm",10,11,0,2
PA03905,2026-12-10,Tổng đài 1022,DV01,Phường Hoà Thuận,Vệ sinh môi trường,Thường,"Có hộ đổ trộm xà bần ra bãi đất trống ở Phường Hoà Thuận, đề nghị kiểm tra",10,4,1,
PA03906,2026-12-10,Ứng dụng di động,DV02,Phường Tân Hoà,Cấp thoát nước,Thường,"Khu dân cư Phường Tân Hoà mất nước từ sáng đến chiều, không thấy thông báo trước",10,3,1,
PA03907,2026-12-10,Văn bản giấy,DV02,Phường Tân Hoà,Hạ tầng giao thông,Thường,Nắp cống trên tuyến đường liên xã qua Phường Tân Hoà bị vỡ đã hai tuần chưa ai sửa,10,4,1,5
PA03908,2026-12-10,Cổng dịch vụ công,DV02,Phường Tân Hoà,Thủ tục hành chính,Thường,Đã nộp trực tuyến nhưng Phường Tân Hoà vẫn yêu cầu nộp thêm bản giấy,10,2,1,
PA03909,2026-12-10,Tiếp công dân,DV02,Phường Tân Hoà,Cấp thoát nước,Thường,"Khu dân cư Phường Tân Hoà mất nước từ sáng đến chiều, không thấy thông báo trước",10,10,1,4
PA03910,2026-12-10,Cổng dịch vụ công,DV05,Xã Bình An,Hạ tầng giao thông,Thường,Nắp cống trên tuyến đường liên xã qua Xã Bình An bị vỡ đã hai tuần chưa ai sửa,10,13,0,
PA03911,2026-12-10,Văn bản giấy,DV07,Xã Phú Điền,Hạ tầng giao thông,Thường,"Cầu nhỏ bắc qua kênh ở Xã Phú Điền mục lan can, trẻ em đi học qua rất lo",10,10,1,4
PA03912,2026-12-10,Cổng dịch vụ công,DV11,Xã Mỹ Khánh,Chiếu sáng công cộng,Thường,"Đèn chiếu sáng khu vực Xã Mỹ Khánh bật cả ban ngày, rất lãng phí điện",10,6,1,
PA03913,2026-12-11,Văn bản giấy,DV01,Phường Hoà Thuận,Vệ sinh môi trường,Rất khẩn,"Xe thu gom rác ở Phường Hoà Thuận đổi giờ mà không báo, dân để rác ra đường cả buổi",2,1,1,4
PA03914,2026-12-11,Cổng dịch vụ công,DV01,Phường Hoà Thuận,Hạ tầng giao thông,Thường,"Đoạn đường trước Phường Hoà Thuận xuống cấp, nhiều ổ gà, xe máy tránh nhau rất nguy hiểm",10,12,0,3
PA03915,2026-12-11,Cổng dịch vụ công,DV01,Phường Hoà Thuận,Trật tự đô thị,Thường,Hàng quán lấn chiếm vỉa hè trước cổng trường tiểu học ở Phường Hoà Thuận giờ tan học,10,6,1,
PA03916,2026-12-11,Tổng đài 1022,DV02,Phường Tân Hoà,Hạ tầng giao thông,Thường,"Đoạn đường trước Phường Tân Hoà xuống cấp, nhiều ổ gà, xe máy tránh nhau rất nguy hiểm",10,2,1,
PA03917,2026-12-11,Cổng dịch vụ công,DV02,Phường Tân Hoà,Trật tự đô thị,Thường,Hàng quán lấn chiếm vỉa hè trước cổng trường tiểu học ở Phường Tân Hoà giờ tan học,10,7,1,5
PA03918,2026-12-11,Ứng dụng di động,DV02,Phường Tân Hoà,Thủ tục hành chính,Thường,Cán bộ một cửa Phường Tân Hoà yêu cầu giấy tờ ngoài danh mục niêm yết,10,9,1,5
PA03919,2026-12-11,Tổng đài 1022,DV02,Phường Tân Hoà,Vệ sinh môi trường,Thường,"Xe thu gom rác ở Phường Tân Hoà đổi giờ mà không báo, dân để rác ra đường cả buổi",10,8,1,4
PA03920,2026-12-11,Tổng đài 1022,DV03,Phường Đông Giang,Thủ tục hành chính,Thường,Nộp hồ sơ chứng thực tại Phường Đông Giang hẹn 3 ngày nhưng quá 8 ngày chưa có kết quả,10,14,0,
PA03921,2026-12-11,Cổng dịch vụ công,DV03,Phường Đông Giang,Thủ tục hành chính,Thường,Nộp hồ sơ chứng thực tại Phường Đông Giang hẹn 3 ngày nhưng quá 8 ngày chưa có kết quả,10,5,1,
PA03922,2026-12-11,Tổng đài 1022,DV04,Phường Nam Phong,Vệ sinh môi trường,Khẩn,"Rác tồn đọng ở điểm tập kết gần chợ Phường Nam Phong ba ngày chưa thu gom, mùi rất nặng",5,6,0,
PA03923,2026-12-11,Cổng dịch vụ công,DV06,Xã Long Thành,Hạ tầng giao thông,Thường,"Đoạn đường trước Xã Long Thành xuống cấp, nhiều ổ gà, xe máy tránh nhau rất nguy hiểm",10,9,1,
PA03924,2026-12-11,Tổng đài 1022,DV06,Xã Long Thành,Khác,Thường,Đề nghị Xã Long Thành thông tin rõ kế hoạch chỉnh trang khu dân cư năm tới,10,9,1,
PA03925,2026-12-11,Ứng dụng di động,DV07,Xã Phú Điền,Thủ tục hành chính,Thường,"Cổng dịch vụ công báo lỗi khi tải giấy tờ lên, gọi Xã Phú Điền không ai nghe máy",10,8,1,4
PA03926,2026-12-11,Cổng dịch vụ công,DV11,Xã Mỹ Khánh,Cấp thoát nước,Khẩn,"Mưa là ngập cả tuyến ở Xã Mỹ Khánh, cống thoát nghẹt không rút được",5,6,0,
PA03927,2026-12-12,Cổng dịch vụ công,DV01,Phường Hoà Thuận,Hạ tầng giao thông,Thường,Nắp cống trên tuyến đường liên xã qua Phường Hoà Thuận bị vỡ đã hai tuần chưa ai sửa,10,10,1,
PA03928,2026-12-12,Ứng dụng di động,DV01,Phường Hoà Thuận,Trật tự đô thị,Khẩn,"Có công trình ở Phường Hoà Thuận thi công sau 22 giờ gây ồn, đề nghị kiểm tra giấy phép",5,4,1,
PA03929,2026-12-12,Tổng đài 1022,DV03,Phường Đông Giang,Cấp thoát nước,Thường,"Khu dân cư Phường Đông Giang mất nước từ sáng đến chiều, không thấy thông báo trước",10,12,0,
PA03930,2026-12-12,Tổng đài 1022,DV04,Phường Nam Phong,An sinh xã hội,Thường,Người cao tuổi ở Phường Nam Phong chưa được hướng dẫn làm thủ tục trợ cấp,10,6,1,
PA03931,2026-12-12,Tiếp công dân,DV04,Phường Nam Phong,Vệ sinh môi trường,Thường,"Rác tồn đọng ở điểm tập kết gần chợ Phường Nam Phong ba ngày chưa thu gom, mùi rất nặng",10,14,0,3
PA03932,2026-12-12,Văn bản giấy,DV04,Phường Nam Phong,Khác,Thường,"Loa phát thanh ở Phường Nam Phong phát quá sớm, ảnh hưởng người già và trẻ nhỏ",10,12,0,
PA03933,2026-12-12,Tổng đài 1022,DV05,Xã Bình An,Hạ tầng giao thông,Thường,"Cầu nhỏ bắc qua kênh ở Xã Bình An mục lan can, trẻ em đi học qua rất lo",10,4,1,2
PA03934,2026-12-12,Cổng dịch vụ công,DV05,Xã Bình An,Thủ tục hành chính,Thường,"Cổng dịch vụ công báo lỗi khi tải giấy tờ lên, gọi Xã Bình An không ai nghe máy",10,13,0,3
PA03935,2026-12-12,Văn bản giấy,DV09,Xã An Cư,Chiếu sáng công cộng,Thường,"Ngõ vào cụm dân cư Xã An Cư chưa có đèn chiếu sáng, đã kiến nghị hai lần",10,6,1,
PA03936,2026-12-12,Cổng dịch vụ công,DV10,Xã Thanh Sơn,Trật tự đô thị,Thường,Bãi giữ xe tự phát ở Xã Thanh Sơn chắn lối đi chung của khu dân cư,10,8,1,
PA03937,2026-12-12,Cổng dịch vụ công,DV11,Xã Mỹ Khánh,Thủ tục hành chính,Thường,Đã nộp trực tuyến nhưng Xã Mỹ Khánh vẫn yêu cầu nộp thêm bản giấy,10,26,0,
PA03938,2026-12-12,Tổng đài 1022,DV12,Xã Hương Trà,Vệ sinh môi trường,Thường,"Rác tồn đọng ở điểm tập kết gần chợ Xã Hương Trà ba ngày chưa thu gom, mùi rất nặng",10,5,1,
PA03939,2026-12-13,Cổng dịch vụ công,DV01,Phường Hoà Thuận,Trật tự đô thị,Khẩn,Hàng quán lấn chiếm vỉa hè trước cổng trường tiểu học ở Phường Hoà Thuận giờ tan học,5,1,1,
PA03940,2026-12-13,Văn bản giấy,DV02,Phường Tân Hoà,Cấp thoát nước,Thường,"Ống nước trước nhà văn hoá Phường Tân Hoà rò rỉ, nước chảy ra đường suốt ngày",10,3,1,5
PA03941,2026-12-13,Văn bản giấy,DV02,Phường Tân Hoà,Chiếu sáng công cộng,Khẩn,"Ba cột đèn đường ở Phường Tân Hoà cháy bóng, ban đêm tối om rất mất an toàn",5,4,1,
PA03942,2026-12-13,Ứng dụng di động,DV02,Phường Tân Hoà,Thủ tục hành chính,Thường,Cán bộ một cửa Phường Tân Hoà yêu cầu giấy tờ ngoài danh mục niêm yết,10,15,0,3
PA03943,2026-12-13,Ứng dụng di động,DV04,Phường Nam Phong,Vệ sinh môi trường,Khẩn,"Rác tồn đọng ở điểm tập kết gần chợ Phường Nam Phong ba ngày chưa thu gom, mùi rất nặng",5,5,1,
PA03944,2026-12-13,Cổng dịch vụ công,DV04,Phường Nam Phong,Hạ tầng giao thông,Thường,"Cầu nhỏ bắc qua kênh ở Phường Nam Phong mục lan can, trẻ em đi học qua rất lo",10,3,1,5
PA03945,2026-12-13,Cổng dịch vụ công,DV04,Phường Nam Phong,Thủ tục hành chính,Thường,"Cổng dịch vụ công báo lỗi khi tải giấy tờ lên, gọi Phường Nam Phong không ai nghe máy",10,10,1,
PA03946,2026-12-13,Tổng đài 1022,DV05,Xã Bình An,Hạ tầng giao thông,Thường,"Cầu nhỏ bắc qua kênh ở Xã Bình An mục lan can, trẻ em đi học qua rất lo",10,11,0,
PA03947,2026-12-14,Ứng dụng di động,DV01,Phường Hoà Thuận,Trật tự đô thị,Thường,"Có công trình ở Phường Hoà Thuận thi công sau 22 giờ gây ồn, đề nghị kiểm tra giấy phép",10,13,0,
PA03948,2026-12-14,Cổng dịch vụ công,DV02,Phường Tân Hoà,Chiếu sáng công cộng,Thường,"Ngõ vào cụm dân cư Phường Tân Hoà chưa có đèn chiếu sáng, đã kiến nghị hai lần",10,6,1,5
PA03949,2026-12-14,Tiếp công dân,DV03,Phường Đông Giang,Khác,Thường,"Loa phát thanh ở Phường Đông Giang phát quá sớm, ảnh hưởng người già và trẻ nhỏ",10,7,1,
PA03950,2026-12-14,Tổng đài 1022,DV04,Phường Nam Phong,Thủ tục hành chính,Thường,Cán bộ một cửa Phường Nam Phong yêu cầu giấy tờ ngoài danh mục niêm yết,10,7,1,5
PA03951,2026-12-14,Văn bản giấy,DV04,Phường Nam Phong,Thủ tục hành chính,Thường,"Cổng dịch vụ công báo lỗi khi tải giấy tờ lên, gọi Phường Nam Phong không ai nghe máy",10,4,1,
PA03952,2026-12-14,Cổng dịch vụ công,DV04,Phường Nam Phong,An sinh xã hội,Thường,"Hộ cận nghèo ở Phường Nam Phong chưa nhận được hỗ trợ đợt này, đề nghị rà soát",10,6,1,
PA03953,2026-12-14,Văn bản giấy,DV04,Phường Nam Phong,Chiếu sáng công cộng,Khẩn,"Đèn chiếu sáng khu vực Phường Nam Phong bật cả ban ngày, rất lãng phí điện",5,3,1,
PA03954,2026-12-14,Cổng dịch vụ công,DV05,Xã Bình An,Hạ tầng giao thông,Thường,"Cầu nhỏ bắc qua kênh ở Xã Bình An mục lan can, trẻ em đi học qua rất lo",10,10,1,
PA03955,2026-12-14,Tổng đài 1022,DV06,Xã Long Thành,Hạ tầng giao thông,Thường,"Mặt đường Xã Long Thành sau khi đào lắp ống nước hoàn trả không phẳng, đi rất xóc",10,7,1,
PA03956,2026-12-14,Cổng dịch vụ công,DV08,Xã Vĩnh Lộc,Vệ sinh môi trường,Khẩn,"Xe thu gom rác ở Xã Vĩnh Lộc đổi giờ mà không báo, dân để rác ra đường cả buổi",5,6,0,2
PA03957,2026-12-14,Văn bản giấy,DV09,Xã An Cư,Trật tự đô thị,Thường,Xe tải trọng lớn chạy vào đường nội bộ Xã An Cư ngoài giờ quy định,10,10,1,4
PA03958,2026-12-14,Văn bản giấy,DV09,Xã An Cư,Hạ tầng giao thông,Khẩn,"Đoạn đường trước Xã An Cư xuống cấp, nhiều ổ gà, xe máy tránh nhau rất nguy hiểm",5,4,1,
PA03959,2026-12-14,Tổng đài 1022,DV09,Xã An Cư,Trật tự đô thị,Thường,Bãi giữ xe tự phát ở Xã An Cư chắn lối đi chung của khu dân cư,10,16,0,3
PA03960,2026-12-14,Cổng dịch vụ công,DV11,Xã Mỹ Khánh,Vệ sinh môi trường,Thường,"Có hộ đổ trộm xà bần ra bãi đất trống ở Xã Mỹ Khánh, đề nghị kiểm tra",10,7,1,4
PA03961,2026-12-15,Cổng dịch vụ công,DV02,Phường Tân Hoà,Khác,Thường,Đề nghị Phường Tân Hoà thông tin rõ kế hoạch chỉnh trang khu dân cư năm tới,10,1,1,
PA03962,2026-12-15,Văn bản giấy,DV02,Phường Tân Hoà,Hạ tầng giao thông,Khẩn,"Đoạn đường trước Phường Tân Hoà xuống cấp, nhiều ổ gà, xe máy tránh nhau rất nguy hiểm",5,2,1,5
PA03963,2026-12-15,Ứng dụng di động,DV02,Phường Tân Hoà,Trật tự đô thị,Thường,Bãi giữ xe tự phát ở Phường Tân Hoà chắn lối đi chung của khu dân cư,10,6,1,5
PA03964,2026-12-15,Tổng đài 1022,DV02,Phường Tân Hoà,Hạ tầng giao thông,Thường,"Cầu nhỏ bắc qua kênh ở Phường Tân Hoà mục lan can, trẻ em đi học qua rất lo",10,12,0,4
PA03965,2026-12-15,Ứng dụng di động,DV03,Phường Đông Giang,Thủ tục hành chính,Thường,Đã nộp trực tuyến nhưng Phường Đông Giang vẫn yêu cầu nộp thêm bản giấy,10,6,1,
PA03966,2026-12-15,Cổng dịch vụ công,DV06,Xã Long Thành,Trật tự đô thị,Thường,Xe tải trọng lớn chạy vào đường nội bộ Xã Long Thành ngoài giờ quy định,10,11,0,
PA03967,2026-12-15,Tổng đài 1022,DV08,Xã Vĩnh Lộc,Hạ tầng giao thông,Thường,"Cầu nhỏ bắc qua kênh ở Xã Vĩnh Lộc mục lan can, trẻ em đi học qua rất lo",10,12,0,
PA03968,2026-12-15,Cổng dịch vụ công,DV12,Xã Hương Trà,Vệ sinh môi trường,Khẩn,"Có hộ đổ trộm xà bần ra bãi đất trống ở Xã Hương Trà, đề nghị kiểm tra",5,4,1,4
PA03969,2026-12-16,Tiếp công dân,DV01,Phường Hoà Thuận,Hạ tầng giao thông,Khẩn,"Cầu nhỏ bắc qua kênh ở Phường Hoà Thuận mục lan can, trẻ em đi học qua rất lo",5,3,1,
PA03970,2026-12-16,Tổng đài 1022,DV02,Phường Tân Hoà,Hạ tầng giao thông,Thường,"Đoạn đường trước Phường Tân Hoà xuống cấp, nhiều ổ gà, xe máy tránh nhau rất nguy hiểm",10,1,1,4
PA03971,2026-12-16,Tổng đài 1022,DV02,Phường Tân Hoà,Trật tự đô thị,Thường,Xe tải trọng lớn chạy vào đường nội bộ Phường Tân Hoà ngoài giờ quy định,10,12,0,3
PA03972,2026-12-16,Tiếp công dân,DV02,Phường Tân Hoà,Thủ tục hành chính,Thường,Nộp hồ sơ chứng thực tại Phường Tân Hoà hẹn 3 ngày nhưng quá 8 ngày chưa có kết quả,10,10,1,
PA03973,2026-12-16,Tổng đài 1022,DV03,Phường Đông Giang,Trật tự đô thị,Thường,"Có công trình ở Phường Đông Giang thi công sau 22 giờ gây ồn, đề nghị kiểm tra giấy phép",10,2,1,
PA03974,2026-12-16,Văn bản giấy,DV03,Phường Đông Giang,Cấp thoát nước,Thường,"Ống nước trước nhà văn hoá Phường Đông Giang rò rỉ, nước chảy ra đường suốt ngày",10,3,1,5
PA03975,2026-12-16,Ứng dụng di động,DV04,Phường Nam Phong,Thủ tục hành chính,Thường,Đã nộp trực tuyến nhưng Phường Nam Phong vẫn yêu cầu nộp thêm bản giấy,10,7,1,5
PA03976,2026-12-16,Tổng đài 1022,DV04,Phường Nam Phong,Trật tự đô thị,Thường,Hàng quán lấn chiếm vỉa hè trước cổng trường tiểu học ở Phường Nam Phong giờ tan học,10,6,1,5
PA03977,2026-12-16,Văn bản giấy,DV05,Xã Bình An,Vệ sinh môi trường,Thường,"Có hộ đổ trộm xà bần ra bãi đất trống ở Xã Bình An, đề nghị kiểm tra",10,8,1,3
PA03978,2026-12-16,Văn bản giấy,DV08,Xã Vĩnh Lộc,Thủ tục hành chính,Rất khẩn,Đã nộp trực tuyến nhưng Xã Vĩnh Lộc vẫn yêu cầu nộp thêm bản giấy,2,3,0,
PA03979,2026-12-16,Cổng dịch vụ công,DV11,Xã Mỹ Khánh,Vệ sinh môi trường,Thường,"Kênh chạy qua Xã Mỹ Khánh nổi váng đen, nghi có cơ sở xả thải ban đêm",10,15,0,
PA03980,2026-12-17,Văn bản giấy,DV01,Phường Hoà Thuận,Hạ tầng giao thông,Rất khẩn,"Cầu nhỏ bắc qua kênh ở Phường Hoà Thuận mục lan can, trẻ em đi học qua rất lo",2,1,1,
PA03981,2026-12-17,Ứng dụng di động,DV01,Phường Hoà Thuận,Hạ tầng giao thông,Thường,"Đoạn đường trước Phường Hoà Thuận xuống cấp, nhiều ổ gà, xe máy tránh nhau rất nguy hiểm",10,11,0,
PA03982,2026-12-17,Tổng đài 1022,DV01,Phường Hoà Thuận,Thủ tục hành chính,Thường,Cán bộ một cửa Phường Hoà Thuận yêu cầu giấy tờ ngoài danh mục niêm yết,10,3,1,
PA03983,2026-12-17,Cổng dịch vụ công,DV01,Phường Hoà Thuận,Hạ tầng giao thông,Thường,"Mặt đường Phường Hoà Thuận sau khi đào lắp ống nước hoàn trả không phẳng, đi rất xóc",10,8,1,
PA03984,2026-12-17,Tổng đài 1022,DV02,Phường Tân Hoà,Hạ tầng giao thông,Thường,"Cầu nhỏ bắc qua kênh ở Phường Tân Hoà mục lan can, trẻ em đi học qua rất lo",10,7,1,
PA03985,2026-12-17,Tổng đài 1022,DV02,Phường Tân Hoà,Trật tự đô thị,Thường,Hàng quán lấn chiếm vỉa hè trước cổng trường tiểu học ở Phường Tân Hoà giờ tan học,10,5,1,
PA03986,2026-12-17,Tổng đài 1022,DV02,Phường Tân Hoà,Hạ tầng giao thông,Thường,Nắp cống trên tuyến đường liên xã qua Phường Tân Hoà bị vỡ đã hai tuần chưa ai sửa,10,1,1,
PA03987,2026-12-17,Tổng đài 1022,DV02,Phường Tân Hoà,Hạ tầng giao thông,Thường,"Đoạn đường trước Phường Tân Hoà xuống cấp, nhiều ổ gà, xe máy tránh nhau rất nguy hiểm",10,2,1,
PA03988,2026-12-17,Cổng dịch vụ công,DV02,Phường Tân Hoà,Hạ tầng giao thông,Khẩn,Nắp cống trên tuyến đường liên xã qua Phường Tân Hoà bị vỡ đã hai tuần chưa ai sửa,5,1,1,
PA03989,2026-12-17,Tiếp công dân,DV04,Phường Nam Phong,Chiếu sáng công cộng,Thường,"Đèn chiếu sáng khu vực Phường Nam Phong bật cả ban ngày, rất lãng phí điện",10,6,1,
PA03990,2026-12-17,Cổng dịch vụ công,DV04,Phường Nam Phong,Hạ tầng giao thông,Thường,"Đoạn đường trước Phường Nam Phong xuống cấp, nhiều ổ gà, xe máy tránh nhau rất nguy hiểm",10,5,1,
PA03991,2026-12-17,Tổng đài 1022,DV04,Phường Nam Phong,Khác,Thường,Đề nghị Phường Nam Phong thông tin rõ kế hoạch chỉnh trang khu dân cư năm tới,10,13,0,3
PA03992,2026-12-17,Cổng dịch vụ công,DV04,Phường Nam Phong,Trật tự đô thị,Thường,Bãi giữ xe tự phát ở Phường Nam Phong chắn lối đi chung của khu dân cư,10,7,1,
PA03993,2026-12-18,Cổng dịch vụ công,DV01,Phường Hoà Thuận,Vệ sinh môi trường,Thường,"Rác tồn đọng ở điểm tập kết gần chợ Phường Hoà Thuận ba ngày chưa thu gom, mùi rất nặng",10,8,1,
PA03994,2026-12-18,Tổng đài 1022,DV02,Phường Tân Hoà,Trật tự đô thị,Thường,Xe tải trọng lớn chạy vào đường nội bộ Phường Tân Hoà ngoài giờ quy định,10,7,1,4
PA03995,2026-12-18,Tổng đài 1022,DV03,Phường Đông Giang,Chiếu sáng công cộng,Rất khẩn,"Đèn chiếu sáng khu vực Phường Đông Giang bật cả ban ngày, rất lãng phí điện",2,1,1,4
PA03996,2026-12-18,Tổng đài 1022,DV04,Phường Nam Phong,Hạ tầng giao thông,Khẩn,"Mặt đường Phường Nam Phong sau khi đào lắp ống nước hoàn trả không phẳng, đi rất xóc",5,1,1,
PA03997,2026-12-18,Cổng dịch vụ công,DV04,Phường Nam Phong,Cấp thoát nước,Thường,"Ống nước trước nhà văn hoá Phường Nam Phong rò rỉ, nước chảy ra đường suốt ngày",10,13,0,
PA03998,2026-12-18,Cổng dịch vụ công,DV04,Phường Nam Phong,Khác,Thường,"Loa phát thanh ở Phường Nam Phong phát quá sớm, ảnh hưởng người già và trẻ nhỏ",10,13,0,
PA03999,2026-12-18,Cổng dịch vụ công,DV04,Phường Nam Phong,Vệ sinh môi trường,Thường,"Rác tồn đọng ở điểm tập kết gần chợ Phường Nam Phong ba ngày chưa thu gom, mùi rất nặng",10,5,1,
PA04000,2026-12-18,Ứng dụng di động,DV05,Xã Bình An,Chiếu sáng công cộng,Thường,"Ngõ vào cụm dân cư Xã Bình An chưa có đèn chiếu sáng, đã kiến nghị hai lần",10,8,1,4
PA04001,2026-12-18,Tổng đài 1022,DV09,Xã An Cư,Cấp thoát nước,Thường,"Khu dân cư Xã An Cư mất nước từ sáng đến chiều, không thấy thông báo trước",10,8,1,
PA04002,2026-12-18,Tổng đài 1022,DV10,Xã Thanh Sơn,Thủ tục hành chính,Thường,Cán bộ một cửa Xã Thanh Sơn yêu cầu giấy tờ ngoài danh mục niêm yết,10,14,0,
PA04003,2026-12-18,Ứng dụng di động,DV11,Xã Mỹ Khánh,Cấp thoát nước,Thường,"Mưa là ngập cả tuyến ở Xã Mỹ Khánh, cống thoát nghẹt không rút được",10,10,1,
PA04004,2026-12-18,Tổng đài 1022,DV12,Xã Hương Trà,Cấp thoát nước,Thường,"Mưa là ngập cả tuyến ở Xã Hương Trà, cống thoát nghẹt không rút được",10,12,0,
PA04005,2026-12-19,Ứng dụng di động,DV02,Phường Tân Hoà,Thủ tục hành chính,Thường,Đã nộp trực tuyến nhưng Phường Tân Hoà vẫn yêu cầu nộp thêm bản giấy,10,14,0,
PA04006,2026-12-19,Văn bản giấy,DV02,Phường Tân Hoà,Vệ sinh môi trường,Thường,"Rác tồn đọng ở điểm tập kết gần chợ Phường Tân Hoà ba ngày chưa thu gom, mùi rất nặng",10,6,1,
PA04007,2026-12-19,Ứng dụng di động,DV04,Phường Nam Phong,Chiếu sáng công cộng,Thường,"Đèn chiếu sáng khu vực Phường Nam Phong bật cả ban ngày, rất lãng phí điện",10,5,1,5
PA04008,2026-12-19,Ứng dụng di động,DV04,Phường Nam Phong,An sinh xã hội,Thường,"Danh sách nhận hỗ trợ ở Phường Nam Phong niêm yết thiếu tên, đề nghị kiểm tra lại",10,1,1,5
PA04009,2026-12-19,Ứng dụng di động,DV04,Phường Nam Phong,Cấp thoát nước,Thường,"Khu dân cư Phường Nam Phong mất nước từ sáng đến chiều, không thấy thông báo trước",10,11,0,
PA04010,2026-12-19,Cổng dịch vụ công,DV05,Xã Bình An,Vệ sinh môi trường,Thường,"Rác tồn đọng ở điểm tập kết gần chợ Xã Bình An ba ngày chưa thu gom, mùi rất nặng",10,10,1,4
PA04011,2026-12-20,Tổng đài 1022,DV01,Phường Hoà Thuận,Hạ tầng giao thông,Thường,"Cầu nhỏ bắc qua kênh ở Phường Hoà Thuận mục lan can, trẻ em đi học qua rất lo",10,6,1,4
PA04012,2026-12-20,Cổng dịch vụ công,DV01,Phường Hoà Thuận,Vệ sinh môi trường,Thường,"Kênh chạy qua Phường Hoà Thuận nổi váng đen, nghi có cơ sở xả thải ban đêm",10,1,1,
PA04013,2026-12-20,Tổng đài 1022,DV02,Phường Tân Hoà,Trật tự đô thị,Khẩn,Xe tải trọng lớn chạy vào đường nội bộ Phường Tân Hoà ngoài giờ quy định,5,4,1,5
PA04014,2026-12-20,Văn bản giấy,DV02,Phường Tân Hoà,Vệ sinh môi trường,Thường,"Xe thu gom rác ở Phường Tân Hoà đổi giờ mà không báo, dân để rác ra đường cả buổi",10,5,1,5
PA04015,2026-12-20,Cổng dịch vụ công,DV03,Phường Đông Giang,Trật tự đô thị,Thường,Hàng quán lấn chiếm vỉa hè trước cổng trường tiểu học ở Phường Đông Giang giờ tan học,10,5,1,4
PA04016,2026-12-20,Tiếp công dân,DV03,Phường Đông Giang,Thủ tục hành chính,Thường,"Cổng dịch vụ công báo lỗi khi tải giấy tờ lên, gọi Phường Đông Giang không ai nghe máy",10,6,1,4
PA04017,2026-12-20,Văn bản giấy,DV03,Phường Đông Giang,Cấp thoát nước,Khẩn,"Khu dân cư Phường Đông Giang mất nước từ sáng đến chiều, không thấy thông báo trước",5,4,1,
PA04018,2026-12-20,Tổng đài 1022,DV04,Phường Nam Phong,Hạ tầng giao thông,Thường,Nắp cống trên tuyến đường liên xã qua Phường Nam Phong bị vỡ đã hai tuần chưa ai sửa,10,4,1,
PA04019,2026-12-20,Cổng dịch vụ công,DV06,Xã Long Thành,Khác,Thường,Đề nghị Xã Long Thành thông tin rõ kế hoạch chỉnh trang khu dân cư năm tới,10,6,1,
PA04020,2026-12-20,Tổng đài 1022,DV10,Xã Thanh Sơn,Hạ tầng giao thông,Thường,"Cầu nhỏ bắc qua kênh ở Xã Thanh Sơn mục lan can, trẻ em đi học qua rất lo",10,5,1,5
PA04021,2026-12-20,Tổng đài 1022,DV11,Xã Mỹ Khánh,Vệ sinh môi trường,Thường,"Kênh chạy qua Xã Mỹ Khánh nổi váng đen, nghi có cơ sở xả thải ban đêm",10,10,1,5
PA04022,2026-12-21,Tổng đài 1022,DV01,Phường Hoà Thuận,Trật tự đô thị,Thường,Hàng quán lấn chiếm vỉa hè trước cổng trường tiểu học ở Phường Hoà Thuận giờ tan học,10,5,1,
PA04023,2026-12-21,Tiếp công dân,DV02,Phường Tân Hoà,Hạ tầng giao thông,Khẩn,"Mặt đường Phường Tân Hoà sau khi đào lắp ống nước hoàn trả không phẳng, đi rất xóc",5,5,1,5
PA04024,2026-12-21,Tiếp công dân,DV02,Phường Tân Hoà,Hạ tầng giao thông,Khẩn,"Đoạn đường trước Phường Tân Hoà xuống cấp, nhiều ổ gà, xe máy tránh nhau rất nguy hiểm",5,6,0,
PA04025,2026-12-21,Tổng đài 1022,DV02,Phường Tân Hoà,Trật tự đô thị,Khẩn,Xe tải trọng lớn chạy vào đường nội bộ Phường Tân Hoà ngoài giờ quy định,5,4,1,4
PA04026,2026-12-21,Tổng đài 1022,DV02,Phường Tân Hoà,An sinh xã hội,Khẩn,Người cao tuổi ở Phường Tân Hoà chưa được hướng dẫn làm thủ tục trợ cấp,5,4,1,
PA04027,2026-12-21,Ứng dụng di động,DV03,Phường Đông Giang,Vệ sinh môi trường,Thường,"Xe thu gom rác ở Phường Đông Giang đổi giờ mà không báo, dân để rác ra đường cả buổi",10,6,1,
PA04028,2026-12-21,Văn bản giấy,DV03,Phường Đông Giang,Hạ tầng giao thông,Thường,"Đoạn đường trước Phường Đông Giang xuống cấp, nhiều ổ gà, xe máy tránh nhau rất nguy hiểm",10,3,1,4
PA04029,2026-12-21,Ứng dụng di động,DV04,Phường Nam Phong,Hạ tầng giao thông,Khẩn,Nắp cống trên tuyến đường liên xã qua Phường Nam Phong bị vỡ đã hai tuần chưa ai sửa,5,5,1,
PA04030,2026-12-21,Văn bản giấy,DV04,Phường Nam Phong,Vệ sinh môi trường,Thường,"Kênh chạy qua Phường Nam Phong nổi váng đen, nghi có cơ sở xả thải ban đêm",10,7,1,
PA04031,2026-12-21,Tiếp công dân,DV04,Phường Nam Phong,Vệ sinh môi trường,Thường,"Xe thu gom rác ở Phường Nam Phong đổi giờ mà không báo, dân để rác ra đường cả buổi",10,4,1,
PA04032,2026-12-21,Tiếp công dân,DV04,Phường Nam Phong,Hạ tầng giao thông,Thường,"Đoạn đường trước Phường Nam Phong xuống cấp, nhiều ổ gà, xe máy tránh nhau rất nguy hiểm",10,1,1,
PA04033,2026-12-21,Tiếp công dân,DV04,Phường Nam Phong,Vệ sinh môi trường,Khẩn,"Kênh chạy qua Phường Nam Phong nổi váng đen, nghi có cơ sở xả thải ban đêm",5,3,1,4
PA04034,2026-12-21,Cổng dịch vụ công,DV05,Xã Bình An,Vệ sinh môi trường,Thường,"Xe thu gom rác ở Xã Bình An đổi giờ mà không báo, dân để rác ra đường cả buổi",10,16,0,2
PA04035,2026-12-21,Ứng dụng di động,DV05,Xã Bình An,Hạ tầng giao thông,Thường,"Cầu nhỏ bắc qua kênh ở Xã Bình An mục lan can, trẻ em đi học qua rất lo",10,10,1,
PA04036,2026-12-21,Cổng dịch vụ công,DV06,Xã Long Thành,Chiếu sáng công cộng,Thường,"Ba cột đèn đường ở Xã Long Thành cháy bóng, ban đêm tối om rất mất an toàn",10,20,0,
PA04037,2026-12-21,Tổng đài 1022,DV10,Xã Thanh Sơn,Hạ tầng giao thông,Thường,"Đoạn đường trước Xã Thanh Sơn xuống cấp, nhiều ổ gà, xe máy tránh nhau rất nguy hiểm",10,9,1,5
PA04038,2026-12-21,Tổng đài 1022,DV10,Xã Thanh Sơn,Hạ tầng giao thông,Thường,"Cầu nhỏ bắc qua kênh ở Xã Thanh Sơn mục lan can, trẻ em đi học qua rất lo",10,9,1,4
PA04039,2026-12-22,Cổng dịch vụ công,DV01,Phường Hoà Thuận,Trật tự đô thị,Thường,Hàng quán lấn chiếm vỉa hè trước cổng trường tiểu học ở Phường Hoà Thuận giờ tan học,10,19,0,2
PA04040,2026-12-22,Tổng đài 1022,DV02,Phường Tân Hoà,Cấp thoát nước,Thường,"Mưa là ngập cả tuyến ở Phường Tân Hoà, cống thoát nghẹt không rút được",10,5,1,5
PA04041,2026-12-22,Tổng đài 1022,DV02,Phường Tân Hoà,Hạ tầng giao thông,Khẩn,Nắp cống trên tuyến đường liên xã qua Phường Tân Hoà bị vỡ đã hai tuần chưa ai sửa,5,4,1,
PA04042,2026-12-22,Tổng đài 1022,DV02,Phường Tân Hoà,Cấp thoát nước,Thường,"Ống nước trước nhà văn hoá Phường Tân Hoà rò rỉ, nước chảy ra đường suốt ngày",10,10,1,
PA04043,2026-12-22,Ứng dụng di động,DV02,Phường Tân Hoà,Chiếu sáng công cộng,Thường,"Ba cột đèn đường ở Phường Tân Hoà cháy bóng, ban đêm tối om rất mất an toàn",10,1,1,
PA04044,2026-12-22,Cổng dịch vụ công,DV03,Phường Đông Giang,Khác,Thường,"Loa phát thanh ở Phường Đông Giang phát quá sớm, ảnh hưởng người già và trẻ nhỏ",10,15,0,
PA04045,2026-12-22,Tổng đài 1022,DV03,Phường Đông Giang,Trật tự đô thị,Thường,Hàng quán lấn chiếm vỉa hè trước cổng trường tiểu học ở Phường Đông Giang giờ tan học,10,8,1,
PA04046,2026-12-22,Ứng dụng di động,DV04,Phường Nam Phong,Vệ sinh môi trường,Thường,"Xe thu gom rác ở Phường Nam Phong đổi giờ mà không báo, dân để rác ra đường cả buổi",10,8,1,
PA04047,2026-12-22,Cổng dịch vụ công,DV04,Phường Nam Phong,Trật tự đô thị,Rất khẩn,Xe tải trọng lớn chạy vào đường nội bộ Phường Nam Phong ngoài giờ quy định,2,1,1,
PA04048,2026-12-22,Tổng đài 1022,DV05,Xã Bình An,Hạ tầng giao thông,Thường,"Mặt đường Xã Bình An sau khi đào lắp ống nước hoàn trả không phẳng, đi rất xóc",10,6,1,5
PA04049,2026-12-22,Ứng dụng di động,DV06,Xã Long Thành,Trật tự đô thị,Thường,"Có công trình ở Xã Long Thành thi công sau 22 giờ gây ồn, đề nghị kiểm tra giấy phép",10,6,1,
PA04050,2026-12-22,Tiếp công dân,DV06,Xã Long Thành,Hạ tầng giao thông,Thường,"Cầu nhỏ bắc qua kênh ở Xã Long Thành mục lan can, trẻ em đi học qua rất lo",10,10,1,
PA04051,2026-12-22,Tổng đài 1022,DV07,Xã Phú Điền,Vệ sinh môi trường,Thường,"Có hộ đổ trộm xà bần ra bãi đất trống ở Xã Phú Điền, đề nghị kiểm tra",10,7,1,
PA04052,2026-12-22,Tổng đài 1022,DV11,Xã Mỹ Khánh,Hạ tầng giao thông,Thường,"Mặt đường Xã Mỹ Khánh sau khi đào lắp ống nước hoàn trả không phẳng, đi rất xóc",10,10,1,
PA04053,2026-12-22,Ứng dụng di động,DV11,Xã Mỹ Khánh,Trật tự đô thị,Thường,Hàng quán lấn chiếm vỉa hè trước cổng trường tiểu học ở Xã Mỹ Khánh giờ tan học,10,10,1,4
PA04054,2026-12-22,Cổng dịch vụ công,DV12,Xã Hương Trà,Trật tự đô thị,Khẩn,Hàng quán lấn chiếm vỉa hè trước cổng trường tiểu học ở Xã Hương Trà giờ tan học,5,5,1,
PA04055,2026-12-22,Cổng dịch vụ công,DV12,Xã Hương Trà,Thủ tục hành chính,Thường,Cán bộ một cửa Xã Hương Trà yêu cầu giấy tờ ngoài danh mục niêm yết,10,8,1,
PA04056,2026-12-23,Ứng dụng di động,DV02,Phường Tân Hoà,An sinh xã hội,Thường,Người cao tuổi ở Phường Tân Hoà chưa được hướng dẫn làm thủ tục trợ cấp,10,8,1,
PA04057,2026-12-23,Tiếp công dân,DV02,Phường Tân Hoà,Vệ sinh môi trường,Rất khẩn,"Có hộ đổ trộm xà bần ra bãi đất trống ở Phường Tân Hoà, đề nghị kiểm tra",2,1,1,
PA04058,2026-12-23,Tổng đài 1022,DV02,Phường Tân Hoà,Khác,Thường,"Loa phát thanh ở Phường Tân Hoà phát quá sớm, ảnh hưởng người già và trẻ nhỏ",10,8,1,4
PA04059,2026-12-23,Cổng dịch vụ công,DV02,Phường Tân Hoà,Cấp thoát nước,Khẩn,"Ống nước trước nhà văn hoá Phường Tân Hoà rò rỉ, nước chảy ra đường suốt ngày",5,3,1,
PA04060,2026-12-23,Tiếp công dân,DV02,Phường Tân Hoà,Vệ sinh môi trường,Thường,"Có hộ đổ trộm xà bần ra bãi đất trống ở Phường Tân Hoà, đề nghị kiểm tra",10,11,0,
PA04061,2026-12-23,Ứng dụng di động,DV03,Phường Đông Giang,Trật tự đô thị,Thường,Hàng quán lấn chiếm vỉa hè trước cổng trường tiểu học ở Phường Đông Giang giờ tan học,10,12,0,2
PA04062,2026-12-23,Văn bản giấy,DV04,Phường Nam Phong,Hạ tầng giao thông,Thường,Nắp cống trên tuyến đường liên xã qua Phường Nam Phong bị vỡ đã hai tuần chưa ai sửa,10,8,1,
PA04063,2026-12-23,Văn bản giấy,DV06,Xã Long Thành,Thủ tục hành chính,Thường,"Cổng dịch vụ công báo lỗi khi tải giấy tờ lên, gọi Xã Long Thành không ai nghe máy",10,9,1,4
PA04064,2026-12-23,Cổng dịch vụ công,DV11,Xã Mỹ Khánh,Thủ tục hành chính,Thường,"Cổng dịch vụ công báo lỗi khi tải giấy tờ lên, gọi Xã Mỹ Khánh không ai nghe máy",10,12,0,
PA04065,2026-12-24,Tổng đài 1022,DV01,Phường Hoà Thuận,Vệ sinh môi trường,Khẩn,"Rác tồn đọng ở điểm tập kết gần chợ Phường Hoà Thuận ba ngày chưa thu gom, mùi rất nặng",5,5,1,
PA04066,2026-12-24,Cổng dịch vụ công,DV02,Phường Tân Hoà,An sinh xã hội,Thường,"Hộ cận nghèo ở Phường Tân Hoà chưa nhận được hỗ trợ đợt này, đề nghị rà soát",10,7,1,4
PA04067,2026-12-24,Tổng đài 1022,DV03,Phường Đông Giang,Cấp thoát nước,Thường,"Ống nước trước nhà văn hoá Phường Đông Giang rò rỉ, nước chảy ra đường suốt ngày",10,2,1,
PA04068,2026-12-24,Ứng dụng di động,DV04,Phường Nam Phong,Hạ tầng giao thông,Thường,"Cầu nhỏ bắc qua kênh ở Phường Nam Phong mục lan can, trẻ em đi học qua rất lo",10,13,0,3
PA04069,2026-12-24,Tổng đài 1022,DV04,Phường Nam Phong,Trật tự đô thị,Thường,Xe tải trọng lớn chạy vào đường nội bộ Phường Nam Phong ngoài giờ quy định,10,6,1,
PA04070,2026-12-24,Tiếp công dân,DV05,Xã Bình An,Cấp thoát nước,Thường,"Khu dân cư Xã Bình An mất nước từ sáng đến chiều, không thấy thông báo trước",10,12,0,2
PA04071,2026-12-24,Ứng dụng di động,DV08,Xã Vĩnh Lộc,Trật tự đô thị,Khẩn,Hàng quán lấn chiếm vỉa hè trước cổng trường tiểu học ở Xã Vĩnh Lộc giờ tan học,5,3,1,3
PA04072,2026-12-24,Cổng dịch vụ công,DV12,Xã Hương Trà,Chiếu sáng công cộng,Thường,"Ngõ vào cụm dân cư Xã Hương Trà chưa có đèn chiếu sáng, đã kiến nghị hai lần",10,7,1,
PA04073,2026-12-25,Ứng dụng di động,DV01,Phường Hoà Thuận,Vệ sinh môi trường,Thường,"Kênh chạy qua Phường Hoà Thuận nổi váng đen, nghi có cơ sở xả thải ban đêm",10,8,1,
PA04074,2026-12-25,Văn bản giấy,DV02,Phường Tân Hoà,Hạ tầng giao thông,Khẩn,Nắp cống trên tuyến đường liên xã qua Phường Tân Hoà bị vỡ đã hai tuần chưa ai sửa,5,4,1,
PA04075,2026-12-25,Cổng dịch vụ công,DV02,Phường Tân Hoà,Hạ tầng giao thông,Khẩn,"Đoạn đường trước Phường Tân Hoà xuống cấp, nhiều ổ gà, xe máy tránh nhau rất nguy hiểm",5,2,1,
PA04076,2026-12-25,Cổng dịch vụ công,DV03,Phường Đông Giang,Hạ tầng giao thông,Thường,Nắp cống trên tuyến đường liên xã qua Phường Đông Giang bị vỡ đã hai tuần chưa ai sửa,10,5,1,4
PA04077,2026-12-25,Ứng dụng di động,DV03,Phường Đông Giang,Thủ tục hành chính,Thường,Cán bộ một cửa Phường Đông Giang yêu cầu giấy tờ ngoài danh mục niêm yết,10,8,1,5
PA04078,2026-12-25,Cổng dịch vụ công,DV03,Phường Đông Giang,Thủ tục hành chính,Thường,Nộp hồ sơ chứng thực tại Phường Đông Giang hẹn 3 ngày nhưng quá 8 ngày chưa có kết quả,10,3,1,
PA04079,2026-12-25,Cổng dịch vụ công,DV03,Phường Đông Giang,Chiếu sáng công cộng,Khẩn,"Ngõ vào cụm dân cư Phường Đông Giang chưa có đèn chiếu sáng, đã kiến nghị hai lần",5,3,1,
PA04080,2026-12-25,Cổng dịch vụ công,DV03,Phường Đông Giang,Trật tự đô thị,Khẩn,Hàng quán lấn chiếm vỉa hè trước cổng trường tiểu học ở Phường Đông Giang giờ tan học,5,1,1,5
PA04081,2026-12-25,Ứng dụng di động,DV06,Xã Long Thành,An sinh xã hội,Thường,Người cao tuổi ở Xã Long Thành chưa được hướng dẫn làm thủ tục trợ cấp,10,7,1,5
PA04082,2026-12-25,Cổng dịch vụ công,DV09,Xã An Cư,Khác,Thường,Góp ý Xã An Cư mở thêm khung giờ tiếp dân vào buổi chiều thứ bảy,10,1,1,
PA04083,2026-12-25,Tổng đài 1022,DV11,Xã Mỹ Khánh,An sinh xã hội,Thường,"Danh sách nhận hỗ trợ ở Xã Mỹ Khánh niêm yết thiếu tên, đề nghị kiểm tra lại",10,6,1,2
PA04084,2026-12-25,Cổng dịch vụ công,DV11,Xã Mỹ Khánh,Thủ tục hành chính,Thường,Cán bộ một cửa Xã Mỹ Khánh yêu cầu giấy tờ ngoài danh mục niêm yết,10,5,1,
PA04085,2026-12-25,Tổng đài 1022,DV12,Xã Hương Trà,Cấp thoát nước,Thường,"Khu dân cư Xã Hương Trà mất nước từ sáng đến chiều, không thấy thông báo trước",10,7,1,4
PA04086,2026-12-26,Ứng dụng di động,DV02,Phường Tân Hoà,Trật tự đô thị,Thường,"Có công trình ở Phường Tân Hoà thi công sau 22 giờ gây ồn, đề nghị kiểm tra giấy phép",10,10,1,4
PA04087,2026-12-26,Cổng dịch vụ công,DV02,Phường Tân Hoà,Chiếu sáng công cộng,Thường,"Đèn chiếu sáng khu vực Phường Tân Hoà bật cả ban ngày, rất lãng phí điện",10,5,1,
PA04088,2026-12-26,Văn bản giấy,DV02,Phường Tân Hoà,Vệ sinh môi trường,Thường,"Kênh chạy qua Phường Tân Hoà nổi váng đen, nghi có cơ sở xả thải ban đêm",10,4,1,
PA04089,2026-12-26,Ứng dụng di động,DV02,Phường Tân Hoà,Hạ tầng giao thông,Thường,"Đoạn đường trước Phường Tân Hoà xuống cấp, nhiều ổ gà, xe máy tránh nhau rất nguy hiểm",10,3,1,
PA04090,2026-12-26,Tổng đài 1022,DV04,Phường Nam Phong,Vệ sinh môi trường,Thường,"Có hộ đổ trộm xà bần ra bãi đất trống ở Phường Nam Phong, đề nghị kiểm tra",10,10,1,
PA04091,2026-12-26,Cổng dịch vụ công,DV04,Phường Nam Phong,Thủ tục hành chính,Thường,Cán bộ một cửa Phường Nam Phong yêu cầu giấy tờ ngoài danh mục niêm yết,10,6,1,4
PA04092,2026-12-26,Cổng dịch vụ công,DV05,Xã Bình An,Trật tự đô thị,Thường,Bãi giữ xe tự phát ở Xã Bình An chắn lối đi chung của khu dân cư,10,15,0,2
PA04093,2026-12-26,Ứng dụng di động,DV06,Xã Long Thành,Hạ tầng giao thông,Khẩn,"Mặt đường Xã Long Thành sau khi đào lắp ống nước hoàn trả không phẳng, đi rất xóc",5,2,1,5
PA04094,2026-12-26,Tổng đài 1022,DV06,Xã Long Thành,Trật tự đô thị,Thường,Hàng quán lấn chiếm vỉa hè trước cổng trường tiểu học ở Xã Long Thành giờ tan học,10,1,1,
PA04095,2026-12-26,Ứng dụng di động,DV09,Xã An Cư,Trật tự đô thị,Thường,"Có công trình ở Xã An Cư thi công sau 22 giờ gây ồn, đề nghị kiểm tra giấy phép",10,4,1,
PA04096,2026-12-26,Cổng dịch vụ công,DV11,Xã Mỹ Khánh,Cấp thoát nước,Thường,"Mưa là ngập cả tuyến ở Xã Mỹ Khánh, cống thoát nghẹt không rút được",10,6,1,5
PA04097,2026-12-26,Văn bản giấy,DV12,Xã Hương Trà,Thủ tục hành chính,Thường,Cán bộ một cửa Xã Hương Trà yêu cầu giấy tờ ngoài danh mục niêm yết,10,7,1,5
PA04098,2026-12-27,Tiếp công dân,DV02,Phường Tân Hoà,Thủ tục hành chính,Thường,Đã nộp trực tuyến nhưng Phường Tân Hoà vẫn yêu cầu nộp thêm bản giấy,10,17,0,
PA04099,2026-12-27,Cổng dịch vụ công,DV02,Phường Tân Hoà,Vệ sinh môi trường,Khẩn,"Có hộ đổ trộm xà bần ra bãi đất trống ở Phường Tân Hoà, đề nghị kiểm tra",5,6,0,
PA04100,2026-12-27,Tổng đài 1022,DV03,Phường Đông Giang,An sinh xã hội,Thường,Người cao tuổi ở Phường Đông Giang chưa được hướng dẫn làm thủ tục trợ cấp,10,7,1,
PA04101,2026-12-27,Cổng dịch vụ công,DV03,Phường Đông Giang,Thủ tục hành chính,Thường,Đã nộp trực tuyến nhưng Phường Đông Giang vẫn yêu cầu nộp thêm bản giấy,10,12,0,2
PA04102,2026-12-27,Tổng đài 1022,DV04,Phường Nam Phong,Vệ sinh môi trường,Thường,"Kênh chạy qua Phường Nam Phong nổi váng đen, nghi có cơ sở xả thải ban đêm",10,4,1,3
PA04103,2026-12-27,Cổng dịch vụ công,DV04,Phường Nam Phong,Chiếu sáng công cộng,Thường,"Ba cột đèn đường ở Phường Nam Phong cháy bóng, ban đêm tối om rất mất an toàn",10,10,1,
PA04104,2026-12-27,Ứng dụng di động,DV05,Xã Bình An,Vệ sinh môi trường,Khẩn,"Có hộ đổ trộm xà bần ra bãi đất trống ở Xã Bình An, đề nghị kiểm tra",5,4,1,5
PA04105,2026-12-27,Tiếp công dân,DV05,Xã Bình An,An sinh xã hội,Thường,"Hộ cận nghèo ở Xã Bình An chưa nhận được hỗ trợ đợt này, đề nghị rà soát",10,12,0,3
PA04106,2026-12-27,Tổng đài 1022,DV08,Xã Vĩnh Lộc,Hạ tầng giao thông,Thường,"Cầu nhỏ bắc qua kênh ở Xã Vĩnh Lộc mục lan can, trẻ em đi học qua rất lo",10,9,1,
PA04107,2026-12-27,Tổng đài 1022,DV10,Xã Thanh Sơn,Hạ tầng giao thông,Thường,"Cầu nhỏ bắc qua kênh ở Xã Thanh Sơn mục lan can, trẻ em đi học qua rất lo",10,11,0,
PA04108,2026-12-27,Tổng đài 1022,DV10,Xã Thanh Sơn,Chiếu sáng công cộng,Khẩn,"Đèn chiếu sáng khu vực Xã Thanh Sơn bật cả ban ngày, rất lãng phí điện",5,1,1,5
PA04109,2026-12-28,Cổng dịch vụ công,DV01,Phường Hoà Thuận,Trật tự đô thị,Thường,Xe tải trọng lớn chạy vào đường nội bộ Phường Hoà Thuận ngoài giờ quy định,10,6,1,4
PA04110,2026-12-28,Cổng dịch vụ công,DV01,Phường Hoà Thuận,Vệ sinh môi trường,Rất khẩn,"Kênh chạy qua Phường Hoà Thuận nổi váng đen, nghi có cơ sở xả thải ban đêm",2,2,1,
PA04111,2026-12-28,Tổng đài 1022,DV02,Phường Tân Hoà,Thủ tục hành chính,Thường,Đã nộp trực tuyến nhưng Phường Tân Hoà vẫn yêu cầu nộp thêm bản giấy,10,8,1,
PA04112,2026-12-28,Cổng dịch vụ công,DV02,Phường Tân Hoà,An sinh xã hội,Thường,Người cao tuổi ở Phường Tân Hoà chưa được hướng dẫn làm thủ tục trợ cấp,10,1,1,4
PA04113,2026-12-28,Tiếp công dân,DV02,Phường Tân Hoà,Vệ sinh môi trường,Thường,"Có hộ đổ trộm xà bần ra bãi đất trống ở Phường Tân Hoà, đề nghị kiểm tra",10,7,1,4
PA04114,2026-12-28,Tổng đài 1022,DV02,Phường Tân Hoà,Hạ tầng giao thông,Thường,"Cầu nhỏ bắc qua kênh ở Phường Tân Hoà mục lan can, trẻ em đi học qua rất lo",10,19,0,3
PA04115,2026-12-28,Ứng dụng di động,DV03,Phường Đông Giang,Khác,Thường,Góp ý Phường Đông Giang mở thêm khung giờ tiếp dân vào buổi chiều thứ bảy,10,7,1,4
PA04116,2026-12-28,Ứng dụng di động,DV03,Phường Đông Giang,Trật tự đô thị,Thường,Bãi giữ xe tự phát ở Phường Đông Giang chắn lối đi chung của khu dân cư,10,5,1,3
PA04117,2026-12-28,Tổng đài 1022,DV04,Phường Nam Phong,Hạ tầng giao thông,Thường,"Mặt đường Phường Nam Phong sau khi đào lắp ống nước hoàn trả không phẳng, đi rất xóc",10,10,1,3
PA04118,2026-12-28,Cổng dịch vụ công,DV06,Xã Long Thành,Trật tự đô thị,Thường,Bãi giữ xe tự phát ở Xã Long Thành chắn lối đi chung của khu dân cư,10,9,1,
PA04119,2026-12-28,Cổng dịch vụ công,DV07,Xã Phú Điền,Trật tự đô thị,Thường,Hàng quán lấn chiếm vỉa hè trước cổng trường tiểu học ở Xã Phú Điền giờ tan học,10,4,1,
PA04120,2026-12-28,Tổng đài 1022,DV08,Xã Vĩnh Lộc,Cấp thoát nước,Thường,"Mưa là ngập cả tuyến ở Xã Vĩnh Lộc, cống thoát nghẹt không rút được",10,10,1,4
PA04121,2026-12-28,Cổng dịch vụ công,DV09,Xã An Cư,Thủ tục hành chính,Thường,"Cổng dịch vụ công báo lỗi khi tải giấy tờ lên, gọi Xã An Cư không ai nghe máy",10,16,0,
PA04122,2026-12-28,Tổng đài 1022,DV10,Xã Thanh Sơn,Hạ tầng giao thông,Thường,"Cầu nhỏ bắc qua kênh ở Xã Thanh Sơn mục lan can, trẻ em đi học qua rất lo",10,8,1,
PA04123,2026-12-28,Ứng dụng di động,DV11,Xã Mỹ Khánh,Hạ tầng giao thông,Khẩn,"Mặt đường Xã Mỹ Khánh sau khi đào lắp ống nước hoàn trả không phẳng, đi rất xóc",5,5,1,
PA04124,2026-12-28,Tổng đài 1022,DV11,Xã Mỹ Khánh,Trật tự đô thị,Thường,Hàng quán lấn chiếm vỉa hè trước cổng trường tiểu học ở Xã Mỹ Khánh giờ tan học,10,12,0,
PA04125,2026-12-29,Tổng đài 1022,DV01,Phường Hoà Thuận,Vệ sinh môi trường,Thường,"Xe thu gom rác ở Phường Hoà Thuận đổi giờ mà không báo, dân để rác ra đường cả buổi",10,6,1,
PA04126,2026-12-29,Tiếp công dân,DV01,Phường Hoà Thuận,Chiếu sáng công cộng,Thường,"Ngõ vào cụm dân cư Phường Hoà Thuận chưa có đèn chiếu sáng, đã kiến nghị hai lần",10,7,1,
PA04127,2026-12-29,Tổng đài 1022,DV02,Phường Tân Hoà,Hạ tầng giao thông,Khẩn,Nắp cống trên tuyến đường liên xã qua Phường Tân Hoà bị vỡ đã hai tuần chưa ai sửa,5,4,1,4
PA04128,2026-12-29,Ứng dụng di động,DV02,Phường Tân Hoà,Thủ tục hành chính,Rất khẩn,Đã nộp trực tuyến nhưng Phường Tân Hoà vẫn yêu cầu nộp thêm bản giấy,2,1,1,
PA04129,2026-12-29,Tổng đài 1022,DV03,Phường Đông Giang,Vệ sinh môi trường,Thường,"Kênh chạy qua Phường Đông Giang nổi váng đen, nghi có cơ sở xả thải ban đêm",10,10,1,
PA04130,2026-12-29,Ứng dụng di động,DV03,Phường Đông Giang,Vệ sinh môi trường,Thường,"Rác tồn đọng ở điểm tập kết gần chợ Phường Đông Giang ba ngày chưa thu gom, mùi rất nặng",10,13,0,
PA04131,2026-12-29,Tổng đài 1022,DV04,Phường Nam Phong,Chiếu sáng công cộng,Thường,"Đèn chiếu sáng khu vực Phường Nam Phong bật cả ban ngày, rất lãng phí điện",10,1,1,
PA04132,2026-12-29,Cổng dịch vụ công,DV04,Phường Nam Phong,Vệ sinh môi trường,Khẩn,"Kênh chạy qua Phường Nam Phong nổi váng đen, nghi có cơ sở xả thải ban đêm",5,4,1,3
PA04133,2026-12-29,Tổng đài 1022,DV05,Xã Bình An,Trật tự đô thị,Thường,Hàng quán lấn chiếm vỉa hè trước cổng trường tiểu học ở Xã Bình An giờ tan học,10,7,1,
PA04134,2026-12-29,Tiếp công dân,DV05,Xã Bình An,Vệ sinh môi trường,Khẩn,"Xe thu gom rác ở Xã Bình An đổi giờ mà không báo, dân để rác ra đường cả buổi",5,5,1,
PA04135,2026-12-29,Cổng dịch vụ công,DV06,Xã Long Thành,Khác,Thường,Góp ý Xã Long Thành mở thêm khung giờ tiếp dân vào buổi chiều thứ bảy,10,8,1,3
PA04136,2026-12-29,Cổng dịch vụ công,DV07,Xã Phú Điền,Vệ sinh môi trường,Rất khẩn,"Có hộ đổ trộm xà bần ra bãi đất trống ở Xã Phú Điền, đề nghị kiểm tra",2,1,1,3
PA04137,2026-12-29,Văn bản giấy,DV10,Xã Thanh Sơn,Hạ tầng giao thông,Thường,"Mặt đường Xã Thanh Sơn sau khi đào lắp ống nước hoàn trả không phẳng, đi rất xóc",10,15,0,3
PA04138,2026-12-30,Ứng dụng di động,DV01,Phường Hoà Thuận,Hạ tầng giao thông,Thường,"Cầu nhỏ bắc qua kênh ở Phường Hoà Thuận mục lan can, trẻ em đi học qua rất lo",10,8,1,
PA04139,2026-12-30,Ứng dụng di động,DV02,Phường Tân Hoà,Cấp thoát nước,Khẩn,"Ống nước trước nhà văn hoá Phường Tân Hoà rò rỉ, nước chảy ra đường suốt ngày",5,2,1,
PA04140,2026-12-30,Tổng đài 1022,DV02,Phường Tân Hoà,Chiếu sáng công cộng,Khẩn,"Ba cột đèn đường ở Phường Tân Hoà cháy bóng, ban đêm tối om rất mất an toàn",5,3,1,
PA04141,2026-12-30,Tiếp công dân,DV02,Phường Tân Hoà,Trật tự đô thị,Khẩn,Xe tải trọng lớn chạy vào đường nội bộ Phường Tân Hoà ngoài giờ quy định,5,4,1,
PA04142,2026-12-30,Cổng dịch vụ công,DV03,Phường Đông Giang,Vệ sinh môi trường,Thường,"Kênh chạy qua Phường Đông Giang nổi váng đen, nghi có cơ sở xả thải ban đêm",10,3,1,
PA04143,2026-12-30,Cổng dịch vụ công,DV03,Phường Đông Giang,Vệ sinh môi trường,Thường,"Rác tồn đọng ở điểm tập kết gần chợ Phường Đông Giang ba ngày chưa thu gom, mùi rất nặng",10,7,1,4
PA04144,2026-12-30,Ứng dụng di động,DV04,Phường Nam Phong,Hạ tầng giao thông,Thường,"Mặt đường Phường Nam Phong sau khi đào lắp ống nước hoàn trả không phẳng, đi rất xóc",10,3,1,
PA04145,2026-12-30,Cổng dịch vụ công,DV04,Phường Nam Phong,Chiếu sáng công cộng,Thường,"Đèn chiếu sáng khu vực Phường Nam Phong bật cả ban ngày, rất lãng phí điện",10,8,1,4
PA04146,2026-12-30,Cổng dịch vụ công,DV06,Xã Long Thành,Vệ sinh môi trường,Khẩn,"Xe thu gom rác ở Xã Long Thành đổi giờ mà không báo, dân để rác ra đường cả buổi",5,6,0,
PA04147,2026-12-30,Ứng dụng di động,DV06,Xã Long Thành,Thủ tục hành chính,Thường,Cán bộ một cửa Xã Long Thành yêu cầu giấy tờ ngoài danh mục niêm yết,10,12,0,3
PA04148,2026-12-30,Tổng đài 1022,DV06,Xã Long Thành,Hạ tầng giao thông,Thường,Nắp cống trên tuyến đường liên xã qua Xã Long Thành bị vỡ đã hai tuần chưa ai sửa,10,7,1,4
PA04149,2026-12-30,Ứng dụng di động,DV06,Xã Long Thành,An sinh xã hội,Khẩn,Người cao tuổi ở Xã Long Thành chưa được hướng dẫn làm thủ tục trợ cấp,5,7,0,
PA04150,2026-12-30,Tổng đài 1022,DV08,Xã Vĩnh Lộc,Thủ tục hành chính,Thường,Đã nộp trực tuyến nhưng Xã Vĩnh Lộc vẫn yêu cầu nộp thêm bản giấy,10,5,1,4
PA04151,2026-12-30,Cổng dịch vụ công,DV09,Xã An Cư,Trật tự đô thị,Thường,Hàng quán lấn chiếm vỉa hè trước cổng trường tiểu học ở Xã An Cư giờ tan học,10,5,1,
PA04152,2026-12-30,Tiếp công dân,DV11,Xã Mỹ Khánh,Cấp thoát nước,Thường,"Ống nước trước nhà văn hoá Xã Mỹ Khánh rò rỉ, nước chảy ra đường suốt ngày",10,7,1,
PA04153,2026-12-31,Ứng dụng di động,DV01,Phường Hoà Thuận,Cấp thoát nước,Thường,"Mưa là ngập cả tuyến ở Phường Hoà Thuận, cống thoát nghẹt không rút được",10,3,1,4
PA04154,2026-12-31,Cổng dịch vụ công,DV02,Phường Tân Hoà,Vệ sinh môi trường,Thường,"Có hộ đổ trộm xà bần ra bãi đất trống ở Phường Tân Hoà, đề nghị kiểm tra",10,10,1,
PA04155,2026-12-31,Tổng đài 1022,DV02,Phường Tân Hoà,Trật tự đô thị,Thường,Bãi giữ xe tự phát ở Phường Tân Hoà chắn lối đi chung của khu dân cư,10,8,1,
PA04156,2026-12-31,Cổng dịch vụ công,DV02,Phường Tân Hoà,Hạ tầng giao thông,Thường,"Đoạn đường trước Phường Tân Hoà xuống cấp, nhiều ổ gà, xe máy tránh nhau rất nguy hiểm",10,9,1,
PA04157,2026-12-31,Ứng dụng di động,DV03,Phường Đông Giang,Thủ tục hành chính,Thường,Nộp hồ sơ chứng thực tại Phường Đông Giang hẹn 3 ngày nhưng quá 8 ngày chưa có kết quả,10,4,1,4
PA04158,2026-12-31,Tổng đài 1022,DV04,Phường Nam Phong,Hạ tầng giao thông,Thường,"Đoạn đường trước Phường Nam Phong xuống cấp, nhiều ổ gà, xe máy tránh nhau rất nguy hiểm",10,4,1,3
PA04159,2026-12-31,Tiếp công dân,DV06,Xã Long Thành,Trật tự đô thị,Thường,"Có công trình ở Xã Long Thành thi công sau 22 giờ gây ồn, đề nghị kiểm tra giấy phép",10,7,1,
PA04160,2026-12-31,Tổng đài 1022,DV07,Xã Phú Điền,An sinh xã hội,Thường,"Hộ cận nghèo ở Xã Phú Điền chưa nhận được hỗ trợ đợt này, đề nghị rà soát",10,11,0,4
PA04161,2026-12-31,Cổng dịch vụ công,DV09,Xã An Cư,Chiếu sáng công cộng,Thường,"Ba cột đèn đường ở Xã An Cư cháy bóng, ban đêm tối om rất mất an toàn",10,5,1,5
PA04162,2026-12-31,Tổng đài 1022,DV10,Xã Thanh Sơn,Trật tự đô thị,Thường,"Có công trình ở Xã Thanh Sơn thi công sau 22 giờ gây ồn, đề nghị kiểm tra giấy phép",10,14,0,1
PA04163,2026-12-31,Tổng đài 1022,DV12,Xã Hương Trà,Chiếu sáng công cộng,Thường,"Ba cột đèn đường ở Xã Hương Trà cháy bóng, ban đêm tối om rất mất an toàn",10,3,1,
