ma_tram,ten_tram,ma_don_vi,ngay,gio,pm25_ugm3,nhiet_do_c,do_am_phan_tram,pin_cam_bien_phan_tram,trang_thai
KK1,Trạm Trung tâm hành chính,DV01,2026-08-01,00:00,36.1,32.0,79.0,100.0,OK
KK1,Trạm Trung tâm hành chính,DV01,2026-08-01,01:00,29.1,28.0,73.0,100.0,OK
KK1,Trạm Trung tâm hành chính,DV01,2026-08-01,02:00,30.7,33.3,84.0,100.0,OK
KK1,Trạm Trung tâm hành chính,DV01,2026-08-01,03:00,33.7,30.1,83.0,100.0,OK
KK1,Trạm Trung tâm hành chính,DV01,2026-08-01,04:00,30.1,26.2,80.0,100.0,OK
KK1,Trạm Trung tâm hành chính,DV01,2026-08-01,05:00,46.2,35.7,74.0,100.0,OK
KK1,Trạm Trung tâm hành chính,DV01,2026-08-01,06:00,31.6,37.2,72.0,100.0,OK
KK1,Trạm Trung tâm hành chính,DV01,2026-08-01,07:00,42.9,28.6,71.0,100.0,OK
KK1,Trạm Trung tâm hành chính,DV01,2026-08-01,08:00,49.3,30.2,76.0,100.0,OK
KK1,Trạm Trung tâm hành chính,DV01,2026-08-01,09:00,42.1,32.3,85.0,99.0,OK
KK1,Trạm Trung tâm hành chính,DV01,2026-08-01,10:00,45.5,34.6,65.0,99.0,OK
KK1,Trạm Trung tâm hành chính,DV01,2026-08-01,11:00,47.3,33.9,69.0,99.0,OK
KK1,Trạm Trung tâm hành chính,DV01,2026-08-01,12:00,43.8,28.6,70.0,99.0,OK
KK1,Trạm Trung tâm hành chính,DV01,2026-08-01,13:00,44.4,31.9,81.0,99.0,OK
KK1,Trạm Trung tâm hành chính,DV01,2026-08-01,14:00,43.8,30.7,82.0,99.0,OK
KK1,Trạm Trung tâm hành chính,DV01,2026-08-01,15:00,46.6,31.9,66.0,99.0,OK
KK1,Trạm Trung tâm hành chính,DV01,2026-08-01,16:00,40.1,36.4,69.0,99.0,OK
KK1,Trạm Trung tâm hành chính,DV01,2026-08-01,17:00,49.5,34.3,77.0,99.0,OK
KK1,Trạm Trung tâm hành chính,DV01,2026-08-01,18:00,42.7,30.9,79.0,99.0,OK
KK1,Trạm Trung tâm hành chính,DV01,2026-08-01,19:00,28.3,33.2,75.0,99.0,OK
KK1,Trạm Trung tâm hành chính,DV01,2026-08-01,20:00,29.3,32.4,60.0,99.0,OK
KK1,Trạm Trung tâm hành chính,DV01,2026-08-01,21:00,44.0,35.1,65.0,99.0,OK
KK1,Trạm Trung tâm hành chính,DV01,2026-08-01,22:00,54.6,30.7,69.0,99.0,OK
KK1,Trạm Trung tâm hành chính,DV01,2026-08-01,23:00,45.2,33.4,76.0,99.0,OK
KK1,Trạm Trung tâm hành chính,DV01,2026-08-02,00:00,29.7,31.4,53.0,99.0,OK
KK1,Trạm Trung tâm hành chính,DV01,2026-08-02,01:00,46.7,31.8,88.0,99.0,OK
KK1,Trạm Trung tâm hành chính,DV01,2026-08-02,02:00,35.3,33.5,74.0,99.0,OK
KK1,Trạm Trung tâm hành chính,DV01,2026-08-02,03:00,25.6,28.1,75.0,98.0,OK
KK1,Trạm Trung tâm hành chính,DV01,2026-08-02,04:00,30.0,33.3,82.0,98.0,OK
KK1,Trạm Trung tâm hành chính,DV01,2026-08-02,05:00,36.1,29.4,73.0,98.0,OK
KK1,Trạm Trung tâm hành chính,DV01,2026-08-02,06:00,32.9,30.2,75.0,98.0,OK
KK1,Trạm Trung tâm hành chính,DV01,2026-08-02,07:00,55.9,35.2,64.0,98.0,OK
KK1,Trạm Trung tâm hành chính,DV01,2026-08-02,08:00,52.8,33.1,70.0,98.0,OK
KK1,Trạm Trung tâm hành chính,DV01,2026-08-02,09:00,42.3,31.5,79.0,98.0,OK
KK1,Trạm Trung tâm hành chính,DV01,2026-08-02,10:00,30.0,27.1,80.0,98.0,OK
KK1,Trạm Trung tâm hành chính,DV01,2026-08-02,11:00,42.5,29.8,66.0,98.0,OK
KK1,Trạm Trung tâm hành chính,DV01,2026-08-02,12:00,35.1,34.6,82.0,98.0,OK
KK1,Trạm Trung tâm hành chính,DV01,2026-08-02,13:00,42.5,28.9,89.0,98.0,OK
KK1,Trạm Trung tâm hành chính,DV01,2026-08-02,14:00,34.5,30.5,80.0,98.0,OK
KK1,Trạm Trung tâm hành chính,DV01,2026-08-02,15:00,36.7,29.6,65.0,98.0,OK
KK1,Trạm Trung tâm hành chính,DV01,2026-08-02,16:00,44.3,34.8,72.0,98.0,OK
KK1,Trạm Trung tâm hành chính,DV01,2026-08-02,17:00,55.4,31.4,68.0,98.0,OK
KK1,Trạm Trung tâm hành chính,DV01,2026-08-02,18:00,45.6,32.5,61.0,98.0,OK
KK1,Trạm Trung tâm hành chính,DV01,2026-08-02,19:00,32.7,30.3,83.0,98.0,OK
KK1,Trạm Trung tâm hành chính,DV01,2026-08-02,20:00,31.1,33.4,79.0,98.0,OK
KK1,Trạm Trung tâm hành chính,DV01,2026-08-02,21:00,45.3,32.8,81.0,98.0,OK
KK1,Trạm Trung tâm hành chính,DV01,2026-08-02,22:00,44.9,29.2,63.0,97.0,OK
KK1,Trạm Trung tâm hành chính,DV01,2026-08-02,23:00,33.8,31.9,74.0,97.0,OK
KK1,Trạm Trung tâm hành chính,DV01,2026-08-03,00:00,40.4,26.6,79.0,97.0,OK
KK1,Trạm Trung tâm hành chính,DV01,2026-08-03,01:00,51.6,28.5,76.0,97.0,OK
KK1,Trạm Trung tâm hành chính,DV01,2026-08-03,02:00,33.9,31.2,86.0,97.0,OK
KK1,Trạm Trung tâm hành chính,DV01,2026-08-03,03:00,29.0,34.7,78.0,97.0,OK
KK1,Trạm Trung tâm hành chính,DV01,2026-08-03,04:00,25.9,30.3,76.0,97.0,OK
KK1,Trạm Trung tâm hành chính,DV01,2026-08-03,05:00,34.5,31.9,71.0,97.0,OK
KK1,Trạm Trung tâm hành chính,DV01,2026-08-03,06:00,49.6,34.5,63.0,97.0,OK
KK1,Trạm Trung tâm hành chính,DV01,2026-08-03,07:00,38.7,33.3,77.0,97.0,OK
KK1,Trạm Trung tâm hành chính,DV01,2026-08-03,08:00,47.0,34.1,64.0,97.0,OK
KK1,Trạm Trung tâm hành chính,DV01,2026-08-03,09:00,40.8,27.7,67.0,97.0,OK
KK1,Trạm Trung tâm hành chính,DV01,2026-08-03,10:00,37.7,33.3,77.0,97.0,OK
KK1,Trạm Trung tâm hành chính,DV01,2026-08-03,11:00,32.3,24.9,83.0,97.0,OK
KK1,Trạm Trung tâm hành chính,DV01,2026-08-03,12:00,42.0,29.3,77.0,97.0,OK
KK1,Trạm Trung tâm hành chính,DV01,2026-08-03,13:00,39.3,30.1,75.0,97.0,OK
KK1,Trạm Trung tâm hành chính,DV01,2026-08-03,14:00,38.5,28.5,65.0,97.0,OK
KK1,Trạm Trung tâm hành chính,DV01,2026-08-03,15:00,50.2,27.8,75.0,97.0,OK
KK1,Trạm Trung tâm hành chính,DV01,2026-08-03,16:00,41.1,31.3,75.0,96.0,OK
KK1,Trạm Trung tâm hành chính,DV01,2026-08-03,17:00,35.1,29.9,90.0,96.0,OK
KK1,Trạm Trung tâm hành chính,DV01,2026-08-03,18:00,43.0,29.0,63.0,96.0,OK
KK1,Trạm Trung tâm hành chính,DV01,2026-08-03,19:00,41.3,31.3,60.0,96.0,OK
KK1,Trạm Trung tâm hành chính,DV01,2026-08-03,20:00,39.2,27.8,67.0,96.0,OK
KK1,Trạm Trung tâm hành chính,DV01,2026-08-03,21:00,43.0,31.5,75.0,96.0,OK
KK1,Trạm Trung tâm hành chính,DV01,2026-08-03,22:00,34.8,24.8,85.0,96.0,OK
KK1,Trạm Trung tâm hành chính,DV01,2026-08-03,23:00,47.9,29.5,80.0,96.0,OK
KK1,Trạm Trung tâm hành chính,DV01,2026-08-04,00:00,32.2,29.3,74.0,96.0,OK
KK1,Trạm Trung tâm hành chính,DV01,2026-08-04,01:00,28.5,28.8,79.0,96.0,OK
KK1,Trạm Trung tâm hành chính,DV01,2026-08-04,02:00,50.7,28.3,74.0,96.0,OK
KK1,Trạm Trung tâm hành chính,DV01,2026-08-04,03:00,39.8,29.4,67.0,96.0,OK
KK1,Trạm Trung tâm hành chính,DV01,2026-08-04,04:00,38.4,29.3,72.0,96.0,OK
KK1,Trạm Trung tâm hành chính,DV01,2026-08-04,05:00,26.7,23.3,75.0,96.0,OK
KK1,Trạm Trung tâm hành chính,DV01,2026-08-04,06:00,39.8,34.1,80.0,96.0,OK
KK1,Trạm Trung tâm hành chính,DV01,2026-08-04,07:00,41.0,34.8,83.0,96.0,OK
KK1,Trạm Trung tâm hành chính,DV01,2026-08-04,08:00,48.8,30.7,74.0,96.0,OK
KK1,Trạm Trung tâm hành chính,DV01,2026-08-04,09:00,41.7,32.9,81.0,96.0,OK
KK1,Trạm Trung tâm hành chính,DV01,2026-08-04,10:00,29.6,27.5,68.0,95.0,OK
KK1,Trạm Trung tâm hành chính,DV01,2026-08-04,11:00,27.9,37.2,69.0,95.0,OK
KK1,Trạm Trung tâm hành chính,DV01,2026-08-04,12:00,33.0,28.1,72.0,95.0,OK
KK1,Trạm Trung tâm hành chính,DV01,2026-08-04,13:00,41.8,26.2,79.0,95.0,OK
KK1,Trạm Trung tâm hành chính,DV01,2026-08-04,14:00,38.0,31.9,73.0,95.0,OK
KK1,Trạm Trung tâm hành chính,DV01,2026-08-04,15:00,50.4,33.5,66.0,95.0,OK
KK1,Trạm Trung tâm hành chính,DV01,2026-08-04,16:00,41.6,29.8,68.0,95.0,OK
KK1,Trạm Trung tâm hành chính,DV01,2026-08-04,17:00,33.0,28.0,73.0,95.0,OK
KK1,Trạm Trung tâm hành chính,DV01,2026-08-04,18:00,49.7,30.4,72.0,95.0,OK
KK1,Trạm Trung tâm hành chính,DV01,2026-08-04,19:00,34.0,31.6,69.0,95.0,OK
KK1,Trạm Trung tâm hành chính,DV01,2026-08-04,20:00,42.9,27.7,85.0,95.0,OK
KK1,Trạm Trung tâm hành chính,DV01,2026-08-04,21:00,28.8,28.5,85.0,95.0,OK
KK1,Trạm Trung tâm hành chính,DV01,2026-08-04,22:00,42.0,25.4,91.0,95.0,OK
KK1,Trạm Trung tâm hành chính,DV01,2026-08-04,23:00,36.0,26.8,64.0,95.0,OK
KK1,Trạm Trung tâm hành chính,DV01,2026-08-05,00:00,31.6,33.7,80.0,95.0,OK
KK1,Trạm Trung tâm hành chính,DV01,2026-08-05,01:00,48.1,29.8,68.0,95.0,OK
KK1,Trạm Trung tâm hành chính,DV01,2026-08-05,02:00,49.3,29.2,81.0,95.0,OK
KK1,Trạm Trung tâm hành chính,DV01,2026-08-05,03:00,31.5,31.7,73.0,95.0,OK
KK1,Trạm Trung tâm hành chính,DV01,2026-08-05,04:00,36.6,27.4,74.0,94.0,OK
KK1,Trạm Trung tâm hành chính,DV01,2026-08-05,05:00,37.9,30.6,67.0,94.0,OK
KK1,Trạm Trung tâm hành chính,DV01,2026-08-05,06:00,35.7,30.5,88.0,94.0,OK
KK1,Trạm Trung tâm hành chính,DV01,2026-08-05,07:00,39.9,29.2,83.0,94.0,OK
KK1,Trạm Trung tâm hành chính,DV01,2026-08-05,08:00,32.0,27.9,69.0,94.0,OK
KK1,Trạm Trung tâm hành chính,DV01,2026-08-05,09:00,39.1,31.6,77.0,94.0,OK
KK1,Trạm Trung tâm hành chính,DV01,2026-08-05,10:00,38.9,25.0,75.0,94.0,OK
KK1,Trạm Trung tâm hành chính,DV01,2026-08-05,11:00,44.3,32.2,68.0,94.0,OK
KK1,Trạm Trung tâm hành chính,DV01,2026-08-05,12:00,43.8,27.2,66.0,94.0,OK
KK1,Trạm Trung tâm hành chính,DV01,2026-08-05,13:00,32.8,30.5,67.0,94.0,OK
KK1,Trạm Trung tâm hành chính,DV01,2026-08-05,14:00,44.0,27.7,67.0,94.0,OK
KK1,Trạm Trung tâm hành chính,DV01,2026-08-05,15:00,37.6,32.1,82.0,94.0,OK
KK1,Trạm Trung tâm hành chính,DV01,2026-08-05,16:00,45.5,32.2,68.0,94.0,OK
KK1,Trạm Trung tâm hành chính,DV01,2026-08-05,17:00,216.0,31.1,80.0,94.0,Nghi ngờ
KK1,Trạm Trung tâm hành chính,DV01,2026-08-05,18:00,33.8,29.0,69.0,94.0,OK
KK1,Trạm Trung tâm hành chính,DV01,2026-08-05,19:00,28.0,29.8,65.0,94.0,OK
KK1,Trạm Trung tâm hành chính,DV01,2026-08-05,20:00,27.7,28.5,70.0,94.0,OK
KK1,Trạm Trung tâm hành chính,DV01,2026-08-05,21:00,34.7,32.7,66.0,94.0,OK
KK1,Trạm Trung tâm hành chính,DV01,2026-08-05,22:00,31.8,30.5,84.0,93.0,OK
KK1,Trạm Trung tâm hành chính,DV01,2026-08-05,23:00,41.0,30.4,71.0,93.0,OK
KK1,Trạm Trung tâm hành chính,DV01,2026-08-06,00:00,47.9,30.3,67.0,93.0,OK
KK1,Trạm Trung tâm hành chính,DV01,2026-08-06,01:00,33.0,29.4,79.0,93.0,OK
KK1,Trạm Trung tâm hành chính,DV01,2026-08-06,02:00,41.3,33.6,70.0,93.0,OK
KK1,Trạm Trung tâm hành chính,DV01,2026-08-06,03:00,41.0,32.3,72.0,93.0,OK
KK1,Trạm Trung tâm hành chính,DV01,2026-08-06,04:00,27.2,32.9,79.0,93.0,OK
KK1,Trạm Trung tâm hành chính,DV01,2026-08-06,05:00,36.7,29.0,70.0,93.0,OK
KK1,Trạm Trung tâm hành chính,DV01,2026-08-06,06:00,50.1,29.6,87.0,93.0,OK
KK1,Trạm Trung tâm hành chính,DV01,2026-08-06,07:00,55.3,26.8,75.0,93.0,OK
KK1,Trạm Trung tâm hành chính,DV01,2026-08-06,08:00,43.4,33.1,66.0,93.0,OK
KK1,Trạm Trung tâm hành chính,DV01,2026-08-06,09:00,40.1,30.7,71.0,93.0,OK
KK1,Trạm Trung tâm hành chính,DV01,2026-08-06,10:00,45.1,34.9,72.0,93.0,OK
KK1,Trạm Trung tâm hành chính,DV01,2026-08-06,11:00,38.8,28.9,68.0,93.0,OK
KK1,Trạm Trung tâm hành chính,DV01,2026-08-06,12:00,41.8,33.5,72.0,93.0,OK
KK1,Trạm Trung tâm hành chính,DV01,2026-08-06,13:00,43.2,31.6,68.0,93.0,OK
KK1,Trạm Trung tâm hành chính,DV01,2026-08-06,14:00,49.2,30.4,72.0,93.0,OK
KK1,Trạm Trung tâm hành chính,DV01,2026-08-06,15:00,50.1,29.8,68.0,93.0,OK
KK1,Trạm Trung tâm hành chính,DV01,2026-08-06,16:00,30.9,30.5,65.0,92.0,OK
KK1,Trạm Trung tâm hành chính,DV01,2026-08-06,17:00,41.3,33.4,70.0,92.0,OK
KK1,Trạm Trung tâm hành chính,DV01,2026-08-06,18:00,42.9,28.0,86.0,92.0,OK
KK1,Trạm Trung tâm hành chính,DV01,2026-08-06,19:00,39.1,28.0,66.0,92.0,OK
KK1,Trạm Trung tâm hành chính,DV01,2026-08-06,20:00,38.9,32.4,70.0,92.0,OK
KK1,Trạm Trung tâm hành chính,DV01,2026-08-06,21:00,46.3,28.6,72.0,92.0,OK
KK1,Trạm Trung tâm hành chính,DV01,2026-08-06,22:00,51.2,29.7,70.0,92.0,OK
KK1,Trạm Trung tâm hành chính,DV01,2026-08-06,23:00,32.4,30.2,79.0,92.0,OK
KK1,Trạm Trung tâm hành chính,DV01,2026-08-07,00:00,42.6,27.1,79.0,92.0,OK
KK1,Trạm Trung tâm hành chính,DV01,2026-08-07,01:00,32.5,29.8,79.0,92.0,OK
KK1,Trạm Trung tâm hành chính,DV01,2026-08-07,02:00,49.8,28.4,71.0,92.0,OK
KK1,Trạm Trung tâm hành chính,DV01,2026-08-07,03:00,39.2,30.7,74.0,92.0,OK
KK1,Trạm Trung tâm hành chính,DV01,2026-08-07,04:00,25.7,30.1,76.0,92.0,OK
KK1,Trạm Trung tâm hành chính,DV01,2026-08-07,05:00,29.8,31.5,69.0,92.0,OK
KK1,Trạm Trung tâm hành chính,DV01,2026-08-07,06:00,41.4,33.2,79.0,92.0,OK
KK1,Trạm Trung tâm hành chính,DV01,2026-08-07,07:00,43.3,29.7,75.0,92.0,OK
KK1,Trạm Trung tâm hành chính,DV01,2026-08-07,08:00,37.5,32.8,59.0,92.0,OK
KK1,Trạm Trung tâm hành chính,DV01,2026-08-07,09:00,49.7,33.5,77.0,92.0,OK
KK1,Trạm Trung tâm hành chính,DV01,2026-08-07,10:00,37.4,36.3,86.0,92.0,OK
KK1,Trạm Trung tâm hành chính,DV01,2026-08-07,11:00,36.4,27.9,82.0,91.0,OK
KK1,Trạm Trung tâm hành chính,DV01,2026-08-07,12:00,41.4,27.5,73.0,91.0,OK
KK1,Trạm Trung tâm hành chính,DV01,2026-08-07,13:00,36.4,29.2,71.0,91.0,OK
KK1,Trạm Trung tâm hành chính,DV01,2026-08-07,14:00,35.3,30.5,76.0,91.0,OK
KK1,Trạm Trung tâm hành chính,DV01,2026-08-07,15:00,32.3,29.7,68.0,91.0,OK
KK1,Trạm Trung tâm hành chính,DV01,2026-08-07,16:00,30.2,32.4,69.0,91.0,OK
KK1,Trạm Trung tâm hành chính,DV01,2026-08-07,17:00,49.6,30.9,71.0,91.0,OK
KK1,Trạm Trung tâm hành chính,DV01,2026-08-07,18:00,39.8,30.4,72.0,91.0,OK
KK1,Trạm Trung tâm hành chính,DV01,2026-08-07,19:00,47.9,31.0,68.0,91.0,OK
KK1,Trạm Trung tâm hành chính,DV01,2026-08-07,20:00,40.6,29.2,89.0,91.0,OK
KK1,Trạm Trung tâm hành chính,DV01,2026-08-07,21:00,35.7,34.5,79.0,91.0,OK
KK1,Trạm Trung tâm hành chính,DV01,2026-08-07,22:00,39.3,28.1,75.0,91.0,OK
KK1,Trạm Trung tâm hành chính,DV01,2026-08-07,23:00,52.8,33.5,75.0,91.0,OK
KK1,Trạm Trung tâm hành chính,DV01,2026-08-08,00:00,44.8,26.3,82.0,91.0,OK
KK1,Trạm Trung tâm hành chính,DV01,2026-08-08,01:00,35.1,32.6,71.0,91.0,OK
KK1,Trạm Trung tâm hành chính,DV01,2026-08-08,02:00,31.8,30.2,66.0,91.0,OK
KK1,Trạm Trung tâm hành chính,DV01,2026-08-08,03:00,27.8,30.2,79.0,91.0,OK
KK1,Trạm Trung tâm hành chính,DV01,2026-08-08,04:00,42.0,32.7,73.0,91.0,OK
KK1,Trạm Trung tâm hành chính,DV01,2026-08-08,05:00,31.0,32.4,73.0,90.0,OK
KK1,Trạm Trung tâm hành chính,DV01,2026-08-08,06:00,39.8,29.4,65.0,90.0,OK
KK1,Trạm Trung tâm hành chính,DV01,2026-08-08,07:00,244.2,28.9,73.0,90.0,Nghi ngờ
KK1,Trạm Trung tâm hành chính,DV01,2026-08-08,08:00,31.7,28.3,72.0,90.0,OK
KK1,Trạm Trung tâm hành chính,DV01,2026-08-08,09:00,36.7,29.0,81.0,90.0,OK
KK1,Trạm Trung tâm hành chính,DV01,2026-08-08,10:00,28.3,24.4,88.0,90.0,OK
KK1,Trạm Trung tâm hành chính,DV01,2026-08-08,11:00,38.0,33.0,87.0,90.0,OK
KK1,Trạm Trung tâm hành chính,DV01,2026-08-08,12:00,34.5,34.9,78.0,90.0,OK
KK1,Trạm Trung tâm hành chính,DV01,2026-08-08,13:00,45.3,27.6,66.0,90.0,OK
KK1,Trạm Trung tâm hành chính,DV01,2026-08-08,14:00,39.0,26.1,79.0,90.0,OK
KK1,Trạm Trung tâm hành chính,DV01,2026-08-08,15:00,37.9,25.7,71.0,90.0,OK
KK1,Trạm Trung tâm hành chính,DV01,2026-08-08,16:00,45.4,34.1,70.0,90.0,OK
KK1,Trạm Trung tâm hành chính,DV01,2026-08-08,17:00,53.0,28.0,67.0,90.0,OK
KK1,Trạm Trung tâm hành chính,DV01,2026-08-08,18:00,53.8,28.3,82.0,90.0,OK
KK1,Trạm Trung tâm hành chính,DV01,2026-08-08,19:00,36.1,28.6,74.0,90.0,OK
KK1,Trạm Trung tâm hành chính,DV01,2026-08-08,20:00,35.7,28.5,84.0,90.0,OK
KK1,Trạm Trung tâm hành chính,DV01,2026-08-08,21:00,44.6,34.9,78.0,90.0,OK
KK1,Trạm Trung tâm hành chính,DV01,2026-08-08,22:00,46.1,31.1,78.0,90.0,OK
KK1,Trạm Trung tâm hành chính,DV01,2026-08-08,23:00,44.0,28.8,75.0,89.0,OK
KK1,Trạm Trung tâm hành chính,DV01,2026-08-09,00:00,32.8,26.7,64.0,89.0,OK
KK1,Trạm Trung tâm hành chính,DV01,2026-08-09,01:00,35.4,29.4,74.0,89.0,OK
KK1,Trạm Trung tâm hành chính,DV01,2026-08-09,02:00,46.6,36.0,81.0,89.0,OK
KK1,Trạm Trung tâm hành chính,DV01,2026-08-09,03:00,35.1,25.8,76.0,89.0,OK
KK1,Trạm Trung tâm hành chính,DV01,2026-08-09,04:00,32.4,30.7,60.0,89.0,OK
KK1,Trạm Trung tâm hành chính,DV01,2026-08-09,05:00,42.6,30.4,74.0,89.0,OK
KK1,Trạm Trung tâm hành chính,DV01,2026-08-09,06:00,33.7,30.8,69.0,89.0,OK
KK1,Trạm Trung tâm hành chính,DV01,2026-08-09,07:00,46.4,32.7,76.0,89.0,OK
KK1,Trạm Trung tâm hành chính,DV01,2026-08-09,08:00,45.2,35.4,83.0,89.0,OK
KK1,Trạm Trung tâm hành chính,DV01,2026-08-09,09:00,31.1,33.1,90.0,89.0,OK
KK1,Trạm Trung tâm hành chính,DV01,2026-08-09,10:00,31.4,30.8,80.0,89.0,OK
KK1,Trạm Trung tâm hành chính,DV01,2026-08-09,11:00,33.7,38.3,77.0,89.0,OK
KK1,Trạm Trung tâm hành chính,DV01,2026-08-09,12:00,33.3,29.8,78.0,89.0,OK
KK1,Trạm Trung tâm hành chính,DV01,2026-08-09,13:00,48.8,31.7,82.0,89.0,OK
KK1,Trạm Trung tâm hành chính,DV01,2026-08-09,14:00,42.7,34.7,71.0,89.0,OK
KK1,Trạm Trung tâm hành chính,DV01,2026-08-09,15:00,33.2,29.2,77.0,89.0,OK
KK1,Trạm Trung tâm hành chính,DV01,2026-08-09,16:00,36.8,33.2,68.0,89.0,OK
KK1,Trạm Trung tâm hành chính,DV01,2026-08-09,17:00,46.3,30.2,73.0,88.0,OK
KK1,Trạm Trung tâm hành chính,DV01,2026-08-09,18:00,53.5,25.4,78.0,88.0,OK
KK1,Trạm Trung tâm hành chính,DV01,2026-08-09,19:00,50.9,28.7,72.0,88.0,OK
KK1,Trạm Trung tâm hành chính,DV01,2026-08-09,20:00,48.0,30.2,60.0,88.0,OK
KK1,Trạm Trung tâm hành chính,DV01,2026-08-09,21:00,30.9,27.0,81.0,88.0,OK
KK1,Trạm Trung tâm hành chính,DV01,2026-08-09,22:00,39.2,33.5,74.0,88.0,OK
KK1,Trạm Trung tâm hành chính,DV01,2026-08-09,23:00,53.1,26.8,91.0,88.0,OK
KK1,Trạm Trung tâm hành chính,DV01,2026-08-10,00:00,30.6,33.0,82.0,88.0,OK
KK1,Trạm Trung tâm hành chính,DV01,2026-08-10,01:00,37.0,31.8,85.0,88.0,OK
KK1,Trạm Trung tâm hành chính,DV01,2026-08-10,02:00,41.9,32.8,78.0,88.0,OK
KK1,Trạm Trung tâm hành chính,DV01,2026-08-10,03:00,39.5,40.1,74.0,88.0,OK
KK1,Trạm Trung tâm hành chính,DV01,2026-08-10,04:00,26.5,33.2,67.0,88.0,OK
KK1,Trạm Trung tâm hành chính,DV01,2026-08-10,05:00,30.3,31.5,78.0,88.0,OK
KK1,Trạm Trung tâm hành chính,DV01,2026-08-10,06:00,34.0,26.5,66.0,88.0,OK
KK1,Trạm Trung tâm hành chính,DV01,2026-08-10,07:00,38.7,32.5,73.0,88.0,OK
KK1,Trạm Trung tâm hành chính,DV01,2026-08-10,08:00,38.6,23.3,86.0,88.0,OK
KK1,Trạm Trung tâm hành chính,DV01,2026-08-10,09:00,43.0,32.0,63.0,88.0,OK
KK1,Trạm Trung tâm hành chính,DV01,2026-08-10,10:00,42.3,29.3,76.0,88.0,OK
KK1,Trạm Trung tâm hành chính,DV01,2026-08-10,11:00,30.6,30.0,89.0,88.0,OK
KK1,Trạm Trung tâm hành chính,DV01,2026-08-10,12:00,40.1,27.9,79.0,87.0,OK
KK1,Trạm Trung tâm hành chính,DV01,2026-08-10,13:00,46.6,27.6,72.0,87.0,OK
KK1,Trạm Trung tâm hành chính,DV01,2026-08-10,14:00,30.1,30.4,74.0,87.0,OK
KK1,Trạm Trung tâm hành chính,DV01,2026-08-10,15:00,32.6,29.5,74.0,87.0,OK
KK1,Trạm Trung tâm hành chính,DV01,2026-08-10,16:00,41.0,30.3,76.0,87.0,OK
KK1,Trạm Trung tâm hành chính,DV01,2026-08-10,17:00,54.5,31.4,64.0,87.0,OK
KK1,Trạm Trung tâm hành chính,DV01,2026-08-10,18:00,37.4,26.3,64.0,87.0,OK
KK1,Trạm Trung tâm hành chính,DV01,2026-08-10,19:00,47.9,26.1,79.0,87.0,OK
KK1,Trạm Trung tâm hành chính,DV01,2026-08-10,20:00,37.5,29.6,66.0,87.0,OK
KK1,Trạm Trung tâm hành chính,DV01,2026-08-10,21:00,45.2,31.1,79.0,87.0,OK
KK1,Trạm Trung tâm hành chính,DV01,2026-08-10,22:00,46.2,37.5,74.0,87.0,OK
KK1,Trạm Trung tâm hành chính,DV01,2026-08-10,23:00,46.8,31.6,86.0,87.0,OK
KK1,Trạm Trung tâm hành chính,DV01,2026-08-11,00:00,49.1,31.0,68.0,87.0,OK
KK1,Trạm Trung tâm hành chính,DV01,2026-08-11,01:00,37.6,32.2,80.0,87.0,OK
KK1,Trạm Trung tâm hành chính,DV01,2026-08-11,02:00,43.4,30.8,67.0,87.0,OK
KK1,Trạm Trung tâm hành chính,DV01,2026-08-11,03:00,41.5,27.0,66.0,87.0,OK
KK1,Trạm Trung tâm hành chính,DV01,2026-08-11,04:00,32.2,29.5,77.0,87.0,OK
KK1,Trạm Trung tâm hành chính,DV01,2026-08-11,05:00,33.9,27.9,88.0,87.0,OK
KK1,Trạm Trung tâm hành chính,DV01,2026-08-11,06:00,32.2,29.2,70.0,86.0,OK
KK1,Trạm Trung tâm hành chính,DV01,2026-08-11,07:00,48.8,30.7,89.0,86.0,OK
KK1,Trạm Trung tâm hành chính,DV01,2026-08-11,08:00,40.3,35.1,76.0,86.0,OK
KK1,Trạm Trung tâm hành chính,DV01,2026-08-11,09:00,37.7,34.2,72.0,86.0,OK
KK1,Trạm Trung tâm hành chính,DV01,2026-08-11,10:00,31.0,33.3,75.0,86.0,OK
KK1,Trạm Trung tâm hành chính,DV01,2026-08-11,11:00,48.8,26.6,80.0,86.0,OK
KK1,Trạm Trung tâm hành chính,DV01,2026-08-11,12:00,40.4,28.4,63.0,86.0,OK
KK1,Trạm Trung tâm hành chính,DV01,2026-08-11,13:00,27.9,33.0,78.0,86.0,OK
KK1,Trạm Trung tâm hành chính,DV01,2026-08-11,14:00,37.0,31.1,77.0,86.0,OK
KK1,Trạm Trung tâm hành chính,DV01,2026-08-11,15:00,31.7,32.0,72.0,86.0,OK
KK1,Trạm Trung tâm hành chính,DV01,2026-08-11,16:00,49.5,32.4,71.0,86.0,OK
KK1,Trạm Trung tâm hành chính,DV01,2026-08-11,17:00,40.2,29.2,88.0,86.0,OK
KK1,Trạm Trung tâm hành chính,DV01,2026-08-11,18:00,49.7,32.5,70.0,86.0,OK
KK1,Trạm Trung tâm hành chính,DV01,2026-08-11,19:00,37.0,33.8,67.0,86.0,OK
KK1,Trạm Trung tâm hành chính,DV01,2026-08-11,20:00,35.2,29.9,88.0,86.0,OK
KK1,Trạm Trung tâm hành chính,DV01,2026-08-11,21:00,46.1,24.9,84.0,86.0,OK
KK1,Trạm Trung tâm hành chính,DV01,2026-08-11,22:00,38.7,32.3,74.0,86.0,OK
KK1,Trạm Trung tâm hành chính,DV01,2026-08-11,23:00,33.6,32.8,74.0,86.0,OK
KK1,Trạm Trung tâm hành chính,DV01,2026-08-12,00:00,42.6,28.3,80.0,85.0,OK
KK1,Trạm Trung tâm hành chính,DV01,2026-08-12,01:00,38.7,34.5,52.0,85.0,OK
KK1,Trạm Trung tâm hành chính,DV01,2026-08-12,02:00,38.9,32.9,72.0,85.0,OK
KK1,Trạm Trung tâm hành chính,DV01,2026-08-12,03:00,29.5,29.3,83.0,85.0,OK
KK1,Trạm Trung tâm hành chính,DV01,2026-08-12,04:00,27.9,30.4,81.0,85.0,OK
KK1,Trạm Trung tâm hành chính,DV01,2026-08-12,05:00,30.3,29.8,62.0,85.0,OK
KK1,Trạm Trung tâm hành chính,DV01,2026-08-12,06:00,46.6,28.7,77.0,85.0,OK
KK1,Trạm Trung tâm hành chính,DV01,2026-08-12,07:00,40.4,28.8,63.0,85.0,OK
KK1,Trạm Trung tâm hành chính,DV01,2026-08-12,08:00,30.1,33.7,69.0,85.0,OK
KK1,Trạm Trung tâm hành chính,DV01,2026-08-12,09:00,47.3,31.9,81.0,85.0,OK
KK1,Trạm Trung tâm hành chính,DV01,2026-08-12,10:00,45.1,31.3,61.0,85.0,OK
KK1,Trạm Trung tâm hành chính,DV01,2026-08-12,11:00,36.8,29.2,79.0,85.0,OK
KK1,Trạm Trung tâm hành chính,DV01,2026-08-12,12:00,32.0,31.9,78.0,85.0,OK
KK1,Trạm Trung tâm hành chính,DV01,2026-08-12,13:00,39.5,26.7,70.0,85.0,OK
KK1,Trạm Trung tâm hành chính,DV01,2026-08-12,14:00,41.9,33.5,78.0,85.0,OK
KK1,Trạm Trung tâm hành chính,DV01,2026-08-12,15:00,41.0,30.7,60.0,85.0,OK
KK1,Trạm Trung tâm hành chính,DV01,2026-08-12,16:00,43.0,31.0,73.0,85.0,OK
KK1,Trạm Trung tâm hành chính,DV01,2026-08-12,17:00,53.2,26.0,82.0,85.0,OK
KK1,Trạm Trung tâm hành chính,DV01,2026-08-12,18:00,52.1,32.2,79.0,85.0,OK
KK1,Trạm Trung tâm hành chính,DV01,2026-08-12,19:00,32.1,29.5,92.0,84.0,OK
KK1,Trạm Trung tâm hành chính,DV01,2026-08-12,20:00,29.6,26.8,78.0,84.0,OK
KK1,Trạm Trung tâm hành chính,DV01,2026-08-12,21:00,46.4,32.8,71.0,84.0,OK
KK1,Trạm Trung tâm hành chính,DV01,2026-08-12,22:00,49.8,31.2,78.0,84.0,OK
KK1,Trạm Trung tâm hành chính,DV01,2026-08-12,23:00,34.2,32.8,72.0,84.0,OK
KK1,Trạm Trung tâm hành chính,DV01,2026-08-13,00:00,30.5,26.5,77.0,84.0,OK
KK1,Trạm Trung tâm hành chính,DV01,2026-08-13,01:00,50.3,29.1,65.0,84.0,OK
KK1,Trạm Trung tâm hành chính,DV01,2026-08-13,02:00,32.9,26.8,86.0,84.0,OK
KK1,Trạm Trung tâm hành chính,DV01,2026-08-13,03:00,38.1,35.3,82.0,84.0,OK
KK1,Trạm Trung tâm hành chính,DV01,2026-08-13,04:00,35.2,31.5,67.0,84.0,OK
KK1,Trạm Trung tâm hành chính,DV01,2026-08-13,05:00,42.0,32.7,83.0,84.0,OK
KK1,Trạm Trung tâm hành chính,DV01,2026-08-13,06:00,34.6,28.7,57.0,84.0,OK
KK1,Trạm Trung tâm hành chính,DV01,2026-08-13,07:00,44.6,35.7,83.0,84.0,OK
KK1,Trạm Trung tâm hành chính,DV01,2026-08-13,08:00,44.7,36.1,67.0,84.0,OK
KK1,Trạm Trung tâm hành chính,DV01,2026-08-13,09:00,49.4,31.0,78.0,84.0,OK
KK1,Trạm Trung tâm hành chính,DV01,2026-08-13,10:00,35.6,28.9,74.0,84.0,OK
KK1,Trạm Trung tâm hành chính,DV01,2026-08-13,11:00,43.3,34.2,72.0,84.0,OK
KK1,Trạm Trung tâm hành chính,DV01,2026-08-13,12:00,29.4,34.2,75.0,84.0,OK
KK1,Trạm Trung tâm hành chính,DV01,2026-08-13,13:00,27.2,33.0,90.0,83.0,OK
KK1,Trạm Trung tâm hành chính,DV01,2026-08-13,14:00,29.2,35.6,84.0,83.0,OK
KK1,Trạm Trung tâm hành chính,DV01,2026-08-13,15:00,37.8,30.9,66.0,83.0,OK
KK1,Trạm Trung tâm hành chính,DV01,2026-08-13,16:00,37.9,33.5,76.0,83.0,OK
KK1,Trạm Trung tâm hành chính,DV01,2026-08-13,17:00,33.2,29.1,61.0,83.0,OK
KK1,Trạm Trung tâm hành chính,DV01,2026-08-13,18:00,32.7,26.0,59.0,83.0,OK
KK1,Trạm Trung tâm hành chính,DV01,2026-08-13,19:00,50.7,33.0,66.0,83.0,OK
KK1,Trạm Trung tâm hành chính,DV01,2026-08-13,20:00,31.1,31.6,76.0,83.0,OK
KK1,Trạm Trung tâm hành chính,DV01,2026-08-13,21:00,42.0,32.4,60.0,83.0,OK
KK1,Trạm Trung tâm hành chính,DV01,2026-08-13,22:00,50.1,33.2,74.0,83.0,OK
KK1,Trạm Trung tâm hành chính,DV01,2026-08-13,23:00,33.0,31.2,88.0,83.0,OK
KK1,Trạm Trung tâm hành chính,DV01,2026-08-14,00:00,74.9,31.8,69.0,83.0,OK
KK1,Trạm Trung tâm hành chính,DV01,2026-08-14,01:00,46.3,25.4,66.0,83.0,OK
KK1,Trạm Trung tâm hành chính,DV01,2026-08-14,02:00,52.2,26.6,80.0,83.0,OK
KK1,Trạm Trung tâm hành chính,DV01,2026-08-14,03:00,53.3,30.1,79.0,83.0,OK
KK1,Trạm Trung tâm hành chính,DV01,2026-08-14,04:00,46.5,30.8,79.0,83.0,OK
KK1,Trạm Trung tâm hành chính,DV01,2026-08-14,05:00,71.1,34.1,79.0,83.0,OK
KK1,Trạm Trung tâm hành chính,DV01,2026-08-14,06:00,73.2,28.1,79.0,83.0,OK
KK1,Trạm Trung tâm hành chính,DV01,2026-08-14,07:00,77.8,31.3,74.0,82.0,OK
KK1,Trạm Trung tâm hành chính,DV01,2026-08-14,08:00,82.1,27.7,73.0,82.0,OK
KK1,Trạm Trung tâm hành chính,DV01,2026-08-14,09:00,71.0,32.3,78.0,82.0,OK
KK1,Trạm Trung tâm hành chính,DV01,2026-08-14,10:00,47.6,31.0,76.0,82.0,OK
KK1,Trạm Trung tâm hành chính,DV01,2026-08-14,11:00,65.7,32.1,65.0,82.0,OK
KK1,Trạm Trung tâm hành chính,DV01,2026-08-14,12:00,65.6,30.8,70.0,82.0,OK
KK1,Trạm Trung tâm hành chính,DV01,2026-08-14,13:00,55.2,34.1,67.0,82.0,OK
KK1,Trạm Trung tâm hành chính,DV01,2026-08-14,14:00,60.1,27.8,73.0,82.0,OK
KK1,Trạm Trung tâm hành chính,DV01,2026-08-14,15:00,44.8,30.1,64.0,82.0,OK
KK1,Trạm Trung tâm hành chính,DV01,2026-08-14,16:00,55.6,36.8,71.0,82.0,OK
KK1,Trạm Trung tâm hành chính,DV01,2026-08-14,17:00,64.3,28.0,77.0,82.0,OK
KK1,Trạm Trung tâm hành chính,DV01,2026-08-14,18:00,69.3,33.0,78.0,82.0,OK
KK1,Trạm Trung tâm hành chính,DV01,2026-08-14,19:00,64.0,28.4,64.0,82.0,OK
KK1,Trạm Trung tâm hành chính,DV01,2026-08-14,20:00,66.2,32.4,80.0,82.0,OK
KK1,Trạm Trung tâm hành chính,DV01,2026-08-14,21:00,51.7,33.6,77.0,82.0,OK
KK1,Trạm Trung tâm hành chính,DV01,2026-08-14,22:00,78.8,29.5,74.0,82.0,OK
KK1,Trạm Trung tâm hành chính,DV01,2026-08-14,23:00,60.9,27.6,75.0,82.0,OK
KK1,Trạm Trung tâm hành chính,DV01,2026-08-15,00:00,75.3,33.4,74.0,82.0,OK
KK1,Trạm Trung tâm hành chính,DV01,2026-08-15,01:00,64.8,25.9,86.0,81.0,OK
KK1,Trạm Trung tâm hành chính,DV01,2026-08-15,02:00,57.8,27.8,62.0,81.0,OK
KK1,Trạm Trung tâm hành chính,DV01,2026-08-15,03:00,207.0,31.0,70.0,81.0,Nghi ngờ
KK1,Trạm Trung tâm hành chính,DV01,2026-08-15,04:00,49.6,24.4,80.0,81.0,OK
KK1,Trạm Trung tâm hành chính,DV01,2026-08-15,05:00,53.6,28.5,60.0,81.0,OK
KK1,Trạm Trung tâm hành chính,DV01,2026-08-15,06:00,76.7,32.2,88.0,81.0,OK
KK1,Trạm Trung tâm hành chính,DV01,2026-08-15,07:00,57.7,29.8,65.0,81.0,OK
KK1,Trạm Trung tâm hành chính,DV01,2026-08-15,08:00,48.4,33.7,86.0,81.0,OK
KK1,Trạm Trung tâm hành chính,DV01,2026-08-15,09:00,58.8,33.3,72.0,81.0,OK
KK1,Trạm Trung tâm hành chính,DV01,2026-08-15,10:00,59.5,29.4,81.0,81.0,OK
KK1,Trạm Trung tâm hành chính,DV01,2026-08-15,11:00,46.0,27.9,77.0,81.0,OK
KK1,Trạm Trung tâm hành chính,DV01,2026-08-15,12:00,62.2,29.1,73.0,81.0,OK
KK1,Trạm Trung tâm hành chính,DV01,2026-08-15,13:00,45.4,34.4,74.0,81.0,OK
KK1,Trạm Trung tâm hành chính,DV01,2026-08-15,14:00,49.3,33.9,85.0,81.0,OK
KK1,Trạm Trung tâm hành chính,DV01,2026-08-15,15:00,51.4,30.5,82.0,81.0,OK
KK1,Trạm Trung tâm hành chính,DV01,2026-08-15,16:00,81.1,31.1,76.0,81.0,OK
KK1,Trạm Trung tâm hành chính,DV01,2026-08-15,17:00,62.0,33.2,73.0,81.0,OK
KK1,Trạm Trung tâm hành chính,DV01,2026-08-15,18:00,72.9,28.8,71.0,81.0,OK
KK1,Trạm Trung tâm hành chính,DV01,2026-08-15,19:00,64.4,31.2,87.0,81.0,OK
KK1,Trạm Trung tâm hành chính,DV01,2026-08-15,20:00,68.6,31.1,65.0,80.0,OK
KK1,Trạm Trung tâm hành chính,DV01,2026-08-15,21:00,46.8,30.0,68.0,80.0,OK
KK1,Trạm Trung tâm hành chính,DV01,2026-08-15,22:00,82.2,25.8,84.0,80.0,OK
KK1,Trạm Trung tâm hành chính,DV01,2026-08-15,23:00,82.5,28.5,70.0,80.0,OK
KK1,Trạm Trung tâm hành chính,DV01,2026-08-16,00:00,64.0,31.8,72.0,80.0,OK
KK1,Trạm Trung tâm hành chính,DV01,2026-08-16,01:00,53.2,33.9,73.0,80.0,OK
KK1,Trạm Trung tâm hành chính,DV01,2026-08-16,02:00,53.5,32.3,81.0,80.0,OK
KK1,Trạm Trung tâm hành chính,DV01,2026-08-16,03:00,51.0,29.7,54.0,80.0,OK
KK1,Trạm Trung tâm hành chính,DV01,2026-08-16,04:00,40.4,32.6,68.0,80.0,OK
KK1,Trạm Trung tâm hành chính,DV01,2026-08-16,05:00,60.2,29.4,74.0,80.0,OK
KK1,Trạm Trung tâm hành chính,DV01,2026-08-16,06:00,69.4,30.8,81.0,80.0,OK
KK1,Trạm Trung tâm hành chính,DV01,2026-08-16,07:00,61.6,28.7,85.0,80.0,OK
KK1,Trạm Trung tâm hành chính,DV01,2026-08-16,08:00,60.5,32.9,77.0,80.0,OK
KK1,Trạm Trung tâm hành chính,DV01,2026-08-16,09:00,73.5,24.1,68.0,80.0,OK
KK1,Trạm Trung tâm hành chính,DV01,2026-08-16,10:00,57.5,26.5,66.0,80.0,OK
KK1,Trạm Trung tâm hành chính,DV01,2026-08-16,11:00,68.1,30.7,86.0,80.0,OK
KK1,Trạm Trung tâm hành chính,DV01,2026-08-16,12:00,45.3,25.4,75.0,80.0,OK
KK1,Trạm Trung tâm hành chính,DV01,2026-08-16,13:00,70.1,25.1,88.0,80.0,OK
KK1,Trạm Trung tâm hành chính,DV01,2026-08-16,14:00,55.3,30.6,72.0,79.0,OK
KK1,Trạm Trung tâm hành chính,DV01,2026-08-16,15:00,65.3,30.2,69.0,79.0,OK
KK1,Trạm Trung tâm hành chính,DV01,2026-08-16,16:00,83.0,31.8,67.0,79.0,OK
KK1,Trạm Trung tâm hành chính,DV01,2026-08-16,17:00,79.4,31.2,80.0,79.0,OK
KK1,Trạm Trung tâm hành chính,DV01,2026-08-16,18:00,63.4,37.1,68.0,79.0,OK
KK1,Trạm Trung tâm hành chính,DV01,2026-08-16,19:00,62.0,22.5,68.0,79.0,OK
KK1,Trạm Trung tâm hành chính,DV01,2026-08-16,20:00,65.7,32.0,74.0,79.0,OK
KK1,Trạm Trung tâm hành chính,DV01,2026-08-16,21:00,67.6,31.2,75.0,79.0,OK
KK1,Trạm Trung tâm hành chính,DV01,2026-08-16,22:00,71.4,30.5,64.0,79.0,OK
KK1,Trạm Trung tâm hành chính,DV01,2026-08-16,23:00,46.5,26.9,75.0,79.0,OK
KK1,Trạm Trung tâm hành chính,DV01,2026-08-17,00:00,57.3,31.0,72.0,79.0,OK
KK1,Trạm Trung tâm hành chính,DV01,2026-08-17,01:00,62.7,33.7,72.0,79.0,OK
KK1,Trạm Trung tâm hành chính,DV01,2026-08-17,02:00,58.8,29.8,66.0,79.0,OK
KK1,Trạm Trung tâm hành chính,DV01,2026-08-17,03:00,55.9,28.7,78.0,79.0,OK
KK1,Trạm Trung tâm hành chính,DV01,2026-08-17,04:00,62.9,27.1,63.0,79.0,OK
KK1,Trạm Trung tâm hành chính,DV01,2026-08-17,05:00,44.8,30.3,94.0,79.0,OK
KK1,Trạm Trung tâm hành chính,DV01,2026-08-17,06:00,55.5,30.7,72.0,79.0,OK
KK1,Trạm Trung tâm hành chính,DV01,2026-08-17,07:00,53.9,32.6,66.0,79.0,OK
KK1,Trạm Trung tâm hành chính,DV01,2026-08-17,08:00,76.7,31.9,94.0,78.0,OK
KK1,Trạm Trung tâm hành chính,DV01,2026-08-17,09:00,66.0,29.9,88.0,78.0,OK
KK1,Trạm Trung tâm hành chính,DV01,2026-08-17,10:00,51.3,26.9,82.0,78.0,OK
KK1,Trạm Trung tâm hành chính,DV01,2026-08-17,11:00,54.8,30.2,70.0,78.0,OK
KK1,Trạm Trung tâm hành chính,DV01,2026-08-17,12:00,46.5,30.0,84.0,78.0,OK
KK1,Trạm Trung tâm hành chính,DV01,2026-08-17,13:00,65.6,39.1,76.0,78.0,OK
KK1,Trạm Trung tâm hành chính,DV01,2026-08-17,14:00,65.8,27.9,61.0,78.0,OK
KK1,Trạm Trung tâm hành chính,DV01,2026-08-17,15:00,60.1,34.2,58.0,78.0,OK
KK1,Trạm Trung tâm hành chính,DV01,2026-08-17,16:00,64.7,23.7,66.0,78.0,OK
KK1,Trạm Trung tâm hành chính,DV01,2026-08-17,17:00,88.2,31.7,68.0,78.0,OK
KK1,Trạm Trung tâm hành chính,DV01,2026-08-17,18:00,48.0,26.7,79.0,78.0,OK
KK1,Trạm Trung tâm hành chính,DV01,2026-08-17,19:00,58.3,26.4,80.0,78.0,OK
KK1,Trạm Trung tâm hành chính,DV01,2026-08-17,20:00,59.1,33.1,78.0,78.0,OK
KK1,Trạm Trung tâm hành chính,DV01,2026-08-17,21:00,70.1,35.5,72.0,78.0,OK
KK1,Trạm Trung tâm hành chính,DV01,2026-08-17,22:00,81.8,25.3,79.0,78.0,OK
KK1,Trạm Trung tâm hành chính,DV01,2026-08-17,23:00,61.7,30.0,74.0,78.0,OK
KK1,Trạm Trung tâm hành chính,DV01,2026-08-18,00:00,37.3,28.7,73.0,78.0,OK
KK1,Trạm Trung tâm hành chính,DV01,2026-08-18,01:00,31.2,29.7,77.0,78.0,OK
KK1,Trạm Trung tâm hành chính,DV01,2026-08-18,02:00,32.5,29.1,90.0,78.0,OK
KK1,Trạm Trung tâm hành chính,DV01,2026-08-18,03:00,37.7,37.0,70.0,77.0,OK
KK1,Trạm Trung tâm hành chính,DV01,2026-08-18,04:00,36.5,26.8,73.0,77.0,OK
KK1,Trạm Trung tâm hành chính,DV01,2026-08-18,05:00,43.7,32.4,73.0,77.0,OK
KK1,Trạm Trung tâm hành chính,DV01,2026-08-18,06:00,47.2,31.9,84.0,77.0,OK
KK1,Trạm Trung tâm hành chính,DV01,2026-08-18,07:00,54.4,30.3,85.0,77.0,OK
KK1,Trạm Trung tâm hành chính,DV01,2026-08-18,08:00,32.6,32.1,78.0,77.0,OK
KK1,Trạm Trung tâm hành chính,DV01,2026-08-18,09:00,43.4,30.7,76.0,77.0,OK
KK1,Trạm Trung tâm hành chính,DV01,2026-08-18,10:00,27.4,33.4,72.0,77.0,OK
KK1,Trạm Trung tâm hành chính,DV01,2026-08-18,11:00,36.2,29.9,82.0,77.0,OK
KK1,Trạm Trung tâm hành chính,DV01,2026-08-18,12:00,37.6,34.4,82.0,77.0,OK
KK1,Trạm Trung tâm hành chính,DV01,2026-08-18,13:00,30.5,29.1,66.0,77.0,OK
KK1,Trạm Trung tâm hành chính,DV01,2026-08-18,14:00,41.2,27.6,76.0,77.0,OK
KK1,Trạm Trung tâm hành chính,DV01,2026-08-18,15:00,46.3,31.2,78.0,77.0,OK
KK1,Trạm Trung tâm hành chính,DV01,2026-08-18,16:00,44.1,34.4,93.0,77.0,OK
KK1,Trạm Trung tâm hành chính,DV01,2026-08-18,17:00,34.9,27.2,73.0,77.0,OK
KK1,Trạm Trung tâm hành chính,DV01,2026-08-18,18:00,53.5,35.2,74.0,77.0,OK
KK1,Trạm Trung tâm hành chính,DV01,2026-08-18,19:00,45.6,32.2,66.0,77.0,OK
KK1,Trạm Trung tâm hành chính,DV01,2026-08-18,20:00,41.6,28.0,79.0,77.0,OK
KK1,Trạm Trung tâm hành chính,DV01,2026-08-18,21:00,36.1,30.6,61.0,76.0,OK
KK1,Trạm Trung tâm hành chính,DV01,2026-08-18,22:00,47.2,34.3,79.0,76.0,OK
KK1,Trạm Trung tâm hành chính,DV01,2026-08-18,23:00,48.4,25.3,70.0,76.0,OK
KK1,Trạm Trung tâm hành chính,DV01,2026-08-19,00:00,48.8,32.0,73.0,76.0,OK
KK1,Trạm Trung tâm hành chính,DV01,2026-08-19,01:00,47.8,31.2,67.0,76.0,OK
KK1,Trạm Trung tâm hành chính,DV01,2026-08-19,02:00,48.7,32.4,74.0,76.0,OK
KK1,Trạm Trung tâm hành chính,DV01,2026-08-19,03:00,35.6,29.8,65.0,76.0,OK
KK1,Trạm Trung tâm hành chính,DV01,2026-08-19,04:00,25.5,30.0,77.0,76.0,OK
KK1,Trạm Trung tâm hành chính,DV01,2026-08-19,05:00,41.1,30.0,85.0,76.0,OK
KK1,Trạm Trung tâm hành chính,DV01,2026-08-19,06:00,44.7,29.7,82.0,76.0,OK
KK1,Trạm Trung tâm hành chính,DV01,2026-08-19,07:00,38.1,29.8,67.0,76.0,OK
KK1,Trạm Trung tâm hành chính,DV01,2026-08-19,08:00,47.4,30.4,79.0,76.0,OK
KK1,Trạm Trung tâm hành chính,DV01,2026-08-19,09:00,40.5,33.3,87.0,76.0,OK
KK1,Trạm Trung tâm hành chính,DV01,2026-08-19,10:00,49.4,28.1,65.0,76.0,OK
KK1,Trạm Trung tâm hành chính,DV01,2026-08-19,11:00,37.2,34.0,75.0,76.0,OK
KK1,Trạm Trung tâm hành chính,DV01,2026-08-19,12:00,49.4,33.2,77.0,76.0,OK
KK1,Trạm Trung tâm hành chính,DV01,2026-08-19,13:00,47.1,30.9,71.0,76.0,OK
KK1,Trạm Trung tâm hành chính,DV01,2026-08-19,14:00,175.5,30.1,71.0,76.0,Nghi ngờ
KK1,Trạm Trung tâm hành chính,DV01,2026-08-19,15:00,45.8,28.6,69.0,76.0,OK
KK1,Trạm Trung tâm hành chính,DV01,2026-08-19,16:00,36.7,32.1,83.0,75.0,OK
KK1,Trạm Trung tâm hành chính,DV01,2026-08-19,17:00,42.4,31.4,81.0,75.0,OK
KK1,Trạm Trung tâm hành chính,DV01,2026-08-19,18:00,41.5,27.7,74.0,75.0,OK
KK1,Trạm Trung tâm hành chính,DV01,2026-08-19,19:00,38.5,34.2,86.0,75.0,OK
KK1,Trạm Trung tâm hành chính,DV01,2026-08-19,20:00,34.3,27.1,76.0,75.0,OK
KK1,Trạm Trung tâm hành chính,DV01,2026-08-19,21:00,40.8,31.6,70.0,75.0,OK
KK1,Trạm Trung tâm hành chính,DV01,2026-08-19,22:00,293.2,30.1,64.0,75.0,Nghi ngờ
KK1,Trạm Trung tâm hành chính,DV01,2026-08-19,23:00,35.4,30.8,81.0,75.0,OK
KK1,Trạm Trung tâm hành chính,DV01,2026-08-20,00:00,33.1,33.5,82.0,75.0,OK
KK1,Trạm Trung tâm hành chính,DV01,2026-08-20,01:00,45.5,34.0,83.0,75.0,OK
KK1,Trạm Trung tâm hành chính,DV01,2026-08-20,02:00,35.5,30.9,65.0,75.0,OK
KK1,Trạm Trung tâm hành chính,DV01,2026-08-20,03:00,35.4,29.2,71.0,75.0,OK
KK1,Trạm Trung tâm hành chính,DV01,2026-08-20,04:00,29.9,26.9,62.0,75.0,OK
KK1,Trạm Trung tâm hành chính,DV01,2026-08-20,05:00,26.3,27.8,81.0,75.0,OK
KK1,Trạm Trung tâm hành chính,DV01,2026-08-20,06:00,40.2,28.9,70.0,75.0,OK
KK1,Trạm Trung tâm hành chính,DV01,2026-08-20,07:00,47.2,31.6,80.0,75.0,OK
KK1,Trạm Trung tâm hành chính,DV01,2026-08-20,08:00,47.9,25.5,69.0,75.0,OK
KK1,Trạm Trung tâm hành chính,DV01,2026-08-20,09:00,48.4,31.7,76.0,75.0,OK
KK1,Trạm Trung tâm hành chính,DV01,2026-08-20,10:00,48.2,30.9,76.0,74.0,OK
KK1,Trạm Trung tâm hành chính,DV01,2026-08-20,11:00,35.4,30.6,76.0,74.0,OK
KK1,Trạm Trung tâm hành chính,DV01,2026-08-20,12:00,35.2,27.5,76.0,74.0,OK
KK1,Trạm Trung tâm hành chính,DV01,2026-08-20,13:00,49.2,27.5,76.0,74.0,OK
KK1,Trạm Trung tâm hành chính,DV01,2026-08-20,14:00,30.6,30.0,77.0,74.0,OK
KK1,Trạm Trung tâm hành chính,DV01,2026-08-20,15:00,43.8,28.3,86.0,74.0,OK
KK1,Trạm Trung tâm hành chính,DV01,2026-08-20,16:00,39.6,26.4,71.0,74.0,OK
KK1,Trạm Trung tâm hành chính,DV01,2026-08-20,17:00,57.1,29.5,66.0,74.0,OK
KK1,Trạm Trung tâm hành chính,DV01,2026-08-20,18:00,36.3,34.3,76.0,74.0,OK
KK1,Trạm Trung tâm hành chính,DV01,2026-08-20,19:00,30.2,34.7,76.0,74.0,OK
KK1,Trạm Trung tâm hành chính,DV01,2026-08-20,20:00,38.4,29.7,80.0,74.0,OK
KK1,Trạm Trung tâm hành chính,DV01,2026-08-20,21:00,28.5,28.7,72.0,74.0,OK
KK1,Trạm Trung tâm hành chính,DV01,2026-08-20,22:00,32.4,32.1,64.0,74.0,OK
KK1,Trạm Trung tâm hành chính,DV01,2026-08-20,23:00,32.8,26.8,66.0,74.0,OK
KK1,Trạm Trung tâm hành chính,DV01,2026-08-21,00:00,46.8,29.5,82.0,74.0,OK
KK1,Trạm Trung tâm hành chính,DV01,2026-08-21,01:00,50.6,31.3,74.0,74.0,OK
KK1,Trạm Trung tâm hành chính,DV01,2026-08-21,02:00,34.6,29.0,79.0,74.0,OK
KK1,Trạm Trung tâm hành chính,DV01,2026-08-21,03:00,40.9,30.8,78.0,74.0,OK
KK1,Trạm Trung tâm hành chính,DV01,2026-08-21,04:00,26.4,36.3,61.0,74.0,OK
KK1,Trạm Trung tâm hành chính,DV01,2026-08-21,05:00,34.7,29.0,69.0,73.0,OK
KK1,Trạm Trung tâm hành chính,DV01,2026-08-21,06:00,39.6,33.0,81.0,73.0,OK
KK1,Trạm Trung tâm hành chính,DV01,2026-08-21,07:00,45.7,30.5,83.0,73.0,OK
KK1,Trạm Trung tâm hành chính,DV01,2026-08-21,08:00,50.4,30.8,72.0,73.0,OK
KK1,Trạm Trung tâm hành chính,DV01,2026-08-21,09:00,34.2,28.2,72.0,73.0,OK
KK1,Trạm Trung tâm hành chính,DV01,2026-08-21,10:00,27.9,27.2,65.0,73.0,OK
KK1,Trạm Trung tâm hành chính,DV01,2026-08-21,11:00,31.8,29.0,67.0,73.0,OK
KK1,Trạm Trung tâm hành chính,DV01,2026-08-21,12:00,45.6,30.6,79.0,73.0,OK
KK1,Trạm Trung tâm hành chính,DV01,2026-08-21,13:00,28.6,31.3,59.0,73.0,OK
KK1,Trạm Trung tâm hành chính,DV01,2026-08-21,14:00,42.7,26.6,74.0,73.0,OK
KK1,Trạm Trung tâm hành chính,DV01,2026-08-21,15:00,49.5,33.1,78.0,73.0,OK
KK1,Trạm Trung tâm hành chính,DV01,2026-08-21,16:00,42.1,36.0,64.0,73.0,OK
KK1,Trạm Trung tâm hành chính,DV01,2026-08-21,17:00,47.0,32.1,80.0,73.0,OK
KK1,Trạm Trung tâm hành chính,DV01,2026-08-21,18:00,43.9,29.3,81.0,73.0,OK
KK1,Trạm Trung tâm hành chính,DV01,2026-08-21,19:00,38.1,30.2,71.0,73.0,OK
KK1,Trạm Trung tâm hành chính,DV01,2026-08-21,20:00,37.9,37.5,61.0,73.0,OK
KK1,Trạm Trung tâm hành chính,DV01,2026-08-21,21:00,34.0,28.5,73.0,73.0,OK
KK1,Trạm Trung tâm hành chính,DV01,2026-08-21,22:00,53.2,30.1,72.0,73.0,OK
KK1,Trạm Trung tâm hành chính,DV01,2026-08-21,23:00,43.4,31.1,72.0,72.0,OK
KK1,Trạm Trung tâm hành chính,DV01,2026-08-22,00:00,29.1,32.9,75.0,72.0,OK
KK1,Trạm Trung tâm hành chính,DV01,2026-08-22,01:00,45.5,34.9,66.0,72.0,OK
KK1,Trạm Trung tâm hành chính,DV01,2026-08-22,02:00,31.2,30.9,78.0,72.0,OK
KK1,Trạm Trung tâm hành chính,DV01,2026-08-22,03:00,24.1,29.1,74.0,72.0,OK
KK1,Trạm Trung tâm hành chính,DV01,2026-08-22,04:00,34.4,29.5,80.0,72.0,OK
KK1,Trạm Trung tâm hành chính,DV01,2026-08-22,05:00,40.8,25.7,75.0,72.0,OK
KK1,Trạm Trung tâm hành chính,DV01,2026-08-22,06:00,32.0,30.0,65.0,72.0,OK
KK1,Trạm Trung tâm hành chính,DV01,2026-08-22,07:00,45.5,31.5,67.0,72.0,OK
KK1,Trạm Trung tâm hành chính,DV01,2026-08-22,08:00,30.5,33.2,65.0,72.0,OK
KK1,Trạm Trung tâm hành chính,DV01,2026-08-22,09:00,27.6,27.7,70.0,72.0,OK
KK1,Trạm Trung tâm hành chính,DV01,2026-08-22,10:00,34.9,31.6,81.0,72.0,OK
KK1,Trạm Trung tâm hành chính,DV01,2026-08-22,11:00,39.2,30.3,80.0,72.0,OK
KK1,Trạm Trung tâm hành chính,DV01,2026-08-22,12:00,32.7,28.3,75.0,72.0,OK
KK1,Trạm Trung tâm hành chính,DV01,2026-08-22,13:00,37.1,27.9,79.0,72.0,OK
KK1,Trạm Trung tâm hành chính,DV01,2026-08-22,14:00,38.5,29.7,84.0,72.0,OK
KK1,Trạm Trung tâm hành chính,DV01,2026-08-22,15:00,34.5,29.6,76.0,72.0,OK
KK1,Trạm Trung tâm hành chính,DV01,2026-08-22,16:00,48.8,32.1,69.0,72.0,OK
KK1,Trạm Trung tâm hành chính,DV01,2026-08-22,17:00,57.7,30.4,71.0,71.0,OK
KK1,Trạm Trung tâm hành chính,DV01,2026-08-22,18:00,45.5,35.6,72.0,71.0,OK
KK1,Trạm Trung tâm hành chính,DV01,2026-08-22,19:00,30.4,28.5,71.0,71.0,OK
KK1,Trạm Trung tâm hành chính,DV01,2026-08-22,20:00,150.5,32.9,66.0,71.0,Nghi ngờ
KK1,Trạm Trung tâm hành chính,DV01,2026-08-22,21:00,25.5,33.3,66.0,71.0,OK
KK1,Trạm Trung tâm hành chính,DV01,2026-08-22,22:00,38.7,32.7,70.0,71.0,OK
KK1,Trạm Trung tâm hành chính,DV01,2026-08-22,23:00,33.7,29.3,77.0,71.0,OK
KK1,Trạm Trung tâm hành chính,DV01,2026-08-23,00:00,34.5,27.9,83.0,71.0,OK
KK1,Trạm Trung tâm hành chính,DV01,2026-08-23,01:00,36.6,29.9,54.0,71.0,OK
KK1,Trạm Trung tâm hành chính,DV01,2026-08-23,02:00,50.8,28.9,87.0,71.0,OK
KK1,Trạm Trung tâm hành chính,DV01,2026-08-23,03:00,41.6,26.1,74.0,71.0,OK
KK1,Trạm Trung tâm hành chính,DV01,2026-08-23,04:00,40.3,27.4,84.0,71.0,OK
KK1,Trạm Trung tâm hành chính,DV01,2026-08-23,05:00,43.0,28.2,81.0,71.0,OK
KK1,Trạm Trung tâm hành chính,DV01,2026-08-23,06:00,43.3,26.8,83.0,71.0,OK
KK1,Trạm Trung tâm hành chính,DV01,2026-08-23,07:00,45.9,32.1,80.0,71.0,OK
KK1,Trạm Trung tâm hành chính,DV01,2026-08-23,08:00,41.4,30.9,84.0,71.0,OK
KK1,Trạm Trung tâm hành chính,DV01,2026-08-23,09:00,27.6,31.4,66.0,71.0,OK
KK1,Trạm Trung tâm hành chính,DV01,2026-08-23,10:00,47.6,25.9,79.0,71.0,OK
KK1,Trạm Trung tâm hành chính,DV01,2026-08-23,11:00,37.5,27.4,65.0,70.0,OK
KK1,Trạm Trung tâm hành chính,DV01,2026-08-23,12:00,31.4,27.9,76.0,70.0,OK
KK1,Trạm Trung tâm hành chính,DV01,2026-08-23,13:00,30.5,35.6,72.0,70.0,OK
KK1,Trạm Trung tâm hành chính,DV01,2026-08-23,14:00,35.7,33.5,80.0,70.0,OK
KK1,Trạm Trung tâm hành chính,DV01,2026-08-23,15:00,50.3,33.0,76.0,70.0,OK
KK1,Trạm Trung tâm hành chính,DV01,2026-08-23,16:00,50.4,31.6,69.0,70.0,OK
KK1,Trạm Trung tâm hành chính,DV01,2026-08-23,17:00,51.1,31.1,70.0,70.0,OK
KK1,Trạm Trung tâm hành chính,DV01,2026-08-23,18:00,40.2,31.9,75.0,70.0,OK
KK1,Trạm Trung tâm hành chính,DV01,2026-08-23,19:00,34.5,27.4,87.0,70.0,OK
KK1,Trạm Trung tâm hành chính,DV01,2026-08-23,20:00,34.0,32.1,77.0,70.0,OK
KK1,Trạm Trung tâm hành chính,DV01,2026-08-23,21:00,34.1,28.2,57.0,70.0,OK
KK1,Trạm Trung tâm hành chính,DV01,2026-08-23,22:00,48.9,25.4,73.0,70.0,OK
KK1,Trạm Trung tâm hành chính,DV01,2026-08-23,23:00,39.9,25.7,71.0,70.0,OK
KK1,Trạm Trung tâm hành chính,DV01,2026-08-24,00:00,42.4,25.3,59.0,70.0,OK
KK1,Trạm Trung tâm hành chính,DV01,2026-08-24,01:00,32.7,28.3,76.0,70.0,OK
KK1,Trạm Trung tâm hành chính,DV01,2026-08-24,02:00,44.6,34.5,71.0,70.0,OK
KK1,Trạm Trung tâm hành chính,DV01,2026-08-24,03:00,32.4,32.3,79.0,70.0,OK
KK1,Trạm Trung tâm hành chính,DV01,2026-08-24,04:00,39.8,35.5,75.0,70.0,OK
KK1,Trạm Trung tâm hành chính,DV01,2026-08-24,05:00,39.7,27.7,80.0,69.0,OK
KK1,Trạm Trung tâm hành chính,DV01,2026-08-24,06:00,50.1,27.7,70.0,69.0,OK
KK1,Trạm Trung tâm hành chính,DV01,2026-08-24,07:00,46.4,31.0,81.0,69.0,OK
KK1,Trạm Trung tâm hành chính,DV01,2026-08-24,08:00,38.6,33.8,87.0,69.0,OK
KK1,Trạm Trung tâm hành chính,DV01,2026-08-24,09:00,43.6,29.5,78.0,69.0,OK
KK1,Trạm Trung tâm hành chính,DV01,2026-08-24,10:00,39.4,26.0,79.0,69.0,OK
KK1,Trạm Trung tâm hành chính,DV01,2026-08-24,11:00,31.8,31.8,83.0,69.0,OK
KK1,Trạm Trung tâm hành chính,DV01,2026-08-24,12:00,50.5,32.2,76.0,69.0,OK
KK1,Trạm Trung tâm hành chính,DV01,2026-08-24,13:00,30.8,30.2,70.0,69.0,OK
KK1,Trạm Trung tâm hành chính,DV01,2026-08-24,14:00,34.7,28.8,77.0,69.0,OK
KK1,Trạm Trung tâm hành chính,DV01,2026-08-24,15:00,34.1,36.0,81.0,69.0,OK
KK1,Trạm Trung tâm hành chính,DV01,2026-08-24,16:00,42.2,29.3,67.0,69.0,OK
KK1,Trạm Trung tâm hành chính,DV01,2026-08-24,17:00,53.0,29.4,84.0,69.0,OK
KK1,Trạm Trung tâm hành chính,DV01,2026-08-24,18:00,48.4,29.3,77.0,69.0,OK
KK1,Trạm Trung tâm hành chính,DV01,2026-08-24,19:00,49.0,29.1,74.0,69.0,OK
KK1,Trạm Trung tâm hành chính,DV01,2026-08-24,20:00,27.2,30.7,80.0,69.0,OK
KK1,Trạm Trung tâm hành chính,DV01,2026-08-24,21:00,34.3,30.8,82.0,69.0,OK
KK1,Trạm Trung tâm hành chính,DV01,2026-08-24,22:00,50.8,30.7,77.0,69.0,OK
KK1,Trạm Trung tâm hành chính,DV01,2026-08-24,23:00,38.3,29.5,62.0,68.0,OK
KK1,Trạm Trung tâm hành chính,DV01,2026-08-25,00:00,34.0,30.6,70.0,68.0,OK
KK1,Trạm Trung tâm hành chính,DV01,2026-08-25,01:00,35.5,27.9,69.0,68.0,OK
KK1,Trạm Trung tâm hành chính,DV01,2026-08-25,02:00,38.9,33.5,79.0,68.0,OK
KK1,Trạm Trung tâm hành chính,DV01,2026-08-25,03:00,23.0,28.9,70.0,68.0,OK
KK1,Trạm Trung tâm hành chính,DV01,2026-08-25,04:00,38.5,30.6,62.0,68.0,OK
KK1,Trạm Trung tâm hành chính,DV01,2026-08-25,05:00,30.3,26.9,73.0,68.0,OK
KK1,Trạm Trung tâm hành chính,DV01,2026-08-25,06:00,33.1,30.5,74.0,68.0,OK
KK1,Trạm Trung tâm hành chính,DV01,2026-08-25,07:00,40.4,33.8,74.0,68.0,OK
KK1,Trạm Trung tâm hành chính,DV01,2026-08-25,08:00,41.7,26.7,71.0,68.0,OK
KK1,Trạm Trung tâm hành chính,DV01,2026-08-25,09:00,31.5,32.5,78.0,68.0,OK
KK1,Trạm Trung tâm hành chính,DV01,2026-08-25,10:00,37.9,24.9,68.0,68.0,OK
KK1,Trạm Trung tâm hành chính,DV01,2026-08-25,11:00,48.0,36.8,82.0,68.0,OK
KK1,Trạm Trung tâm hành chính,DV01,2026-08-25,12:00,40.9,37.0,75.0,68.0,OK
KK1,Trạm Trung tâm hành chính,DV01,2026-08-25,13:00,47.8,29.2,70.0,68.0,OK
KK1,Trạm Trung tâm hành chính,DV01,2026-08-25,14:00,47.0,30.5,75.0,68.0,OK
KK1,Trạm Trung tâm hành chính,DV01,2026-08-25,15:00,33.7,29.4,79.0,68.0,OK
KK1,Trạm Trung tâm hành chính,DV01,2026-08-25,16:00,43.8,30.4,80.0,68.0,OK
KK1,Trạm Trung tâm hành chính,DV01,2026-08-25,17:00,56.8,26.7,73.0,67.0,OK
KK1,Trạm Trung tâm hành chính,DV01,2026-08-25,18:00,33.7,34.7,66.0,67.0,OK
KK1,Trạm Trung tâm hành chính,DV01,2026-08-25,19:00,44.5,33.1,82.0,67.0,OK
KK1,Trạm Trung tâm hành chính,DV01,2026-08-25,20:00,31.5,28.9,70.0,67.0,OK
KK1,Trạm Trung tâm hành chính,DV01,2026-08-25,21:00,42.1,29.0,71.0,67.0,OK
KK1,Trạm Trung tâm hành chính,DV01,2026-08-25,22:00,37.7,32.6,84.0,67.0,OK
KK1,Trạm Trung tâm hành chính,DV01,2026-08-25,23:00,36.8,29.2,66.0,67.0,OK
KK1,Trạm Trung tâm hành chính,DV01,2026-08-26,00:00,41.4,34.0,77.0,67.0,OK
KK1,Trạm Trung tâm hành chính,DV01,2026-08-26,01:00,38.4,29.2,72.0,67.0,OK
KK1,Trạm Trung tâm hành chính,DV01,2026-08-26,02:00,35.0,30.6,74.0,67.0,OK
KK1,Trạm Trung tâm hành chính,DV01,2026-08-26,03:00,25.0,28.7,79.0,67.0,OK
KK1,Trạm Trung tâm hành chính,DV01,2026-08-26,04:00,33.6,28.7,67.0,67.0,OK
KK1,Trạm Trung tâm hành chính,DV01,2026-08-26,05:00,27.1,30.4,74.0,67.0,OK
KK1,Trạm Trung tâm hành chính,DV01,2026-08-26,06:00,37.4,31.2,76.0,67.0,OK
KK1,Trạm Trung tâm hành chính,DV01,2026-08-26,07:00,41.9,26.5,73.0,67.0,OK
KK1,Trạm Trung tâm hành chính,DV01,2026-08-26,08:00,43.0,26.8,71.0,67.0,OK
KK1,Trạm Trung tâm hành chính,DV01,2026-08-26,09:00,27.6,34.7,75.0,67.0,OK
KK1,Trạm Trung tâm hành chính,DV01,2026-08-26,10:00,33.2,27.7,78.0,67.0,OK
KK1,Trạm Trung tâm hành chính,DV01,2026-08-26,11:00,49.5,29.7,67.0,66.0,OK
KK1,Trạm Trung tâm hành chính,DV01,2026-08-26,12:00,47.1,33.9,69.0,66.0,OK
KK1,Trạm Trung tâm hành chính,DV01,2026-08-26,13:00,32.4,28.8,71.0,66.0,OK
KK1,Trạm Trung tâm hành chính,DV01,2026-08-26,14:00,47.9,29.8,78.0,66.0,OK
KK1,Trạm Trung tâm hành chính,DV01,2026-08-26,15:00,34.9,28.8,79.0,66.0,OK
KK1,Trạm Trung tâm hành chính,DV01,2026-08-26,16:00,46.5,30.6,64.0,66.0,OK
KK1,Trạm Trung tâm hành chính,DV01,2026-08-26,17:00,43.0,29.1,77.0,66.0,OK
KK1,Trạm Trung tâm hành chính,DV01,2026-08-26,18:00,46.9,29.1,77.0,66.0,OK
KK1,Trạm Trung tâm hành chính,DV01,2026-08-26,19:00,49.9,31.2,78.0,66.0,OK
KK1,Trạm Trung tâm hành chính,DV01,2026-08-26,20:00,33.2,31.0,76.0,66.0,OK
KK1,Trạm Trung tâm hành chính,DV01,2026-08-26,21:00,35.6,30.4,72.0,66.0,OK
KK1,Trạm Trung tâm hành chính,DV01,2026-08-26,22:00,35.9,30.4,81.0,66.0,OK
KK1,Trạm Trung tâm hành chính,DV01,2026-08-26,23:00,52.9,29.5,76.0,66.0,OK
KK1,Trạm Trung tâm hành chính,DV01,2026-08-27,00:00,40.2,25.8,80.0,66.0,OK
KK1,Trạm Trung tâm hành chính,DV01,2026-08-27,01:00,47.6,27.5,77.0,66.0,OK
KK1,Trạm Trung tâm hành chính,DV01,2026-08-27,02:00,42.5,28.5,82.0,66.0,OK
KK1,Trạm Trung tâm hành chính,DV01,2026-08-27,03:00,34.0,28.1,76.0,66.0,OK
KK1,Trạm Trung tâm hành chính,DV01,2026-08-27,04:00,34.0,28.2,82.0,66.0,OK
KK1,Trạm Trung tâm hành chính,DV01,2026-08-27,05:00,30.3,30.4,66.0,65.0,OK
KK1,Trạm Trung tâm hành chính,DV01,2026-08-27,06:00,39.0,33.9,77.0,65.0,OK
KK1,Trạm Trung tâm hành chính,DV01,2026-08-27,07:00,42.5,33.8,77.0,65.0,OK
KK1,Trạm Trung tâm hành chính,DV01,2026-08-27,08:00,47.3,28.3,71.0,65.0,OK
KK1,Trạm Trung tâm hành chính,DV01,2026-08-27,09:00,38.8,36.2,76.0,65.0,OK
KK1,Trạm Trung tâm hành chính,DV01,2026-08-27,10:00,42.3,36.5,77.0,65.0,OK
KK1,Trạm Trung tâm hành chính,DV01,2026-08-27,11:00,44.9,32.7,73.0,65.0,OK
KK1,Trạm Trung tâm hành chính,DV01,2026-08-27,12:00,45.9,36.0,89.0,65.0,OK
KK1,Trạm Trung tâm hành chính,DV01,2026-08-27,13:00,30.3,34.0,77.0,65.0,OK
KK1,Trạm Trung tâm hành chính,DV01,2026-08-27,14:00,39.7,33.6,66.0,65.0,OK
KK1,Trạm Trung tâm hành chính,DV01,2026-08-27,15:00,40.4,30.9,73.0,65.0,OK
KK1,Trạm Trung tâm hành chính,DV01,2026-08-27,16:00,50.6,33.5,72.0,65.0,OK
KK1,Trạm Trung tâm hành chính,DV01,2026-08-27,17:00,48.9,27.7,77.0,65.0,OK
KK1,Trạm Trung tâm hành chính,DV01,2026-08-27,18:00,42.3,35.0,77.0,65.0,OK
KK1,Trạm Trung tâm hành chính,DV01,2026-08-27,19:00,33.1,32.8,72.0,65.0,OK
KK1,Trạm Trung tâm hành chính,DV01,2026-08-27,20:00,29.6,30.3,78.0,65.0,OK
KK1,Trạm Trung tâm hành chính,DV01,2026-08-27,21:00,41.2,27.7,60.0,65.0,OK
KK1,Trạm Trung tâm hành chính,DV01,2026-08-27,22:00,34.5,38.0,86.0,65.0,OK
KK1,Trạm Trung tâm hành chính,DV01,2026-08-27,23:00,31.4,29.6,76.0,65.0,OK
KK1,Trạm Trung tâm hành chính,DV01,2026-08-28,00:00,51.3,27.8,72.0,64.0,OK
KK1,Trạm Trung tâm hành chính,DV01,2026-08-28,01:00,34.4,29.9,74.0,64.0,OK
KK1,Trạm Trung tâm hành chính,DV01,2026-08-28,02:00,50.7,30.4,74.0,64.0,OK
KK1,Trạm Trung tâm hành chính,DV01,2026-08-28,03:00,40.2,27.8,81.0,64.0,OK
KK1,Trạm Trung tâm hành chính,DV01,2026-08-28,04:00,24.4,34.1,74.0,64.0,OK
KK1,Trạm Trung tâm hành chính,DV01,2026-08-28,05:00,32.3,26.5,72.0,64.0,OK
KK1,Trạm Trung tâm hành chính,DV01,2026-08-28,06:00,40.2,30.3,81.0,64.0,OK
KK1,Trạm Trung tâm hành chính,DV01,2026-08-28,07:00,32.9,32.0,72.0,64.0,OK
KK1,Trạm Trung tâm hành chính,DV01,2026-08-28,08:00,33.1,32.2,77.0,64.0,OK
KK1,Trạm Trung tâm hành chính,DV01,2026-08-28,09:00,38.1,26.8,68.0,64.0,OK
KK1,Trạm Trung tâm hành chính,DV01,2026-08-28,10:00,46.0,26.3,62.0,64.0,OK
KK1,Trạm Trung tâm hành chính,DV01,2026-08-28,11:00,35.6,33.5,62.0,64.0,OK
KK1,Trạm Trung tâm hành chính,DV01,2026-08-28,12:00,205.3,28.6,63.0,64.0,Nghi ngờ
KK1,Trạm Trung tâm hành chính,DV01,2026-08-28,13:00,35.6,33.7,80.0,64.0,OK
KK1,Trạm Trung tâm hành chính,DV01,2026-08-28,14:00,44.1,32.4,73.0,64.0,OK
KK1,Trạm Trung tâm hành chính,DV01,2026-08-28,15:00,38.9,28.0,64.0,64.0,OK
KK1,Trạm Trung tâm hành chính,DV01,2026-08-28,16:00,36.9,30.2,74.0,64.0,OK
KK1,Trạm Trung tâm hành chính,DV01,2026-08-28,17:00,39.2,30.0,76.0,64.0,OK
KK1,Trạm Trung tâm hành chính,DV01,2026-08-28,18:00,48.2,29.2,77.0,63.0,OK
KK1,Trạm Trung tâm hành chính,DV01,2026-08-28,19:00,43.8,29.9,69.0,63.0,OK
KK1,Trạm Trung tâm hành chính,DV01,2026-08-28,20:00,36.0,28.8,73.0,63.0,OK
KK1,Trạm Trung tâm hành chính,DV01,2026-08-28,21:00,39.0,29.2,64.0,63.0,OK
KK1,Trạm Trung tâm hành chính,DV01,2026-08-28,22:00,31.8,38.6,86.0,63.0,OK
KK1,Trạm Trung tâm hành chính,DV01,2026-08-28,23:00,44.7,35.1,76.0,63.0,OK
KK1,Trạm Trung tâm hành chính,DV01,2026-08-29,00:00,32.8,30.7,90.0,63.0,OK
KK1,Trạm Trung tâm hành chính,DV01,2026-08-29,01:00,41.8,31.5,83.0,63.0,OK
KK1,Trạm Trung tâm hành chính,DV01,2026-08-29,02:00,35.1,27.7,67.0,63.0,OK
KK1,Trạm Trung tâm hành chính,DV01,2026-08-29,03:00,23.6,31.5,76.0,63.0,OK
KK1,Trạm Trung tâm hành chính,DV01,2026-08-29,04:00,42.4,28.1,83.0,63.0,OK
KK1,Trạm Trung tâm hành chính,DV01,2026-08-29,05:00,31.9,32.9,69.0,63.0,OK
KK1,Trạm Trung tâm hành chính,DV01,2026-08-29,06:00,42.7,31.1,73.0,63.0,OK
KK1,Trạm Trung tâm hành chính,DV01,2026-08-29,07:00,54.9,27.3,78.0,63.0,OK
KK1,Trạm Trung tâm hành chính,DV01,2026-08-29,08:00,39.3,31.8,72.0,63.0,OK
KK1,Trạm Trung tâm hành chính,DV01,2026-08-29,09:00,48.8,33.2,77.0,63.0,OK
KK1,Trạm Trung tâm hành chính,DV01,2026-08-29,10:00,41.8,34.2,77.0,63.0,OK
KK1,Trạm Trung tâm hành chính,DV01,2026-08-29,11:00,47.2,32.7,81.0,63.0,OK
KK1,Trạm Trung tâm hành chính,DV01,2026-08-29,12:00,31.5,31.9,66.0,62.0,OK
KK1,Trạm Trung tâm hành chính,DV01,2026-08-29,13:00,33.1,29.7,71.0,62.0,OK
KK1,Trạm Trung tâm hành chính,DV01,2026-08-29,14:00,42.2,34.0,76.0,62.0,OK
KK1,Trạm Trung tâm hành chính,DV01,2026-08-29,15:00,43.0,27.2,79.0,62.0,OK
KK1,Trạm Trung tâm hành chính,DV01,2026-08-29,16:00,31.1,33.0,70.0,62.0,OK
KK1,Trạm Trung tâm hành chính,DV01,2026-08-29,17:00,54.5,31.3,84.0,62.0,OK
KK1,Trạm Trung tâm hành chính,DV01,2026-08-29,18:00,33.1,28.1,72.0,62.0,OK
KK1,Trạm Trung tâm hành chính,DV01,2026-08-29,19:00,32.0,31.8,65.0,62.0,OK
KK1,Trạm Trung tâm hành chính,DV01,2026-08-29,20:00,36.4,33.7,78.0,62.0,OK
KK1,Trạm Trung tâm hành chính,DV01,2026-08-29,21:00,35.5,29.7,69.0,62.0,OK
KK1,Trạm Trung tâm hành chính,DV01,2026-08-29,22:00,37.7,27.1,76.0,62.0,OK
KK1,Trạm Trung tâm hành chính,DV01,2026-08-29,23:00,49.9,31.3,73.0,62.0,OK
KK1,Trạm Trung tâm hành chính,DV01,2026-08-30,00:00,33.8,28.7,75.0,62.0,OK
KK1,Trạm Trung tâm hành chính,DV01,2026-08-30,01:00,49.3,31.6,70.0,62.0,OK
KK1,Trạm Trung tâm hành chính,DV01,2026-08-30,02:00,43.7,28.7,89.0,62.0,OK
KK1,Trạm Trung tâm hành chính,DV01,2026-08-30,03:00,37.6,25.9,74.0,62.0,OK
KK1,Trạm Trung tâm hành chính,DV01,2026-08-30,04:00,28.7,32.6,79.0,62.0,OK
KK1,Trạm Trung tâm hành chính,DV01,2026-08-30,05:00,29.3,27.3,74.0,62.0,OK
KK1,Trạm Trung tâm hành chính,DV01,2026-08-30,06:00,42.4,30.3,81.0,62.0,OK
KK1,Trạm Trung tâm hành chính,DV01,2026-08-30,07:00,47.7,28.9,77.0,61.0,OK
KK1,Trạm Trung tâm hành chính,DV01,2026-08-30,08:00,38.6,28.1,80.0,61.0,OK
KK1,Trạm Trung tâm hành chính,DV01,2026-08-30,09:00,36.1,28.6,79.0,61.0,OK
KK1,Trạm Trung tâm hành chính,DV01,2026-08-30,10:00,40.0,34.0,75.0,61.0,OK
KK1,Trạm Trung tâm hành chính,DV01,2026-08-30,11:00,39.8,31.5,74.0,61.0,OK
KK1,Trạm Trung tâm hành chính,DV01,2026-08-30,12:00,41.2,23.6,74.0,61.0,OK
KK1,Trạm Trung tâm hành chính,DV01,2026-08-30,13:00,39.9,35.0,50.0,61.0,OK
KK1,Trạm Trung tâm hành chính,DV01,2026-08-30,14:00,48.2,32.8,83.0,61.0,OK
KK1,Trạm Trung tâm hành chính,DV01,2026-08-30,15:00,50.8,28.9,77.0,61.0,OK
KK1,Trạm Trung tâm hành chính,DV01,2026-08-30,16:00,52.5,27.7,84.0,61.0,OK
KK1,Trạm Trung tâm hành chính,DV01,2026-08-30,17:00,52.5,28.6,70.0,61.0,OK
KK1,Trạm Trung tâm hành chính,DV01,2026-08-30,18:00,35.4,33.9,66.0,61.0,OK
KK1,Trạm Trung tâm hành chính,DV01,2026-08-30,19:00,45.1,26.2,72.0,61.0,OK
KK1,Trạm Trung tâm hành chính,DV01,2026-08-30,20:00,35.7,31.8,69.0,61.0,OK
KK1,Trạm Trung tâm hành chính,DV01,2026-08-30,21:00,44.6,30.5,78.0,61.0,OK
KK1,Trạm Trung tâm hành chính,DV01,2026-08-30,22:00,38.5,30.0,70.0,61.0,OK
KK1,Trạm Trung tâm hành chính,DV01,2026-08-30,23:00,36.3,34.7,75.0,61.0,OK
KK2,Trạm Chợ Tân Hoà,DV02,2026-08-01,00:00,51.2,28.9,68.0,100.0,OK
KK2,Trạm Chợ Tân Hoà,DV02,2026-08-01,01:00,58.7,33.2,80.0,100.0,OK
KK2,Trạm Chợ Tân Hoà,DV02,2026-08-01,02:00,42.3,31.6,73.0,100.0,OK
KK2,Trạm Chợ Tân Hoà,DV02,2026-08-01,03:00,43.2,30.8,78.0,100.0,OK
KK2,Trạm Chợ Tân Hoà,DV02,2026-08-01,04:00,39.2,28.7,73.0,100.0,OK
KK2,Trạm Chợ Tân Hoà,DV02,2026-08-01,05:00,45.3,28.5,76.0,100.0,OK
KK2,Trạm Chợ Tân Hoà,DV02,2026-08-01,06:00,62.5,32.2,76.0,100.0,OK
KK2,Trạm Chợ Tân Hoà,DV02,2026-08-01,07:00,47.7,31.2,72.0,100.0,OK
KK2,Trạm Chợ Tân Hoà,DV02,2026-08-01,08:00,35.9,30.7,68.0,100.0,OK
KK2,Trạm Chợ Tân Hoà,DV02,2026-08-01,09:00,56.6,31.6,69.0,99.0,OK
KK2,Trạm Chợ Tân Hoà,DV02,2026-08-01,10:00,60.5,36.1,64.0,99.0,OK
KK2,Trạm Chợ Tân Hoà,DV02,2026-08-01,11:00,49.9,29.8,76.0,99.0,OK
KK2,Trạm Chợ Tân Hoà,DV02,2026-08-01,12:00,54.6,29.2,72.0,99.0,OK
KK2,Trạm Chợ Tân Hoà,DV02,2026-08-01,13:00,51.5,29.9,77.0,99.0,OK
KK2,Trạm Chợ Tân Hoà,DV02,2026-08-01,14:00,39.2,27.7,80.0,99.0,OK
KK2,Trạm Chợ Tân Hoà,DV02,2026-08-01,15:00,61.4,27.4,79.0,99.0,OK
KK2,Trạm Chợ Tân Hoà,DV02,2026-08-01,16:00,53.2,30.9,75.0,99.0,OK
KK2,Trạm Chợ Tân Hoà,DV02,2026-08-01,17:00,51.2,30.0,77.0,99.0,OK
KK2,Trạm Chợ Tân Hoà,DV02,2026-08-01,18:00,67.0,30.7,66.0,99.0,OK
KK2,Trạm Chợ Tân Hoà,DV02,2026-08-01,19:00,50.5,30.4,77.0,99.0,OK
KK2,Trạm Chợ Tân Hoà,DV02,2026-08-01,20:00,50.8,30.5,74.0,99.0,OK
KK2,Trạm Chợ Tân Hoà,DV02,2026-08-01,21:00,55.9,28.5,70.0,99.0,OK
KK2,Trạm Chợ Tân Hoà,DV02,2026-08-01,22:00,58.8,31.6,77.0,99.0,OK
KK2,Trạm Chợ Tân Hoà,DV02,2026-08-01,23:00,41.7,26.5,86.0,99.0,OK
KK2,Trạm Chợ Tân Hoà,DV02,2026-08-02,00:00,37.1,30.2,63.0,99.0,OK
KK2,Trạm Chợ Tân Hoà,DV02,2026-08-02,01:00,58.6,30.6,75.0,99.0,OK
KK2,Trạm Chợ Tân Hoà,DV02,2026-08-02,02:00,56.4,33.8,70.0,99.0,OK
KK2,Trạm Chợ Tân Hoà,DV02,2026-08-02,03:00,28.8,34.5,77.0,98.0,OK
KK2,Trạm Chợ Tân Hoà,DV02,2026-08-02,04:00,41.0,32.9,72.0,98.0,OK
KK2,Trạm Chợ Tân Hoà,DV02,2026-08-02,05:00,57.8,27.1,71.0,98.0,OK
KK2,Trạm Chợ Tân Hoà,DV02,2026-08-02,06:00,52.8,31.0,78.0,98.0,OK
KK2,Trạm Chợ Tân Hoà,DV02,2026-08-02,07:00,42.2,31.9,83.0,98.0,OK
KK2,Trạm Chợ Tân Hoà,DV02,2026-08-02,08:00,51.6,28.8,79.0,98.0,OK
KK2,Trạm Chợ Tân Hoà,DV02,2026-08-02,09:00,40.2,27.5,67.0,98.0,OK
KK2,Trạm Chợ Tân Hoà,DV02,2026-08-02,10:00,52.0,31.6,71.0,98.0,OK
KK2,Trạm Chợ Tân Hoà,DV02,2026-08-02,11:00,57.7,35.6,68.0,98.0,OK
KK2,Trạm Chợ Tân Hoà,DV02,2026-08-02,12:00,45.4,32.3,71.0,98.0,OK
KK2,Trạm Chợ Tân Hoà,DV02,2026-08-02,13:00,35.7,33.8,79.0,98.0,OK
KK2,Trạm Chợ Tân Hoà,DV02,2026-08-02,14:00,58.8,31.7,81.0,98.0,OK
KK2,Trạm Chợ Tân Hoà,DV02,2026-08-02,15:00,36.6,29.1,67.0,98.0,OK
KK2,Trạm Chợ Tân Hoà,DV02,2026-08-02,16:00,41.9,32.4,63.0,98.0,OK
KK2,Trạm Chợ Tân Hoà,DV02,2026-08-02,17:00,62.6,28.3,82.0,98.0,OK
KK2,Trạm Chợ Tân Hoà,DV02,2026-08-02,18:00,55.6,28.1,75.0,98.0,OK
KK2,Trạm Chợ Tân Hoà,DV02,2026-08-02,19:00,37.1,27.5,80.0,98.0,OK
KK2,Trạm Chợ Tân Hoà,DV02,2026-08-02,20:00,33.5,28.5,85.0,98.0,OK
KK2,Trạm Chợ Tân Hoà,DV02,2026-08-02,21:00,38.0,35.9,75.0,97.0,OK
KK2,Trạm Chợ Tân Hoà,DV02,2026-08-02,22:00,67.1,28.7,83.0,97.0,OK
KK2,Trạm Chợ Tân Hoà,DV02,2026-08-02,23:00,46.9,27.2,79.0,97.0,OK
KK2,Trạm Chợ Tân Hoà,DV02,2026-08-03,00:00,42.2,29.7,69.0,97.0,OK
KK2,Trạm Chợ Tân Hoà,DV02,2026-08-03,01:00,51.0,28.1,71.0,97.0,OK
KK2,Trạm Chợ Tân Hoà,DV02,2026-08-03,02:00,43.1,30.6,72.0,97.0,OK
KK2,Trạm Chợ Tân Hoà,DV02,2026-08-03,03:00,42.9,34.2,81.0,97.0,OK
KK2,Trạm Chợ Tân Hoà,DV02,2026-08-03,04:00,49.0,29.4,73.0,97.0,OK
KK2,Trạm Chợ Tân Hoà,DV02,2026-08-03,05:00,36.8,32.1,62.0,97.0,OK
KK2,Trạm Chợ Tân Hoà,DV02,2026-08-03,06:00,50.4,29.0,60.0,97.0,OK
KK2,Trạm Chợ Tân Hoà,DV02,2026-08-03,07:00,65.1,31.1,71.0,97.0,OK
KK2,Trạm Chợ Tân Hoà,DV02,2026-08-03,08:00,50.3,33.0,68.0,97.0,OK
KK2,Trạm Chợ Tân Hoà,DV02,2026-08-03,09:00,38.1,27.1,71.0,97.0,OK
KK2,Trạm Chợ Tân Hoà,DV02,2026-08-03,10:00,45.0,31.0,75.0,97.0,OK
KK2,Trạm Chợ Tân Hoà,DV02,2026-08-03,11:00,45.7,29.5,70.0,97.0,OK
KK2,Trạm Chợ Tân Hoà,DV02,2026-08-03,12:00,49.3,30.7,80.0,97.0,OK
KK2,Trạm Chợ Tân Hoà,DV02,2026-08-03,13:00,59.6,28.8,75.0,97.0,OK
KK2,Trạm Chợ Tân Hoà,DV02,2026-08-03,14:00,43.8,35.0,64.0,97.0,OK
KK2,Trạm Chợ Tân Hoà,DV02,2026-08-03,15:00,52.9,26.4,77.0,96.0,OK
KK2,Trạm Chợ Tân Hoà,DV02,2026-08-03,16:00,45.4,30.1,85.0,96.0,OK
KK2,Trạm Chợ Tân Hoà,DV02,2026-08-03,17:00,60.3,28.4,74.0,96.0,OK
KK2,Trạm Chợ Tân Hoà,DV02,2026-08-03,18:00,47.0,30.4,73.0,96.0,OK
KK2,Trạm Chợ Tân Hoà,DV02,2026-08-03,19:00,46.0,30.3,72.0,96.0,OK
KK2,Trạm Chợ Tân Hoà,DV02,2026-08-03,20:00,33.8,29.0,79.0,96.0,OK
KK2,Trạm Chợ Tân Hoà,DV02,2026-08-03,21:00,49.5,29.1,75.0,96.0,OK
KK2,Trạm Chợ Tân Hoà,DV02,2026-08-03,22:00,47.6,29.9,59.0,96.0,OK
KK2,Trạm Chợ Tân Hoà,DV02,2026-08-03,23:00,43.1,26.6,64.0,96.0,OK
KK2,Trạm Chợ Tân Hoà,DV02,2026-08-04,00:00,60.4,29.9,76.0,96.0,OK
KK2,Trạm Chợ Tân Hoà,DV02,2026-08-04,01:00,35.1,34.4,63.0,96.0,OK
KK2,Trạm Chợ Tân Hoà,DV02,2026-08-04,02:00,42.5,33.9,77.0,96.0,OK
KK2,Trạm Chợ Tân Hoà,DV02,2026-08-04,03:00,33.2,31.6,71.0,96.0,OK
KK2,Trạm Chợ Tân Hoà,DV02,2026-08-04,04:00,30.2,35.0,80.0,96.0,OK
KK2,Trạm Chợ Tân Hoà,DV02,2026-08-04,05:00,52.5,33.8,61.0,96.0,OK
KK2,Trạm Chợ Tân Hoà,DV02,2026-08-04,06:00,59.3,28.8,70.0,96.0,OK
KK2,Trạm Chợ Tân Hoà,DV02,2026-08-04,07:00,44.9,29.4,69.0,96.0,OK
KK2,Trạm Chợ Tân Hoà,DV02,2026-08-04,08:00,60.8,27.8,65.0,96.0,OK
KK2,Trạm Chợ Tân Hoà,DV02,2026-08-04,09:00,50.8,31.9,69.0,95.0,OK
KK2,Trạm Chợ Tân Hoà,DV02,2026-08-04,10:00,55.1,32.1,70.0,95.0,OK
KK2,Trạm Chợ Tân Hoà,DV02,2026-08-04,11:00,57.7,29.5,74.0,95.0,OK
KK2,Trạm Chợ Tân Hoà,DV02,2026-08-04,12:00,57.9,32.6,76.0,95.0,OK
KK2,Trạm Chợ Tân Hoà,DV02,2026-08-04,13:00,38.6,27.9,86.0,95.0,OK
KK2,Trạm Chợ Tân Hoà,DV02,2026-08-04,14:00,37.0,30.7,74.0,95.0,OK
KK2,Trạm Chợ Tân Hoà,DV02,2026-08-04,15:00,43.8,27.8,74.0,95.0,OK
KK2,Trạm Chợ Tân Hoà,DV02,2026-08-04,16:00,59.6,32.6,73.0,95.0,OK
KK2,Trạm Chợ Tân Hoà,DV02,2026-08-04,17:00,45.5,32.9,70.0,95.0,OK
KK2,Trạm Chợ Tân Hoà,DV02,2026-08-04,18:00,52.5,29.7,77.0,95.0,OK
KK2,Trạm Chợ Tân Hoà,DV02,2026-08-04,19:00,36.0,31.5,71.0,95.0,OK
KK2,Trạm Chợ Tân Hoà,DV02,2026-08-04,20:00,36.2,33.4,84.0,95.0,OK
KK2,Trạm Chợ Tân Hoà,DV02,2026-08-04,21:00,44.7,33.3,80.0,95.0,OK
KK2,Trạm Chợ Tân Hoà,DV02,2026-08-04,22:00,55.7,29.4,80.0,95.0,OK
KK2,Trạm Chợ Tân Hoà,DV02,2026-08-04,23:00,63.2,31.2,79.0,95.0,OK
KK2,Trạm Chợ Tân Hoà,DV02,2026-08-05,00:00,40.5,31.4,79.0,95.0,OK
KK2,Trạm Chợ Tân Hoà,DV02,2026-08-05,01:00,58.9,32.0,71.0,95.0,OK
KK2,Trạm Chợ Tân Hoà,DV02,2026-08-05,02:00,48.5,32.8,69.0,95.0,OK
KK2,Trạm Chợ Tân Hoà,DV02,2026-08-05,03:00,46.6,30.0,78.0,94.0,OK
KK2,Trạm Chợ Tân Hoà,DV02,2026-08-05,04:00,44.1,32.1,75.0,94.0,OK
KK2,Trạm Chợ Tân Hoà,DV02,2026-08-05,05:00,42.1,28.9,73.0,94.0,OK
KK2,Trạm Chợ Tân Hoà,DV02,2026-08-05,06:00,67.0,33.7,76.0,94.0,OK
KK2,Trạm Chợ Tân Hoà,DV02,2026-08-05,07:00,68.8,32.3,80.0,94.0,OK
KK2,Trạm Chợ Tân Hoà,DV02,2026-08-05,08:00,50.1,26.5,57.0,94.0,OK
KK2,Trạm Chợ Tân Hoà,DV02,2026-08-05,09:00,49.8,26.4,72.0,94.0,OK
KK2,Trạm Chợ Tân Hoà,DV02,2026-08-05,10:00,57.6,27.3,82.0,94.0,OK
KK2,Trạm Chợ Tân Hoà,DV02,2026-08-05,11:00,51.2,24.8,70.0,94.0,OK
KK2,Trạm Chợ Tân Hoà,DV02,2026-08-05,12:00,43.1,30.3,77.0,94.0,OK
KK2,Trạm Chợ Tân Hoà,DV02,2026-08-05,13:00,51.2,24.3,76.0,94.0,OK
KK2,Trạm Chợ Tân Hoà,DV02,2026-08-05,14:00,55.3,29.9,72.0,94.0,OK
KK2,Trạm Chợ Tân Hoà,DV02,2026-08-05,15:00,40.7,28.5,72.0,94.0,OK
KK2,Trạm Chợ Tân Hoà,DV02,2026-08-05,16:00,40.8,29.4,72.0,94.0,OK
KK2,Trạm Chợ Tân Hoà,DV02,2026-08-05,17:00,47.3,32.9,89.0,94.0,OK
KK2,Trạm Chợ Tân Hoà,DV02,2026-08-05,18:00,65.2,31.2,70.0,94.0,OK
KK2,Trạm Chợ Tân Hoà,DV02,2026-08-05,19:00,46.1,28.7,69.0,94.0,OK
KK2,Trạm Chợ Tân Hoà,DV02,2026-08-05,20:00,58.7,30.6,86.0,94.0,OK
KK2,Trạm Chợ Tân Hoà,DV02,2026-08-05,21:00,32.5,32.7,68.0,93.0,OK
KK2,Trạm Chợ Tân Hoà,DV02,2026-08-05,22:00,38.2,31.1,69.0,93.0,OK
KK2,Trạm Chợ Tân Hoà,DV02,2026-08-05,23:00,52.0,24.9,60.0,93.0,OK
KK2,Trạm Chợ Tân Hoà,DV02,2026-08-06,00:00,48.0,31.0,86.0,93.0,OK
KK2,Trạm Chợ Tân Hoà,DV02,2026-08-06,01:00,41.4,32.5,77.0,93.0,OK
KK2,Trạm Chợ Tân Hoà,DV02,2026-08-06,02:00,54.7,28.1,83.0,93.0,OK
KK2,Trạm Chợ Tân Hoà,DV02,2026-08-06,03:00,31.9,31.3,81.0,93.0,OK
KK2,Trạm Chợ Tân Hoà,DV02,2026-08-06,04:00,30.1,36.8,79.0,93.0,OK
KK2,Trạm Chợ Tân Hoà,DV02,2026-08-06,05:00,35.5,31.1,66.0,93.0,OK
KK2,Trạm Chợ Tân Hoà,DV02,2026-08-06,06:00,46.3,31.9,79.0,93.0,OK
KK2,Trạm Chợ Tân Hoà,DV02,2026-08-06,07:00,59.1,33.1,85.0,93.0,OK
KK2,Trạm Chợ Tân Hoà,DV02,2026-08-06,08:00,41.7,30.0,73.0,93.0,OK
KK2,Trạm Chợ Tân Hoà,DV02,2026-08-06,09:00,55.7,35.1,71.0,93.0,OK
KK2,Trạm Chợ Tân Hoà,DV02,2026-08-06,10:00,58.1,36.1,73.0,93.0,OK
KK2,Trạm Chợ Tân Hoà,DV02,2026-08-06,11:00,52.9,31.3,75.0,93.0,OK
KK2,Trạm Chợ Tân Hoà,DV02,2026-08-06,12:00,45.8,31.1,77.0,93.0,OK
KK2,Trạm Chợ Tân Hoà,DV02,2026-08-06,13:00,35.2,33.2,81.0,93.0,OK
KK2,Trạm Chợ Tân Hoà,DV02,2026-08-06,14:00,56.8,24.0,76.0,93.0,OK
KK2,Trạm Chợ Tân Hoà,DV02,2026-08-06,15:00,49.7,25.7,84.0,93.0,OK
KK2,Trạm Chợ Tân Hoà,DV02,2026-08-06,16:00,41.4,31.0,61.0,92.0,OK
KK2,Trạm Chợ Tân Hoà,DV02,2026-08-06,17:00,69.1,35.2,70.0,92.0,OK
KK2,Trạm Chợ Tân Hoà,DV02,2026-08-06,18:00,51.4,34.3,70.0,92.0,OK
KK2,Trạm Chợ Tân Hoà,DV02,2026-08-06,19:00,37.2,32.3,78.0,92.0,OK
KK2,Trạm Chợ Tân Hoà,DV02,2026-08-06,20:00,47.5,31.7,68.0,92.0,OK
KK2,Trạm Chợ Tân Hoà,DV02,2026-08-06,21:00,32.9,33.6,92.0,92.0,OK
KK2,Trạm Chợ Tân Hoà,DV02,2026-08-06,22:00,55.3,24.0,81.0,92.0,OK
KK2,Trạm Chợ Tân Hoà,DV02,2026-08-06,23:00,43.9,29.0,63.0,92.0,OK
KK2,Trạm Chợ Tân Hoà,DV02,2026-08-07,00:00,52.7,29.5,74.0,92.0,OK
KK2,Trạm Chợ Tân Hoà,DV02,2026-08-07,01:00,54.4,29.0,82.0,92.0,OK
KK2,Trạm Chợ Tân Hoà,DV02,2026-08-07,02:00,53.7,28.0,63.0,92.0,OK
KK2,Trạm Chợ Tân Hoà,DV02,2026-08-07,03:00,40.7,29.8,76.0,92.0,OK
KK2,Trạm Chợ Tân Hoà,DV02,2026-08-07,04:00,32.5,38.3,63.0,92.0,OK
KK2,Trạm Chợ Tân Hoà,DV02,2026-08-07,05:00,56.0,30.8,72.0,92.0,OK
KK2,Trạm Chợ Tân Hoà,DV02,2026-08-07,06:00,64.3,33.6,85.0,92.0,OK
KK2,Trạm Chợ Tân Hoà,DV02,2026-08-07,07:00,48.9,27.2,61.0,92.0,OK
KK2,Trạm Chợ Tân Hoà,DV02,2026-08-07,08:00,54.0,28.6,66.0,92.0,OK
KK2,Trạm Chợ Tân Hoà,DV02,2026-08-07,09:00,51.1,28.4,90.0,92.0,OK
KK2,Trạm Chợ Tân Hoà,DV02,2026-08-07,10:00,42.4,31.2,80.0,91.0,OK
KK2,Trạm Chợ Tân Hoà,DV02,2026-08-07,11:00,55.8,31.5,63.0,91.0,OK
KK2,Trạm Chợ Tân Hoà,DV02,2026-08-07,12:00,36.6,30.0,83.0,91.0,OK
KK2,Trạm Chợ Tân Hoà,DV02,2026-08-07,13:00,59.3,27.2,89.0,91.0,OK
KK2,Trạm Chợ Tân Hoà,DV02,2026-08-07,14:00,38.2,28.7,69.0,91.0,OK
KK2,Trạm Chợ Tân Hoà,DV02,2026-08-07,15:00,57.5,30.5,63.0,91.0,OK
KK2,Trạm Chợ Tân Hoà,DV02,2026-08-07,16:00,49.2,32.0,64.0,91.0,OK
KK2,Trạm Chợ Tân Hoà,DV02,2026-08-07,17:00,67.6,31.7,72.0,91.0,OK
KK2,Trạm Chợ Tân Hoà,DV02,2026-08-07,18:00,59.6,32.6,72.0,91.0,OK
KK2,Trạm Chợ Tân Hoà,DV02,2026-08-07,19:00,35.9,31.0,70.0,91.0,OK
KK2,Trạm Chợ Tân Hoà,DV02,2026-08-07,20:00,34.5,33.1,73.0,91.0,OK
KK2,Trạm Chợ Tân Hoà,DV02,2026-08-07,21:00,53.0,29.8,70.0,91.0,OK
KK2,Trạm Chợ Tân Hoà,DV02,2026-08-07,22:00,52.5,29.6,76.0,91.0,OK
KK2,Trạm Chợ Tân Hoà,DV02,2026-08-07,23:00,54.9,33.1,81.0,91.0,OK
KK2,Trạm Chợ Tân Hoà,DV02,2026-08-08,00:00,58.2,27.8,80.0,91.0,OK
KK2,Trạm Chợ Tân Hoà,DV02,2026-08-08,01:00,62.1,32.4,74.0,91.0,OK
KK2,Trạm Chợ Tân Hoà,DV02,2026-08-08,02:00,62.4,28.8,78.0,91.0,OK
KK2,Trạm Chợ Tân Hoà,DV02,2026-08-08,03:00,46.7,30.9,72.0,91.0,OK
KK2,Trạm Chợ Tân Hoà,DV02,2026-08-08,04:00,38.8,30.5,77.0,90.0,OK
KK2,Trạm Chợ Tân Hoà,DV02,2026-08-08,05:00,34.3,28.4,70.0,90.0,OK
KK2,Trạm Chợ Tân Hoà,DV02,2026-08-08,06:00,54.6,29.9,76.0,90.0,OK
KK2,Trạm Chợ Tân Hoà,DV02,2026-08-08,07:00,61.5,35.6,68.0,90.0,OK
KK2,Trạm Chợ Tân Hoà,DV02,2026-08-08,08:00,60.1,29.8,77.0,90.0,OK
KK2,Trạm Chợ Tân Hoà,DV02,2026-08-08,09:00,58.0,29.3,77.0,90.0,OK
KK2,Trạm Chợ Tân Hoà,DV02,2026-08-08,10:00,58.4,31.8,71.0,90.0,OK
KK2,Trạm Chợ Tân Hoà,DV02,2026-08-08,11:00,53.2,34.2,71.0,90.0,OK
KK2,Trạm Chợ Tân Hoà,DV02,2026-08-08,12:00,35.3,30.5,69.0,90.0,OK
KK2,Trạm Chợ Tân Hoà,DV02,2026-08-08,13:00,35.1,26.4,82.0,90.0,OK
KK2,Trạm Chợ Tân Hoà,DV02,2026-08-08,14:00,50.9,31.1,73.0,90.0,OK
KK2,Trạm Chợ Tân Hoà,DV02,2026-08-08,15:00,46.2,34.0,68.0,90.0,OK
KK2,Trạm Chợ Tân Hoà,DV02,2026-08-08,16:00,63.2,31.3,69.0,90.0,OK
KK2,Trạm Chợ Tân Hoà,DV02,2026-08-08,17:00,51.3,27.8,77.0,90.0,OK
KK2,Trạm Chợ Tân Hoà,DV02,2026-08-08,18:00,58.0,33.8,83.0,90.0,OK
KK2,Trạm Chợ Tân Hoà,DV02,2026-08-08,19:00,42.6,32.8,70.0,90.0,OK
KK2,Trạm Chợ Tân Hoà,DV02,2026-08-08,20:00,43.6,30.5,78.0,90.0,OK
KK2,Trạm Chợ Tân Hoà,DV02,2026-08-08,21:00,45.5,28.6,85.0,90.0,OK
KK2,Trạm Chợ Tân Hoà,DV02,2026-08-08,22:00,48.4,31.4,74.0,89.0,OK
KK2,Trạm Chợ Tân Hoà,DV02,2026-08-08,23:00,47.3,29.9,76.0,89.0,OK
KK2,Trạm Chợ Tân Hoà,DV02,2026-08-09,00:00,62.6,31.2,85.0,89.0,OK
KK2,Trạm Chợ Tân Hoà,DV02,2026-08-09,01:00,52.3,29.7,83.0,89.0,OK
KK2,Trạm Chợ Tân Hoà,DV02,2026-08-09,02:00,54.5,34.4,77.0,89.0,OK
KK2,Trạm Chợ Tân Hoà,DV02,2026-08-09,03:00,42.3,30.8,72.0,89.0,OK
KK2,Trạm Chợ Tân Hoà,DV02,2026-08-09,04:00,43.5,28.6,72.0,89.0,OK
KK2,Trạm Chợ Tân Hoà,DV02,2026-08-09,05:00,37.5,28.5,69.0,89.0,OK
KK2,Trạm Chợ Tân Hoà,DV02,2026-08-09,06:00,41.9,31.2,87.0,89.0,OK
KK2,Trạm Chợ Tân Hoà,DV02,2026-08-09,07:00,60.2,23.9,76.0,89.0,OK
KK2,Trạm Chợ Tân Hoà,DV02,2026-08-09,08:00,37.1,32.9,82.0,89.0,OK
KK2,Trạm Chợ Tân Hoà,DV02,2026-08-09,09:00,43.9,27.0,67.0,89.0,OK
KK2,Trạm Chợ Tân Hoà,DV02,2026-08-09,10:00,56.1,30.0,76.0,89.0,OK
KK2,Trạm Chợ Tân Hoà,DV02,2026-08-09,11:00,54.0,32.6,66.0,89.0,OK
KK2,Trạm Chợ Tân Hoà,DV02,2026-08-09,12:00,40.3,32.5,69.0,89.0,OK
KK2,Trạm Chợ Tân Hoà,DV02,2026-08-09,13:00,49.5,29.1,73.0,89.0,OK
KK2,Trạm Chợ Tân Hoà,DV02,2026-08-09,14:00,44.8,31.2,71.0,89.0,OK
KK2,Trạm Chợ Tân Hoà,DV02,2026-08-09,15:00,42.1,37.9,83.0,89.0,OK
KK2,Trạm Chợ Tân Hoà,DV02,2026-08-09,16:00,39.2,34.2,72.0,89.0,OK
KK2,Trạm Chợ Tân Hoà,DV02,2026-08-09,17:00,39.3,24.5,74.0,88.0,OK
KK2,Trạm Chợ Tân Hoà,DV02,2026-08-09,18:00,55.8,29.3,75.0,88.0,OK
KK2,Trạm Chợ Tân Hoà,DV02,2026-08-09,19:00,34.8,31.1,86.0,88.0,OK
KK2,Trạm Chợ Tân Hoà,DV02,2026-08-09,20:00,56.4,30.9,73.0,88.0,OK
KK2,Trạm Chợ Tân Hoà,DV02,2026-08-09,21:00,46.9,32.9,75.0,88.0,OK
KK2,Trạm Chợ Tân Hoà,DV02,2026-08-09,22:00,52.3,29.0,77.0,88.0,OK
KK2,Trạm Chợ Tân Hoà,DV02,2026-08-09,23:00,52.7,27.4,81.0,88.0,OK
KK2,Trạm Chợ Tân Hoà,DV02,2026-08-10,00:00,47.6,31.1,66.0,88.0,OK
KK2,Trạm Chợ Tân Hoà,DV02,2026-08-10,01:00,39.2,29.0,74.0,88.0,OK
KK2,Trạm Chợ Tân Hoà,DV02,2026-08-10,02:00,56.0,32.2,75.0,88.0,OK
KK2,Trạm Chợ Tân Hoà,DV02,2026-08-10,03:00,31.0,28.0,81.0,88.0,OK
KK2,Trạm Chợ Tân Hoà,DV02,2026-08-10,04:00,30.5,29.4,71.0,88.0,OK
KK2,Trạm Chợ Tân Hoà,DV02,2026-08-10,05:00,34.5,29.4,73.0,88.0,OK
KK2,Trạm Chợ Tân Hoà,DV02,2026-08-10,06:00,67.0,33.0,68.0,88.0,OK
KK2,Trạm Chợ Tân Hoà,DV02,2026-08-10,07:00,63.2,32.5,77.0,88.0,OK
KK2,Trạm Chợ Tân Hoà,DV02,2026-08-10,08:00,45.1,29.7,69.0,88.0,OK
KK2,Trạm Chợ Tân Hoà,DV02,2026-08-10,09:00,58.7,31.9,74.0,88.0,OK
KK2,Trạm Chợ Tân Hoà,DV02,2026-08-10,10:00,43.9,32.5,73.0,88.0,OK
KK2,Trạm Chợ Tân Hoà,DV02,2026-08-10,11:00,48.4,30.5,79.0,87.0,OK
KK2,Trạm Chợ Tân Hoà,DV02,2026-08-10,12:00,35.9,26.5,79.0,87.0,OK
KK2,Trạm Chợ Tân Hoà,DV02,2026-08-10,13:00,50.2,29.3,86.0,87.0,OK
KK2,Trạm Chợ Tân Hoà,DV02,2026-08-10,14:00,35.8,33.3,67.0,87.0,OK
KK2,Trạm Chợ Tân Hoà,DV02,2026-08-10,15:00,54.2,31.8,74.0,87.0,OK
KK2,Trạm Chợ Tân Hoà,DV02,2026-08-10,16:00,63.6,26.7,64.0,87.0,OK
KK2,Trạm Chợ Tân Hoà,DV02,2026-08-10,17:00,64.8,34.8,65.0,87.0,OK
KK2,Trạm Chợ Tân Hoà,DV02,2026-08-10,18:00,41.5,30.6,73.0,87.0,OK
KK2,Trạm Chợ Tân Hoà,DV02,2026-08-10,19:00,57.6,32.0,71.0,87.0,OK
KK2,Trạm Chợ Tân Hoà,DV02,2026-08-10,20:00,52.6,25.9,71.0,87.0,OK
KK2,Trạm Chợ Tân Hoà,DV02,2026-08-10,21:00,56.4,29.6,66.0,87.0,OK
KK2,Trạm Chợ Tân Hoà,DV02,2026-08-10,22:00,40.6,26.5,71.0,87.0,OK
KK2,Trạm Chợ Tân Hoà,DV02,2026-08-10,23:00,44.9,30.4,68.0,87.0,OK
KK2,Trạm Chợ Tân Hoà,DV02,2026-08-11,00:00,39.0,29.8,66.0,87.0,OK
KK2,Trạm Chợ Tân Hoà,DV02,2026-08-11,01:00,47.8,30.4,77.0,87.0,OK
KK2,Trạm Chợ Tân Hoà,DV02,2026-08-11,02:00,57.3,31.3,70.0,87.0,OK
KK2,Trạm Chợ Tân Hoà,DV02,2026-08-11,03:00,43.9,33.4,73.0,87.0,OK
KK2,Trạm Chợ Tân Hoà,DV02,2026-08-11,04:00,52.4,31.3,85.0,87.0,OK
KK2,Trạm Chợ Tân Hoà,DV02,2026-08-11,05:00,54.8,32.6,59.0,86.0,OK
KK2,Trạm Chợ Tân Hoà,DV02,2026-08-11,06:00,401.6,26.3,76.0,86.0,Nghi ngờ
KK2,Trạm Chợ Tân Hoà,DV02,2026-08-11,07:00,45.5,26.6,78.0,86.0,OK
KK2,Trạm Chợ Tân Hoà,DV02,2026-08-11,08:00,42.0,29.0,71.0,86.0,OK
KK2,Trạm Chợ Tân Hoà,DV02,2026-08-11,09:00,40.9,33.5,72.0,86.0,OK
KK2,Trạm Chợ Tân Hoà,DV02,2026-08-11,10:00,37.5,35.6,83.0,86.0,OK
KK2,Trạm Chợ Tân Hoà,DV02,2026-08-11,11:00,35.1,28.0,75.0,86.0,OK
KK2,Trạm Chợ Tân Hoà,DV02,2026-08-11,12:00,36.4,30.8,69.0,86.0,OK
KK2,Trạm Chợ Tân Hoà,DV02,2026-08-11,13:00,37.4,30.7,80.0,86.0,OK
KK2,Trạm Chợ Tân Hoà,DV02,2026-08-11,14:00,54.5,30.4,63.0,86.0,OK
KK2,Trạm Chợ Tân Hoà,DV02,2026-08-11,15:00,55.4,28.5,76.0,86.0,OK
KK2,Trạm Chợ Tân Hoà,DV02,2026-08-11,16:00,40.0,28.7,78.0,86.0,OK
KK2,Trạm Chợ Tân Hoà,DV02,2026-08-11,17:00,60.4,33.0,61.0,86.0,OK
KK2,Trạm Chợ Tân Hoà,DV02,2026-08-11,18:00,66.8,35.7,43.0,86.0,OK
KK2,Trạm Chợ Tân Hoà,DV02,2026-08-11,19:00,58.7,23.7,82.0,86.0,OK
KK2,Trạm Chợ Tân Hoà,DV02,2026-08-11,20:00,58.2,29.0,86.0,86.0,OK
KK2,Trạm Chợ Tân Hoà,DV02,2026-08-11,21:00,38.1,30.0,69.0,86.0,OK
KK2,Trạm Chợ Tân Hoà,DV02,2026-08-11,22:00,39.7,30.1,80.0,86.0,OK
KK2,Trạm Chợ Tân Hoà,DV02,2026-08-11,23:00,36.4,29.1,76.0,86.0,OK
KK2,Trạm Chợ Tân Hoà,DV02,2026-08-12,00:00,47.4,31.7,71.0,85.0,OK
KK2,Trạm Chợ Tân Hoà,DV02,2026-08-12,01:00,63.4,32.6,77.0,85.0,OK
KK2,Trạm Chợ Tân Hoà,DV02,2026-08-12,02:00,55.9,29.6,82.0,85.0,OK
KK2,Trạm Chợ Tân Hoà,DV02,2026-08-12,03:00,46.4,33.5,69.0,85.0,OK
KK2,Trạm Chợ Tân Hoà,DV02,2026-08-12,04:00,48.5,31.8,77.0,85.0,OK
KK2,Trạm Chợ Tân Hoà,DV02,2026-08-12,05:00,50.3,22.4,65.0,85.0,OK
KK2,Trạm Chợ Tân Hoà,DV02,2026-08-12,06:00,53.2,29.1,70.0,85.0,OK
KK2,Trạm Chợ Tân Hoà,DV02,2026-08-12,07:00,60.9,30.6,73.0,85.0,OK
KK2,Trạm Chợ Tân Hoà,DV02,2026-08-12,08:00,46.3,29.7,62.0,85.0,OK
KK2,Trạm Chợ Tân Hoà,DV02,2026-08-12,09:00,49.6,27.3,80.0,85.0,OK
KK2,Trạm Chợ Tân Hoà,DV02,2026-08-12,10:00,52.4,32.5,76.0,85.0,OK
KK2,Trạm Chợ Tân Hoà,DV02,2026-08-12,11:00,39.7,31.9,83.0,85.0,OK
KK2,Trạm Chợ Tân Hoà,DV02,2026-08-12,12:00,53.5,29.7,72.0,85.0,OK
KK2,Trạm Chợ Tân Hoà,DV02,2026-08-12,13:00,47.4,29.8,72.0,85.0,OK
KK2,Trạm Chợ Tân Hoà,DV02,2026-08-12,14:00,52.0,28.4,61.0,85.0,OK
KK2,Trạm Chợ Tân Hoà,DV02,2026-08-12,15:00,42.0,26.7,67.0,85.0,OK
KK2,Trạm Chợ Tân Hoà,DV02,2026-08-12,16:00,64.4,38.2,77.0,85.0,OK
KK2,Trạm Chợ Tân Hoà,DV02,2026-08-12,17:00,42.6,24.0,72.0,85.0,OK
KK2,Trạm Chợ Tân Hoà,DV02,2026-08-12,18:00,53.4,33.1,77.0,84.0,OK
KK2,Trạm Chợ Tân Hoà,DV02,2026-08-12,19:00,301.7,25.8,83.0,84.0,Nghi ngờ
KK2,Trạm Chợ Tân Hoà,DV02,2026-08-12,20:00,51.6,30.7,71.0,84.0,OK
KK2,Trạm Chợ Tân Hoà,DV02,2026-08-12,21:00,43.9,32.8,72.0,84.0,OK
KK2,Trạm Chợ Tân Hoà,DV02,2026-08-12,22:00,48.8,33.2,72.0,84.0,OK
KK2,Trạm Chợ Tân Hoà,DV02,2026-08-12,23:00,60.2,34.0,78.0,84.0,OK
KK2,Trạm Chợ Tân Hoà,DV02,2026-08-13,00:00,60.3,29.5,79.0,84.0,OK
KK2,Trạm Chợ Tân Hoà,DV02,2026-08-13,01:00,39.9,24.1,84.0,84.0,OK
KK2,Trạm Chợ Tân Hoà,DV02,2026-08-13,02:00,43.4,29.8,55.0,84.0,OK
KK2,Trạm Chợ Tân Hoà,DV02,2026-08-13,03:00,43.4,27.7,66.0,84.0,OK
KK2,Trạm Chợ Tân Hoà,DV02,2026-08-13,04:00,37.8,33.6,77.0,84.0,OK
KK2,Trạm Chợ Tân Hoà,DV02,2026-08-13,05:00,58.0,34.2,68.0,84.0,OK
KK2,Trạm Chợ Tân Hoà,DV02,2026-08-13,06:00,46.8,30.7,68.0,84.0,OK
KK2,Trạm Chợ Tân Hoà,DV02,2026-08-13,07:00,54.5,30.0,75.0,84.0,OK
KK2,Trạm Chợ Tân Hoà,DV02,2026-08-13,08:00,58.9,25.4,79.0,84.0,OK
KK2,Trạm Chợ Tân Hoà,DV02,2026-08-13,09:00,60.0,29.8,75.0,84.0,OK
KK2,Trạm Chợ Tân Hoà,DV02,2026-08-13,10:00,59.3,36.1,65.0,84.0,OK
KK2,Trạm Chợ Tân Hoà,DV02,2026-08-13,11:00,55.3,28.6,72.0,84.0,OK
KK2,Trạm Chợ Tân Hoà,DV02,2026-08-13,12:00,45.8,29.9,82.0,83.0,OK
KK2,Trạm Chợ Tân Hoà,DV02,2026-08-13,13:00,44.2,26.1,66.0,83.0,OK
KK2,Trạm Chợ Tân Hoà,DV02,2026-08-13,14:00,40.8,27.7,64.0,83.0,OK
KK2,Trạm Chợ Tân Hoà,DV02,2026-08-13,15:00,39.6,28.5,70.0,83.0,OK
KK2,Trạm Chợ Tân Hoà,DV02,2026-08-13,16:00,52.2,28.3,82.0,83.0,OK
KK2,Trạm Chợ Tân Hoà,DV02,2026-08-13,17:00,53.3,25.4,88.0,83.0,OK
KK2,Trạm Chợ Tân Hoà,DV02,2026-08-13,18:00,63.2,29.2,69.0,83.0,OK
KK2,Trạm Chợ Tân Hoà,DV02,2026-08-13,19:00,43.6,30.1,76.0,83.0,OK
KK2,Trạm Chợ Tân Hoà,DV02,2026-08-13,20:00,54.1,31.5,76.0,83.0,OK
KK2,Trạm Chợ Tân Hoà,DV02,2026-08-13,21:00,55.9,34.4,77.0,83.0,OK
KK2,Trạm Chợ Tân Hoà,DV02,2026-08-13,22:00,50.2,29.8,67.0,83.0,OK
KK2,Trạm Chợ Tân Hoà,DV02,2026-08-13,23:00,37.6,30.5,80.0,83.0,OK
KK2,Trạm Chợ Tân Hoà,DV02,2026-08-14,00:00,93.1,29.3,75.0,83.0,OK
KK2,Trạm Chợ Tân Hoà,DV02,2026-08-14,01:00,65.2,31.0,74.0,83.0,OK
KK2,Trạm Chợ Tân Hoà,DV02,2026-08-14,02:00,79.4,27.6,61.0,83.0,OK
KK2,Trạm Chợ Tân Hoà,DV02,2026-08-14,03:00,65.6,31.1,82.0,83.0,OK
KK2,Trạm Chợ Tân Hoà,DV02,2026-08-14,04:00,291.7,30.0,69.0,83.0,Nghi ngờ
KK2,Trạm Chợ Tân Hoà,DV02,2026-08-14,05:00,70.9,28.1,83.0,83.0,OK
KK2,Trạm Chợ Tân Hoà,DV02,2026-08-14,06:00,65.9,28.7,74.0,82.0,OK
KK2,Trạm Chợ Tân Hoà,DV02,2026-08-14,07:00,97.8,31.7,71.0,82.0,OK
KK2,Trạm Chợ Tân Hoà,DV02,2026-08-14,08:00,71.3,35.7,80.0,82.0,OK
KK2,Trạm Chợ Tân Hoà,DV02,2026-08-14,09:00,85.0,28.7,76.0,82.0,OK
KK2,Trạm Chợ Tân Hoà,DV02,2026-08-14,10:00,93.9,32.3,78.0,82.0,OK
KK2,Trạm Chợ Tân Hoà,DV02,2026-08-14,11:00,82.1,28.8,78.0,82.0,OK
KK2,Trạm Chợ Tân Hoà,DV02,2026-08-14,12:00,73.4,27.3,86.0,82.0,OK
KK2,Trạm Chợ Tân Hoà,DV02,2026-08-14,13:00,71.1,35.2,73.0,82.0,OK
KK2,Trạm Chợ Tân Hoà,DV02,2026-08-14,14:00,77.8,26.6,62.0,82.0,OK
KK2,Trạm Chợ Tân Hoà,DV02,2026-08-14,15:00,88.6,35.8,68.0,82.0,OK
KK2,Trạm Chợ Tân Hoà,DV02,2026-08-14,16:00,57.3,34.2,89.0,82.0,OK
KK2,Trạm Chợ Tân Hoà,DV02,2026-08-14,17:00,60.7,28.8,76.0,82.0,OK
KK2,Trạm Chợ Tân Hoà,DV02,2026-08-14,18:00,61.5,32.6,72.0,82.0,OK
KK2,Trạm Chợ Tân Hoà,DV02,2026-08-14,19:00,92.9,31.0,71.0,82.0,OK
KK2,Trạm Chợ Tân Hoà,DV02,2026-08-14,20:00,55.1,30.9,62.0,82.0,OK
KK2,Trạm Chợ Tân Hoà,DV02,2026-08-14,21:00,61.0,24.2,81.0,82.0,OK
KK2,Trạm Chợ Tân Hoà,DV02,2026-08-14,22:00,72.0,27.5,81.0,82.0,OK
KK2,Trạm Chợ Tân Hoà,DV02,2026-08-14,23:00,95.1,27.8,87.0,82.0,OK
KK2,Trạm Chợ Tân Hoà,DV02,2026-08-15,00:00,88.4,31.5,78.0,82.0,OK
KK2,Trạm Chợ Tân Hoà,DV02,2026-08-15,01:00,69.2,31.4,76.0,81.0,OK
KK2,Trạm Chợ Tân Hoà,DV02,2026-08-15,02:00,69.2,29.1,64.0,81.0,OK
KK2,Trạm Chợ Tân Hoà,DV02,2026-08-15,03:00,57.6,29.5,84.0,81.0,OK
KK2,Trạm Chợ Tân Hoà,DV02,2026-08-15,04:00,54.0,25.2,86.0,81.0,OK
KK2,Trạm Chợ Tân Hoà,DV02,2026-08-15,05:00,78.3,36.6,73.0,81.0,OK
KK2,Trạm Chợ Tân Hoà,DV02,2026-08-15,06:00,101.2,28.9,76.0,81.0,OK
KK2,Trạm Chợ Tân Hoà,DV02,2026-08-15,07:00,79.4,33.0,69.0,81.0,OK
KK2,Trạm Chợ Tân Hoà,DV02,2026-08-15,08:00,74.0,30.6,78.0,81.0,OK
KK2,Trạm Chợ Tân Hoà,DV02,2026-08-15,09:00,78.3,31.7,83.0,81.0,OK
KK2,Trạm Chợ Tân Hoà,DV02,2026-08-15,10:00,85.1,31.7,79.0,81.0,OK
KK2,Trạm Chợ Tân Hoà,DV02,2026-08-15,11:00,56.6,27.8,75.0,81.0,OK
KK2,Trạm Chợ Tân Hoà,DV02,2026-08-15,12:00,58.7,28.5,72.0,81.0,OK
KK2,Trạm Chợ Tân Hoà,DV02,2026-08-15,13:00,54.8,25.8,67.0,81.0,OK
KK2,Trạm Chợ Tân Hoà,DV02,2026-08-15,14:00,61.3,28.5,89.0,81.0,OK
KK2,Trạm Chợ Tân Hoà,DV02,2026-08-15,15:00,83.4,29.5,78.0,81.0,OK
KK2,Trạm Chợ Tân Hoà,DV02,2026-08-15,16:00,61.1,34.5,71.0,81.0,OK
KK2,Trạm Chợ Tân Hoà,DV02,2026-08-15,17:00,90.3,28.1,79.0,81.0,OK
KK2,Trạm Chợ Tân Hoà,DV02,2026-08-15,18:00,78.7,33.1,61.0,80.0,OK
KK2,Trạm Chợ Tân Hoà,DV02,2026-08-15,19:00,62.0,34.3,64.0,80.0,OK
KK2,Trạm Chợ Tân Hoà,DV02,2026-08-15,20:00,59.3,30.9,74.0,80.0,OK
KK2,Trạm Chợ Tân Hoà,DV02,2026-08-15,21:00,65.8,35.4,78.0,80.0,OK
KK2,Trạm Chợ Tân Hoà,DV02,2026-08-15,22:00,61.6,28.6,71.0,80.0,OK
KK2,Trạm Chợ Tân Hoà,DV02,2026-08-15,23:00,73.3,29.1,75.0,80.0,OK
KK2,Trạm Chợ Tân Hoà,DV02,2026-08-16,00:00,79.4,32.4,70.0,80.0,OK
KK2,Trạm Chợ Tân Hoà,DV02,2026-08-16,01:00,61.9,27.8,73.0,80.0,OK
KK2,Trạm Chợ Tân Hoà,DV02,2026-08-16,02:00,82.4,29.8,72.0,80.0,OK
KK2,Trạm Chợ Tân Hoà,DV02,2026-08-16,03:00,63.2,29.6,71.0,80.0,OK
KK2,Trạm Chợ Tân Hoà,DV02,2026-08-16,04:00,56.5,34.1,76.0,80.0,OK
KK2,Trạm Chợ Tân Hoà,DV02,2026-08-16,05:00,75.9,29.1,73.0,80.0,OK
KK2,Trạm Chợ Tân Hoà,DV02,2026-08-16,06:00,88.3,39.8,73.0,80.0,OK
KK2,Trạm Chợ Tân Hoà,DV02,2026-08-16,07:00,97.5,29.8,69.0,80.0,OK
KK2,Trạm Chợ Tân Hoà,DV02,2026-08-16,08:00,60.7,28.5,81.0,80.0,OK
KK2,Trạm Chợ Tân Hoà,DV02,2026-08-16,09:00,56.8,29.0,85.0,80.0,OK
KK2,Trạm Chợ Tân Hoà,DV02,2026-08-16,10:00,78.4,30.3,57.0,80.0,OK
KK2,Trạm Chợ Tân Hoà,DV02,2026-08-16,11:00,69.4,31.5,66.0,80.0,OK
KK2,Trạm Chợ Tân Hoà,DV02,2026-08-16,12:00,96.0,27.1,92.0,80.0,OK
KK2,Trạm Chợ Tân Hoà,DV02,2026-08-16,13:00,72.5,36.0,76.0,79.0,OK
KK2,Trạm Chợ Tân Hoà,DV02,2026-08-16,14:00,71.3,31.3,77.0,79.0,OK
KK2,Trạm Chợ Tân Hoà,DV02,2026-08-16,15:00,82.6,32.1,71.0,79.0,OK
KK2,Trạm Chợ Tân Hoà,DV02,2026-08-16,16:00,101.0,29.8,77.0,79.0,OK
KK2,Trạm Chợ Tân Hoà,DV02,2026-08-16,17:00,89.8,30.2,77.0,79.0,OK
KK2,Trạm Chợ Tân Hoà,DV02,2026-08-16,18:00,86.2,33.1,74.0,79.0,OK
KK2,Trạm Chợ Tân Hoà,DV02,2026-08-16,19:00,84.5,32.0,70.0,79.0,OK
KK2,Trạm Chợ Tân Hoà,DV02,2026-08-16,20:00,69.0,31.6,73.0,79.0,OK
KK2,Trạm Chợ Tân Hoà,DV02,2026-08-16,21:00,49.8,24.8,77.0,79.0,OK
KK2,Trạm Chợ Tân Hoà,DV02,2026-08-16,22:00,97.1,30.9,76.0,79.0,OK
KK2,Trạm Chợ Tân Hoà,DV02,2026-08-16,23:00,86.9,34.7,80.0,79.0,OK
KK2,Trạm Chợ Tân Hoà,DV02,2026-08-17,00:00,92.8,25.8,84.0,79.0,OK
KK2,Trạm Chợ Tân Hoà,DV02,2026-08-17,01:00,73.5,28.9,72.0,79.0,OK
KK2,Trạm Chợ Tân Hoà,DV02,2026-08-17,02:00,59.5,30.0,67.0,79.0,OK
KK2,Trạm Chợ Tân Hoà,DV02,2026-08-17,03:00,68.4,32.8,70.0,79.0,OK
KK2,Trạm Chợ Tân Hoà,DV02,2026-08-17,04:00,63.8,29.0,81.0,79.0,OK
KK2,Trạm Chợ Tân Hoà,DV02,2026-08-17,05:00,53.6,39.7,73.0,79.0,OK
KK2,Trạm Chợ Tân Hoà,DV02,2026-08-17,06:00,101.6,32.3,77.0,79.0,OK
KK2,Trạm Chợ Tân Hoà,DV02,2026-08-17,07:00,103.7,31.7,76.0,78.0,OK
KK2,Trạm Chợ Tân Hoà,DV02,2026-08-17,08:00,83.7,26.2,74.0,78.0,OK
KK2,Trạm Chợ Tân Hoà,DV02,2026-08-17,09:00,69.4,30.0,71.0,78.0,OK
KK2,Trạm Chợ Tân Hoà,DV02,2026-08-17,10:00,77.5,32.8,67.0,78.0,OK
KK2,Trạm Chợ Tân Hoà,DV02,2026-08-17,11:00,55.4,30.3,71.0,78.0,OK
KK2,Trạm Chợ Tân Hoà,DV02,2026-08-17,12:00,86.0,30.2,78.0,78.0,OK
KK2,Trạm Chợ Tân Hoà,DV02,2026-08-17,13:00,64.4,25.8,71.0,78.0,OK
KK2,Trạm Chợ Tân Hoà,DV02,2026-08-17,14:00,86.6,34.1,63.0,78.0,OK
KK2,Trạm Chợ Tân Hoà,DV02,2026-08-17,15:00,93.7,29.9,67.0,78.0,OK
KK2,Trạm Chợ Tân Hoà,DV02,2026-08-17,16:00,90.6,34.5,79.0,78.0,OK
KK2,Trạm Chợ Tân Hoà,DV02,2026-08-17,17:00,97.8,25.8,84.0,78.0,OK
KK2,Trạm Chợ Tân Hoà,DV02,2026-08-17,18:00,61.1,33.2,84.0,78.0,OK
KK2,Trạm Chợ Tân Hoà,DV02,2026-08-17,19:00,86.2,29.6,69.0,78.0,OK
KK2,Trạm Chợ Tân Hoà,DV02,2026-08-17,20:00,67.3,28.7,73.0,78.0,OK
KK2,Trạm Chợ Tân Hoà,DV02,2026-08-17,21:00,50.8,34.5,84.0,78.0,OK
KK2,Trạm Chợ Tân Hoà,DV02,2026-08-17,22:00,60.3,33.9,70.0,78.0,OK
KK2,Trạm Chợ Tân Hoà,DV02,2026-08-17,23:00,73.1,29.3,74.0,78.0,OK
KK2,Trạm Chợ Tân Hoà,DV02,2026-08-18,00:00,63.9,32.2,79.0,78.0,OK
KK2,Trạm Chợ Tân Hoà,DV02,2026-08-18,01:00,50.7,38.6,83.0,77.0,OK
KK2,Trạm Chợ Tân Hoà,DV02,2026-08-18,02:00,52.3,32.3,75.0,77.0,OK
KK2,Trạm Chợ Tân Hoà,DV02,2026-08-18,03:00,50.9,31.2,65.0,77.0,OK
KK2,Trạm Chợ Tân Hoà,DV02,2026-08-18,04:00,32.8,26.4,85.0,77.0,OK
KK2,Trạm Chợ Tân Hoà,DV02,2026-08-18,05:00,52.8,28.5,72.0,77.0,OK
KK2,Trạm Chợ Tân Hoà,DV02,2026-08-18,06:00,49.1,32.1,80.0,77.0,OK
KK2,Trạm Chợ Tân Hoà,DV02,2026-08-18,07:00,54.0,26.6,74.0,77.0,OK
KK2,Trạm Chợ Tân Hoà,DV02,2026-08-18,08:00,57.2,31.8,73.0,77.0,OK
KK2,Trạm Chợ Tân Hoà,DV02,2026-08-18,09:00,57.1,27.3,66.0,77.0,OK
KK2,Trạm Chợ Tân Hoà,DV02,2026-08-18,10:00,42.2,31.9,81.0,77.0,OK
KK2,Trạm Chợ Tân Hoà,DV02,2026-08-18,11:00,61.1,32.7,70.0,77.0,OK
KK2,Trạm Chợ Tân Hoà,DV02,2026-08-18,12:00,45.8,28.1,74.0,77.0,OK
KK2,Trạm Chợ Tân Hoà,DV02,2026-08-18,13:00,45.3,26.0,78.0,77.0,OK
KK2,Trạm Chợ Tân Hoà,DV02,2026-08-18,14:00,51.9,32.2,74.0,77.0,OK
KK2,Trạm Chợ Tân Hoà,DV02,2026-08-18,15:00,38.6,28.8,91.0,77.0,OK
KK2,Trạm Chợ Tân Hoà,DV02,2026-08-18,16:00,48.4,28.5,73.0,77.0,OK
KK2,Trạm Chợ Tân Hoà,DV02,2026-08-18,17:00,40.8,26.8,74.0,77.0,OK
KK2,Trạm Chợ Tân Hoà,DV02,2026-08-18,18:00,44.5,30.6,84.0,77.0,OK
KK2,Trạm Chợ Tân Hoà,DV02,2026-08-18,19:00,56.3,32.7,73.0,76.0,OK
KK2,Trạm Chợ Tân Hoà,DV02,2026-08-18,20:00,51.4,32.6,75.0,76.0,OK
KK2,Trạm Chợ Tân Hoà,DV02,2026-08-18,21:00,42.2,29.4,73.0,76.0,OK
KK2,Trạm Chợ Tân Hoà,DV02,2026-08-18,22:00,40.3,30.4,71.0,76.0,OK
KK2,Trạm Chợ Tân Hoà,DV02,2026-08-18,23:00,60.1,31.8,55.0,76.0,OK
KK2,Trạm Chợ Tân Hoà,DV02,2026-08-19,00:00,63.8,27.6,80.0,76.0,OK
KK2,Trạm Chợ Tân Hoà,DV02,2026-08-19,01:00,35.8,33.6,72.0,76.0,OK
KK2,Trạm Chợ Tân Hoà,DV02,2026-08-19,02:00,39.4,31.2,72.0,76.0,OK
KK2,Trạm Chợ Tân Hoà,DV02,2026-08-19,03:00,32.6,33.5,77.0,76.0,OK
KK2,Trạm Chợ Tân Hoà,DV02,2026-08-19,04:00,35.6,29.6,76.0,76.0,OK
KK2,Trạm Chợ Tân Hoà,DV02,2026-08-19,05:00,45.6,35.6,76.0,76.0,OK
KK2,Trạm Chợ Tân Hoà,DV02,2026-08-19,06:00,38.7,30.1,74.0,76.0,OK
KK2,Trạm Chợ Tân Hoà,DV02,2026-08-19,07:00,60.3,34.0,82.0,76.0,OK
KK2,Trạm Chợ Tân Hoà,DV02,2026-08-19,08:00,46.0,34.9,76.0,76.0,OK
KK2,Trạm Chợ Tân Hoà,DV02,2026-08-19,09:00,60.5,30.4,69.0,76.0,OK
KK2,Trạm Chợ Tân Hoà,DV02,2026-08-19,10:00,52.0,30.4,72.0,76.0,OK
KK2,Trạm Chợ Tân Hoà,DV02,2026-08-19,11:00,46.1,31.4,74.0,76.0,OK
KK2,Trạm Chợ Tân Hoà,DV02,2026-08-19,12:00,40.2,32.0,81.0,76.0,OK
KK2,Trạm Chợ Tân Hoà,DV02,2026-08-19,13:00,48.2,25.3,81.0,76.0,OK
KK2,Trạm Chợ Tân Hoà,DV02,2026-08-19,14:00,55.5,28.9,74.0,75.0,OK
KK2,Trạm Chợ Tân Hoà,DV02,2026-08-19,15:00,37.9,27.5,75.0,75.0,OK
KK2,Trạm Chợ Tân Hoà,DV02,2026-08-19,16:00,55.1,26.9,80.0,75.0,OK
KK2,Trạm Chợ Tân Hoà,DV02,2026-08-19,17:00,68.6,31.8,89.0,75.0,OK
KK2,Trạm Chợ Tân Hoà,DV02,2026-08-19,18:00,43.3,29.9,91.0,75.0,OK
KK2,Trạm Chợ Tân Hoà,DV02,2026-08-19,19:00,51.2,27.4,75.0,75.0,OK
KK2,Trạm Chợ Tân Hoà,DV02,2026-08-19,20:00,39.6,26.8,69.0,75.0,OK
KK2,Trạm Chợ Tân Hoà,DV02,2026-08-19,21:00,40.5,28.5,77.0,75.0,OK
KK2,Trạm Chợ Tân Hoà,DV02,2026-08-19,22:00,60.9,30.0,68.0,75.0,OK
KK2,Trạm Chợ Tân Hoà,DV02,2026-08-19,23:00,47.5,27.8,68.0,75.0,OK
KK2,Trạm Chợ Tân Hoà,DV02,2026-08-20,00:00,47.8,31.4,77.0,75.0,OK
KK2,Trạm Chợ Tân Hoà,DV02,2026-08-20,01:00,62.4,31.5,67.0,75.0,OK
KK2,Trạm Chợ Tân Hoà,DV02,2026-08-20,02:00,40.4,30.0,70.0,75.0,OK
KK2,Trạm Chợ Tân Hoà,DV02,2026-08-20,03:00,30.8,31.1,75.0,75.0,OK
KK2,Trạm Chợ Tân Hoà,DV02,2026-08-20,04:00,42.1,33.2,68.0,75.0,OK
KK2,Trạm Chợ Tân Hoà,DV02,2026-08-20,05:00,36.5,33.2,83.0,75.0,OK
KK2,Trạm Chợ Tân Hoà,DV02,2026-08-20,06:00,66.7,27.6,73.0,75.0,OK
KK2,Trạm Chợ Tân Hoà,DV02,2026-08-20,07:00,42.7,26.7,85.0,75.0,OK
KK2,Trạm Chợ Tân Hoà,DV02,2026-08-20,08:00,57.0,32.8,67.0,74.0,OK
KK2,Trạm Chợ Tân Hoà,DV02,2026-08-20,09:00,50.6,32.0,77.0,74.0,OK
KK2,Trạm Chợ Tân Hoà,DV02,2026-08-20,10:00,45.4,32.2,68.0,74.0,OK
KK2,Trạm Chợ Tân Hoà,DV02,2026-08-20,11:00,44.9,32.2,79.0,74.0,OK
KK2,Trạm Chợ Tân Hoà,DV02,2026-08-20,12:00,44.4,32.6,64.0,74.0,OK
KK2,Trạm Chợ Tân Hoà,DV02,2026-08-20,13:00,33.8,31.3,66.0,74.0,OK
KK2,Trạm Chợ Tân Hoà,DV02,2026-08-20,14:00,34.4,30.6,66.0,74.0,OK
KK2,Trạm Chợ Tân Hoà,DV02,2026-08-20,15:00,60.0,29.1,70.0,74.0,OK
KK2,Trạm Chợ Tân Hoà,DV02,2026-08-20,16:00,53.0,33.7,74.0,74.0,OK
KK2,Trạm Chợ Tân Hoà,DV02,2026-08-20,17:00,40.8,29.9,71.0,74.0,OK
KK2,Trạm Chợ Tân Hoà,DV02,2026-08-20,18:00,46.6,27.1,81.0,74.0,OK
KK2,Trạm Chợ Tân Hoà,DV02,2026-08-20,19:00,49.5,27.0,77.0,74.0,OK
KK2,Trạm Chợ Tân Hoà,DV02,2026-08-20,20:00,48.9,31.5,86.0,74.0,OK
KK2,Trạm Chợ Tân Hoà,DV02,2026-08-20,21:00,41.8,31.9,78.0,74.0,OK
KK2,Trạm Chợ Tân Hoà,DV02,2026-08-20,22:00,50.7,31.0,70.0,74.0,OK
KK2,Trạm Chợ Tân Hoà,DV02,2026-08-20,23:00,51.1,28.4,77.0,74.0,OK
KK2,Trạm Chợ Tân Hoà,DV02,2026-08-21,00:00,35.9,32.9,89.0,74.0,OK
KK2,Trạm Chợ Tân Hoà,DV02,2026-08-21,01:00,60.2,30.8,62.0,74.0,OK
KK2,Trạm Chợ Tân Hoà,DV02,2026-08-21,02:00,37.1,31.3,80.0,73.0,OK
KK2,Trạm Chợ Tân Hoà,DV02,2026-08-21,03:00,43.2,27.4,70.0,73.0,OK
KK2,Trạm Chợ Tân Hoà,DV02,2026-08-21,04:00,42.4,30.1,59.0,73.0,OK
KK2,Trạm Chợ Tân Hoà,DV02,2026-08-21,05:00,41.4,26.3,77.0,73.0,OK
KK2,Trạm Chợ Tân Hoà,DV02,2026-08-21,06:00,41.1,32.5,69.0,73.0,OK
KK2,Trạm Chợ Tân Hoà,DV02,2026-08-21,07:00,45.2,32.0,77.0,73.0,OK
KK2,Trạm Chợ Tân Hoà,DV02,2026-08-21,08:00,53.0,32.4,69.0,73.0,OK
KK2,Trạm Chợ Tân Hoà,DV02,2026-08-21,09:00,61.6,33.6,82.0,73.0,OK
KK2,Trạm Chợ Tân Hoà,DV02,2026-08-21,10:00,43.5,32.9,71.0,73.0,OK
KK2,Trạm Chợ Tân Hoà,DV02,2026-08-21,11:00,37.7,33.4,76.0,73.0,OK
KK2,Trạm Chợ Tân Hoà,DV02,2026-08-21,12:00,52.2,34.6,83.0,73.0,OK
KK2,Trạm Chợ Tân Hoà,DV02,2026-08-21,13:00,52.6,32.7,73.0,73.0,OK
KK2,Trạm Chợ Tân Hoà,DV02,2026-08-21,14:00,48.2,29.3,61.0,73.0,OK
KK2,Trạm Chợ Tân Hoà,DV02,2026-08-21,15:00,58.7,30.5,79.0,73.0,OK
KK2,Trạm Chợ Tân Hoà,DV02,2026-08-21,16:00,65.5,29.6,72.0,73.0,OK
KK2,Trạm Chợ Tân Hoà,DV02,2026-08-21,17:00,53.7,27.2,69.0,73.0,OK
KK2,Trạm Chợ Tân Hoà,DV02,2026-08-21,18:00,42.4,27.7,70.0,73.0,OK
KK2,Trạm Chợ Tân Hoà,DV02,2026-08-21,19:00,44.9,24.5,72.0,73.0,OK
KK2,Trạm Chợ Tân Hoà,DV02,2026-08-21,20:00,56.3,27.5,78.0,72.0,OK
KK2,Trạm Chợ Tân Hoà,DV02,2026-08-21,21:00,37.3,29.9,76.0,72.0,OK
KK2,Trạm Chợ Tân Hoà,DV02,2026-08-21,22:00,63.2,33.1,78.0,72.0,OK
KK2,Trạm Chợ Tân Hoà,DV02,2026-08-21,23:00,36.2,29.6,72.0,72.0,OK
KK2,Trạm Chợ Tân Hoà,DV02,2026-08-22,00:00,46.5,31.0,83.0,72.0,OK
KK2,Trạm Chợ Tân Hoà,DV02,2026-08-22,01:00,49.2,33.9,78.0,72.0,OK
KK2,Trạm Chợ Tân Hoà,DV02,2026-08-22,02:00,38.4,35.8,74.0,72.0,OK
KK2,Trạm Chợ Tân Hoà,DV02,2026-08-22,03:00,33.5,33.8,74.0,72.0,OK
KK2,Trạm Chợ Tân Hoà,DV02,2026-08-22,04:00,42.1,31.0,66.0,72.0,OK
KK2,Trạm Chợ Tân Hoà,DV02,2026-08-22,05:00,45.2,30.1,81.0,72.0,OK
KK2,Trạm Chợ Tân Hoà,DV02,2026-08-22,06:00,51.3,30.2,71.0,72.0,OK
KK2,Trạm Chợ Tân Hoà,DV02,2026-08-22,07:00,44.8,31.9,69.0,72.0,OK
KK2,Trạm Chợ Tân Hoà,DV02,2026-08-22,08:00,42.0,31.3,70.0,72.0,OK
KK2,Trạm Chợ Tân Hoà,DV02,2026-08-22,09:00,37.8,32.9,71.0,72.0,OK
KK2,Trạm Chợ Tân Hoà,DV02,2026-08-22,10:00,51.7,29.3,74.0,72.0,OK
KK2,Trạm Chợ Tân Hoà,DV02,2026-08-22,11:00,44.6,31.3,72.0,72.0,OK
KK2,Trạm Chợ Tân Hoà,DV02,2026-08-22,12:00,51.7,28.1,80.0,72.0,OK
KK2,Trạm Chợ Tân Hoà,DV02,2026-08-22,13:00,48.9,26.7,77.0,72.0,OK
KK2,Trạm Chợ Tân Hoà,DV02,2026-08-22,14:00,57.3,30.5,63.0,71.0,OK
KK2,Trạm Chợ Tân Hoà,DV02,2026-08-22,15:00,34.3,30.7,82.0,71.0,OK
KK2,Trạm Chợ Tân Hoà,DV02,2026-08-22,16:00,66.7,28.3,64.0,71.0,OK
KK2,Trạm Chợ Tân Hoà,DV02,2026-08-22,17:00,48.7,27.7,70.0,71.0,OK
KK2,Trạm Chợ Tân Hoà,DV02,2026-08-22,18:00,67.7,32.0,79.0,71.0,OK
KK2,Trạm Chợ Tân Hoà,DV02,2026-08-22,19:00,61.3,32.3,70.0,71.0,OK
KK2,Trạm Chợ Tân Hoà,DV02,2026-08-22,20:00,57.4,29.0,67.0,71.0,OK
KK2,Trạm Chợ Tân Hoà,DV02,2026-08-22,21:00,40.4,30.8,69.0,71.0,OK
KK2,Trạm Chợ Tân Hoà,DV02,2026-08-22,22:00,38.2,30.4,72.0,71.0,OK
KK2,Trạm Chợ Tân Hoà,DV02,2026-08-22,23:00,51.8,26.6,72.0,71.0,OK
KK2,Trạm Chợ Tân Hoà,DV02,2026-08-23,00:00,43.3,35.1,80.0,71.0,OK
KK2,Trạm Chợ Tân Hoà,DV02,2026-08-23,01:00,37.3,30.7,63.0,71.0,OK
KK2,Trạm Chợ Tân Hoà,DV02,2026-08-23,02:00,44.0,27.8,69.0,71.0,OK
KK2,Trạm Chợ Tân Hoà,DV02,2026-08-23,03:00,32.0,31.2,82.0,71.0,OK
KK2,Trạm Chợ Tân Hoà,DV02,2026-08-23,04:00,35.3,23.2,76.0,71.0,OK
KK2,Trạm Chợ Tân Hoà,DV02,2026-08-23,05:00,57.8,34.2,78.0,71.0,OK
KK2,Trạm Chợ Tân Hoà,DV02,2026-08-23,06:00,41.1,33.7,90.0,71.0,OK
KK2,Trạm Chợ Tân Hoà,DV02,2026-08-23,07:00,42.6,32.4,72.0,71.0,OK
KK2,Trạm Chợ Tân Hoà,DV02,2026-08-23,08:00,41.3,28.6,71.0,70.0,OK
KK2,Trạm Chợ Tân Hoà,DV02,2026-08-23,09:00,41.8,34.7,57.0,70.0,OK
KK2,Trạm Chợ Tân Hoà,DV02,2026-08-23,10:00,52.9,25.2,75.0,70.0,OK
KK2,Trạm Chợ Tân Hoà,DV02,2026-08-23,11:00,42.1,32.9,77.0,70.0,OK
KK2,Trạm Chợ Tân Hoà,DV02,2026-08-23,12:00,53.0,29.9,72.0,70.0,OK
KK2,Trạm Chợ Tân Hoà,DV02,2026-08-23,13:00,50.9,30.2,74.0,70.0,OK
KK2,Trạm Chợ Tân Hoà,DV02,2026-08-23,14:00,37.6,35.2,74.0,70.0,OK
KK2,Trạm Chợ Tân Hoà,DV02,2026-08-23,15:00,55.2,33.6,78.0,70.0,OK
KK2,Trạm Chợ Tân Hoà,DV02,2026-08-23,16:00,56.2,37.4,71.0,70.0,OK
KK2,Trạm Chợ Tân Hoà,DV02,2026-08-23,17:00,54.2,31.7,73.0,70.0,OK
KK2,Trạm Chợ Tân Hoà,DV02,2026-08-23,18:00,45.3,27.5,75.0,70.0,OK
KK2,Trạm Chợ Tân Hoà,DV02,2026-08-23,19:00,42.7,24.7,64.0,70.0,OK
KK2,Trạm Chợ Tân Hoà,DV02,2026-08-23,20:00,41.4,30.3,80.0,70.0,OK
KK2,Trạm Chợ Tân Hoà,DV02,2026-08-23,21:00,47.8,34.7,65.0,70.0,OK
KK2,Trạm Chợ Tân Hoà,DV02,2026-08-23,22:00,44.8,27.8,72.0,70.0,OK
KK2,Trạm Chợ Tân Hoà,DV02,2026-08-23,23:00,44.9,34.4,66.0,70.0,OK
KK2,Trạm Chợ Tân Hoà,DV02,2026-08-24,00:00,36.0,30.8,72.0,70.0,OK
KK2,Trạm Chợ Tân Hoà,DV02,2026-08-24,01:00,39.7,29.5,80.0,70.0,OK
KK2,Trạm Chợ Tân Hoà,DV02,2026-08-24,02:00,50.5,29.9,72.0,69.0,OK
KK2,Trạm Chợ Tân Hoà,DV02,2026-08-24,03:00,43.8,28.0,76.0,69.0,OK
KK2,Trạm Chợ Tân Hoà,DV02,2026-08-24,04:00,36.0,31.8,64.0,69.0,OK
KK2,Trạm Chợ Tân Hoà,DV02,2026-08-24,05:00,42.5,26.2,81.0,69.0,OK
KK2,Trạm Chợ Tân Hoà,DV02,2026-08-24,06:00,42.3,30.6,86.0,69.0,OK
KK2,Trạm Chợ Tân Hoà,DV02,2026-08-24,07:00,53.4,32.5,68.0,69.0,OK
KK2,Trạm Chợ Tân Hoà,DV02,2026-08-24,08:00,55.7,32.5,71.0,69.0,OK
KK2,Trạm Chợ Tân Hoà,DV02,2026-08-24,09:00,46.2,30.1,84.0,69.0,OK
KK2,Trạm Chợ Tân Hoà,DV02,2026-08-24,10:00,49.5,25.1,69.0,69.0,OK
KK2,Trạm Chợ Tân Hoà,DV02,2026-08-24,11:00,51.8,31.0,80.0,69.0,OK
KK2,Trạm Chợ Tân Hoà,DV02,2026-08-24,12:00,42.7,30.1,69.0,69.0,OK
KK2,Trạm Chợ Tân Hoà,DV02,2026-08-24,13:00,38.6,28.9,73.0,69.0,OK
KK2,Trạm Chợ Tân Hoà,DV02,2026-08-24,14:00,42.8,34.1,69.0,69.0,OK
KK2,Trạm Chợ Tân Hoà,DV02,2026-08-24,15:00,44.1,31.4,63.0,69.0,OK
KK2,Trạm Chợ Tân Hoà,DV02,2026-08-24,16:00,58.7,34.4,80.0,69.0,OK
KK2,Trạm Chợ Tân Hoà,DV02,2026-08-24,17:00,47.3,30.9,79.0,69.0,OK
KK2,Trạm Chợ Tân Hoà,DV02,2026-08-24,18:00,64.6,27.9,73.0,69.0,OK
KK2,Trạm Chợ Tân Hoà,DV02,2026-08-24,19:00,57.4,31.8,66.0,69.0,OK
KK2,Trạm Chợ Tân Hoà,DV02,2026-08-24,20:00,40.7,30.1,63.0,69.0,OK
KK2,Trạm Chợ Tân Hoà,DV02,2026-08-24,21:00,50.9,27.5,65.0,68.0,OK
KK2,Trạm Chợ Tân Hoà,DV02,2026-08-24,22:00,58.1,32.1,77.0,68.0,OK
KK2,Trạm Chợ Tân Hoà,DV02,2026-08-24,23:00,56.9,33.0,74.0,68.0,OK
KK2,Trạm Chợ Tân Hoà,DV02,2026-08-25,00:00,64.7,30.7,82.0,68.0,OK
KK2,Trạm Chợ Tân Hoà,DV02,2026-08-25,01:00,48.3,33.6,74.0,68.0,OK
KK2,Trạm Chợ Tân Hoà,DV02,2026-08-25,02:00,61.8,30.6,66.0,68.0,OK
KK2,Trạm Chợ Tân Hoà,DV02,2026-08-25,03:00,43.1,26.3,74.0,68.0,OK
KK2,Trạm Chợ Tân Hoà,DV02,2026-08-25,04:00,51.6,31.0,71.0,68.0,OK
KK2,Trạm Chợ Tân Hoà,DV02,2026-08-25,05:00,48.1,31.4,67.0,68.0,OK
KK2,Trạm Chợ Tân Hoà,DV02,2026-08-25,06:00,60.4,29.7,73.0,68.0,OK
KK2,Trạm Chợ Tân Hoà,DV02,2026-08-25,07:00,66.4,32.8,81.0,68.0,OK
KK2,Trạm Chợ Tân Hoà,DV02,2026-08-25,08:00,62.4,28.5,76.0,68.0,OK
KK2,Trạm Chợ Tân Hoà,DV02,2026-08-25,09:00,52.2,28.3,72.0,68.0,OK
KK2,Trạm Chợ Tân Hoà,DV02,2026-08-25,10:00,55.3,34.1,83.0,68.0,OK
KK2,Trạm Chợ Tân Hoà,DV02,2026-08-25,11:00,60.8,35.3,84.0,68.0,OK
KK2,Trạm Chợ Tân Hoà,DV02,2026-08-25,12:00,55.0,30.4,80.0,68.0,OK
KK2,Trạm Chợ Tân Hoà,DV02,2026-08-25,13:00,34.7,23.6,75.0,68.0,OK
KK2,Trạm Chợ Tân Hoà,DV02,2026-08-25,14:00,43.1,33.8,70.0,68.0,OK
KK2,Trạm Chợ Tân Hoà,DV02,2026-08-25,15:00,52.1,32.1,67.0,67.0,OK
KK2,Trạm Chợ Tân Hoà,DV02,2026-08-25,16:00,39.9,28.5,75.0,67.0,OK
KK2,Trạm Chợ Tân Hoà,DV02,2026-08-25,17:00,42.0,33.5,91.0,67.0,OK
KK2,Trạm Chợ Tân Hoà,DV02,2026-08-25,18:00,57.4,36.2,78.0,67.0,OK
KK2,Trạm Chợ Tân Hoà,DV02,2026-08-25,19:00,57.6,33.4,73.0,67.0,OK
KK2,Trạm Chợ Tân Hoà,DV02,2026-08-25,20:00,59.2,28.4,73.0,67.0,OK
KK2,Trạm Chợ Tân Hoà,DV02,2026-08-25,21:00,32.1,32.2,80.0,67.0,OK
KK2,Trạm Chợ Tân Hoà,DV02,2026-08-25,22:00,61.8,36.0,62.0,67.0,OK
KK2,Trạm Chợ Tân Hoà,DV02,2026-08-25,23:00,56.8,27.1,77.0,67.0,OK
KK2,Trạm Chợ Tân Hoà,DV02,2026-08-26,00:00,40.0,34.5,71.0,67.0,OK
KK2,Trạm Chợ Tân Hoà,DV02,2026-08-26,01:00,51.1,29.9,69.0,67.0,OK
KK2,Trạm Chợ Tân Hoà,DV02,2026-08-26,02:00,40.3,28.6,71.0,67.0,OK
KK2,Trạm Chợ Tân Hoà,DV02,2026-08-26,03:00,37.7,31.9,66.0,67.0,OK
KK2,Trạm Chợ Tân Hoà,DV02,2026-08-26,04:00,52.3,29.9,61.0,67.0,OK
KK2,Trạm Chợ Tân Hoà,DV02,2026-08-26,05:00,53.0,32.8,76.0,67.0,OK
KK2,Trạm Chợ Tân Hoà,DV02,2026-08-26,06:00,53.4,28.9,73.0,67.0,OK
KK2,Trạm Chợ Tân Hoà,DV02,2026-08-26,07:00,64.0,30.7,79.0,67.0,OK
KK2,Trạm Chợ Tân Hoà,DV02,2026-08-26,08:00,46.3,30.0,70.0,67.0,OK
KK2,Trạm Chợ Tân Hoà,DV02,2026-08-26,09:00,54.3,28.8,71.0,66.0,OK
KK2,Trạm Chợ Tân Hoà,DV02,2026-08-26,10:00,42.7,31.2,77.0,66.0,OK
KK2,Trạm Chợ Tân Hoà,DV02,2026-08-26,11:00,37.9,33.5,69.0,66.0,OK
KK2,Trạm Chợ Tân Hoà,DV02,2026-08-26,12:00,56.9,35.7,65.0,66.0,OK
KK2,Trạm Chợ Tân Hoà,DV02,2026-08-26,13:00,37.5,31.8,86.0,66.0,OK
KK2,Trạm Chợ Tân Hoà,DV02,2026-08-26,14:00,36.5,33.8,74.0,66.0,OK
KK2,Trạm Chợ Tân Hoà,DV02,2026-08-26,15:00,53.6,32.8,78.0,66.0,OK
KK2,Trạm Chợ Tân Hoà,DV02,2026-08-26,16:00,46.2,31.3,76.0,66.0,OK
KK2,Trạm Chợ Tân Hoà,DV02,2026-08-26,17:00,52.8,28.7,73.0,66.0,OK
KK2,Trạm Chợ Tân Hoà,DV02,2026-08-26,18:00,39.1,30.8,67.0,66.0,OK
KK2,Trạm Chợ Tân Hoà,DV02,2026-08-26,19:00,48.6,28.2,86.0,66.0,OK
KK2,Trạm Chợ Tân Hoà,DV02,2026-08-26,20:00,33.4,34.1,66.0,66.0,OK
KK2,Trạm Chợ Tân Hoà,DV02,2026-08-26,21:00,53.1,30.3,62.0,66.0,OK
KK2,Trạm Chợ Tân Hoà,DV02,2026-08-26,22:00,46.2,34.1,68.0,66.0,OK
KK2,Trạm Chợ Tân Hoà,DV02,2026-08-26,23:00,41.3,28.8,69.0,66.0,OK
KK2,Trạm Chợ Tân Hoà,DV02,2026-08-27,00:00,56.9,31.5,73.0,66.0,OK
KK2,Trạm Chợ Tân Hoà,DV02,2026-08-27,01:00,43.4,29.9,80.0,66.0,OK
KK2,Trạm Chợ Tân Hoà,DV02,2026-08-27,02:00,54.6,29.4,78.0,66.0,OK
KK2,Trạm Chợ Tân Hoà,DV02,2026-08-27,03:00,40.3,29.0,63.0,65.0,OK
KK2,Trạm Chợ Tân Hoà,DV02,2026-08-27,04:00,49.4,37.3,77.0,65.0,OK
KK2,Trạm Chợ Tân Hoà,DV02,2026-08-27,05:00,57.7,28.7,76.0,65.0,OK
KK2,Trạm Chợ Tân Hoà,DV02,2026-08-27,06:00,50.8,29.5,81.0,65.0,OK
KK2,Trạm Chợ Tân Hoà,DV02,2026-08-27,07:00,39.9,34.2,71.0,65.0,OK
KK2,Trạm Chợ Tân Hoà,DV02,2026-08-27,08:00,50.0,33.5,79.0,65.0,OK
KK2,Trạm Chợ Tân Hoà,DV02,2026-08-27,09:00,37.3,32.1,76.0,65.0,OK
KK2,Trạm Chợ Tân Hoà,DV02,2026-08-27,10:00,40.1,35.9,76.0,65.0,OK
KK2,Trạm Chợ Tân Hoà,DV02,2026-08-27,11:00,46.1,31.3,63.0,65.0,OK
KK2,Trạm Chợ Tân Hoà,DV02,2026-08-27,12:00,35.2,35.4,80.0,65.0,OK
KK2,Trạm Chợ Tân Hoà,DV02,2026-08-27,13:00,40.0,35.1,92.0,65.0,OK
KK2,Trạm Chợ Tân Hoà,DV02,2026-08-27,14:00,35.5,32.4,80.0,65.0,OK
KK2,Trạm Chợ Tân Hoà,DV02,2026-08-27,15:00,39.4,29.8,74.0,65.0,OK
KK2,Trạm Chợ Tân Hoà,DV02,2026-08-27,16:00,43.2,26.5,71.0,65.0,OK
KK2,Trạm Chợ Tân Hoà,DV02,2026-08-27,17:00,68.5,26.3,86.0,65.0,OK
KK2,Trạm Chợ Tân Hoà,DV02,2026-08-27,18:00,58.9,27.8,65.0,65.0,OK
KK2,Trạm Chợ Tân Hoà,DV02,2026-08-27,19:00,50.4,27.5,82.0,65.0,OK
KK2,Trạm Chợ Tân Hoà,DV02,2026-08-27,20:00,57.4,32.9,69.0,65.0,OK
KK2,Trạm Chợ Tân Hoà,DV02,2026-08-27,21:00,36.4,33.0,69.0,65.0,OK
KK2,Trạm Chợ Tân Hoà,DV02,2026-08-27,22:00,47.3,29.5,63.0,64.0,OK
KK2,Trạm Chợ Tân Hoà,DV02,2026-08-27,23:00,38.6,32.9,65.0,64.0,OK
KK2,Trạm Chợ Tân Hoà,DV02,2026-08-28,00:00,48.5,35.3,78.0,64.0,OK
KK2,Trạm Chợ Tân Hoà,DV02,2026-08-28,01:00,37.2,24.3,67.0,64.0,OK
KK2,Trạm Chợ Tân Hoà,DV02,2026-08-28,02:00,52.2,28.5,78.0,64.0,OK
KK2,Trạm Chợ Tân Hoà,DV02,2026-08-28,03:00,42.4,27.8,80.0,64.0,OK
KK2,Trạm Chợ Tân Hoà,DV02,2026-08-28,04:00,38.4,35.2,79.0,64.0,OK
KK2,Trạm Chợ Tân Hoà,DV02,2026-08-28,05:00,47.2,29.8,83.0,64.0,OK
KK2,Trạm Chợ Tân Hoà,DV02,2026-08-28,06:00,58.5,32.0,74.0,64.0,OK
KK2,Trạm Chợ Tân Hoà,DV02,2026-08-28,07:00,47.3,29.9,64.0,64.0,OK
KK2,Trạm Chợ Tân Hoà,DV02,2026-08-28,08:00,49.2,30.4,70.0,64.0,OK
KK2,Trạm Chợ Tân Hoà,DV02,2026-08-28,09:00,38.3,30.5,74.0,64.0,OK
KK2,Trạm Chợ Tân Hoà,DV02,2026-08-28,10:00,51.6,32.8,67.0,64.0,OK
KK2,Trạm Chợ Tân Hoà,DV02,2026-08-28,11:00,60.9,28.7,82.0,64.0,OK
KK2,Trạm Chợ Tân Hoà,DV02,2026-08-28,12:00,58.1,32.5,79.0,64.0,OK
KK2,Trạm Chợ Tân Hoà,DV02,2026-08-28,13:00,44.2,26.2,70.0,64.0,OK
KK2,Trạm Chợ Tân Hoà,DV02,2026-08-28,14:00,42.5,27.3,75.0,64.0,OK
KK2,Trạm Chợ Tân Hoà,DV02,2026-08-28,15:00,52.7,31.3,68.0,64.0,OK
KK2,Trạm Chợ Tân Hoà,DV02,2026-08-28,16:00,41.1,24.9,69.0,63.0,OK
KK2,Trạm Chợ Tân Hoà,DV02,2026-08-28,17:00,43.1,33.2,90.0,63.0,OK
KK2,Trạm Chợ Tân Hoà,DV02,2026-08-28,18:00,61.0,33.4,69.0,63.0,OK
KK2,Trạm Chợ Tân Hoà,DV02,2026-08-28,19:00,58.0,34.7,62.0,63.0,OK
KK2,Trạm Chợ Tân Hoà,DV02,2026-08-28,20:00,37.7,27.5,73.0,63.0,OK
KK2,Trạm Chợ Tân Hoà,DV02,2026-08-28,21:00,44.0,27.6,82.0,63.0,OK
KK2,Trạm Chợ Tân Hoà,DV02,2026-08-28,22:00,58.7,28.3,82.0,63.0,OK
KK2,Trạm Chợ Tân Hoà,DV02,2026-08-28,23:00,37.6,32.9,59.0,63.0,OK
KK2,Trạm Chợ Tân Hoà,DV02,2026-08-29,00:00,59.9,30.2,67.0,63.0,OK
KK2,Trạm Chợ Tân Hoà,DV02,2026-08-29,01:00,55.2,29.6,67.0,63.0,OK
KK2,Trạm Chợ Tân Hoà,DV02,2026-08-29,02:00,62.2,28.0,59.0,63.0,OK
KK2,Trạm Chợ Tân Hoà,DV02,2026-08-29,03:00,42.1,31.4,79.0,63.0,OK
KK2,Trạm Chợ Tân Hoà,DV02,2026-08-29,04:00,35.7,32.4,79.0,63.0,OK
KK2,Trạm Chợ Tân Hoà,DV02,2026-08-29,05:00,56.5,32.5,68.0,63.0,OK
KK2,Trạm Chợ Tân Hoà,DV02,2026-08-29,06:00,45.2,33.7,84.0,63.0,OK
KK2,Trạm Chợ Tân Hoà,DV02,2026-08-29,07:00,67.7,31.6,69.0,63.0,OK
KK2,Trạm Chợ Tân Hoà,DV02,2026-08-29,08:00,56.8,32.4,69.0,63.0,OK
KK2,Trạm Chợ Tân Hoà,DV02,2026-08-29,09:00,51.6,32.1,76.0,63.0,OK
KK2,Trạm Chợ Tân Hoà,DV02,2026-08-29,10:00,58.7,29.6,76.0,62.0,OK
KK2,Trạm Chợ Tân Hoà,DV02,2026-08-29,11:00,55.2,27.4,83.0,62.0,OK
KK2,Trạm Chợ Tân Hoà,DV02,2026-08-29,12:00,62.9,27.1,72.0,62.0,OK
KK2,Trạm Chợ Tân Hoà,DV02,2026-08-29,13:00,58.3,28.7,68.0,62.0,OK
KK2,Trạm Chợ Tân Hoà,DV02,2026-08-29,14:00,45.7,31.4,71.0,62.0,OK
KK2,Trạm Chợ Tân Hoà,DV02,2026-08-29,15:00,53.7,34.2,73.0,62.0,OK
KK2,Trạm Chợ Tân Hoà,DV02,2026-08-29,16:00,67.4,32.0,73.0,62.0,OK
KK2,Trạm Chợ Tân Hoà,DV02,2026-08-29,17:00,66.1,29.3,72.0,62.0,OK
KK2,Trạm Chợ Tân Hoà,DV02,2026-08-29,18:00,61.3,31.8,66.0,62.0,OK
KK2,Trạm Chợ Tân Hoà,DV02,2026-08-29,19:00,34.6,30.1,62.0,62.0,OK
KK2,Trạm Chợ Tân Hoà,DV02,2026-08-29,20:00,52.9,31.4,70.0,62.0,OK
KK2,Trạm Chợ Tân Hoà,DV02,2026-08-29,21:00,50.3,35.0,71.0,62.0,OK
KK2,Trạm Chợ Tân Hoà,DV02,2026-08-29,22:00,59.3,31.6,80.0,62.0,OK
KK2,Trạm Chợ Tân Hoà,DV02,2026-08-29,23:00,42.1,31.6,64.0,62.0,OK
KK2,Trạm Chợ Tân Hoà,DV02,2026-08-30,00:00,54.6,26.3,72.0,62.0,OK
KK2,Trạm Chợ Tân Hoà,DV02,2026-08-30,01:00,60.7,33.3,90.0,62.0,OK
KK2,Trạm Chợ Tân Hoà,DV02,2026-08-30,02:00,56.8,27.6,90.0,62.0,OK
KK2,Trạm Chợ Tân Hoà,DV02,2026-08-30,03:00,45.0,27.8,72.0,62.0,OK
KK2,Trạm Chợ Tân Hoà,DV02,2026-08-30,04:00,47.7,27.2,66.0,61.0,OK
KK2,Trạm Chợ Tân Hoà,DV02,2026-08-30,05:00,40.3,32.2,70.0,61.0,OK
KK2,Trạm Chợ Tân Hoà,DV02,2026-08-30,06:00,51.5,26.6,78.0,61.0,OK
KK2,Trạm Chợ Tân Hoà,DV02,2026-08-30,07:00,39.5,25.9,70.0,61.0,OK
KK2,Trạm Chợ Tân Hoà,DV02,2026-08-30,08:00,38.2,32.5,65.0,61.0,OK
KK2,Trạm Chợ Tân Hoà,DV02,2026-08-30,09:00,41.2,32.8,63.0,61.0,OK
KK2,Trạm Chợ Tân Hoà,DV02,2026-08-30,10:00,34.6,27.6,74.0,61.0,OK
KK2,Trạm Chợ Tân Hoà,DV02,2026-08-30,11:00,54.6,31.5,79.0,61.0,OK
KK2,Trạm Chợ Tân Hoà,DV02,2026-08-30,12:00,59.2,25.6,67.0,61.0,OK
KK2,Trạm Chợ Tân Hoà,DV02,2026-08-30,13:00,39.7,31.7,59.0,61.0,OK
KK2,Trạm Chợ Tân Hoà,DV02,2026-08-30,14:00,41.0,33.2,80.0,61.0,OK
KK2,Trạm Chợ Tân Hoà,DV02,2026-08-30,15:00,58.5,30.9,74.0,61.0,OK
KK2,Trạm Chợ Tân Hoà,DV02,2026-08-30,16:00,43.0,30.1,81.0,61.0,OK
KK2,Trạm Chợ Tân Hoà,DV02,2026-08-30,17:00,62.3,34.4,88.0,61.0,OK
KK2,Trạm Chợ Tân Hoà,DV02,2026-08-30,18:00,44.8,27.9,63.0,61.0,OK
KK2,Trạm Chợ Tân Hoà,DV02,2026-08-30,19:00,47.3,28.9,67.0,61.0,OK
KK2,Trạm Chợ Tân Hoà,DV02,2026-08-30,20:00,48.1,30.7,80.0,61.0,OK
KK2,Trạm Chợ Tân Hoà,DV02,2026-08-30,21:00,42.0,28.5,69.0,61.0,OK
KK2,Trạm Chợ Tân Hoà,DV02,2026-08-30,22:00,46.7,30.0,77.0,60.0,OK
KK2,Trạm Chợ Tân Hoà,DV02,2026-08-30,23:00,57.1,30.1,89.0,60.0,OK
KK3,Trạm Trường THCS Đông Giang,DV03,2026-08-01,00:00,38.2,31.2,72.0,100.0,OK
KK3,Trạm Trường THCS Đông Giang,DV03,2026-08-01,01:00,33.7,32.0,73.0,100.0,OK
KK3,Trạm Trường THCS Đông Giang,DV03,2026-08-01,02:00,40.2,27.8,83.0,100.0,OK
KK3,Trạm Trường THCS Đông Giang,DV03,2026-08-01,03:00,35.6,31.2,75.0,100.0,OK
KK3,Trạm Trường THCS Đông Giang,DV03,2026-08-01,04:00,24.8,29.2,64.0,100.0,OK
KK3,Trạm Trường THCS Đông Giang,DV03,2026-08-01,05:00,27.6,30.9,69.0,100.0,OK
KK3,Trạm Trường THCS Đông Giang,DV03,2026-08-01,06:00,34.7,31.5,72.0,100.0,OK
KK3,Trạm Trường THCS Đông Giang,DV03,2026-08-01,07:00,27.9,34.2,72.0,100.0,OK
KK3,Trạm Trường THCS Đông Giang,DV03,2026-08-01,08:00,34.2,30.0,77.0,100.0,OK
KK3,Trạm Trường THCS Đông Giang,DV03,2026-08-01,09:00,24.7,28.6,74.0,99.0,OK
KK3,Trạm Trường THCS Đông Giang,DV03,2026-08-01,10:00,39.1,29.6,79.0,99.0,OK
KK3,Trạm Trường THCS Đông Giang,DV03,2026-08-01,11:00,42.7,32.1,72.0,99.0,OK
KK3,Trạm Trường THCS Đông Giang,DV03,2026-08-01,12:00,37.1,30.1,78.0,99.0,OK
KK3,Trạm Trường THCS Đông Giang,DV03,2026-08-01,13:00,25.1,30.3,69.0,99.0,OK
KK3,Trạm Trường THCS Đông Giang,DV03,2026-08-01,14:00,33.5,24.9,73.0,99.0,OK
KK3,Trạm Trường THCS Đông Giang,DV03,2026-08-01,15:00,26.6,31.0,65.0,99.0,OK
KK3,Trạm Trường THCS Đông Giang,DV03,2026-08-01,16:00,27.8,33.8,69.0,99.0,OK
KK3,Trạm Trường THCS Đông Giang,DV03,2026-08-01,17:00,49.2,33.2,88.0,99.0,OK
KK3,Trạm Trường THCS Đông Giang,DV03,2026-08-01,18:00,30.1,27.9,81.0,99.0,OK
KK3,Trạm Trường THCS Đông Giang,DV03,2026-08-01,19:00,43.5,29.9,64.0,99.0,OK
KK3,Trạm Trường THCS Đông Giang,DV03,2026-08-01,20:00,32.6,30.2,78.0,99.0,OK
KK3,Trạm Trường THCS Đông Giang,DV03,2026-08-01,21:00,40.0,31.8,78.0,99.0,OK
KK3,Trạm Trường THCS Đông Giang,DV03,2026-08-01,22:00,28.1,33.3,79.0,99.0,OK
KK3,Trạm Trường THCS Đông Giang,DV03,2026-08-01,23:00,33.7,30.8,82.0,99.0,OK
KK3,Trạm Trường THCS Đông Giang,DV03,2026-08-02,00:00,34.2,29.8,74.0,99.0,OK
KK3,Trạm Trường THCS Đông Giang,DV03,2026-08-02,01:00,42.1,26.6,84.0,99.0,OK
KK3,Trạm Trường THCS Đông Giang,DV03,2026-08-02,02:00,29.9,28.6,65.0,99.0,OK
KK3,Trạm Trường THCS Đông Giang,DV03,2026-08-02,03:00,32.9,33.2,79.0,98.0,OK
KK3,Trạm Trường THCS Đông Giang,DV03,2026-08-02,04:00,33.9,30.6,66.0,98.0,OK
KK3,Trạm Trường THCS Đông Giang,DV03,2026-08-02,05:00,23.6,30.9,71.0,98.0,OK
KK3,Trạm Trường THCS Đông Giang,DV03,2026-08-02,06:00,33.8,33.3,73.0,98.0,OK
KK3,Trạm Trường THCS Đông Giang,DV03,2026-08-02,07:00,32.6,29.3,59.0,98.0,OK
KK3,Trạm Trường THCS Đông Giang,DV03,2026-08-02,08:00,42.3,31.5,65.0,98.0,OK
KK3,Trạm Trường THCS Đông Giang,DV03,2026-08-02,09:00,28.7,32.1,72.0,98.0,OK
KK3,Trạm Trường THCS Đông Giang,DV03,2026-08-02,10:00,39.1,32.0,70.0,98.0,OK
KK3,Trạm Trường THCS Đông Giang,DV03,2026-08-02,11:00,40.1,32.2,73.0,98.0,OK
KK3,Trạm Trường THCS Đông Giang,DV03,2026-08-02,12:00,41.9,28.2,61.0,98.0,OK
KK3,Trạm Trường THCS Đông Giang,DV03,2026-08-02,13:00,36.0,34.5,68.0,98.0,OK
KK3,Trạm Trường THCS Đông Giang,DV03,2026-08-02,14:00,29.5,31.2,73.0,98.0,OK
KK3,Trạm Trường THCS Đông Giang,DV03,2026-08-02,15:00,31.2,32.1,77.0,98.0,OK
KK3,Trạm Trường THCS Đông Giang,DV03,2026-08-02,16:00,26.9,28.2,71.0,98.0,OK
KK3,Trạm Trường THCS Đông Giang,DV03,2026-08-02,17:00,40.7,24.9,81.0,98.0,OK
KK3,Trạm Trường THCS Đông Giang,DV03,2026-08-02,18:00,39.0,28.8,75.0,98.0,OK
KK3,Trạm Trường THCS Đông Giang,DV03,2026-08-02,19:00,36.0,34.2,72.0,98.0,OK
KK3,Trạm Trường THCS Đông Giang,DV03,2026-08-02,20:00,34.8,34.8,75.0,98.0,OK
KK3,Trạm Trường THCS Đông Giang,DV03,2026-08-02,21:00,30.2,30.3,72.0,97.0,OK
KK3,Trạm Trường THCS Đông Giang,DV03,2026-08-02,22:00,43.9,30.0,70.0,97.0,OK
KK3,Trạm Trường THCS Đông Giang,DV03,2026-08-02,23:00,30.6,31.5,74.0,97.0,OK
KK3,Trạm Trường THCS Đông Giang,DV03,2026-08-03,00:00,45.4,28.1,72.0,97.0,OK
KK3,Trạm Trường THCS Đông Giang,DV03,2026-08-03,01:00,31.1,30.6,83.0,97.0,OK
KK3,Trạm Trường THCS Đông Giang,DV03,2026-08-03,02:00,32.7,27.2,78.0,97.0,OK
KK3,Trạm Trường THCS Đông Giang,DV03,2026-08-03,03:00,224.8,34.1,57.0,97.0,Nghi ngờ
KK3,Trạm Trường THCS Đông Giang,DV03,2026-08-03,04:00,35.1,24.9,76.0,97.0,OK
KK3,Trạm Trường THCS Đông Giang,DV03,2026-08-03,05:00,28.6,30.3,84.0,97.0,OK
KK3,Trạm Trường THCS Đông Giang,DV03,2026-08-03,06:00,32.2,28.2,68.0,97.0,OK
KK3,Trạm Trường THCS Đông Giang,DV03,2026-08-03,07:00,35.1,32.7,61.0,97.0,OK
KK3,Trạm Trường THCS Đông Giang,DV03,2026-08-03,08:00,30.7,32.7,83.0,97.0,OK
KK3,Trạm Trường THCS Đông Giang,DV03,2026-08-03,09:00,36.9,31.5,74.0,97.0,OK
KK3,Trạm Trường THCS Đông Giang,DV03,2026-08-03,10:00,42.8,28.8,73.0,97.0,OK
KK3,Trạm Trường THCS Đông Giang,DV03,2026-08-03,11:00,38.9,28.5,63.0,97.0,OK
KK3,Trạm Trường THCS Đông Giang,DV03,2026-08-03,12:00,34.5,30.2,80.0,97.0,OK
KK3,Trạm Trường THCS Đông Giang,DV03,2026-08-03,13:00,35.3,32.8,81.0,97.0,OK
KK3,Trạm Trường THCS Đông Giang,DV03,2026-08-03,14:00,31.4,29.8,76.0,97.0,OK
KK3,Trạm Trường THCS Đông Giang,DV03,2026-08-03,15:00,38.6,27.7,83.0,96.0,OK
KK3,Trạm Trường THCS Đông Giang,DV03,2026-08-03,16:00,39.1,27.5,65.0,96.0,OK
KK3,Trạm Trường THCS Đông Giang,DV03,2026-08-03,17:00,48.4,30.5,86.0,96.0,OK
KK3,Trạm Trường THCS Đông Giang,DV03,2026-08-03,18:00,40.3,34.6,70.0,96.0,OK
KK3,Trạm Trường THCS Đông Giang,DV03,2026-08-03,19:00,34.8,24.4,83.0,96.0,OK
KK3,Trạm Trường THCS Đông Giang,DV03,2026-08-03,20:00,35.4,26.0,85.0,96.0,OK
KK3,Trạm Trường THCS Đông Giang,DV03,2026-08-03,21:00,24.9,29.1,71.0,96.0,OK
KK3,Trạm Trường THCS Đông Giang,DV03,2026-08-03,22:00,47.6,29.7,78.0,96.0,OK
KK3,Trạm Trường THCS Đông Giang,DV03,2026-08-03,23:00,44.9,22.3,73.0,96.0,OK
KK3,Trạm Trường THCS Đông Giang,DV03,2026-08-04,00:00,28.0,31.5,68.0,96.0,OK
KK3,Trạm Trường THCS Đông Giang,DV03,2026-08-04,01:00,32.5,33.8,63.0,96.0,OK
KK3,Trạm Trường THCS Đông Giang,DV03,2026-08-04,02:00,31.0,28.8,80.0,96.0,OK
KK3,Trạm Trường THCS Đông Giang,DV03,2026-08-04,03:00,24.0,34.8,80.0,96.0,OK
KK3,Trạm Trường THCS Đông Giang,DV03,2026-08-04,04:00,24.6,29.2,60.0,96.0,OK
KK3,Trạm Trường THCS Đông Giang,DV03,2026-08-04,05:00,30.9,31.4,72.0,96.0,OK
KK3,Trạm Trường THCS Đông Giang,DV03,2026-08-04,06:00,36.7,30.4,66.0,96.0,OK
KK3,Trạm Trường THCS Đông Giang,DV03,2026-08-04,07:00,30.7,31.6,64.0,96.0,OK
KK3,Trạm Trường THCS Đông Giang,DV03,2026-08-04,08:00,27.9,32.6,72.0,96.0,OK
KK3,Trạm Trường THCS Đông Giang,DV03,2026-08-04,09:00,32.9,30.8,71.0,95.0,OK
KK3,Trạm Trường THCS Đông Giang,DV03,2026-08-04,10:00,34.8,29.5,80.0,95.0,OK
KK3,Trạm Trường THCS Đông Giang,DV03,2026-08-04,11:00,38.0,27.3,85.0,95.0,OK
KK3,Trạm Trường THCS Đông Giang,DV03,2026-08-04,12:00,34.5,26.1,80.0,95.0,OK
KK3,Trạm Trường THCS Đông Giang,DV03,2026-08-04,13:00,32.9,29.1,71.0,95.0,OK
KK3,Trạm Trường THCS Đông Giang,DV03,2026-08-04,14:00,36.6,24.1,71.0,95.0,OK
KK3,Trạm Trường THCS Đông Giang,DV03,2026-08-04,15:00,41.1,31.2,64.0,95.0,OK
KK3,Trạm Trường THCS Đông Giang,DV03,2026-08-04,16:00,44.2,32.9,79.0,95.0,OK
KK3,Trạm Trường THCS Đông Giang,DV03,2026-08-04,17:00,35.7,34.9,59.0,95.0,OK
KK3,Trạm Trường THCS Đông Giang,DV03,2026-08-04,18:00,44.5,30.2,77.0,95.0,OK
KK3,Trạm Trường THCS Đông Giang,DV03,2026-08-04,19:00,38.0,27.3,72.0,95.0,OK
KK3,Trạm Trường THCS Đông Giang,DV03,2026-08-04,20:00,32.2,29.6,70.0,95.0,OK
KK3,Trạm Trường THCS Đông Giang,DV03,2026-08-04,21:00,36.5,31.7,82.0,95.0,OK
KK3,Trạm Trường THCS Đông Giang,DV03,2026-08-04,22:00,38.9,36.0,75.0,95.0,OK
KK3,Trạm Trường THCS Đông Giang,DV03,2026-08-04,23:00,44.9,28.8,74.0,95.0,OK
KK3,Trạm Trường THCS Đông Giang,DV03,2026-08-05,00:00,42.2,34.0,66.0,95.0,OK
KK3,Trạm Trường THCS Đông Giang,DV03,2026-08-05,01:00,45.3,30.2,83.0,95.0,OK
KK3,Trạm Trường THCS Đông Giang,DV03,2026-08-05,02:00,44.2,30.8,74.0,95.0,OK
KK3,Trạm Trường THCS Đông Giang,DV03,2026-08-05,03:00,26.8,25.7,71.0,95.0,OK
KK3,Trạm Trường THCS Đông Giang,DV03,2026-08-05,04:00,20.9,28.7,72.0,94.0,OK
KK3,Trạm Trường THCS Đông Giang,DV03,2026-08-05,05:00,28.8,29.2,79.0,94.0,OK
KK3,Trạm Trường THCS Đông Giang,DV03,2026-08-05,06:00,34.7,32.6,79.0,94.0,OK
KK3,Trạm Trường THCS Đông Giang,DV03,2026-08-05,07:00,49.8,28.1,64.0,94.0,OK
KK3,Trạm Trường THCS Đông Giang,DV03,2026-08-05,08:00,43.5,31.8,80.0,94.0,OK
KK3,Trạm Trường THCS Đông Giang,DV03,2026-08-05,09:00,43.0,31.8,85.0,94.0,OK
KK3,Trạm Trường THCS Đông Giang,DV03,2026-08-05,10:00,30.7,31.3,77.0,94.0,OK
KK3,Trạm Trường THCS Đông Giang,DV03,2026-08-05,11:00,33.0,34.0,60.0,94.0,OK
KK3,Trạm Trường THCS Đông Giang,DV03,2026-08-05,12:00,30.9,32.4,75.0,94.0,OK
KK3,Trạm Trường THCS Đông Giang,DV03,2026-08-05,13:00,35.2,28.2,70.0,94.0,OK
KK3,Trạm Trường THCS Đông Giang,DV03,2026-08-05,14:00,28.6,30.8,76.0,94.0,OK
KK3,Trạm Trường THCS Đông Giang,DV03,2026-08-05,15:00,37.2,30.9,54.0,94.0,OK
KK3,Trạm Trường THCS Đông Giang,DV03,2026-08-05,16:00,44.2,34.2,78.0,94.0,OK
KK3,Trạm Trường THCS Đông Giang,DV03,2026-08-05,17:00,36.8,29.8,79.0,94.0,OK
KK3,Trạm Trường THCS Đông Giang,DV03,2026-08-05,18:00,28.4,26.4,81.0,94.0,OK
KK3,Trạm Trường THCS Đông Giang,DV03,2026-08-05,19:00,38.6,32.6,66.0,94.0,OK
KK3,Trạm Trường THCS Đông Giang,DV03,2026-08-05,20:00,24.1,33.4,86.0,94.0,OK
KK3,Trạm Trường THCS Đông Giang,DV03,2026-08-05,21:00,32.1,31.9,69.0,94.0,OK
KK3,Trạm Trường THCS Đông Giang,DV03,2026-08-05,22:00,33.6,32.8,76.0,93.0,OK
KK3,Trạm Trường THCS Đông Giang,DV03,2026-08-05,23:00,25.6,31.4,66.0,93.0,OK
KK3,Trạm Trường THCS Đông Giang,DV03,2026-08-06,00:00,31.7,31.3,77.0,93.0,OK
KK3,Trạm Trường THCS Đông Giang,DV03,2026-08-06,01:00,36.8,33.9,76.0,93.0,OK
KK3,Trạm Trường THCS Đông Giang,DV03,2026-08-06,02:00,38.6,28.5,82.0,93.0,OK
KK3,Trạm Trường THCS Đông Giang,DV03,2026-08-06,03:00,20.4,29.6,66.0,93.0,OK
KK3,Trạm Trường THCS Đông Giang,DV03,2026-08-06,04:00,24.1,29.8,70.0,93.0,OK
KK3,Trạm Trường THCS Đông Giang,DV03,2026-08-06,05:00,22.9,32.9,72.0,93.0,OK
KK3,Trạm Trường THCS Đông Giang,DV03,2026-08-06,06:00,39.3,30.1,70.0,93.0,OK
KK3,Trạm Trường THCS Đông Giang,DV03,2026-08-06,07:00,38.3,29.8,86.0,93.0,OK
KK3,Trạm Trường THCS Đông Giang,DV03,2026-08-06,08:00,33.2,35.6,75.0,93.0,OK
KK3,Trạm Trường THCS Đông Giang,DV03,2026-08-06,09:00,37.4,33.7,65.0,93.0,OK
KK3,Trạm Trường THCS Đông Giang,DV03,2026-08-06,10:00,28.2,27.1,79.0,93.0,OK
KK3,Trạm Trường THCS Đông Giang,DV03,2026-08-06,11:00,29.2,31.2,68.0,93.0,OK
KK3,Trạm Trường THCS Đông Giang,DV03,2026-08-06,12:00,29.6,31.6,75.0,93.0,OK
KK3,Trạm Trường THCS Đông Giang,DV03,2026-08-06,13:00,40.7,33.6,84.0,93.0,OK
KK3,Trạm Trường THCS Đông Giang,DV03,2026-08-06,14:00,31.4,30.9,79.0,93.0,OK
KK3,Trạm Trường THCS Đông Giang,DV03,2026-08-06,15:00,35.0,31.0,72.0,93.0,OK
KK3,Trạm Trường THCS Đông Giang,DV03,2026-08-06,16:00,38.4,32.2,90.0,92.0,OK
KK3,Trạm Trường THCS Đông Giang,DV03,2026-08-06,17:00,45.8,28.0,71.0,92.0,OK
KK3,Trạm Trường THCS Đông Giang,DV03,2026-08-06,18:00,31.2,29.2,84.0,92.0,OK
KK3,Trạm Trường THCS Đông Giang,DV03,2026-08-06,19:00,30.5,27.5,70.0,92.0,OK
KK3,Trạm Trường THCS Đông Giang,DV03,2026-08-06,20:00,28.5,33.5,70.0,92.0,OK
KK3,Trạm Trường THCS Đông Giang,DV03,2026-08-06,21:00,36.2,27.3,80.0,92.0,OK
KK3,Trạm Trường THCS Đông Giang,DV03,2026-08-06,22:00,41.2,26.9,70.0,92.0,OK
KK3,Trạm Trường THCS Đông Giang,DV03,2026-08-06,23:00,44.5,25.9,78.0,92.0,OK
KK3,Trạm Trường THCS Đông Giang,DV03,2026-08-07,00:00,29.1,28.4,69.0,92.0,OK
KK3,Trạm Trường THCS Đông Giang,DV03,2026-08-07,01:00,27.5,35.9,71.0,92.0,OK
KK3,Trạm Trường THCS Đông Giang,DV03,2026-08-07,02:00,34.5,30.3,66.0,92.0,OK
KK3,Trạm Trường THCS Đông Giang,DV03,2026-08-07,03:00,25.9,33.1,77.0,92.0,OK
KK3,Trạm Trường THCS Đông Giang,DV03,2026-08-07,04:00,26.4,30.4,73.0,92.0,OK
KK3,Trạm Trường THCS Đông Giang,DV03,2026-08-07,05:00,25.0,31.4,70.0,92.0,OK
KK3,Trạm Trường THCS Đông Giang,DV03,2026-08-07,06:00,26.7,28.8,75.0,92.0,OK
KK3,Trạm Trường THCS Đông Giang,DV03,2026-08-07,07:00,50.0,29.3,77.0,92.0,OK
KK3,Trạm Trường THCS Đông Giang,DV03,2026-08-07,08:00,35.0,30.2,75.0,92.0,OK
KK3,Trạm Trường THCS Đông Giang,DV03,2026-08-07,09:00,24.2,30.7,77.0,92.0,OK
KK3,Trạm Trường THCS Đông Giang,DV03,2026-08-07,10:00,25.3,33.5,72.0,91.0,OK
KK3,Trạm Trường THCS Đông Giang,DV03,2026-08-07,11:00,35.6,24.9,70.0,91.0,OK
KK3,Trạm Trường THCS Đông Giang,DV03,2026-08-07,12:00,29.6,28.2,81.0,91.0,OK
KK3,Trạm Trường THCS Đông Giang,DV03,2026-08-07,13:00,24.5,29.8,70.0,91.0,OK
KK3,Trạm Trường THCS Đông Giang,DV03,2026-08-07,14:00,42.7,33.0,79.0,91.0,OK
KK3,Trạm Trường THCS Đông Giang,DV03,2026-08-07,15:00,29.9,33.2,80.0,91.0,OK
KK3,Trạm Trường THCS Đông Giang,DV03,2026-08-07,16:00,29.1,32.4,66.0,91.0,OK
KK3,Trạm Trường THCS Đông Giang,DV03,2026-08-07,17:00,49.9,34.0,73.0,91.0,OK
KK3,Trạm Trường THCS Đông Giang,DV03,2026-08-07,18:00,48.1,29.9,60.0,91.0,OK
KK3,Trạm Trường THCS Đông Giang,DV03,2026-08-07,19:00,34.9,34.3,75.0,91.0,OK
KK3,Trạm Trường THCS Đông Giang,DV03,2026-08-07,20:00,40.3,28.8,72.0,91.0,OK
KK3,Trạm Trường THCS Đông Giang,DV03,2026-08-07,21:00,22.6,30.3,73.0,91.0,OK
KK3,Trạm Trường THCS Đông Giang,DV03,2026-08-07,22:00,47.6,29.0,78.0,91.0,OK
KK3,Trạm Trường THCS Đông Giang,DV03,2026-08-07,23:00,42.2,32.2,80.0,91.0,OK
KK3,Trạm Trường THCS Đông Giang,DV03,2026-08-08,00:00,30.8,31.0,80.0,91.0,OK
KK3,Trạm Trường THCS Đông Giang,DV03,2026-08-08,01:00,42.9,28.9,83.0,91.0,OK
KK3,Trạm Trường THCS Đông Giang,DV03,2026-08-08,02:00,43.5,31.7,80.0,91.0,OK
KK3,Trạm Trường THCS Đông Giang,DV03,2026-08-08,03:00,21.6,33.8,81.0,91.0,OK
KK3,Trạm Trường THCS Đông Giang,DV03,2026-08-08,04:00,28.9,29.2,77.0,90.0,OK
KK3,Trạm Trường THCS Đông Giang,DV03,2026-08-08,05:00,29.7,29.4,65.0,90.0,OK
KK3,Trạm Trường THCS Đông Giang,DV03,2026-08-08,06:00,41.3,32.3,75.0,90.0,OK
KK3,Trạm Trường THCS Đông Giang,DV03,2026-08-08,07:00,37.1,33.7,73.0,90.0,OK
KK3,Trạm Trường THCS Đông Giang,DV03,2026-08-08,08:00,31.3,30.3,79.0,90.0,OK
KK3,Trạm Trường THCS Đông Giang,DV03,2026-08-08,09:00,33.8,29.8,50.0,90.0,OK
KK3,Trạm Trường THCS Đông Giang,DV03,2026-08-08,10:00,41.7,30.5,72.0,90.0,OK
KK3,Trạm Trường THCS Đông Giang,DV03,2026-08-08,11:00,42.4,38.7,85.0,90.0,OK
KK3,Trạm Trường THCS Đông Giang,DV03,2026-08-08,12:00,28.7,24.7,81.0,90.0,OK
KK3,Trạm Trường THCS Đông Giang,DV03,2026-08-08,13:00,36.9,26.9,73.0,90.0,OK
KK3,Trạm Trường THCS Đông Giang,DV03,2026-08-08,14:00,41.8,30.6,72.0,90.0,OK
KK3,Trạm Trường THCS Đông Giang,DV03,2026-08-08,15:00,41.4,23.4,73.0,90.0,OK
KK3,Trạm Trường THCS Đông Giang,DV03,2026-08-08,16:00,39.4,31.4,72.0,90.0,OK
KK3,Trạm Trường THCS Đông Giang,DV03,2026-08-08,17:00,29.1,32.2,72.0,90.0,OK
KK3,Trạm Trường THCS Đông Giang,DV03,2026-08-08,18:00,45.3,27.3,75.0,90.0,OK
KK3,Trạm Trường THCS Đông Giang,DV03,2026-08-08,19:00,27.5,31.9,73.0,90.0,OK
KK3,Trạm Trường THCS Đông Giang,DV03,2026-08-08,20:00,31.3,28.0,71.0,90.0,OK
KK3,Trạm Trường THCS Đông Giang,DV03,2026-08-08,21:00,27.6,34.2,80.0,89.0,OK
KK3,Trạm Trường THCS Đông Giang,DV03,2026-08-08,22:00,37.0,29.9,69.0,89.0,OK
KK3,Trạm Trường THCS Đông Giang,DV03,2026-08-08,23:00,25.6,31.3,60.0,89.0,OK
KK3,Trạm Trường THCS Đông Giang,DV03,2026-08-09,00:00,35.7,36.3,84.0,89.0,OK
KK3,Trạm Trường THCS Đông Giang,DV03,2026-08-09,01:00,37.7,32.1,69.0,89.0,OK
KK3,Trạm Trường THCS Đông Giang,DV03,2026-08-09,02:00,44.8,29.3,68.0,89.0,OK
KK3,Trạm Trường THCS Đông Giang,DV03,2026-08-09,03:00,34.8,32.1,71.0,89.0,OK
KK3,Trạm Trường THCS Đông Giang,DV03,2026-08-09,04:00,23.0,28.0,65.0,89.0,OK
KK3,Trạm Trường THCS Đông Giang,DV03,2026-08-09,05:00,32.5,26.6,74.0,89.0,OK
KK3,Trạm Trường THCS Đông Giang,DV03,2026-08-09,06:00,38.0,34.4,71.0,89.0,OK
KK3,Trạm Trường THCS Đông Giang,DV03,2026-08-09,07:00,30.7,31.3,75.0,89.0,OK
KK3,Trạm Trường THCS Đông Giang,DV03,2026-08-09,08:00,34.1,29.5,67.0,89.0,OK
KK3,Trạm Trường THCS Đông Giang,DV03,2026-08-09,09:00,26.7,31.2,81.0,89.0,OK
KK3,Trạm Trường THCS Đông Giang,DV03,2026-08-09,10:00,33.8,30.3,66.0,89.0,OK
KK3,Trạm Trường THCS Đông Giang,DV03,2026-08-09,11:00,32.7,31.7,83.0,89.0,OK
KK3,Trạm Trường THCS Đông Giang,DV03,2026-08-09,12:00,38.5,33.4,83.0,89.0,OK
KK3,Trạm Trường THCS Đông Giang,DV03,2026-08-09,13:00,33.4,31.0,80.0,89.0,OK
KK3,Trạm Trường THCS Đông Giang,DV03,2026-08-09,14:00,41.4,32.4,81.0,89.0,OK
KK3,Trạm Trường THCS Đông Giang,DV03,2026-08-09,15:00,30.7,35.6,79.0,89.0,OK
KK3,Trạm Trường THCS Đông Giang,DV03,2026-08-09,16:00,46.6,30.1,79.0,88.0,OK
KK3,Trạm Trường THCS Đông Giang,DV03,2026-08-09,17:00,40.8,29.5,71.0,88.0,OK
KK3,Trạm Trường THCS Đông Giang,DV03,2026-08-09,18:00,34.8,32.8,65.0,88.0,OK
KK3,Trạm Trường THCS Đông Giang,DV03,2026-08-09,19:00,34.7,31.1,74.0,88.0,OK
KK3,Trạm Trường THCS Đông Giang,DV03,2026-08-09,20:00,25.1,28.2,76.0,88.0,OK
KK3,Trạm Trường THCS Đông Giang,DV03,2026-08-09,21:00,35.2,26.7,61.0,88.0,OK
KK3,Trạm Trường THCS Đông Giang,DV03,2026-08-09,22:00,44.5,29.3,69.0,88.0,OK
KK3,Trạm Trường THCS Đông Giang,DV03,2026-08-09,23:00,29.3,27.9,74.0,88.0,OK
KK3,Trạm Trường THCS Đông Giang,DV03,2026-08-10,00:00,27.1,31.2,85.0,88.0,OK
KK3,Trạm Trường THCS Đông Giang,DV03,2026-08-10,01:00,30.2,29.1,69.0,88.0,OK
KK3,Trạm Trường THCS Đông Giang,DV03,2026-08-10,02:00,127.1,31.4,77.0,88.0,Nghi ngờ
KK3,Trạm Trường THCS Đông Giang,DV03,2026-08-10,03:00,21.7,30.8,72.0,88.0,OK
KK3,Trạm Trường THCS Đông Giang,DV03,2026-08-10,04:00,36.2,33.3,69.0,88.0,OK
KK3,Trạm Trường THCS Đông Giang,DV03,2026-08-10,05:00,29.1,31.7,73.0,88.0,OK
KK3,Trạm Trường THCS Đông Giang,DV03,2026-08-10,06:00,27.8,31.3,67.0,88.0,OK
KK3,Trạm Trường THCS Đông Giang,DV03,2026-08-10,07:00,50.6,28.2,61.0,88.0,OK
KK3,Trạm Trường THCS Đông Giang,DV03,2026-08-10,08:00,30.2,31.2,77.0,88.0,OK
KK3,Trạm Trường THCS Đông Giang,DV03,2026-08-10,09:00,40.3,29.7,84.0,88.0,OK
KK3,Trạm Trường THCS Đông Giang,DV03,2026-08-10,10:00,35.8,28.2,85.0,87.0,OK
KK3,Trạm Trường THCS Đông Giang,DV03,2026-08-10,11:00,26.4,33.3,82.0,87.0,OK
KK3,Trạm Trường THCS Đông Giang,DV03,2026-08-10,12:00,35.9,31.9,81.0,87.0,OK
KK3,Trạm Trường THCS Đông Giang,DV03,2026-08-10,13:00,36.4,34.1,78.0,87.0,OK
KK3,Trạm Trường THCS Đông Giang,DV03,2026-08-10,14:00,31.2,34.8,83.0,87.0,OK
KK3,Trạm Trường THCS Đông Giang,DV03,2026-08-10,15:00,37.0,32.7,77.0,87.0,OK
KK3,Trạm Trường THCS Đông Giang,DV03,2026-08-10,16:00,47.6,27.8,78.0,87.0,OK
KK3,Trạm Trường THCS Đông Giang,DV03,2026-08-10,17:00,47.3,34.4,72.0,87.0,OK
KK3,Trạm Trường THCS Đông Giang,DV03,2026-08-10,18:00,38.0,32.8,78.0,87.0,OK
KK3,Trạm Trường THCS Đông Giang,DV03,2026-08-10,19:00,37.7,30.1,73.0,87.0,OK
KK3,Trạm Trường THCS Đông Giang,DV03,2026-08-10,20:00,37.1,28.6,70.0,87.0,OK
KK3,Trạm Trường THCS Đông Giang,DV03,2026-08-10,21:00,35.0,33.1,74.0,87.0,OK
KK3,Trạm Trường THCS Đông Giang,DV03,2026-08-10,22:00,34.6,29.6,70.0,87.0,OK
KK3,Trạm Trường THCS Đông Giang,DV03,2026-08-10,23:00,35.9,32.4,77.0,87.0,OK
KK3,Trạm Trường THCS Đông Giang,DV03,2026-08-11,00:00,29.4,27.2,68.0,87.0,OK
KK3,Trạm Trường THCS Đông Giang,DV03,2026-08-11,01:00,29.4,30.1,74.0,87.0,OK
KK3,Trạm Trường THCS Đông Giang,DV03,2026-08-11,02:00,30.1,27.1,79.0,87.0,OK
KK3,Trạm Trường THCS Đông Giang,DV03,2026-08-11,03:00,20.2,27.0,69.0,87.0,OK
KK3,Trạm Trường THCS Đông Giang,DV03,2026-08-11,04:00,35.4,32.1,70.0,86.0,OK
KK3,Trạm Trường THCS Đông Giang,DV03,2026-08-11,05:00,27.9,31.4,76.0,86.0,OK
KK3,Trạm Trường THCS Đông Giang,DV03,2026-08-11,06:00,34.8,29.5,73.0,86.0,OK
KK3,Trạm Trường THCS Đông Giang,DV03,2026-08-11,07:00,37.5,36.2,81.0,86.0,OK
KK3,Trạm Trường THCS Đông Giang,DV03,2026-08-11,08:00,43.8,35.7,83.0,86.0,OK
KK3,Trạm Trường THCS Đông Giang,DV03,2026-08-11,09:00,26.2,29.8,62.0,86.0,OK
KK3,Trạm Trường THCS Đông Giang,DV03,2026-08-11,10:00,29.6,32.0,67.0,86.0,OK
KK3,Trạm Trường THCS Đông Giang,DV03,2026-08-11,11:00,27.3,28.2,74.0,86.0,OK
KK3,Trạm Trường THCS Đông Giang,DV03,2026-08-11,12:00,28.8,31.5,73.0,86.0,OK
KK3,Trạm Trường THCS Đông Giang,DV03,2026-08-11,13:00,39.2,31.5,74.0,86.0,OK
KK3,Trạm Trường THCS Đông Giang,DV03,2026-08-11,14:00,29.4,27.7,76.0,86.0,OK
KK3,Trạm Trường THCS Đông Giang,DV03,2026-08-11,15:00,36.4,36.7,69.0,86.0,OK
KK3,Trạm Trường THCS Đông Giang,DV03,2026-08-11,16:00,37.8,34.9,86.0,86.0,OK
KK3,Trạm Trường THCS Đông Giang,DV03,2026-08-11,17:00,37.3,32.9,71.0,86.0,OK
KK3,Trạm Trường THCS Đông Giang,DV03,2026-08-11,18:00,29.4,29.5,71.0,86.0,OK
KK3,Trạm Trường THCS Đông Giang,DV03,2026-08-11,19:00,33.1,30.7,73.0,86.0,OK
KK3,Trạm Trường THCS Đông Giang,DV03,2026-08-11,20:00,30.2,29.9,74.0,86.0,OK
KK3,Trạm Trường THCS Đông Giang,DV03,2026-08-11,21:00,36.0,28.1,70.0,86.0,OK
KK3,Trạm Trường THCS Đông Giang,DV03,2026-08-11,22:00,27.2,26.8,75.0,85.0,OK
KK3,Trạm Trường THCS Đông Giang,DV03,2026-08-11,23:00,37.9,28.2,77.0,85.0,OK
KK3,Trạm Trường THCS Đông Giang,DV03,2026-08-12,00:00,29.0,37.1,71.0,85.0,OK
KK3,Trạm Trường THCS Đông Giang,DV03,2026-08-12,01:00,41.8,31.7,79.0,85.0,OK
KK3,Trạm Trường THCS Đông Giang,DV03,2026-08-12,02:00,30.1,25.9,71.0,85.0,OK
KK3,Trạm Trường THCS Đông Giang,DV03,2026-08-12,03:00,23.7,28.2,57.0,85.0,OK
KK3,Trạm Trường THCS Đông Giang,DV03,2026-08-12,04:00,32.1,36.2,60.0,85.0,OK
KK3,Trạm Trường THCS Đông Giang,DV03,2026-08-12,05:00,33.4,26.6,76.0,85.0,OK
KK3,Trạm Trường THCS Đông Giang,DV03,2026-08-12,06:00,40.3,31.6,59.0,85.0,OK
KK3,Trạm Trường THCS Đông Giang,DV03,2026-08-12,07:00,31.7,34.8,77.0,85.0,OK
KK3,Trạm Trường THCS Đông Giang,DV03,2026-08-12,08:00,43.2,39.8,75.0,85.0,OK
KK3,Trạm Trường THCS Đông Giang,DV03,2026-08-12,09:00,34.5,26.8,76.0,85.0,OK
KK3,Trạm Trường THCS Đông Giang,DV03,2026-08-12,10:00,39.2,30.0,68.0,85.0,OK
KK3,Trạm Trường THCS Đông Giang,DV03,2026-08-12,11:00,40.8,30.3,66.0,85.0,OK
KK3,Trạm Trường THCS Đông Giang,DV03,2026-08-12,12:00,37.4,34.2,73.0,85.0,OK
KK3,Trạm Trường THCS Đông Giang,DV03,2026-08-12,13:00,29.5,37.2,67.0,85.0,OK
KK3,Trạm Trường THCS Đông Giang,DV03,2026-08-12,14:00,28.6,29.0,78.0,85.0,OK
KK3,Trạm Trường THCS Đông Giang,DV03,2026-08-12,15:00,42.3,35.3,86.0,85.0,OK
KK3,Trạm Trường THCS Đông Giang,DV03,2026-08-12,16:00,28.9,27.4,74.0,84.0,OK
KK3,Trạm Trường THCS Đông Giang,DV03,2026-08-12,17:00,49.6,33.2,78.0,84.0,OK
KK3,Trạm Trường THCS Đông Giang,DV03,2026-08-12,18:00,35.7,27.7,77.0,84.0,OK
KK3,Trạm Trường THCS Đông Giang,DV03,2026-08-12,19:00,37.5,30.1,79.0,84.0,OK
KK3,Trạm Trường THCS Đông Giang,DV03,2026-08-12,20:00,25.7,29.4,75.0,84.0,OK
KK3,Trạm Trường THCS Đông Giang,DV03,2026-08-12,21:00,36.8,23.0,71.0,84.0,OK
KK3,Trạm Trường THCS Đông Giang,DV03,2026-08-12,22:00,44.1,32.0,85.0,84.0,OK
KK3,Trạm Trường THCS Đông Giang,DV03,2026-08-12,23:00,28.7,33.2,87.0,84.0,OK
KK3,Trạm Trường THCS Đông Giang,DV03,2026-08-13,00:00,34.5,35.5,80.0,84.0,OK
KK3,Trạm Trường THCS Đông Giang,DV03,2026-08-13,01:00,31.6,31.2,70.0,84.0,OK
KK3,Trạm Trường THCS Đông Giang,DV03,2026-08-13,02:00,37.7,30.3,78.0,84.0,OK
KK3,Trạm Trường THCS Đông Giang,DV03,2026-08-13,03:00,24.8,30.0,68.0,84.0,OK
KK3,Trạm Trường THCS Đông Giang,DV03,2026-08-13,04:00,31.8,37.7,72.0,84.0,OK
KK3,Trạm Trường THCS Đông Giang,DV03,2026-08-13,05:00,38.7,24.3,72.0,84.0,OK
KK3,Trạm Trường THCS Đông Giang,DV03,2026-08-13,06:00,29.9,28.5,61.0,84.0,OK
KK3,Trạm Trường THCS Đông Giang,DV03,2026-08-13,07:00,36.8,34.0,83.0,84.0,OK
KK3,Trạm Trường THCS Đông Giang,DV03,2026-08-13,08:00,32.8,32.7,69.0,84.0,OK
KK3,Trạm Trường THCS Đông Giang,DV03,2026-08-13,09:00,37.9,33.2,81.0,84.0,OK
KK3,Trạm Trường THCS Đông Giang,DV03,2026-08-13,10:00,23.7,31.0,80.0,84.0,OK
KK3,Trạm Trường THCS Đông Giang,DV03,2026-08-13,11:00,31.9,29.1,83.0,83.0,OK
KK3,Trạm Trường THCS Đông Giang,DV03,2026-08-13,12:00,44.3,27.9,66.0,83.0,OK
KK3,Trạm Trường THCS Đông Giang,DV03,2026-08-13,13:00,33.6,29.9,81.0,83.0,OK
KK3,Trạm Trường THCS Đông Giang,DV03,2026-08-13,14:00,42.5,29.4,76.0,83.0,OK
KK3,Trạm Trường THCS Đông Giang,DV03,2026-08-13,15:00,31.6,29.0,62.0,83.0,OK
KK3,Trạm Trường THCS Đông Giang,DV03,2026-08-13,16:00,29.2,34.0,79.0,83.0,OK
KK3,Trạm Trường THCS Đông Giang,DV03,2026-08-13,17:00,32.4,32.4,70.0,83.0,OK
KK3,Trạm Trường THCS Đông Giang,DV03,2026-08-13,18:00,27.8,31.2,69.0,83.0,OK
KK3,Trạm Trường THCS Đông Giang,DV03,2026-08-13,19:00,31.0,28.2,72.0,83.0,OK
KK3,Trạm Trường THCS Đông Giang,DV03,2026-08-13,20:00,30.0,31.5,62.0,83.0,OK
KK3,Trạm Trường THCS Đông Giang,DV03,2026-08-13,21:00,26.7,32.4,91.0,83.0,OK
KK3,Trạm Trường THCS Đông Giang,DV03,2026-08-13,22:00,46.5,28.8,75.0,83.0,OK
KK3,Trạm Trường THCS Đông Giang,DV03,2026-08-13,23:00,29.7,31.2,73.0,83.0,OK
KK3,Trạm Trường THCS Đông Giang,DV03,2026-08-14,00:00,49.9,31.4,74.0,83.0,OK
KK3,Trạm Trường THCS Đông Giang,DV03,2026-08-14,01:00,49.2,31.6,76.0,83.0,OK
KK3,Trạm Trường THCS Đông Giang,DV03,2026-08-14,02:00,53.2,34.6,76.0,83.0,OK
KK3,Trạm Trường THCS Đông Giang,DV03,2026-08-14,03:00,35.3,30.2,66.0,83.0,OK
KK3,Trạm Trường THCS Đông Giang,DV03,2026-08-14,04:00,49.4,32.2,70.0,83.0,OK
KK3,Trạm Trường THCS Đông Giang,DV03,2026-08-14,05:00,35.0,31.7,89.0,82.0,OK
KK3,Trạm Trường THCS Đông Giang,DV03,2026-08-14,06:00,53.4,33.7,73.0,82.0,OK
KK3,Trạm Trường THCS Đông Giang,DV03,2026-08-14,07:00,66.9,33.7,76.0,82.0,OK
KK3,Trạm Trường THCS Đông Giang,DV03,2026-08-14,08:00,45.5,28.1,69.0,82.0,OK
KK3,Trạm Trường THCS Đông Giang,DV03,2026-08-14,09:00,67.7,35.0,78.0,82.0,OK
KK3,Trạm Trường THCS Đông Giang,DV03,2026-08-14,10:00,44.9,26.2,68.0,82.0,OK
KK3,Trạm Trường THCS Đông Giang,DV03,2026-08-14,11:00,40.9,32.8,73.0,82.0,OK
KK3,Trạm Trường THCS Đông Giang,DV03,2026-08-14,12:00,56.5,32.6,62.0,82.0,OK
KK3,Trạm Trường THCS Đông Giang,DV03,2026-08-14,13:00,45.7,26.2,70.0,82.0,OK
KK3,Trạm Trường THCS Đông Giang,DV03,2026-08-14,14:00,47.6,30.2,63.0,82.0,OK
KK3,Trạm Trường THCS Đông Giang,DV03,2026-08-14,15:00,43.1,38.3,73.0,82.0,OK
KK3,Trạm Trường THCS Đông Giang,DV03,2026-08-14,16:00,54.4,31.6,77.0,82.0,OK
KK3,Trạm Trường THCS Đông Giang,DV03,2026-08-14,17:00,50.8,33.5,72.0,82.0,OK
KK3,Trạm Trường THCS Đông Giang,DV03,2026-08-14,18:00,70.1,26.9,69.0,82.0,OK
KK3,Trạm Trường THCS Đông Giang,DV03,2026-08-14,19:00,45.8,30.6,83.0,82.0,OK
KK3,Trạm Trường THCS Đông Giang,DV03,2026-08-14,20:00,53.3,26.9,74.0,82.0,OK
KK3,Trạm Trường THCS Đông Giang,DV03,2026-08-14,21:00,49.4,32.7,79.0,82.0,OK
KK3,Trạm Trường THCS Đông Giang,DV03,2026-08-14,22:00,47.2,32.5,76.0,82.0,OK
KK3,Trạm Trường THCS Đông Giang,DV03,2026-08-14,23:00,67.0,32.7,85.0,81.0,OK
KK3,Trạm Trường THCS Đông Giang,DV03,2026-08-15,00:00,41.9,31.6,68.0,81.0,OK
KK3,Trạm Trường THCS Đông Giang,DV03,2026-08-15,01:00,49.3,31.0,75.0,81.0,OK
KK3,Trạm Trường THCS Đông Giang,DV03,2026-08-15,02:00,65.2,31.4,72.0,81.0,OK
KK3,Trạm Trường THCS Đông Giang,DV03,2026-08-15,03:00,33.0,30.5,76.0,81.0,OK
KK3,Trạm Trường THCS Đông Giang,DV03,2026-08-15,04:00,43.9,26.9,72.0,81.0,OK
KK3,Trạm Trường THCS Đông Giang,DV03,2026-08-15,05:00,62.6,29.8,68.0,81.0,OK
KK3,Trạm Trường THCS Đông Giang,DV03,2026-08-15,06:00,53.4,31.7,72.0,81.0,OK
KK3,Trạm Trường THCS Đông Giang,DV03,2026-08-15,07:00,66.9,30.2,76.0,81.0,OK
KK3,Trạm Trường THCS Đông Giang,DV03,2026-08-15,08:00,64.7,27.5,69.0,81.0,OK
KK3,Trạm Trường THCS Đông Giang,DV03,2026-08-15,09:00,39.9,28.8,70.0,81.0,OK
KK3,Trạm Trường THCS Đông Giang,DV03,2026-08-15,10:00,38.1,29.0,71.0,81.0,OK
KK3,Trạm Trường THCS Đông Giang,DV03,2026-08-15,11:00,62.7,33.3,62.0,81.0,OK
KK3,Trạm Trường THCS Đông Giang,DV03,2026-08-15,12:00,65.9,27.6,58.0,81.0,OK
KK3,Trạm Trường THCS Đông Giang,DV03,2026-08-15,13:00,51.9,33.3,66.0,81.0,OK
KK3,Trạm Trường THCS Đông Giang,DV03,2026-08-15,14:00,53.2,28.4,76.0,81.0,OK
KK3,Trạm Trường THCS Đông Giang,DV03,2026-08-15,15:00,45.3,27.7,70.0,81.0,OK
KK3,Trạm Trường THCS Đông Giang,DV03,2026-08-15,16:00,55.3,25.4,80.0,81.0,OK
KK3,Trạm Trường THCS Đông Giang,DV03,2026-08-15,17:00,71.7,36.5,77.0,81.0,OK
KK3,Trạm Trường THCS Đông Giang,DV03,2026-08-15,18:00,41.9,31.9,78.0,80.0,OK
KK3,Trạm Trường THCS Đông Giang,DV03,2026-08-15,19:00,56.1,29.9,64.0,80.0,OK
KK3,Trạm Trường THCS Đông Giang,DV03,2026-08-15,20:00,49.9,30.0,73.0,80.0,OK
KK3,Trạm Trường THCS Đông Giang,DV03,2026-08-15,21:00,39.8,33.8,70.0,80.0,OK
KK3,Trạm Trường THCS Đông Giang,DV03,2026-08-15,22:00,71.5,36.1,73.0,80.0,OK
KK3,Trạm Trường THCS Đông Giang,DV03,2026-08-15,23:00,46.9,30.5,87.0,80.0,OK
KK3,Trạm Trường THCS Đông Giang,DV03,2026-08-16,00:00,41.6,29.1,74.0,80.0,OK
KK3,Trạm Trường THCS Đông Giang,DV03,2026-08-16,01:00,42.7,32.4,85.0,80.0,OK
KK3,Trạm Trường THCS Đông Giang,DV03,2026-08-16,02:00,70.0,28.4,66.0,80.0,OK
KK3,Trạm Trường THCS Đông Giang,DV03,2026-08-16,03:00,45.5,28.9,77.0,80.0,OK
KK3,Trạm Trường THCS Đông Giang,DV03,2026-08-16,04:00,36.0,32.5,77.0,80.0,OK
KK3,Trạm Trường THCS Đông Giang,DV03,2026-08-16,05:00,40.3,29.0,67.0,80.0,OK
KK3,Trạm Trường THCS Đông Giang,DV03,2026-08-16,06:00,72.4,35.8,77.0,80.0,OK
KK3,Trạm Trường THCS Đông Giang,DV03,2026-08-16,07:00,75.0,30.5,67.0,80.0,OK
KK3,Trạm Trường THCS Đông Giang,DV03,2026-08-16,08:00,68.3,30.7,70.0,80.0,OK
KK3,Trạm Trường THCS Đông Giang,DV03,2026-08-16,09:00,51.4,32.0,68.0,80.0,OK
KK3,Trạm Trường THCS Đông Giang,DV03,2026-08-16,10:00,58.3,26.6,69.0,80.0,OK
KK3,Trạm Trường THCS Đông Giang,DV03,2026-08-16,11:00,48.1,30.4,72.0,80.0,OK
KK3,Trạm Trường THCS Đông Giang,DV03,2026-08-16,12:00,57.6,32.8,68.0,79.0,OK
KK3,Trạm Trường THCS Đông Giang,DV03,2026-08-16,13:00,45.0,31.9,79.0,79.0,OK
KK3,Trạm Trường THCS Đông Giang,DV03,2026-08-16,14:00,38.6,34.0,75.0,79.0,OK
KK3,Trạm Trường THCS Đông Giang,DV03,2026-08-16,15:00,60.4,30.4,59.0,79.0,OK
KK3,Trạm Trường THCS Đông Giang,DV03,2026-08-16,16:00,73.7,29.1,79.0,79.0,OK
KK3,Trạm Trường THCS Đông Giang,DV03,2026-08-16,17:00,55.0,34.6,72.0,79.0,OK
KK3,Trạm Trường THCS Đông Giang,DV03,2026-08-16,18:00,52.4,32.5,83.0,79.0,OK
KK3,Trạm Trường THCS Đông Giang,DV03,2026-08-16,19:00,44.5,32.5,71.0,79.0,OK
KK3,Trạm Trường THCS Đông Giang,DV03,2026-08-16,20:00,54.6,29.5,70.0,79.0,OK
KK3,Trạm Trường THCS Đông Giang,DV03,2026-08-16,21:00,50.7,28.9,81.0,79.0,OK
KK3,Trạm Trường THCS Đông Giang,DV03,2026-08-16,22:00,71.5,31.0,75.0,79.0,OK
KK3,Trạm Trường THCS Đông Giang,DV03,2026-08-16,23:00,46.1,32.2,73.0,79.0,OK
KK3,Trạm Trường THCS Đông Giang,DV03,2026-08-17,00:00,70.7,33.0,64.0,79.0,OK
KK3,Trạm Trường THCS Đông Giang,DV03,2026-08-17,01:00,55.7,28.7,74.0,79.0,OK
KK3,Trạm Trường THCS Đông Giang,DV03,2026-08-17,02:00,45.9,26.5,74.0,79.0,OK
KK3,Trạm Trường THCS Đông Giang,DV03,2026-08-17,03:00,48.1,33.0,79.0,79.0,OK
KK3,Trạm Trường THCS Đông Giang,DV03,2026-08-17,04:00,45.8,29.3,70.0,79.0,OK
KK3,Trạm Trường THCS Đông Giang,DV03,2026-08-17,05:00,35.1,36.6,70.0,79.0,OK
KK3,Trạm Trường THCS Đông Giang,DV03,2026-08-17,06:00,65.2,26.6,77.0,78.0,OK
KK3,Trạm Trường THCS Đông Giang,DV03,2026-08-17,07:00,59.1,29.1,62.0,78.0,OK
KK3,Trạm Trường THCS Đông Giang,DV03,2026-08-17,08:00,42.3,27.3,74.0,78.0,OK
KK3,Trạm Trường THCS Đông Giang,DV03,2026-08-17,09:00,42.2,28.2,66.0,78.0,OK
KK3,Trạm Trường THCS Đông Giang,DV03,2026-08-17,10:00,42.1,28.5,73.0,78.0,OK
KK3,Trạm Trường THCS Đông Giang,DV03,2026-08-17,11:00,56.1,27.3,73.0,78.0,OK
KK3,Trạm Trường THCS Đông Giang,DV03,2026-08-17,12:00,52.9,27.7,71.0,78.0,OK
KK3,Trạm Trường THCS Đông Giang,DV03,2026-08-17,13:00,63.0,30.4,79.0,78.0,OK
KK3,Trạm Trường THCS Đông Giang,DV03,2026-08-17,14:00,65.8,27.9,76.0,78.0,OK
KK3,Trạm Trường THCS Đông Giang,DV03,2026-08-17,15:00,65.2,26.9,75.0,78.0,OK
KK3,Trạm Trường THCS Đông Giang,DV03,2026-08-17,16:00,66.0,31.1,72.0,78.0,OK
KK3,Trạm Trường THCS Đông Giang,DV03,2026-08-17,17:00,55.2,30.0,68.0,78.0,OK
KK3,Trạm Trường THCS Đông Giang,DV03,2026-08-17,18:00,74.9,36.7,79.0,78.0,OK
KK3,Trạm Trường THCS Đông Giang,DV03,2026-08-17,19:00,48.6,28.6,83.0,78.0,OK
KK3,Trạm Trường THCS Đông Giang,DV03,2026-08-17,20:00,51.4,32.2,69.0,78.0,OK
KK3,Trạm Trường THCS Đông Giang,DV03,2026-08-17,21:00,56.8,30.5,66.0,78.0,OK
KK3,Trạm Trường THCS Đông Giang,DV03,2026-08-17,22:00,46.5,27.1,69.0,78.0,OK
KK3,Trạm Trường THCS Đông Giang,DV03,2026-08-17,23:00,60.3,32.0,71.0,78.0,OK
KK3,Trạm Trường THCS Đông Giang,DV03,2026-08-18,00:00,43.0,26.3,78.0,77.0,OK
KK3,Trạm Trường THCS Đông Giang,DV03,2026-08-18,01:00,28.1,32.9,78.0,77.0,OK
KK3,Trạm Trường THCS Đông Giang,DV03,2026-08-18,02:00,38.7,32.5,79.0,77.0,OK
KK3,Trạm Trường THCS Đông Giang,DV03,2026-08-18,03:00,34.3,26.4,87.0,77.0,OK
KK3,Trạm Trường THCS Đông Giang,DV03,2026-08-18,04:00,30.1,24.6,87.0,77.0,OK
KK3,Trạm Trường THCS Đông Giang,DV03,2026-08-18,05:00,35.4,31.2,70.0,77.0,OK
KK3,Trạm Trường THCS Đông Giang,DV03,2026-08-18,06:00,34.8,27.0,63.0,77.0,OK
KK3,Trạm Trường THCS Đông Giang,DV03,2026-08-18,07:00,42.0,28.4,66.0,77.0,OK
KK3,Trạm Trường THCS Đông Giang,DV03,2026-08-18,08:00,45.9,35.2,79.0,77.0,OK
KK3,Trạm Trường THCS Đông Giang,DV03,2026-08-18,09:00,37.4,29.3,71.0,77.0,OK
KK3,Trạm Trường THCS Đông Giang,DV03,2026-08-18,10:00,23.6,28.2,70.0,77.0,OK
KK3,Trạm Trường THCS Đông Giang,DV03,2026-08-18,11:00,36.6,32.4,74.0,77.0,OK
KK3,Trạm Trường THCS Đông Giang,DV03,2026-08-18,12:00,36.1,36.8,76.0,77.0,OK
KK3,Trạm Trường THCS Đông Giang,DV03,2026-08-18,13:00,33.6,31.1,60.0,77.0,OK
KK3,Trạm Trường THCS Đông Giang,DV03,2026-08-18,14:00,30.8,30.9,78.0,77.0,OK
KK3,Trạm Trường THCS Đông Giang,DV03,2026-08-18,15:00,43.4,29.0,80.0,77.0,OK
KK3,Trạm Trường THCS Đông Giang,DV03,2026-08-18,16:00,35.3,30.7,74.0,77.0,OK
KK3,Trạm Trường THCS Đông Giang,DV03,2026-08-18,17:00,34.8,26.1,69.0,77.0,OK
KK3,Trạm Trường THCS Đông Giang,DV03,2026-08-18,18:00,26.9,27.4,78.0,76.0,OK
KK3,Trạm Trường THCS Đông Giang,DV03,2026-08-18,19:00,32.6,34.9,78.0,76.0,OK
KK3,Trạm Trường THCS Đông Giang,DV03,2026-08-18,20:00,36.1,30.5,75.0,76.0,OK
KK3,Trạm Trường THCS Đông Giang,DV03,2026-08-18,21:00,22.2,29.1,68.0,76.0,OK
KK3,Trạm Trường THCS Đông Giang,DV03,2026-08-18,22:00,26.3,26.7,77.0,76.0,OK
KK3,Trạm Trường THCS Đông Giang,DV03,2026-08-18,23:00,25.6,33.4,75.0,76.0,OK
KK3,Trạm Trường THCS Đông Giang,DV03,2026-08-19,00:00,44.9,25.3,79.0,76.0,OK
KK3,Trạm Trường THCS Đông Giang,DV03,2026-08-19,01:00,40.7,29.4,70.0,76.0,OK
KK3,Trạm Trường THCS Đông Giang,DV03,2026-08-19,02:00,41.9,36.6,78.0,76.0,OK
KK3,Trạm Trường THCS Đông Giang,DV03,2026-08-19,03:00,25.5,30.1,71.0,76.0,OK
KK3,Trạm Trường THCS Đông Giang,DV03,2026-08-19,04:00,37.1,35.2,74.0,76.0,OK
KK3,Trạm Trường THCS Đông Giang,DV03,2026-08-19,05:00,31.2,28.3,71.0,76.0,OK
KK3,Trạm Trường THCS Đông Giang,DV03,2026-08-19,06:00,33.2,29.2,83.0,76.0,OK
KK3,Trạm Trường THCS Đông Giang,DV03,2026-08-19,07:00,32.7,31.4,80.0,76.0,OK
KK3,Trạm Trường THCS Đông Giang,DV03,2026-08-19,08:00,45.0,30.4,72.0,76.0,OK
KK3,Trạm Trường THCS Đông Giang,DV03,2026-08-19,09:00,25.4,24.6,64.0,76.0,OK
KK3,Trạm Trường THCS Đông Giang,DV03,2026-08-19,10:00,39.7,36.9,73.0,76.0,OK
KK3,Trạm Trường THCS Đông Giang,DV03,2026-08-19,11:00,38.2,29.1,83.0,76.0,OK
KK3,Trạm Trường THCS Đông Giang,DV03,2026-08-19,12:00,28.0,31.4,86.0,75.0,OK
KK3,Trạm Trường THCS Đông Giang,DV03,2026-08-19,13:00,26.4,24.9,76.0,75.0,OK
KK3,Trạm Trường THCS Đông Giang,DV03,2026-08-19,14:00,24.3,26.3,71.0,75.0,OK
KK3,Trạm Trường THCS Đông Giang,DV03,2026-08-19,15:00,41.9,27.2,66.0,75.0,OK
KK3,Trạm Trường THCS Đông Giang,DV03,2026-08-19,16:00,46.3,34.7,63.0,75.0,OK
KK3,Trạm Trường THCS Đông Giang,DV03,2026-08-19,17:00,41.7,29.9,69.0,75.0,OK
KK3,Trạm Trường THCS Đông Giang,DV03,2026-08-19,18:00,27.9,34.4,74.0,75.0,OK
KK3,Trạm Trường THCS Đông Giang,DV03,2026-08-19,19:00,33.8,30.7,80.0,75.0,OK
KK3,Trạm Trường THCS Đông Giang,DV03,2026-08-19,20:00,39.9,28.3,73.0,75.0,OK
KK3,Trạm Trường THCS Đông Giang,DV03,2026-08-19,21:00,30.9,30.0,74.0,75.0,OK
KK3,Trạm Trường THCS Đông Giang,DV03,2026-08-19,22:00,33.4,33.5,80.0,75.0,OK
KK3,Trạm Trường THCS Đông Giang,DV03,2026-08-19,23:00,33.6,29.3,62.0,75.0,OK
KK3,Trạm Trường THCS Đông Giang,DV03,2026-08-20,00:00,27.0,29.6,88.0,75.0,OK
KK3,Trạm Trường THCS Đông Giang,DV03,2026-08-20,01:00,39.9,26.5,79.0,75.0,OK
KK3,Trạm Trường THCS Đông Giang,DV03,2026-08-20,02:00,39.0,23.4,74.0,75.0,OK
KK3,Trạm Trường THCS Đông Giang,DV03,2026-08-20,03:00,33.8,31.0,83.0,75.0,OK
KK3,Trạm Trường THCS Đông Giang,DV03,2026-08-20,04:00,36.0,29.9,71.0,75.0,OK
KK3,Trạm Trường THCS Đông Giang,DV03,2026-08-20,05:00,27.5,32.3,79.0,75.0,OK
KK3,Trạm Trường THCS Đông Giang,DV03,2026-08-20,06:00,38.2,26.4,85.0,75.0,OK
KK3,Trạm Trường THCS Đông Giang,DV03,2026-08-20,07:00,33.4,34.7,74.0,74.0,OK
KK3,Trạm Trường THCS Đông Giang,DV03,2026-08-20,08:00,32.8,36.6,68.0,74.0,OK
KK3,Trạm Trường THCS Đông Giang,DV03,2026-08-20,09:00,29.8,26.2,75.0,74.0,OK
KK3,Trạm Trường THCS Đông Giang,DV03,2026-08-20,10:00,35.0,33.7,79.0,74.0,OK
KK3,Trạm Trường THCS Đông Giang,DV03,2026-08-20,11:00,25.6,28.8,73.0,74.0,OK
KK3,Trạm Trường THCS Đông Giang,DV03,2026-08-20,12:00,32.9,30.5,63.0,74.0,OK
KK3,Trạm Trường THCS Đông Giang,DV03,2026-08-20,13:00,25.3,29.1,62.0,74.0,OK
KK3,Trạm Trường THCS Đông Giang,DV03,2026-08-20,14:00,31.3,33.1,68.0,74.0,OK
KK3,Trạm Trường THCS Đông Giang,DV03,2026-08-20,15:00,26.5,27.0,71.0,74.0,OK
KK3,Trạm Trường THCS Đông Giang,DV03,2026-08-20,16:00,38.0,29.2,67.0,74.0,OK
KK3,Trạm Trường THCS Đông Giang,DV03,2026-08-20,17:00,30.3,30.2,70.0,74.0,OK
KK3,Trạm Trường THCS Đông Giang,DV03,2026-08-20,18:00,46.0,30.9,77.0,74.0,OK
KK3,Trạm Trường THCS Đông Giang,DV03,2026-08-20,19:00,41.4,27.6,69.0,74.0,OK
KK3,Trạm Trường THCS Đông Giang,DV03,2026-08-20,20:00,33.8,28.8,66.0,74.0,OK
KK3,Trạm Trường THCS Đông Giang,DV03,2026-08-20,21:00,30.2,30.6,72.0,74.0,OK
KK3,Trạm Trường THCS Đông Giang,DV03,2026-08-20,22:00,42.9,31.9,74.0,74.0,OK
KK3,Trạm Trường THCS Đông Giang,DV03,2026-08-20,23:00,31.2,28.5,79.0,74.0,OK
KK3,Trạm Trường THCS Đông Giang,DV03,2026-08-21,00:00,38.8,24.3,80.0,74.0,OK
KK3,Trạm Trường THCS Đông Giang,DV03,2026-08-21,01:00,35.4,28.1,80.0,73.0,OK
KK3,Trạm Trường THCS Đông Giang,DV03,2026-08-21,02:00,36.5,30.2,80.0,73.0,OK
KK3,Trạm Trường THCS Đông Giang,DV03,2026-08-21,03:00,21.0,31.8,79.0,73.0,OK
KK3,Trạm Trường THCS Đông Giang,DV03,2026-08-21,04:00,27.8,33.1,69.0,73.0,OK
KK3,Trạm Trường THCS Đông Giang,DV03,2026-08-21,05:00,22.9,32.0,74.0,73.0,OK
KK3,Trạm Trường THCS Đông Giang,DV03,2026-08-21,06:00,43.4,40.5,61.0,73.0,OK
KK3,Trạm Trường THCS Đông Giang,DV03,2026-08-21,07:00,50.6,31.4,71.0,73.0,OK
KK3,Trạm Trường THCS Đông Giang,DV03,2026-08-21,08:00,31.2,28.6,86.0,73.0,OK
KK3,Trạm Trường THCS Đông Giang,DV03,2026-08-21,09:00,30.3,32.4,93.0,73.0,OK
KK3,Trạm Trường THCS Đông Giang,DV03,2026-08-21,10:00,25.1,30.8,81.0,73.0,OK
KK3,Trạm Trường THCS Đông Giang,DV03,2026-08-21,11:00,39.2,26.4,81.0,73.0,OK
KK3,Trạm Trường THCS Đông Giang,DV03,2026-08-21,12:00,24.6,28.6,72.0,73.0,OK
KK3,Trạm Trường THCS Đông Giang,DV03,2026-08-21,13:00,33.6,32.1,90.0,73.0,OK
KK3,Trạm Trường THCS Đông Giang,DV03,2026-08-21,14:00,41.7,34.1,56.0,73.0,OK
KK3,Trạm Trường THCS Đông Giang,DV03,2026-08-21,15:00,41.3,28.2,81.0,73.0,OK
KK3,Trạm Trường THCS Đông Giang,DV03,2026-08-21,16:00,39.9,24.5,80.0,73.0,OK
KK3,Trạm Trường THCS Đông Giang,DV03,2026-08-21,17:00,50.0,31.7,80.0,73.0,OK
KK3,Trạm Trường THCS Đông Giang,DV03,2026-08-21,18:00,39.7,30.4,70.0,73.0,OK
KK3,Trạm Trường THCS Đông Giang,DV03,2026-08-21,19:00,28.7,28.4,59.0,72.0,OK
KK3,Trạm Trường THCS Đông Giang,DV03,2026-08-21,20:00,39.1,25.5,80.0,72.0,OK
KK3,Trạm Trường THCS Đông Giang,DV03,2026-08-21,21:00,22.7,31.6,73.0,72.0,OK
KK3,Trạm Trường THCS Đông Giang,DV03,2026-08-21,22:00,33.8,27.9,96.0,72.0,OK
KK3,Trạm Trường THCS Đông Giang,DV03,2026-08-21,23:00,31.3,28.1,70.0,72.0,OK
KK3,Trạm Trường THCS Đông Giang,DV03,2026-08-22,00:00,26.2,30.9,78.0,72.0,OK
KK3,Trạm Trường THCS Đông Giang,DV03,2026-08-22,01:00,37.8,31.1,63.0,72.0,OK
KK3,Trạm Trường THCS Đông Giang,DV03,2026-08-22,02:00,41.0,25.4,76.0,72.0,OK
KK3,Trạm Trường THCS Đông Giang,DV03,2026-08-22,03:00,22.9,25.3,83.0,72.0,OK
KK3,Trạm Trường THCS Đông Giang,DV03,2026-08-22,04:00,28.5,31.4,73.0,72.0,OK
KK3,Trạm Trường THCS Đông Giang,DV03,2026-08-22,05:00,37.6,31.8,66.0,72.0,OK
KK3,Trạm Trường THCS Đông Giang,DV03,2026-08-22,06:00,45.8,26.0,84.0,72.0,OK
KK3,Trạm Trường THCS Đông Giang,DV03,2026-08-22,07:00,35.9,31.8,62.0,72.0,OK
KK3,Trạm Trường THCS Đông Giang,DV03,2026-08-22,08:00,43.4,28.7,75.0,72.0,OK
KK3,Trạm Trường THCS Đông Giang,DV03,2026-08-22,09:00,33.6,27.4,61.0,72.0,OK
KK3,Trạm Trường THCS Đông Giang,DV03,2026-08-22,10:00,36.7,26.4,78.0,72.0,OK
KK3,Trạm Trường THCS Đông Giang,DV03,2026-08-22,11:00,31.8,28.9,78.0,72.0,OK
KK3,Trạm Trường THCS Đông Giang,DV03,2026-08-22,12:00,41.2,27.3,69.0,72.0,OK
KK3,Trạm Trường THCS Đông Giang,DV03,2026-08-22,13:00,30.0,28.6,75.0,71.0,OK
KK3,Trạm Trường THCS Đông Giang,DV03,2026-08-22,14:00,39.8,28.5,84.0,71.0,OK
KK3,Trạm Trường THCS Đông Giang,DV03,2026-08-22,15:00,28.6,30.5,77.0,71.0,OK
KK3,Trạm Trường THCS Đông Giang,DV03,2026-08-22,16:00,39.8,32.3,71.0,71.0,OK
KK3,Trạm Trường THCS Đông Giang,DV03,2026-08-22,17:00,45.8,30.9,68.0,71.0,OK
KK3,Trạm Trường THCS Đông Giang,DV03,2026-08-22,18:00,38.7,34.2,68.0,71.0,OK
KK3,Trạm Trường THCS Đông Giang,DV03,2026-08-22,19:00,37.8,24.1,74.0,71.0,OK
KK3,Trạm Trường THCS Đông Giang,DV03,2026-08-22,20:00,38.6,23.3,69.0,71.0,OK
KK3,Trạm Trường THCS Đông Giang,DV03,2026-08-22,21:00,23.1,32.5,76.0,71.0,OK
KK3,Trạm Trường THCS Đông Giang,DV03,2026-08-22,22:00,45.0,32.7,72.0,71.0,OK
KK3,Trạm Trường THCS Đông Giang,DV03,2026-08-22,23:00,41.5,28.1,78.0,71.0,OK
KK3,Trạm Trường THCS Đông Giang,DV03,2026-08-23,00:00,39.3,29.8,75.0,71.0,OK
KK3,Trạm Trường THCS Đông Giang,DV03,2026-08-23,01:00,28.4,28.8,82.0,71.0,OK
KK3,Trạm Trường THCS Đông Giang,DV03,2026-08-23,02:00,36.4,28.3,76.0,71.0,OK
KK3,Trạm Trường THCS Đông Giang,DV03,2026-08-23,03:00,23.1,29.1,84.0,71.0,OK
KK3,Trạm Trường THCS Đông Giang,DV03,2026-08-23,04:00,35.4,28.9,79.0,71.0,OK
KK3,Trạm Trường THCS Đông Giang,DV03,2026-08-23,05:00,40.8,37.1,80.0,71.0,OK
KK3,Trạm Trường THCS Đông Giang,DV03,2026-08-23,06:00,29.5,31.9,90.0,71.0,OK
KK3,Trạm Trường THCS Đông Giang,DV03,2026-08-23,07:00,40.0,28.5,73.0,70.0,OK
KK3,Trạm Trường THCS Đông Giang,DV03,2026-08-23,08:00,29.0,28.1,71.0,70.0,OK
KK3,Trạm Trường THCS Đông Giang,DV03,2026-08-23,09:00,33.3,33.4,77.0,70.0,OK
KK3,Trạm Trường THCS Đông Giang,DV03,2026-08-23,10:00,30.0,32.1,75.0,70.0,OK
KK3,Trạm Trường THCS Đông Giang,DV03,2026-08-23,11:00,34.0,28.0,79.0,70.0,OK
KK3,Trạm Trường THCS Đông Giang,DV03,2026-08-23,12:00,35.1,33.2,76.0,70.0,OK
KK3,Trạm Trường THCS Đông Giang,DV03,2026-08-23,13:00,30.0,30.0,65.0,70.0,OK
KK3,Trạm Trường THCS Đông Giang,DV03,2026-08-23,14:00,38.6,32.8,79.0,70.0,OK
KK3,Trạm Trường THCS Đông Giang,DV03,2026-08-23,15:00,43.3,29.2,70.0,70.0,OK
KK3,Trạm Trường THCS Đông Giang,DV03,2026-08-23,16:00,44.7,24.0,76.0,70.0,OK
KK3,Trạm Trường THCS Đông Giang,DV03,2026-08-23,17:00,43.9,31.8,66.0,70.0,OK
KK3,Trạm Trường THCS Đông Giang,DV03,2026-08-23,18:00,28.1,29.5,82.0,70.0,OK
KK3,Trạm Trường THCS Đông Giang,DV03,2026-08-23,19:00,44.5,27.2,76.0,70.0,OK
KK3,Trạm Trường THCS Đông Giang,DV03,2026-08-23,20:00,24.4,32.7,79.0,70.0,OK
KK3,Trạm Trường THCS Đông Giang,DV03,2026-08-23,21:00,33.2,27.4,74.0,70.0,OK
KK3,Trạm Trường THCS Đông Giang,DV03,2026-08-23,22:00,28.6,34.4,67.0,70.0,OK
KK3,Trạm Trường THCS Đông Giang,DV03,2026-08-23,23:00,34.5,33.5,74.0,70.0,OK
KK3,Trạm Trường THCS Đông Giang,DV03,2026-08-24,00:00,26.7,31.5,71.0,70.0,OK
KK3,Trạm Trường THCS Đông Giang,DV03,2026-08-24,01:00,32.7,31.1,81.0,70.0,OK
KK3,Trạm Trường THCS Đông Giang,DV03,2026-08-24,02:00,29.6,25.8,62.0,69.0,OK
KK3,Trạm Trường THCS Đông Giang,DV03,2026-08-24,03:00,22.4,26.6,78.0,69.0,OK
KK3,Trạm Trường THCS Đông Giang,DV03,2026-08-24,04:00,36.6,28.4,93.0,69.0,OK
KK3,Trạm Trường THCS Đông Giang,DV03,2026-08-24,05:00,28.6,30.9,80.0,69.0,OK
KK3,Trạm Trường THCS Đông Giang,DV03,2026-08-24,06:00,26.6,36.3,75.0,69.0,OK
KK3,Trạm Trường THCS Đông Giang,DV03,2026-08-24,07:00,30.3,30.8,65.0,69.0,OK
KK3,Trạm Trường THCS Đông Giang,DV03,2026-08-24,08:00,29.7,31.6,70.0,69.0,OK
KK3,Trạm Trường THCS Đông Giang,DV03,2026-08-24,09:00,35.2,28.4,81.0,69.0,OK
KK3,Trạm Trường THCS Đông Giang,DV03,2026-08-24,10:00,30.5,27.8,77.0,69.0,OK
KK3,Trạm Trường THCS Đông Giang,DV03,2026-08-24,11:00,29.8,29.2,82.0,69.0,OK
KK3,Trạm Trường THCS Đông Giang,DV03,2026-08-24,12:00,40.7,29.1,67.0,69.0,OK
KK3,Trạm Trường THCS Đông Giang,DV03,2026-08-24,13:00,26.5,28.5,79.0,69.0,OK
KK3,Trạm Trường THCS Đông Giang,DV03,2026-08-24,14:00,38.3,31.2,77.0,69.0,OK
KK3,Trạm Trường THCS Đông Giang,DV03,2026-08-24,15:00,31.0,29.1,59.0,69.0,OK
KK3,Trạm Trường THCS Đông Giang,DV03,2026-08-24,16:00,38.2,31.9,81.0,69.0,OK
KK3,Trạm Trường THCS Đông Giang,DV03,2026-08-24,17:00,30.3,33.8,67.0,69.0,OK
KK3,Trạm Trường THCS Đông Giang,DV03,2026-08-24,18:00,43.9,26.0,78.0,69.0,OK
KK3,Trạm Trường THCS Đông Giang,DV03,2026-08-24,19:00,36.1,32.3,62.0,69.0,OK
KK3,Trạm Trường THCS Đông Giang,DV03,2026-08-24,20:00,33.6,29.9,71.0,68.0,OK
KK3,Trạm Trường THCS Đông Giang,DV03,2026-08-24,21:00,38.7,26.8,75.0,68.0,OK
KK3,Trạm Trường THCS Đông Giang,DV03,2026-08-24,22:00,31.6,34.9,71.0,68.0,OK
KK3,Trạm Trường THCS Đông Giang,DV03,2026-08-24,23:00,40.5,34.8,77.0,68.0,OK
KK3,Trạm Trường THCS Đông Giang,DV03,2026-08-25,00:00,37.6,31.9,70.0,68.0,OK
KK3,Trạm Trường THCS Đông Giang,DV03,2026-08-25,01:00,30.1,29.7,70.0,68.0,OK
KK3,Trạm Trường THCS Đông Giang,DV03,2026-08-25,02:00,40.3,28.5,67.0,68.0,OK
KK3,Trạm Trường THCS Đông Giang,DV03,2026-08-25,03:00,32.6,31.9,72.0,68.0,OK
KK3,Trạm Trường THCS Đông Giang,DV03,2026-08-25,04:00,35.4,32.4,78.0,68.0,OK
KK3,Trạm Trường THCS Đông Giang,DV03,2026-08-25,05:00,37.3,25.9,67.0,68.0,OK
KK3,Trạm Trường THCS Đông Giang,DV03,2026-08-25,06:00,41.8,32.7,74.0,68.0,OK
KK3,Trạm Trường THCS Đông Giang,DV03,2026-08-25,07:00,43.1,32.6,67.0,68.0,OK
KK3,Trạm Trường THCS Đông Giang,DV03,2026-08-25,08:00,39.9,33.4,73.0,68.0,OK
KK3,Trạm Trường THCS Đông Giang,DV03,2026-08-25,09:00,24.2,31.6,70.0,68.0,OK
KK3,Trạm Trường THCS Đông Giang,DV03,2026-08-25,10:00,24.0,27.3,89.0,68.0,OK
KK3,Trạm Trường THCS Đông Giang,DV03,2026-08-25,11:00,35.4,36.7,62.0,68.0,OK
KK3,Trạm Trường THCS Đông Giang,DV03,2026-08-25,12:00,30.9,30.8,82.0,68.0,OK
KK3,Trạm Trường THCS Đông Giang,DV03,2026-08-25,13:00,35.0,31.5,69.0,68.0,OK
KK3,Trạm Trường THCS Đông Giang,DV03,2026-08-25,14:00,27.9,30.6,68.0,67.0,OK
KK3,Trạm Trường THCS Đông Giang,DV03,2026-08-25,15:00,26.4,34.3,73.0,67.0,OK
KK3,Trạm Trường THCS Đông Giang,DV03,2026-08-25,16:00,47.0,26.7,71.0,67.0,OK
KK3,Trạm Trường THCS Đông Giang,DV03,2026-08-25,17:00,38.4,32.7,70.0,67.0,OK
KK3,Trạm Trường THCS Đông Giang,DV03,2026-08-25,18:00,28.0,27.0,76.0,67.0,OK
KK3,Trạm Trường THCS Đông Giang,DV03,2026-08-25,19:00,42.0,28.6,72.0,67.0,OK
KK3,Trạm Trường THCS Đông Giang,DV03,2026-08-25,20:00,23.9,31.4,67.0,67.0,OK
KK3,Trạm Trường THCS Đông Giang,DV03,2026-08-25,21:00,176.6,24.8,74.0,67.0,Nghi ngờ
KK3,Trạm Trường THCS Đông Giang,DV03,2026-08-25,22:00,28.1,30.0,76.0,67.0,OK
KK3,Trạm Trường THCS Đông Giang,DV03,2026-08-25,23:00,35.8,32.4,57.0,67.0,OK
KK3,Trạm Trường THCS Đông Giang,DV03,2026-08-26,00:00,40.0,28.7,68.0,67.0,OK
KK3,Trạm Trường THCS Đông Giang,DV03,2026-08-26,01:00,24.9,29.2,71.0,67.0,OK
KK3,Trạm Trường THCS Đông Giang,DV03,2026-08-26,02:00,35.2,31.5,74.0,67.0,OK
KK3,Trạm Trường THCS Đông Giang,DV03,2026-08-26,03:00,31.6,28.6,76.0,67.0,OK
KK3,Trạm Trường THCS Đông Giang,DV03,2026-08-26,04:00,30.7,28.9,79.0,67.0,OK
KK3,Trạm Trường THCS Đông Giang,DV03,2026-08-26,05:00,33.3,31.2,78.0,67.0,OK
KK3,Trạm Trường THCS Đông Giang,DV03,2026-08-26,06:00,38.3,31.3,68.0,67.0,OK
KK3,Trạm Trường THCS Đông Giang,DV03,2026-08-26,07:00,48.0,33.7,61.0,67.0,OK
KK3,Trạm Trường THCS Đông Giang,DV03,2026-08-26,08:00,30.6,33.8,71.0,66.0,OK
KK3,Trạm Trường THCS Đông Giang,DV03,2026-08-26,09:00,27.9,30.5,70.0,66.0,OK
KK3,Trạm Trường THCS Đông Giang,DV03,2026-08-26,10:00,36.8,31.8,74.0,66.0,OK
KK3,Trạm Trường THCS Đông Giang,DV03,2026-08-26,11:00,41.7,27.9,78.0,66.0,OK
KK3,Trạm Trường THCS Đông Giang,DV03,2026-08-26,12:00,41.8,28.9,65.0,66.0,OK
KK3,Trạm Trường THCS Đông Giang,DV03,2026-08-26,13:00,24.5,30.3,83.0,66.0,OK
KK3,Trạm Trường THCS Đông Giang,DV03,2026-08-26,14:00,37.4,28.5,70.0,66.0,OK
KK3,Trạm Trường THCS Đông Giang,DV03,2026-08-26,15:00,37.6,33.5,83.0,66.0,OK
KK3,Trạm Trường THCS Đông Giang,DV03,2026-08-26,16:00,39.6,32.9,61.0,66.0,OK
KK3,Trạm Trường THCS Đông Giang,DV03,2026-08-26,17:00,46.4,29.2,84.0,66.0,OK
KK3,Trạm Trường THCS Đông Giang,DV03,2026-08-26,18:00,27.1,33.7,79.0,66.0,OK
KK3,Trạm Trường THCS Đông Giang,DV03,2026-08-26,19:00,41.9,31.2,76.0,66.0,OK
KK3,Trạm Trường THCS Đông Giang,DV03,2026-08-26,20:00,25.3,31.4,73.0,66.0,OK
KK3,Trạm Trường THCS Đông Giang,DV03,2026-08-26,21:00,37.3,32.9,79.0,66.0,OK
KK3,Trạm Trường THCS Đông Giang,DV03,2026-08-26,22:00,38.8,30.9,79.0,66.0,OK
KK3,Trạm Trường THCS Đông Giang,DV03,2026-08-26,23:00,27.7,26.5,63.0,66.0,OK
KK3,Trạm Trường THCS Đông Giang,DV03,2026-08-27,00:00,35.0,32.6,91.0,66.0,OK
KK3,Trạm Trường THCS Đông Giang,DV03,2026-08-27,01:00,25.3,35.1,54.0,66.0,OK
KK3,Trạm Trường THCS Đông Giang,DV03,2026-08-27,02:00,27.9,34.7,76.0,65.0,OK
KK3,Trạm Trường THCS Đông Giang,DV03,2026-08-27,03:00,32.0,26.6,77.0,65.0,OK
KK3,Trạm Trường THCS Đông Giang,DV03,2026-08-27,04:00,24.6,31.7,76.0,65.0,OK
KK3,Trạm Trường THCS Đông Giang,DV03,2026-08-27,05:00,26.8,30.4,73.0,65.0,OK
KK3,Trạm Trường THCS Đông Giang,DV03,2026-08-27,06:00,42.8,28.1,74.0,65.0,OK
KK3,Trạm Trường THCS Đông Giang,DV03,2026-08-27,07:00,34.1,29.7,72.0,65.0,OK
KK3,Trạm Trường THCS Đông Giang,DV03,2026-08-27,08:00,32.9,27.5,71.0,65.0,OK
KK3,Trạm Trường THCS Đông Giang,DV03,2026-08-27,09:00,42.5,32.0,74.0,65.0,OK
KK3,Trạm Trường THCS Đông Giang,DV03,2026-08-27,10:00,37.0,28.1,72.0,65.0,OK
KK3,Trạm Trường THCS Đông Giang,DV03,2026-08-27,11:00,41.0,29.9,65.0,65.0,OK
KK3,Trạm Trường THCS Đông Giang,DV03,2026-08-27,12:00,26.0,28.7,80.0,65.0,OK
KK3,Trạm Trường THCS Đông Giang,DV03,2026-08-27,13:00,29.5,32.1,66.0,65.0,OK
KK3,Trạm Trường THCS Đông Giang,DV03,2026-08-27,14:00,27.7,28.3,72.0,65.0,OK
KK3,Trạm Trường THCS Đông Giang,DV03,2026-08-27,15:00,33.6,29.4,73.0,65.0,OK
KK3,Trạm Trường THCS Đông Giang,DV03,2026-08-27,16:00,31.6,30.1,74.0,65.0,OK
KK3,Trạm Trường THCS Đông Giang,DV03,2026-08-27,17:00,46.7,31.2,75.0,65.0,OK
KK3,Trạm Trường THCS Đông Giang,DV03,2026-08-27,18:00,42.7,27.8,83.0,65.0,OK
KK3,Trạm Trường THCS Đông Giang,DV03,2026-08-27,19:00,28.5,26.1,72.0,65.0,OK
KK3,Trạm Trường THCS Đông Giang,DV03,2026-08-27,20:00,35.9,33.2,67.0,64.0,OK
KK3,Trạm Trường THCS Đông Giang,DV03,2026-08-27,21:00,32.4,30.5,65.0,64.0,OK
KK3,Trạm Trường THCS Đông Giang,DV03,2026-08-27,22:00,29.9,27.8,73.0,64.0,OK
KK3,Trạm Trường THCS Đông Giang,DV03,2026-08-27,23:00,35.6,26.4,66.0,64.0,OK
KK3,Trạm Trường THCS Đông Giang,DV03,2026-08-28,00:00,34.4,26.3,86.0,64.0,OK
KK3,Trạm Trường THCS Đông Giang,DV03,2026-08-28,01:00,29.0,29.3,84.0,64.0,OK
KK3,Trạm Trường THCS Đông Giang,DV03,2026-08-28,02:00,34.8,31.1,72.0,64.0,OK
KK3,Trạm Trường THCS Đông Giang,DV03,2026-08-28,03:00,32.8,31.6,84.0,64.0,OK
KK3,Trạm Trường THCS Đông Giang,DV03,2026-08-28,04:00,29.3,30.9,81.0,64.0,OK
KK3,Trạm Trường THCS Đông Giang,DV03,2026-08-28,05:00,41.3,30.2,63.0,64.0,OK
KK3,Trạm Trường THCS Đông Giang,DV03,2026-08-28,06:00,29.8,32.3,85.0,64.0,OK
KK3,Trạm Trường THCS Đông Giang,DV03,2026-08-28,07:00,33.9,32.8,71.0,64.0,OK
KK3,Trạm Trường THCS Đông Giang,DV03,2026-08-28,08:00,36.0,36.1,78.0,64.0,OK
KK3,Trạm Trường THCS Đông Giang,DV03,2026-08-28,09:00,40.4,31.0,79.0,64.0,OK
KK3,Trạm Trường THCS Đông Giang,DV03,2026-08-28,10:00,32.5,31.5,70.0,64.0,OK
KK3,Trạm Trường THCS Đông Giang,DV03,2026-08-28,11:00,26.5,34.6,65.0,64.0,OK
KK3,Trạm Trường THCS Đông Giang,DV03,2026-08-28,12:00,27.0,33.3,74.0,64.0,OK
KK3,Trạm Trường THCS Đông Giang,DV03,2026-08-28,13:00,38.6,31.9,75.0,64.0,OK
KK3,Trạm Trường THCS Đông Giang,DV03,2026-08-28,14:00,40.1,27.0,79.0,63.0,OK
KK3,Trạm Trường THCS Đông Giang,DV03,2026-08-28,15:00,25.7,28.0,78.0,63.0,OK
KK3,Trạm Trường THCS Đông Giang,DV03,2026-08-28,16:00,37.7,30.0,75.0,63.0,OK
KK3,Trạm Trường THCS Đông Giang,DV03,2026-08-28,17:00,47.8,34.4,71.0,63.0,OK
KK3,Trạm Trường THCS Đông Giang,DV03,2026-08-28,18:00,34.8,33.1,64.0,63.0,OK
KK3,Trạm Trường THCS Đông Giang,DV03,2026-08-28,19:00,25.7,23.6,82.0,63.0,OK
KK3,Trạm Trường THCS Đông Giang,DV03,2026-08-28,20:00,40.9,29.5,73.0,63.0,OK
KK3,Trạm Trường THCS Đông Giang,DV03,2026-08-28,21:00,35.4,32.0,78.0,63.0,OK
KK3,Trạm Trường THCS Đông Giang,DV03,2026-08-28,22:00,27.2,32.7,79.0,63.0,OK
KK3,Trạm Trường THCS Đông Giang,DV03,2026-08-28,23:00,31.8,27.5,68.0,63.0,OK
KK3,Trạm Trường THCS Đông Giang,DV03,2026-08-29,00:00,38.5,30.3,67.0,63.0,OK
KK3,Trạm Trường THCS Đông Giang,DV03,2026-08-29,01:00,37.3,34.6,74.0,63.0,OK
KK3,Trạm Trường THCS Đông Giang,DV03,2026-08-29,02:00,43.3,28.2,82.0,63.0,OK
KK3,Trạm Trường THCS Đông Giang,DV03,2026-08-29,03:00,26.0,27.6,79.0,63.0,OK
KK3,Trạm Trường THCS Đông Giang,DV03,2026-08-29,04:00,22.2,28.8,78.0,63.0,OK
KK3,Trạm Trường THCS Đông Giang,DV03,2026-08-29,05:00,33.0,33.1,80.0,63.0,OK
KK3,Trạm Trường THCS Đông Giang,DV03,2026-08-29,06:00,27.2,32.2,74.0,63.0,OK
KK3,Trạm Trường THCS Đông Giang,DV03,2026-08-29,07:00,34.7,37.2,82.0,63.0,OK
KK3,Trạm Trường THCS Đông Giang,DV03,2026-08-29,08:00,38.0,31.0,86.0,63.0,OK
KK3,Trạm Trường THCS Đông Giang,DV03,2026-08-29,09:00,31.4,29.8,67.0,62.0,OK
KK3,Trạm Trường THCS Đông Giang,DV03,2026-08-29,10:00,37.6,33.5,73.0,62.0,OK
KK3,Trạm Trường THCS Đông Giang,DV03,2026-08-29,11:00,32.6,29.5,69.0,62.0,OK
KK3,Trạm Trường THCS Đông Giang,DV03,2026-08-29,12:00,28.3,28.8,70.0,62.0,OK
KK3,Trạm Trường THCS Đông Giang,DV03,2026-08-29,13:00,37.5,30.3,73.0,62.0,OK
KK3,Trạm Trường THCS Đông Giang,DV03,2026-08-29,14:00,28.3,30.0,79.0,62.0,OK
KK3,Trạm Trường THCS Đông Giang,DV03,2026-08-29,15:00,26.3,29.6,72.0,62.0,OK
KK3,Trạm Trường THCS Đông Giang,DV03,2026-08-29,16:00,45.8,26.8,86.0,62.0,OK
KK3,Trạm Trường THCS Đông Giang,DV03,2026-08-29,17:00,46.0,31.0,64.0,62.0,OK
KK3,Trạm Trường THCS Đông Giang,DV03,2026-08-29,18:00,43.7,30.0,79.0,62.0,OK
KK3,Trạm Trường THCS Đông Giang,DV03,2026-08-29,19:00,26.0,29.5,63.0,62.0,OK
KK3,Trạm Trường THCS Đông Giang,DV03,2026-08-29,20:00,35.5,30.8,70.0,62.0,OK
KK3,Trạm Trường THCS Đông Giang,DV03,2026-08-29,21:00,29.2,32.3,68.0,62.0,OK
KK3,Trạm Trường THCS Đông Giang,DV03,2026-08-29,22:00,41.8,30.0,68.0,62.0,OK
KK3,Trạm Trường THCS Đông Giang,DV03,2026-08-29,23:00,41.4,31.6,73.0,62.0,OK
KK3,Trạm Trường THCS Đông Giang,DV03,2026-08-30,00:00,37.3,35.0,69.0,62.0,OK
KK3,Trạm Trường THCS Đông Giang,DV03,2026-08-30,01:00,42.4,28.8,90.0,62.0,OK
KK3,Trạm Trường THCS Đông Giang,DV03,2026-08-30,02:00,39.3,25.3,78.0,62.0,OK
KK3,Trạm Trường THCS Đông Giang,DV03,2026-08-30,03:00,33.8,36.1,64.0,61.0,OK
KK3,Trạm Trường THCS Đông Giang,DV03,2026-08-30,04:00,29.3,31.0,65.0,61.0,OK
KK3,Trạm Trường THCS Đông Giang,DV03,2026-08-30,05:00,23.0,31.2,73.0,61.0,OK
KK3,Trạm Trường THCS Đông Giang,DV03,2026-08-30,06:00,35.4,28.2,70.0,61.0,OK
KK3,Trạm Trường THCS Đông Giang,DV03,2026-08-30,07:00,47.9,30.3,72.0,61.0,OK
KK3,Trạm Trường THCS Đông Giang,DV03,2026-08-30,08:00,32.3,35.6,79.0,61.0,OK
KK3,Trạm Trường THCS Đông Giang,DV03,2026-08-30,09:00,42.1,31.3,73.0,61.0,OK
KK3,Trạm Trường THCS Đông Giang,DV03,2026-08-30,10:00,29.2,34.0,74.0,61.0,OK
KK3,Trạm Trường THCS Đông Giang,DV03,2026-08-30,11:00,27.0,33.2,75.0,61.0,OK
KK3,Trạm Trường THCS Đông Giang,DV03,2026-08-30,12:00,25.7,31.6,85.0,61.0,OK
KK3,Trạm Trường THCS Đông Giang,DV03,2026-08-30,13:00,37.8,27.0,85.0,61.0,OK
KK3,Trạm Trường THCS Đông Giang,DV03,2026-08-30,14:00,42.3,32.1,76.0,61.0,OK
KK3,Trạm Trường THCS Đông Giang,DV03,2026-08-30,15:00,29.5,28.6,77.0,61.0,OK
KK3,Trạm Trường THCS Đông Giang,DV03,2026-08-30,16:00,28.7,29.4,64.0,61.0,OK
KK3,Trạm Trường THCS Đông Giang,DV03,2026-08-30,17:00,36.9,36.9,80.0,61.0,OK
KK3,Trạm Trường THCS Đông Giang,DV03,2026-08-30,18:00,36.5,27.1,82.0,61.0,OK
KK3,Trạm Trường THCS Đông Giang,DV03,2026-08-30,19:00,40.3,32.6,79.0,61.0,OK
KK3,Trạm Trường THCS Đông Giang,DV03,2026-08-30,20:00,25.0,29.2,75.0,61.0,OK
KK3,Trạm Trường THCS Đông Giang,DV03,2026-08-30,21:00,30.4,30.2,66.0,61.0,OK
KK3,Trạm Trường THCS Đông Giang,DV03,2026-08-30,22:00,40.3,34.4,69.0,60.0,OK
KK3,Trạm Trường THCS Đông Giang,DV03,2026-08-30,23:00,35.3,31.9,67.0,60.0,OK
KK4,Trạm Khu công nghiệp Nam Phong,DV04,2026-08-01,00:00,42.6,30.4,83.0,100.0,OK
KK4,Trạm Khu công nghiệp Nam Phong,DV04,2026-08-01,01:00,56.7,32.3,69.0,100.0,OK
KK4,Trạm Khu công nghiệp Nam Phong,DV04,2026-08-01,02:00,59.1,29.2,67.0,100.0,OK
KK4,Trạm Khu công nghiệp Nam Phong,DV04,2026-08-01,03:00,44.5,29.6,81.0,100.0,OK
KK4,Trạm Khu công nghiệp Nam Phong,DV04,2026-08-01,04:00,36.3,31.3,65.0,100.0,OK
KK4,Trạm Khu công nghiệp Nam Phong,DV04,2026-08-01,05:00,46.4,32.6,80.0,100.0,OK
KK4,Trạm Khu công nghiệp Nam Phong,DV04,2026-08-01,06:00,77.8,31.9,61.0,100.0,OK
KK4,Trạm Khu công nghiệp Nam Phong,DV04,2026-08-01,07:00,80.3,34.0,82.0,100.0,OK
KK4,Trạm Khu công nghiệp Nam Phong,DV04,2026-08-01,08:00,59.0,27.1,74.0,99.0,OK
KK4,Trạm Khu công nghiệp Nam Phong,DV04,2026-08-01,09:00,44.4,27.3,81.0,99.0,OK
KK4,Trạm Khu công nghiệp Nam Phong,DV04,2026-08-01,10:00,61.0,28.8,85.0,99.0,OK
KK4,Trạm Khu công nghiệp Nam Phong,DV04,2026-08-01,11:00,58.0,32.4,78.0,99.0,OK
KK4,Trạm Khu công nghiệp Nam Phong,DV04,2026-08-01,12:00,44.2,32.4,63.0,99.0,OK
KK4,Trạm Khu công nghiệp Nam Phong,DV04,2026-08-01,13:00,54.6,30.9,59.0,99.0,OK
KK4,Trạm Khu công nghiệp Nam Phong,DV04,2026-08-01,14:00,61.2,30.4,70.0,99.0,OK
KK4,Trạm Khu công nghiệp Nam Phong,DV04,2026-08-01,15:00,52.8,32.0,80.0,99.0,OK
KK4,Trạm Khu công nghiệp Nam Phong,DV04,2026-08-01,16:00,48.8,29.6,66.0,99.0,OK
KK4,Trạm Khu công nghiệp Nam Phong,DV04,2026-08-01,17:00,73.5,26.6,82.0,99.0,OK
KK4,Trạm Khu công nghiệp Nam Phong,DV04,2026-08-01,18:00,78.0,30.3,57.0,99.0,OK
KK4,Trạm Khu công nghiệp Nam Phong,DV04,2026-08-01,19:00,57.5,27.9,73.0,99.0,OK
KK4,Trạm Khu công nghiệp Nam Phong,DV04,2026-08-01,20:00,56.0,30.5,65.0,99.0,OK
KK4,Trạm Khu công nghiệp Nam Phong,DV04,2026-08-01,21:00,64.4,33.0,80.0,99.0,OK
KK4,Trạm Khu công nghiệp Nam Phong,DV04,2026-08-01,22:00,74.7,28.7,61.0,99.0,OK
KK4,Trạm Khu công nghiệp Nam Phong,DV04,2026-08-01,23:00,73.6,36.0,70.0,99.0,OK
KK4,Trạm Khu công nghiệp Nam Phong,DV04,2026-08-02,00:00,45.2,28.3,67.0,99.0,OK
KK4,Trạm Khu công nghiệp Nam Phong,DV04,2026-08-02,01:00,41.9,27.9,66.0,99.0,OK
KK4,Trạm Khu công nghiệp Nam Phong,DV04,2026-08-02,02:00,69.8,24.6,76.0,98.0,OK
KK4,Trạm Khu công nghiệp Nam Phong,DV04,2026-08-02,03:00,48.5,29.0,75.0,98.0,OK
KK4,Trạm Khu công nghiệp Nam Phong,DV04,2026-08-02,04:00,44.5,32.7,59.0,98.0,OK
KK4,Trạm Khu công nghiệp Nam Phong,DV04,2026-08-02,05:00,36.7,27.7,75.0,98.0,OK
KK4,Trạm Khu công nghiệp Nam Phong,DV04,2026-08-02,06:00,66.2,25.4,68.0,98.0,OK
KK4,Trạm Khu công nghiệp Nam Phong,DV04,2026-08-02,07:00,56.1,32.6,76.0,98.0,OK
KK4,Trạm Khu công nghiệp Nam Phong,DV04,2026-08-02,08:00,55.8,32.2,81.0,98.0,OK
KK4,Trạm Khu công nghiệp Nam Phong,DV04,2026-08-02,09:00,67.9,31.8,80.0,98.0,OK
KK4,Trạm Khu công nghiệp Nam Phong,DV04,2026-08-02,10:00,56.2,22.6,73.0,98.0,OK
KK4,Trạm Khu công nghiệp Nam Phong,DV04,2026-08-02,11:00,65.2,26.0,73.0,98.0,OK
KK4,Trạm Khu công nghiệp Nam Phong,DV04,2026-08-02,12:00,69.9,34.4,72.0,98.0,OK
KK4,Trạm Khu công nghiệp Nam Phong,DV04,2026-08-02,13:00,41.7,28.1,75.0,98.0,OK
KK4,Trạm Khu công nghiệp Nam Phong,DV04,2026-08-02,14:00,48.6,29.6,73.0,98.0,OK
KK4,Trạm Khu công nghiệp Nam Phong,DV04,2026-08-02,15:00,59.7,32.2,76.0,98.0,OK
KK4,Trạm Khu công nghiệp Nam Phong,DV04,2026-08-02,16:00,69.5,34.1,73.0,98.0,OK
KK4,Trạm Khu công nghiệp Nam Phong,DV04,2026-08-02,17:00,73.7,22.9,84.0,98.0,OK
KK4,Trạm Khu công nghiệp Nam Phong,DV04,2026-08-02,18:00,67.4,30.9,75.0,98.0,OK
KK4,Trạm Khu công nghiệp Nam Phong,DV04,2026-08-02,19:00,56.0,33.7,77.0,98.0,OK
KK4,Trạm Khu công nghiệp Nam Phong,DV04,2026-08-02,20:00,48.0,34.0,72.0,98.0,OK
KK4,Trạm Khu công nghiệp Nam Phong,DV04,2026-08-02,21:00,47.5,28.3,66.0,97.0,OK
KK4,Trạm Khu công nghiệp Nam Phong,DV04,2026-08-02,22:00,62.3,29.7,73.0,97.0,OK
KK4,Trạm Khu công nghiệp Nam Phong,DV04,2026-08-02,23:00,66.9,26.4,83.0,97.0,OK
KK4,Trạm Khu công nghiệp Nam Phong,DV04,2026-08-03,00:00,60.6,32.2,83.0,97.0,OK
KK4,Trạm Khu công nghiệp Nam Phong,DV04,2026-08-03,01:00,61.4,34.8,70.0,97.0,OK
KK4,Trạm Khu công nghiệp Nam Phong,DV04,2026-08-03,02:00,67.5,22.4,64.0,97.0,OK
KK4,Trạm Khu công nghiệp Nam Phong,DV04,2026-08-03,03:00,38.5,33.4,67.0,97.0,OK
KK4,Trạm Khu công nghiệp Nam Phong,DV04,2026-08-03,04:00,44.6,32.8,75.0,97.0,OK
KK4,Trạm Khu công nghiệp Nam Phong,DV04,2026-08-03,05:00,60.1,30.5,79.0,97.0,OK
KK4,Trạm Khu công nghiệp Nam Phong,DV04,2026-08-03,06:00,63.0,26.6,77.0,97.0,OK
KK4,Trạm Khu công nghiệp Nam Phong,DV04,2026-08-03,07:00,59.3,30.8,73.0,97.0,OK
KK4,Trạm Khu công nghiệp Nam Phong,DV04,2026-08-03,08:00,74.3,29.3,66.0,97.0,OK
KK4,Trạm Khu công nghiệp Nam Phong,DV04,2026-08-03,09:00,67.5,30.7,65.0,97.0,OK
KK4,Trạm Khu công nghiệp Nam Phong,DV04,2026-08-03,10:00,40.1,26.5,55.0,97.0,OK
KK4,Trạm Khu công nghiệp Nam Phong,DV04,2026-08-03,11:00,44.7,28.1,78.0,97.0,OK
KK4,Trạm Khu công nghiệp Nam Phong,DV04,2026-08-03,12:00,54.0,30.8,75.0,97.0,OK
KK4,Trạm Khu công nghiệp Nam Phong,DV04,2026-08-03,13:00,69.4,30.7,78.0,97.0,OK
KK4,Trạm Khu công nghiệp Nam Phong,DV04,2026-08-03,14:00,45.8,31.7,64.0,97.0,OK
KK4,Trạm Khu công nghiệp Nam Phong,DV04,2026-08-03,15:00,51.4,25.4,75.0,96.0,OK
KK4,Trạm Khu công nghiệp Nam Phong,DV04,2026-08-03,16:00,56.3,30.7,72.0,96.0,OK
KK4,Trạm Khu công nghiệp Nam Phong,DV04,2026-08-03,17:00,68.2,31.9,73.0,96.0,OK
KK4,Trạm Khu công nghiệp Nam Phong,DV04,2026-08-03,18:00,56.2,32.4,81.0,96.0,OK
KK4,Trạm Khu công nghiệp Nam Phong,DV04,2026-08-03,19:00,52.4,33.8,65.0,96.0,OK
KK4,Trạm Khu công nghiệp Nam Phong,DV04,2026-08-03,20:00,48.4,32.7,64.0,96.0,OK
KK4,Trạm Khu công nghiệp Nam Phong,DV04,2026-08-03,21:00,57.2,28.1,75.0,96.0,OK
KK4,Trạm Khu công nghiệp Nam Phong,DV04,2026-08-03,22:00,61.5,29.9,78.0,96.0,OK
KK4,Trạm Khu công nghiệp Nam Phong,DV04,2026-08-03,23:00,45.3,31.0,80.0,96.0,OK
KK4,Trạm Khu công nghiệp Nam Phong,DV04,2026-08-04,00:00,58.5,30.7,68.0,96.0,OK
KK4,Trạm Khu công nghiệp Nam Phong,DV04,2026-08-04,01:00,48.3,31.8,70.0,96.0,OK
KK4,Trạm Khu công nghiệp Nam Phong,DV04,2026-08-04,02:00,72.7,24.3,61.0,96.0,OK
KK4,Trạm Khu công nghiệp Nam Phong,DV04,2026-08-04,03:00,58.1,31.2,77.0,96.0,OK
KK4,Trạm Khu công nghiệp Nam Phong,DV04,2026-08-04,04:00,54.9,25.0,68.0,96.0,OK
KK4,Trạm Khu công nghiệp Nam Phong,DV04,2026-08-04,05:00,53.6,30.7,53.0,96.0,OK
KK4,Trạm Khu công nghiệp Nam Phong,DV04,2026-08-04,06:00,59.4,29.8,80.0,96.0,OK
KK4,Trạm Khu công nghiệp Nam Phong,DV04,2026-08-04,07:00,79.1,32.0,74.0,96.0,OK
KK4,Trạm Khu công nghiệp Nam Phong,DV04,2026-08-04,08:00,53.1,31.2,79.0,96.0,OK
KK4,Trạm Khu công nghiệp Nam Phong,DV04,2026-08-04,09:00,52.8,27.2,66.0,95.0,OK
KK4,Trạm Khu công nghiệp Nam Phong,DV04,2026-08-04,10:00,48.4,31.8,73.0,95.0,OK
KK4,Trạm Khu công nghiệp Nam Phong,DV04,2026-08-04,11:00,46.0,29.0,83.0,95.0,OK
KK4,Trạm Khu công nghiệp Nam Phong,DV04,2026-08-04,12:00,40.3,33.3,84.0,95.0,OK
KK4,Trạm Khu công nghiệp Nam Phong,DV04,2026-08-04,13:00,57.6,30.0,81.0,95.0,OK
KK4,Trạm Khu công nghiệp Nam Phong,DV04,2026-08-04,14:00,66.8,34.8,54.0,95.0,OK
KK4,Trạm Khu công nghiệp Nam Phong,DV04,2026-08-04,15:00,51.5,29.4,71.0,95.0,OK
KK4,Trạm Khu công nghiệp Nam Phong,DV04,2026-08-04,16:00,52.6,27.0,77.0,95.0,OK
KK4,Trạm Khu công nghiệp Nam Phong,DV04,2026-08-04,17:00,52.2,31.1,69.0,95.0,OK
KK4,Trạm Khu công nghiệp Nam Phong,DV04,2026-08-04,18:00,79.5,30.1,83.0,95.0,OK
KK4,Trạm Khu công nghiệp Nam Phong,DV04,2026-08-04,19:00,64.6,29.6,76.0,95.0,OK
KK4,Trạm Khu công nghiệp Nam Phong,DV04,2026-08-04,20:00,56.0,32.4,71.0,95.0,OK
KK4,Trạm Khu công nghiệp Nam Phong,DV04,2026-08-04,21:00,62.4,29.0,74.0,95.0,OK
KK4,Trạm Khu công nghiệp Nam Phong,DV04,2026-08-04,22:00,50.8,27.2,72.0,95.0,OK
KK4,Trạm Khu công nghiệp Nam Phong,DV04,2026-08-04,23:00,55.9,28.6,88.0,95.0,OK
KK4,Trạm Khu công nghiệp Nam Phong,DV04,2026-08-05,00:00,50.7,32.8,79.0,95.0,OK
KK4,Trạm Khu công nghiệp Nam Phong,DV04,2026-08-05,01:00,53.0,29.8,75.0,95.0,OK
KK4,Trạm Khu công nghiệp Nam Phong,DV04,2026-08-05,02:00,59.0,30.0,62.0,95.0,OK
KK4,Trạm Khu công nghiệp Nam Phong,DV04,2026-08-05,03:00,33.7,34.2,69.0,94.0,OK
KK4,Trạm Khu công nghiệp Nam Phong,DV04,2026-08-05,04:00,47.8,32.9,79.0,94.0,OK
KK4,Trạm Khu công nghiệp Nam Phong,DV04,2026-08-05,05:00,66.0,31.5,76.0,94.0,OK
KK4,Trạm Khu công nghiệp Nam Phong,DV04,2026-08-05,06:00,46.4,31.0,76.0,94.0,OK
KK4,Trạm Khu công nghiệp Nam Phong,DV04,2026-08-05,07:00,62.5,30.3,83.0,94.0,OK
KK4,Trạm Khu công nghiệp Nam Phong,DV04,2026-08-05,08:00,67.6,29.5,75.0,94.0,OK
KK4,Trạm Khu công nghiệp Nam Phong,DV04,2026-08-05,09:00,44.6,30.9,78.0,94.0,OK
KK4,Trạm Khu công nghiệp Nam Phong,DV04,2026-08-05,10:00,44.9,35.2,78.0,94.0,OK
KK4,Trạm Khu công nghiệp Nam Phong,DV04,2026-08-05,11:00,52.4,27.4,76.0,94.0,OK
KK4,Trạm Khu công nghiệp Nam Phong,DV04,2026-08-05,12:00,49.6,33.7,77.0,94.0,OK
KK4,Trạm Khu công nghiệp Nam Phong,DV04,2026-08-05,13:00,63.4,27.1,72.0,94.0,OK
KK4,Trạm Khu công nghiệp Nam Phong,DV04,2026-08-05,14:00,58.4,26.5,74.0,94.0,OK
KK4,Trạm Khu công nghiệp Nam Phong,DV04,2026-08-05,15:00,41.7,34.2,71.0,94.0,OK
KK4,Trạm Khu công nghiệp Nam Phong,DV04,2026-08-05,16:00,64.1,33.4,68.0,94.0,OK
KK4,Trạm Khu công nghiệp Nam Phong,DV04,2026-08-05,17:00,50.1,30.9,59.0,94.0,OK
KK4,Trạm Khu công nghiệp Nam Phong,DV04,2026-08-05,18:00,67.5,33.1,72.0,94.0,OK
KK4,Trạm Khu công nghiệp Nam Phong,DV04,2026-08-05,19:00,65.6,27.3,83.0,94.0,OK
KK4,Trạm Khu công nghiệp Nam Phong,DV04,2026-08-05,20:00,42.1,30.4,70.0,94.0,OK
KK4,Trạm Khu công nghiệp Nam Phong,DV04,2026-08-05,21:00,59.2,29.7,71.0,93.0,OK
KK4,Trạm Khu công nghiệp Nam Phong,DV04,2026-08-05,22:00,62.6,30.3,77.0,93.0,OK
KK4,Trạm Khu công nghiệp Nam Phong,DV04,2026-08-05,23:00,73.8,30.8,76.0,93.0,OK
KK4,Trạm Khu công nghiệp Nam Phong,DV04,2026-08-06,00:00,70.0,29.1,57.0,93.0,OK
KK4,Trạm Khu công nghiệp Nam Phong,DV04,2026-08-06,01:00,59.0,30.5,76.0,93.0,OK
KK4,Trạm Khu công nghiệp Nam Phong,DV04,2026-08-06,02:00,63.7,29.2,77.0,93.0,OK
KK4,Trạm Khu công nghiệp Nam Phong,DV04,2026-08-06,03:00,41.0,27.5,82.0,93.0,OK
KK4,Trạm Khu công nghiệp Nam Phong,DV04,2026-08-06,04:00,50.1,31.6,89.0,93.0,OK
KK4,Trạm Khu công nghiệp Nam Phong,DV04,2026-08-06,05:00,67.0,30.9,70.0,93.0,OK
KK4,Trạm Khu công nghiệp Nam Phong,DV04,2026-08-06,06:00,43.6,33.0,76.0,93.0,OK
KK4,Trạm Khu công nghiệp Nam Phong,DV04,2026-08-06,07:00,76.3,28.8,56.0,93.0,OK
KK4,Trạm Khu công nghiệp Nam Phong,DV04,2026-08-06,08:00,66.8,26.0,83.0,93.0,OK
KK4,Trạm Khu công nghiệp Nam Phong,DV04,2026-08-06,09:00,66.1,26.8,77.0,93.0,OK
KK4,Trạm Khu công nghiệp Nam Phong,DV04,2026-08-06,10:00,42.9,29.0,80.0,93.0,OK
KK4,Trạm Khu công nghiệp Nam Phong,DV04,2026-08-06,11:00,51.5,32.5,66.0,93.0,OK
KK4,Trạm Khu công nghiệp Nam Phong,DV04,2026-08-06,12:00,60.0,31.7,88.0,93.0,OK
KK4,Trạm Khu công nghiệp Nam Phong,DV04,2026-08-06,13:00,53.8,26.3,80.0,93.0,OK
KK4,Trạm Khu công nghiệp Nam Phong,DV04,2026-08-06,14:00,55.6,31.9,88.0,93.0,OK
KK4,Trạm Khu công nghiệp Nam Phong,DV04,2026-08-06,15:00,46.7,26.9,82.0,92.0,OK
KK4,Trạm Khu công nghiệp Nam Phong,DV04,2026-08-06,16:00,66.3,21.6,75.0,92.0,OK
KK4,Trạm Khu công nghiệp Nam Phong,DV04,2026-08-06,17:00,73.7,35.5,73.0,92.0,OK
KK4,Trạm Khu công nghiệp Nam Phong,DV04,2026-08-06,18:00,62.4,26.7,80.0,92.0,OK
KK4,Trạm Khu công nghiệp Nam Phong,DV04,2026-08-06,19:00,69.6,29.3,76.0,92.0,OK
KK4,Trạm Khu công nghiệp Nam Phong,DV04,2026-08-06,20:00,46.4,31.4,76.0,92.0,OK
KK4,Trạm Khu công nghiệp Nam Phong,DV04,2026-08-06,21:00,48.5,24.1,53.0,92.0,OK
KK4,Trạm Khu công nghiệp Nam Phong,DV04,2026-08-06,22:00,62.5,30.8,78.0,92.0,OK
KK4,Trạm Khu công nghiệp Nam Phong,DV04,2026-08-06,23:00,75.0,29.6,79.0,92.0,OK
KK4,Trạm Khu công nghiệp Nam Phong,DV04,2026-08-07,00:00,74.8,32.7,81.0,92.0,OK
KK4,Trạm Khu công nghiệp Nam Phong,DV04,2026-08-07,01:00,59.9,32.9,87.0,92.0,OK
KK4,Trạm Khu công nghiệp Nam Phong,DV04,2026-08-07,02:00,48.4,28.8,76.0,92.0,OK
KK4,Trạm Khu công nghiệp Nam Phong,DV04,2026-08-07,03:00,35.6,29.2,69.0,92.0,OK
KK4,Trạm Khu công nghiệp Nam Phong,DV04,2026-08-07,04:00,41.7,33.3,72.0,92.0,OK
KK4,Trạm Khu công nghiệp Nam Phong,DV04,2026-08-07,05:00,49.8,29.8,70.0,92.0,OK
KK4,Trạm Khu công nghiệp Nam Phong,DV04,2026-08-07,06:00,45.7,29.4,72.0,92.0,OK
KK4,Trạm Khu công nghiệp Nam Phong,DV04,2026-08-07,07:00,66.0,31.5,63.0,92.0,OK
KK4,Trạm Khu công nghiệp Nam Phong,DV04,2026-08-07,08:00,71.3,29.1,88.0,92.0,OK
KK4,Trạm Khu công nghiệp Nam Phong,DV04,2026-08-07,09:00,65.4,32.1,77.0,91.0,OK
KK4,Trạm Khu công nghiệp Nam Phong,DV04,2026-08-07,10:00,45.3,33.2,71.0,91.0,OK
KK4,Trạm Khu công nghiệp Nam Phong,DV04,2026-08-07,11:00,66.9,34.7,76.0,91.0,OK
KK4,Trạm Khu công nghiệp Nam Phong,DV04,2026-08-07,12:00,64.2,26.4,68.0,91.0,OK
KK4,Trạm Khu công nghiệp Nam Phong,DV04,2026-08-07,13:00,50.8,30.6,74.0,91.0,OK
KK4,Trạm Khu công nghiệp Nam Phong,DV04,2026-08-07,14:00,42.1,28.7,66.0,91.0,OK
KK4,Trạm Khu công nghiệp Nam Phong,DV04,2026-08-07,15:00,42.0,31.2,79.0,91.0,OK
KK4,Trạm Khu công nghiệp Nam Phong,DV04,2026-08-07,16:00,62.1,26.0,90.0,91.0,OK
KK4,Trạm Khu công nghiệp Nam Phong,DV04,2026-08-07,17:00,78.5,31.5,75.0,91.0,OK
KK4,Trạm Khu công nghiệp Nam Phong,DV04,2026-08-07,18:00,66.4,29.3,79.0,91.0,OK
KK4,Trạm Khu công nghiệp Nam Phong,DV04,2026-08-07,19:00,67.4,33.1,68.0,91.0,OK
KK4,Trạm Khu công nghiệp Nam Phong,DV04,2026-08-07,20:00,66.8,33.2,59.0,91.0,OK
KK4,Trạm Khu công nghiệp Nam Phong,DV04,2026-08-07,21:00,60.9,31.8,84.0,91.0,OK
KK4,Trạm Khu công nghiệp Nam Phong,DV04,2026-08-07,22:00,66.7,26.1,65.0,91.0,OK
KK4,Trạm Khu công nghiệp Nam Phong,DV04,2026-08-07,23:00,73.2,33.1,65.0,91.0,OK
KK4,Trạm Khu công nghiệp Nam Phong,DV04,2026-08-08,00:00,49.2,34.5,80.0,91.0,OK
KK4,Trạm Khu công nghiệp Nam Phong,DV04,2026-08-08,01:00,66.1,28.4,76.0,91.0,OK
KK4,Trạm Khu công nghiệp Nam Phong,DV04,2026-08-08,02:00,68.1,32.5,75.0,91.0,OK
KK4,Trạm Khu công nghiệp Nam Phong,DV04,2026-08-08,03:00,38.2,31.6,74.0,90.0,OK
KK4,Trạm Khu công nghiệp Nam Phong,DV04,2026-08-08,04:00,46.8,32.2,77.0,90.0,OK
KK4,Trạm Khu công nghiệp Nam Phong,DV04,2026-08-08,05:00,55.7,31.1,77.0,90.0,OK
KK4,Trạm Khu công nghiệp Nam Phong,DV04,2026-08-08,06:00,54.1,29.3,80.0,90.0,OK
KK4,Trạm Khu công nghiệp Nam Phong,DV04,2026-08-08,07:00,57.7,30.2,78.0,90.0,OK
KK4,Trạm Khu công nghiệp Nam Phong,DV04,2026-08-08,08:00,54.8,26.5,80.0,90.0,OK
KK4,Trạm Khu công nghiệp Nam Phong,DV04,2026-08-08,09:00,54.6,33.7,76.0,90.0,OK
KK4,Trạm Khu công nghiệp Nam Phong,DV04,2026-08-08,10:00,64.9,32.1,74.0,90.0,OK
KK4,Trạm Khu công nghiệp Nam Phong,DV04,2026-08-08,11:00,42.6,26.2,79.0,90.0,OK
KK4,Trạm Khu công nghiệp Nam Phong,DV04,2026-08-08,12:00,56.1,29.9,72.0,90.0,OK
KK4,Trạm Khu công nghiệp Nam Phong,DV04,2026-08-08,13:00,40.5,28.4,79.0,90.0,OK
KK4,Trạm Khu công nghiệp Nam Phong,DV04,2026-08-08,14:00,65.8,30.4,71.0,90.0,OK
KK4,Trạm Khu công nghiệp Nam Phong,DV04,2026-08-08,15:00,66.7,33.1,70.0,90.0,OK
KK4,Trạm Khu công nghiệp Nam Phong,DV04,2026-08-08,16:00,47.2,26.8,80.0,90.0,OK
KK4,Trạm Khu công nghiệp Nam Phong,DV04,2026-08-08,17:00,73.2,27.9,76.0,90.0,OK
KK4,Trạm Khu công nghiệp Nam Phong,DV04,2026-08-08,18:00,45.5,26.1,84.0,90.0,OK
KK4,Trạm Khu công nghiệp Nam Phong,DV04,2026-08-08,19:00,70.9,33.0,74.0,90.0,OK
KK4,Trạm Khu công nghiệp Nam Phong,DV04,2026-08-08,20:00,51.4,26.8,61.0,90.0,OK
KK4,Trạm Khu công nghiệp Nam Phong,DV04,2026-08-08,21:00,49.0,29.3,67.0,90.0,OK
KK4,Trạm Khu công nghiệp Nam Phong,DV04,2026-08-08,22:00,42.7,33.1,60.0,89.0,OK
KK4,Trạm Khu công nghiệp Nam Phong,DV04,2026-08-08,23:00,60.5,28.1,75.0,89.0,OK
KK4,Trạm Khu công nghiệp Nam Phong,DV04,2026-08-09,00:00,53.6,31.7,72.0,89.0,OK
KK4,Trạm Khu công nghiệp Nam Phong,DV04,2026-08-09,01:00,42.5,33.0,73.0,89.0,OK
KK4,Trạm Khu công nghiệp Nam Phong,DV04,2026-08-09,02:00,54.0,26.0,66.0,89.0,OK
KK4,Trạm Khu công nghiệp Nam Phong,DV04,2026-08-09,03:00,42.1,34.9,63.0,89.0,OK
KK4,Trạm Khu công nghiệp Nam Phong,DV04,2026-08-09,04:00,47.9,28.2,67.0,89.0,OK
KK4,Trạm Khu công nghiệp Nam Phong,DV04,2026-08-09,05:00,55.8,26.3,80.0,89.0,OK
KK4,Trạm Khu công nghiệp Nam Phong,DV04,2026-08-09,06:00,52.4,31.4,91.0,89.0,OK
KK4,Trạm Khu công nghiệp Nam Phong,DV04,2026-08-09,07:00,82.0,29.5,75.0,89.0,OK
KK4,Trạm Khu công nghiệp Nam Phong,DV04,2026-08-09,08:00,46.5,30.6,76.0,89.0,OK
KK4,Trạm Khu công nghiệp Nam Phong,DV04,2026-08-09,09:00,55.7,26.7,80.0,89.0,OK
KK4,Trạm Khu công nghiệp Nam Phong,DV04,2026-08-09,10:00,55.2,28.5,82.0,89.0,OK
KK4,Trạm Khu công nghiệp Nam Phong,DV04,2026-08-09,11:00,45.8,34.2,82.0,89.0,OK
KK4,Trạm Khu công nghiệp Nam Phong,DV04,2026-08-09,12:00,47.1,32.0,72.0,89.0,OK
KK4,Trạm Khu công nghiệp Nam Phong,DV04,2026-08-09,13:00,64.7,33.5,78.0,89.0,OK
KK4,Trạm Khu công nghiệp Nam Phong,DV04,2026-08-09,14:00,55.2,31.3,86.0,89.0,OK
KK4,Trạm Khu công nghiệp Nam Phong,DV04,2026-08-09,15:00,64.4,29.7,75.0,89.0,OK
KK4,Trạm Khu công nghiệp Nam Phong,DV04,2026-08-09,16:00,58.9,29.2,62.0,88.0,OK
KK4,Trạm Khu công nghiệp Nam Phong,DV04,2026-08-09,17:00,67.3,28.8,77.0,88.0,OK
KK4,Trạm Khu công nghiệp Nam Phong,DV04,2026-08-09,18:00,76.6,31.9,65.0,88.0,OK
KK4,Trạm Khu công nghiệp Nam Phong,DV04,2026-08-09,19:00,49.8,27.7,69.0,88.0,OK
KK4,Trạm Khu công nghiệp Nam Phong,DV04,2026-08-09,20:00,42.8,25.9,80.0,88.0,OK
KK4,Trạm Khu công nghiệp Nam Phong,DV04,2026-08-09,21:00,42.5,34.8,75.0,88.0,OK
KK4,Trạm Khu công nghiệp Nam Phong,DV04,2026-08-09,22:00,77.0,32.7,72.0,88.0,OK
KK4,Trạm Khu công nghiệp Nam Phong,DV04,2026-08-09,23:00,73.1,36.1,75.0,88.0,OK
KK4,Trạm Khu công nghiệp Nam Phong,DV04,2026-08-10,00:00,46.7,35.0,77.0,88.0,OK
KK4,Trạm Khu công nghiệp Nam Phong,DV04,2026-08-10,01:00,60.8,30.3,79.0,88.0,OK
KK4,Trạm Khu công nghiệp Nam Phong,DV04,2026-08-10,02:00,63.3,31.4,70.0,88.0,OK
KK4,Trạm Khu công nghiệp Nam Phong,DV04,2026-08-10,03:00,39.9,39.6,81.0,88.0,OK
KK4,Trạm Khu công nghiệp Nam Phong,DV04,2026-08-10,04:00,36.0,27.2,60.0,88.0,OK
KK4,Trạm Khu công nghiệp Nam Phong,DV04,2026-08-10,05:00,62.5,30.5,78.0,88.0,OK
KK4,Trạm Khu công nghiệp Nam Phong,DV04,2026-08-10,06:00,73.3,32.5,74.0,88.0,OK
KK4,Trạm Khu công nghiệp Nam Phong,DV04,2026-08-10,07:00,81.1,29.4,74.0,88.0,OK
KK4,Trạm Khu công nghiệp Nam Phong,DV04,2026-08-10,08:00,44.6,31.6,65.0,88.0,OK
KK4,Trạm Khu công nghiệp Nam Phong,DV04,2026-08-10,09:00,67.0,30.3,81.0,88.0,OK
KK4,Trạm Khu công nghiệp Nam Phong,DV04,2026-08-10,10:00,41.5,29.4,78.0,87.0,OK
KK4,Trạm Khu công nghiệp Nam Phong,DV04,2026-08-10,11:00,47.8,32.2,72.0,87.0,OK
KK4,Trạm Khu công nghiệp Nam Phong,DV04,2026-08-10,12:00,46.9,33.8,75.0,87.0,OK
KK4,Trạm Khu công nghiệp Nam Phong,DV04,2026-08-10,13:00,46.6,34.0,79.0,87.0,OK
KK4,Trạm Khu công nghiệp Nam Phong,DV04,2026-08-10,14:00,52.8,31.7,71.0,87.0,OK
KK4,Trạm Khu công nghiệp Nam Phong,DV04,2026-08-10,15:00,69.6,32.9,70.0,87.0,OK
KK4,Trạm Khu công nghiệp Nam Phong,DV04,2026-08-10,16:00,63.2,34.7,64.0,87.0,OK
KK4,Trạm Khu công nghiệp Nam Phong,DV04,2026-08-10,17:00,82.4,30.4,80.0,87.0,OK
KK4,Trạm Khu công nghiệp Nam Phong,DV04,2026-08-10,18:00,48.3,30.6,63.0,87.0,OK
KK4,Trạm Khu công nghiệp Nam Phong,DV04,2026-08-10,19:00,50.7,25.2,93.0,87.0,OK
KK4,Trạm Khu công nghiệp Nam Phong,DV04,2026-08-10,20:00,54.8,32.6,65.0,87.0,OK
KK4,Trạm Khu công nghiệp Nam Phong,DV04,2026-08-10,21:00,56.5,26.5,68.0,87.0,OK
KK4,Trạm Khu công nghiệp Nam Phong,DV04,2026-08-10,22:00,54.6,29.7,88.0,87.0,OK
KK4,Trạm Khu công nghiệp Nam Phong,DV04,2026-08-10,23:00,43.4,31.1,84.0,87.0,OK
KK4,Trạm Khu công nghiệp Nam Phong,DV04,2026-08-11,00:00,51.6,33.8,79.0,87.0,OK
KK4,Trạm Khu công nghiệp Nam Phong,DV04,2026-08-11,01:00,68.8,30.6,75.0,87.0,OK
KK4,Trạm Khu công nghiệp Nam Phong,DV04,2026-08-11,02:00,68.4,28.8,75.0,87.0,OK
KK4,Trạm Khu công nghiệp Nam Phong,DV04,2026-08-11,03:00,51.1,21.9,69.0,87.0,OK
KK4,Trạm Khu công nghiệp Nam Phong,DV04,2026-08-11,04:00,37.7,31.5,76.0,86.0,OK
KK4,Trạm Khu công nghiệp Nam Phong,DV04,2026-08-11,05:00,52.1,29.2,77.0,86.0,OK
KK4,Trạm Khu công nghiệp Nam Phong,DV04,2026-08-11,06:00,75.8,29.6,78.0,86.0,OK
KK4,Trạm Khu công nghiệp Nam Phong,DV04,2026-08-11,07:00,68.0,24.1,76.0,86.0,OK
KK4,Trạm Khu công nghiệp Nam Phong,DV04,2026-08-11,08:00,57.6,30.8,74.0,86.0,OK
KK4,Trạm Khu công nghiệp Nam Phong,DV04,2026-08-11,09:00,60.2,31.2,81.0,86.0,OK
KK4,Trạm Khu công nghiệp Nam Phong,DV04,2026-08-11,10:00,48.4,31.1,72.0,86.0,OK
KK4,Trạm Khu công nghiệp Nam Phong,DV04,2026-08-11,11:00,61.2,32.8,69.0,86.0,OK
KK4,Trạm Khu công nghiệp Nam Phong,DV04,2026-08-11,12:00,72.7,27.4,62.0,86.0,OK
KK4,Trạm Khu công nghiệp Nam Phong,DV04,2026-08-11,13:00,58.1,29.1,80.0,86.0,OK
KK4,Trạm Khu công nghiệp Nam Phong,DV04,2026-08-11,14:00,69.1,34.8,73.0,86.0,OK
KK4,Trạm Khu công nghiệp Nam Phong,DV04,2026-08-11,15:00,59.0,32.6,89.0,86.0,OK
KK4,Trạm Khu công nghiệp Nam Phong,DV04,2026-08-11,16:00,54.0,29.9,75.0,86.0,OK
KK4,Trạm Khu công nghiệp Nam Phong,DV04,2026-08-11,17:00,48.3,33.4,70.0,86.0,OK
KK4,Trạm Khu công nghiệp Nam Phong,DV04,2026-08-11,18:00,69.2,34.4,65.0,86.0,OK
KK4,Trạm Khu công nghiệp Nam Phong,DV04,2026-08-11,19:00,66.9,32.1,75.0,86.0,OK
KK4,Trạm Khu công nghiệp Nam Phong,DV04,2026-08-11,20:00,40.1,32.4,76.0,86.0,OK
KK4,Trạm Khu công nghiệp Nam Phong,DV04,2026-08-11,21:00,50.8,30.0,60.0,86.0,OK
KK4,Trạm Khu công nghiệp Nam Phong,DV04,2026-08-11,22:00,54.3,26.6,64.0,85.0,OK
KK4,Trạm Khu công nghiệp Nam Phong,DV04,2026-08-11,23:00,71.1,36.4,86.0,85.0,OK
KK4,Trạm Khu công nghiệp Nam Phong,DV04,2026-08-12,00:00,60.5,28.2,72.0,85.0,OK
KK4,Trạm Khu công nghiệp Nam Phong,DV04,2026-08-12,01:00,48.3,26.4,75.0,85.0,OK
KK4,Trạm Khu công nghiệp Nam Phong,DV04,2026-08-12,02:00,63.0,31.9,75.0,85.0,OK
KK4,Trạm Khu công nghiệp Nam Phong,DV04,2026-08-12,03:00,40.8,33.2,67.0,85.0,OK
KK4,Trạm Khu công nghiệp Nam Phong,DV04,2026-08-12,04:00,42.7,29.2,77.0,85.0,OK
KK4,Trạm Khu công nghiệp Nam Phong,DV04,2026-08-12,05:00,56.9,30.0,75.0,85.0,OK
KK4,Trạm Khu công nghiệp Nam Phong,DV04,2026-08-12,06:00,65.8,31.5,73.0,85.0,OK
KK4,Trạm Khu công nghiệp Nam Phong,DV04,2026-08-12,07:00,47.0,28.2,71.0,85.0,OK
KK4,Trạm Khu công nghiệp Nam Phong,DV04,2026-08-12,08:00,49.5,33.1,73.0,85.0,OK
KK4,Trạm Khu công nghiệp Nam Phong,DV04,2026-08-12,09:00,42.4,31.3,74.0,85.0,OK
KK4,Trạm Khu công nghiệp Nam Phong,DV04,2026-08-12,10:00,70.2,32.5,68.0,85.0,OK
KK4,Trạm Khu công nghiệp Nam Phong,DV04,2026-08-12,11:00,55.4,28.0,82.0,85.0,OK
KK4,Trạm Khu công nghiệp Nam Phong,DV04,2026-08-12,12:00,51.5,34.0,70.0,85.0,OK
KK4,Trạm Khu công nghiệp Nam Phong,DV04,2026-08-12,13:00,42.4,28.2,76.0,85.0,OK
KK4,Trạm Khu công nghiệp Nam Phong,DV04,2026-08-12,14:00,43.0,31.8,68.0,85.0,OK
KK4,Trạm Khu công nghiệp Nam Phong,DV04,2026-08-12,15:00,61.9,32.2,76.0,85.0,OK
KK4,Trạm Khu công nghiệp Nam Phong,DV04,2026-08-12,16:00,63.9,29.1,69.0,85.0,OK
KK4,Trạm Khu công nghiệp Nam Phong,DV04,2026-08-12,17:00,57.7,29.6,65.0,84.0,OK
KK4,Trạm Khu công nghiệp Nam Phong,DV04,2026-08-12,18:00,45.4,34.7,80.0,84.0,OK
KK4,Trạm Khu công nghiệp Nam Phong,DV04,2026-08-12,19:00,57.4,25.3,81.0,84.0,OK
KK4,Trạm Khu công nghiệp Nam Phong,DV04,2026-08-12,20:00,57.3,31.7,70.0,84.0,OK
KK4,Trạm Khu công nghiệp Nam Phong,DV04,2026-08-12,21:00,57.3,31.1,76.0,84.0,OK
KK4,Trạm Khu công nghiệp Nam Phong,DV04,2026-08-12,22:00,43.6,32.6,72.0,84.0,OK
KK4,Trạm Khu công nghiệp Nam Phong,DV04,2026-08-12,23:00,49.4,30.4,69.0,84.0,OK
KK4,Trạm Khu công nghiệp Nam Phong,DV04,2026-08-13,00:00,67.4,32.0,73.0,84.0,OK
KK4,Trạm Khu công nghiệp Nam Phong,DV04,2026-08-13,01:00,56.5,26.0,72.0,84.0,OK
KK4,Trạm Khu công nghiệp Nam Phong,DV04,2026-08-13,02:00,48.0,27.5,73.0,84.0,OK
KK4,Trạm Khu công nghiệp Nam Phong,DV04,2026-08-13,03:00,40.9,26.3,68.0,84.0,OK
KK4,Trạm Khu công nghiệp Nam Phong,DV04,2026-08-13,04:00,45.3,32.9,75.0,84.0,OK
KK4,Trạm Khu công nghiệp Nam Phong,DV04,2026-08-13,05:00,47.6,29.6,80.0,84.0,OK
KK4,Trạm Khu công nghiệp Nam Phong,DV04,2026-08-13,06:00,58.0,34.5,69.0,84.0,OK
KK4,Trạm Khu công nghiệp Nam Phong,DV04,2026-08-13,07:00,64.4,30.0,67.0,84.0,OK
KK4,Trạm Khu công nghiệp Nam Phong,DV04,2026-08-13,08:00,58.8,30.1,58.0,84.0,OK
KK4,Trạm Khu công nghiệp Nam Phong,DV04,2026-08-13,09:00,68.6,31.8,63.0,84.0,OK
KK4,Trạm Khu công nghiệp Nam Phong,DV04,2026-08-13,10:00,56.6,27.4,82.0,84.0,OK
KK4,Trạm Khu công nghiệp Nam Phong,DV04,2026-08-13,11:00,54.3,30.2,82.0,83.0,OK
KK4,Trạm Khu công nghiệp Nam Phong,DV04,2026-08-13,12:00,60.6,31.6,78.0,83.0,OK
KK4,Trạm Khu công nghiệp Nam Phong,DV04,2026-08-13,13:00,61.4,25.1,77.0,83.0,OK
KK4,Trạm Khu công nghiệp Nam Phong,DV04,2026-08-13,14:00,68.5,33.1,67.0,83.0,OK
KK4,Trạm Khu công nghiệp Nam Phong,DV04,2026-08-13,15:00,61.4,31.3,68.0,83.0,OK
KK4,Trạm Khu công nghiệp Nam Phong,DV04,2026-08-13,16:00,50.1,31.5,77.0,83.0,OK
KK4,Trạm Khu công nghiệp Nam Phong,DV04,2026-08-13,17:00,54.6,33.0,72.0,83.0,OK
KK4,Trạm Khu công nghiệp Nam Phong,DV04,2026-08-13,18:00,76.2,27.5,60.0,83.0,OK
KK4,Trạm Khu công nghiệp Nam Phong,DV04,2026-08-13,19:00,44.1,24.7,74.0,83.0,OK
KK4,Trạm Khu công nghiệp Nam Phong,DV04,2026-08-13,20:00,42.6,31.9,68.0,83.0,OK
KK4,Trạm Khu công nghiệp Nam Phong,DV04,2026-08-13,21:00,65.4,27.3,80.0,83.0,OK
KK4,Trạm Khu công nghiệp Nam Phong,DV04,2026-08-13,22:00,61.7,27.6,67.0,83.0,OK
KK4,Trạm Khu công nghiệp Nam Phong,DV04,2026-08-13,23:00,50.6,30.5,71.0,83.0,OK
KK4,Trạm Khu công nghiệp Nam Phong,DV04,2026-08-14,00:00,109.5,38.2,74.0,83.0,OK
KK4,Trạm Khu công nghiệp Nam Phong,DV04,2026-08-14,01:00,112.5,34.7,76.0,83.0,OK
KK4,Trạm Khu công nghiệp Nam Phong,DV04,2026-08-14,02:00,106.5,26.8,86.0,83.0,OK
KK4,Trạm Khu công nghiệp Nam Phong,DV04,2026-08-14,03:00,53.8,27.2,80.0,83.0,OK
KK4,Trạm Khu công nghiệp Nam Phong,DV04,2026-08-14,04:00,82.1,26.4,71.0,83.0,OK
KK4,Trạm Khu công nghiệp Nam Phong,DV04,2026-08-14,05:00,68.9,24.6,67.0,83.0,OK
KK4,Trạm Khu công nghiệp Nam Phong,DV04,2026-08-14,06:00,115.0,28.2,60.0,82.0,OK
KK4,Trạm Khu công nghiệp Nam Phong,DV04,2026-08-14,07:00,79.6,27.7,69.0,82.0,OK
KK4,Trạm Khu công nghiệp Nam Phong,DV04,2026-08-14,08:00,74.1,34.5,77.0,82.0,OK
KK4,Trạm Khu công nghiệp Nam Phong,DV04,2026-08-14,09:00,61.1,32.3,78.0,82.0,OK
KK4,Trạm Khu công nghiệp Nam Phong,DV04,2026-08-14,10:00,63.1,27.6,74.0,82.0,OK
KK4,Trạm Khu công nghiệp Nam Phong,DV04,2026-08-14,11:00,97.7,30.3,76.0,82.0,OK
KK4,Trạm Khu công nghiệp Nam Phong,DV04,2026-08-14,12:00,103.2,28.9,89.0,82.0,OK
KK4,Trạm Khu công nghiệp Nam Phong,DV04,2026-08-14,13:00,80.2,26.8,69.0,82.0,OK
KK4,Trạm Khu công nghiệp Nam Phong,DV04,2026-08-14,14:00,70.2,30.3,66.0,82.0,OK
KK4,Trạm Khu công nghiệp Nam Phong,DV04,2026-08-14,15:00,62.7,26.6,79.0,82.0,OK
KK4,Trạm Khu công nghiệp Nam Phong,DV04,2026-08-14,16:00,96.3,36.2,78.0,82.0,OK
KK4,Trạm Khu công nghiệp Nam Phong,DV04,2026-08-14,17:00,110.6,33.8,65.0,82.0,OK
KK4,Trạm Khu công nghiệp Nam Phong,DV04,2026-08-14,18:00,121.8,27.6,66.0,82.0,OK
KK4,Trạm Khu công nghiệp Nam Phong,DV04,2026-08-14,19:00,101.3,31.9,72.0,82.0,OK
KK4,Trạm Khu công nghiệp Nam Phong,DV04,2026-08-14,20:00,64.7,32.5,67.0,82.0,OK
KK4,Trạm Khu công nghiệp Nam Phong,DV04,2026-08-14,21:00,56.6,31.9,81.0,82.0,OK
KK4,Trạm Khu công nghiệp Nam Phong,DV04,2026-08-14,22:00,89.7,31.8,63.0,82.0,OK
KK4,Trạm Khu công nghiệp Nam Phong,DV04,2026-08-14,23:00,95.8,32.8,80.0,82.0,OK
KK4,Trạm Khu công nghiệp Nam Phong,DV04,2026-08-15,00:00,81.7,25.8,82.0,81.0,OK
KK4,Trạm Khu công nghiệp Nam Phong,DV04,2026-08-15,01:00,78.0,28.4,86.0,81.0,OK
KK4,Trạm Khu công nghiệp Nam Phong,DV04,2026-08-15,02:00,77.7,29.9,71.0,81.0,OK
KK4,Trạm Khu công nghiệp Nam Phong,DV04,2026-08-15,03:00,61.4,28.8,73.0,81.0,OK
KK4,Trạm Khu công nghiệp Nam Phong,DV04,2026-08-15,04:00,67.2,31.9,75.0,81.0,OK
KK4,Trạm Khu công nghiệp Nam Phong,DV04,2026-08-15,05:00,60.4,31.1,78.0,81.0,OK
KK4,Trạm Khu công nghiệp Nam Phong,DV04,2026-08-15,06:00,94.6,35.4,67.0,81.0,OK
KK4,Trạm Khu công nghiệp Nam Phong,DV04,2026-08-15,07:00,97.6,27.6,61.0,81.0,OK
KK4,Trạm Khu công nghiệp Nam Phong,DV04,2026-08-15,08:00,79.8,32.7,69.0,81.0,OK
KK4,Trạm Khu công nghiệp Nam Phong,DV04,2026-08-15,09:00,88.4,35.6,64.0,81.0,OK
KK4,Trạm Khu công nghiệp Nam Phong,DV04,2026-08-15,10:00,105.8,32.2,72.0,81.0,OK
KK4,Trạm Khu công nghiệp Nam Phong,DV04,2026-08-15,11:00,96.6,25.0,78.0,81.0,OK
KK4,Trạm Khu công nghiệp Nam Phong,DV04,2026-08-15,12:00,623.3,28.3,81.0,81.0,Nghi ngờ
KK4,Trạm Khu công nghiệp Nam Phong,DV04,2026-08-15,13:00,66.2,28.1,80.0,81.0,OK
KK4,Trạm Khu công nghiệp Nam Phong,DV04,2026-08-15,14:00,98.6,24.3,82.0,81.0,OK
KK4,Trạm Khu công nghiệp Nam Phong,DV04,2026-08-15,15:00,74.9,27.4,77.0,81.0,OK
KK4,Trạm Khu công nghiệp Nam Phong,DV04,2026-08-15,16:00,101.0,31.4,75.0,81.0,OK
KK4,Trạm Khu công nghiệp Nam Phong,DV04,2026-08-15,17:00,100.2,32.6,79.0,81.0,OK
KK4,Trạm Khu công nghiệp Nam Phong,DV04,2026-08-15,18:00,103.4,36.0,71.0,80.0,OK
KK4,Trạm Khu công nghiệp Nam Phong,DV04,2026-08-15,19:00,100.7,29.1,82.0,80.0,OK
KK4,Trạm Khu công nghiệp Nam Phong,DV04,2026-08-15,20:00,99.1,27.1,83.0,80.0,OK
KK4,Trạm Khu công nghiệp Nam Phong,DV04,2026-08-15,21:00,79.7,31.4,77.0,80.0,OK
KK4,Trạm Khu công nghiệp Nam Phong,DV04,2026-08-15,22:00,105.3,36.1,81.0,80.0,OK
KK4,Trạm Khu công nghiệp Nam Phong,DV04,2026-08-15,23:00,85.3,29.1,56.0,80.0,OK
KK4,Trạm Khu công nghiệp Nam Phong,DV04,2026-08-16,00:00,103.4,29.8,74.0,80.0,OK
KK4,Trạm Khu công nghiệp Nam Phong,DV04,2026-08-16,01:00,76.4,28.1,78.0,80.0,OK
KK4,Trạm Khu công nghiệp Nam Phong,DV04,2026-08-16,02:00,91.4,27.2,76.0,80.0,OK
KK4,Trạm Khu công nghiệp Nam Phong,DV04,2026-08-16,03:00,85.5,31.6,71.0,80.0,OK
KK4,Trạm Khu công nghiệp Nam Phong,DV04,2026-08-16,04:00,75.4,33.8,72.0,80.0,OK
KK4,Trạm Khu công nghiệp Nam Phong,DV04,2026-08-16,05:00,96.4,28.5,72.0,80.0,OK
KK4,Trạm Khu công nghiệp Nam Phong,DV04,2026-08-16,06:00,76.0,31.5,66.0,80.0,OK
KK4,Trạm Khu công nghiệp Nam Phong,DV04,2026-08-16,07:00,84.3,33.3,72.0,80.0,OK
KK4,Trạm Khu công nghiệp Nam Phong,DV04,2026-08-16,08:00,68.6,31.2,72.0,80.0,OK
KK4,Trạm Khu công nghiệp Nam Phong,DV04,2026-08-16,09:00,62.1,27.5,82.0,80.0,OK
KK4,Trạm Khu công nghiệp Nam Phong,DV04,2026-08-16,10:00,76.8,33.3,93.0,80.0,OK
KK4,Trạm Khu công nghiệp Nam Phong,DV04,2026-08-16,11:00,90.9,30.0,72.0,80.0,OK
KK4,Trạm Khu công nghiệp Nam Phong,DV04,2026-08-16,12:00,76.4,34.3,82.0,79.0,OK
KK4,Trạm Khu công nghiệp Nam Phong,DV04,2026-08-16,13:00,60.6,28.9,80.0,79.0,OK
KK4,Trạm Khu công nghiệp Nam Phong,DV04,2026-08-16,14:00,61.7,33.2,78.0,79.0,OK
KK4,Trạm Khu công nghiệp Nam Phong,DV04,2026-08-16,15:00,89.2,32.1,77.0,79.0,OK
KK4,Trạm Khu công nghiệp Nam Phong,DV04,2026-08-16,16:00,85.5,32.4,72.0,79.0,OK
KK4,Trạm Khu công nghiệp Nam Phong,DV04,2026-08-16,17:00,120.6,29.2,61.0,79.0,OK
KK4,Trạm Khu công nghiệp Nam Phong,DV04,2026-08-16,18:00,115.2,35.1,71.0,79.0,OK
KK4,Trạm Khu công nghiệp Nam Phong,DV04,2026-08-16,19:00,105.0,25.4,73.0,79.0,OK
KK4,Trạm Khu công nghiệp Nam Phong,DV04,2026-08-16,20:00,59.6,33.4,82.0,79.0,OK
KK4,Trạm Khu công nghiệp Nam Phong,DV04,2026-08-16,21:00,64.7,26.1,63.0,79.0,OK
KK4,Trạm Khu công nghiệp Nam Phong,DV04,2026-08-16,22:00,77.9,31.0,78.0,79.0,OK
KK4,Trạm Khu công nghiệp Nam Phong,DV04,2026-08-16,23:00,98.3,30.7,73.0,79.0,OK
KK4,Trạm Khu công nghiệp Nam Phong,DV04,2026-08-17,00:00,95.4,28.9,71.0,79.0,OK
KK4,Trạm Khu công nghiệp Nam Phong,DV04,2026-08-17,01:00,102.4,32.2,72.0,79.0,OK
KK4,Trạm Khu công nghiệp Nam Phong,DV04,2026-08-17,02:00,112.4,28.7,76.0,79.0,OK
KK4,Trạm Khu công nghiệp Nam Phong,DV04,2026-08-17,03:00,55.0,28.7,72.0,79.0,OK
KK4,Trạm Khu công nghiệp Nam Phong,DV04,2026-08-17,04:00,95.0,29.4,76.0,79.0,OK
KK4,Trạm Khu công nghiệp Nam Phong,DV04,2026-08-17,05:00,95.4,30.0,65.0,79.0,OK
KK4,Trạm Khu công nghiệp Nam Phong,DV04,2026-08-17,06:00,116.6,34.0,58.0,78.0,OK
KK4,Trạm Khu công nghiệp Nam Phong,DV04,2026-08-17,07:00,81.7,30.7,76.0,78.0,OK
KK4,Trạm Khu công nghiệp Nam Phong,DV04,2026-08-17,08:00,98.9,29.4,76.0,78.0,OK
KK4,Trạm Khu công nghiệp Nam Phong,DV04,2026-08-17,09:00,75.4,27.0,84.0,78.0,OK
KK4,Trạm Khu công nghiệp Nam Phong,DV04,2026-08-17,10:00,100.7,31.0,78.0,78.0,OK
KK4,Trạm Khu công nghiệp Nam Phong,DV04,2026-08-17,11:00,96.4,30.2,75.0,78.0,OK
KK4,Trạm Khu công nghiệp Nam Phong,DV04,2026-08-17,12:00,70.8,31.2,66.0,78.0,OK
KK4,Trạm Khu công nghiệp Nam Phong,DV04,2026-08-17,13:00,76.0,26.1,84.0,78.0,OK
KK4,Trạm Khu công nghiệp Nam Phong,DV04,2026-08-17,14:00,101.5,30.0,83.0,78.0,OK
KK4,Trạm Khu công nghiệp Nam Phong,DV04,2026-08-17,15:00,99.8,27.1,63.0,78.0,OK
KK4,Trạm Khu công nghiệp Nam Phong,DV04,2026-08-17,16:00,108.4,28.7,76.0,78.0,OK
KK4,Trạm Khu công nghiệp Nam Phong,DV04,2026-08-17,17:00,85.5,30.6,78.0,78.0,OK
KK4,Trạm Khu công nghiệp Nam Phong,DV04,2026-08-17,18:00,108.1,28.1,66.0,78.0,OK
KK4,Trạm Khu công nghiệp Nam Phong,DV04,2026-08-17,19:00,98.0,30.6,73.0,78.0,OK
KK4,Trạm Khu công nghiệp Nam Phong,DV04,2026-08-17,20:00,59.6,32.5,76.0,78.0,OK
KK4,Trạm Khu công nghiệp Nam Phong,DV04,2026-08-17,21:00,98.8,28.9,72.0,78.0,OK
KK4,Trạm Khu công nghiệp Nam Phong,DV04,2026-08-17,22:00,83.3,32.2,77.0,78.0,OK
KK4,Trạm Khu công nghiệp Nam Phong,DV04,2026-08-17,23:00,107.0,32.1,79.0,78.0,OK
KK4,Trạm Khu công nghiệp Nam Phong,DV04,2026-08-18,00:00,63.4,30.3,78.0,78.0,OK
KK4,Trạm Khu công nghiệp Nam Phong,DV04,2026-08-18,01:00,45.4,33.1,86.0,77.0,OK
KK4,Trạm Khu công nghiệp Nam Phong,DV04,2026-08-18,02:00,67.4,29.1,83.0,77.0,OK
KK4,Trạm Khu công nghiệp Nam Phong,DV04,2026-08-18,03:00,53.7,32.7,77.0,77.0,OK
KK4,Trạm Khu công nghiệp Nam Phong,DV04,2026-08-18,04:00,41.3,28.2,75.0,77.0,OK
KK4,Trạm Khu công nghiệp Nam Phong,DV04,2026-08-18,05:00,42.1,35.3,77.0,77.0,OK
KK4,Trạm Khu công nghiệp Nam Phong,DV04,2026-08-18,06:00,43.2,24.1,77.0,77.0,OK
KK4,Trạm Khu công nghiệp Nam Phong,DV04,2026-08-18,07:00,75.6,31.9,71.0,77.0,OK
KK4,Trạm Khu công nghiệp Nam Phong,DV04,2026-08-18,08:00,49.2,32.3,80.0,77.0,OK
KK4,Trạm Khu công nghiệp Nam Phong,DV04,2026-08-18,09:00,56.1,29.8,84.0,77.0,OK
KK4,Trạm Khu công nghiệp Nam Phong,DV04,2026-08-18,10:00,62.7,39.0,73.0,77.0,OK
KK4,Trạm Khu công nghiệp Nam Phong,DV04,2026-08-18,11:00,52.7,24.5,64.0,77.0,OK
KK4,Trạm Khu công nghiệp Nam Phong,DV04,2026-08-18,12:00,52.7,23.8,77.0,77.0,OK
KK4,Trạm Khu công nghiệp Nam Phong,DV04,2026-08-18,13:00,62.6,28.1,62.0,77.0,OK
KK4,Trạm Khu công nghiệp Nam Phong,DV04,2026-08-18,14:00,68.3,28.7,89.0,77.0,OK
KK4,Trạm Khu công nghiệp Nam Phong,DV04,2026-08-18,15:00,42.7,28.3,60.0,77.0,OK
KK4,Trạm Khu công nghiệp Nam Phong,DV04,2026-08-18,16:00,67.4,32.4,78.0,77.0,OK
KK4,Trạm Khu công nghiệp Nam Phong,DV04,2026-08-18,17:00,59.9,31.0,72.0,77.0,OK
KK4,Trạm Khu công nghiệp Nam Phong,DV04,2026-08-18,18:00,75.6,28.3,77.0,77.0,OK
KK4,Trạm Khu công nghiệp Nam Phong,DV04,2026-08-18,19:00,59.9,31.1,82.0,76.0,OK
KK4,Trạm Khu công nghiệp Nam Phong,DV04,2026-08-18,20:00,42.1,29.4,74.0,76.0,OK
KK4,Trạm Khu công nghiệp Nam Phong,DV04,2026-08-18,21:00,53.7,34.0,68.0,76.0,OK
KK4,Trạm Khu công nghiệp Nam Phong,DV04,2026-08-18,22:00,57.6,32.6,70.0,76.0,OK
KK4,Trạm Khu công nghiệp Nam Phong,DV04,2026-08-18,23:00,73.7,35.4,71.0,76.0,OK
KK4,Trạm Khu công nghiệp Nam Phong,DV04,2026-08-19,00:00,59.8,34.2,80.0,76.0,OK
KK4,Trạm Khu công nghiệp Nam Phong,DV04,2026-08-19,01:00,63.8,25.9,67.0,76.0,OK
KK4,Trạm Khu công nghiệp Nam Phong,DV04,2026-08-19,02:00,41.6,28.0,72.0,76.0,OK
KK4,Trạm Khu công nghiệp Nam Phong,DV04,2026-08-19,03:00,46.3,33.6,79.0,76.0,OK
KK4,Trạm Khu công nghiệp Nam Phong,DV04,2026-08-19,04:00,52.9,27.8,66.0,76.0,OK
KK4,Trạm Khu công nghiệp Nam Phong,DV04,2026-08-19,05:00,38.1,31.2,83.0,76.0,OK
KK4,Trạm Khu công nghiệp Nam Phong,DV04,2026-08-19,06:00,47.8,30.9,82.0,76.0,OK
KK4,Trạm Khu công nghiệp Nam Phong,DV04,2026-08-19,07:00,81.1,28.8,76.0,76.0,OK
KK4,Trạm Khu công nghiệp Nam Phong,DV04,2026-08-19,08:00,45.6,26.4,73.0,76.0,OK
KK4,Trạm Khu công nghiệp Nam Phong,DV04,2026-08-19,09:00,49.0,24.3,65.0,76.0,OK
KK4,Trạm Khu công nghiệp Nam Phong,DV04,2026-08-19,10:00,60.2,29.0,72.0,76.0,OK
KK4,Trạm Khu công nghiệp Nam Phong,DV04,2026-08-19,11:00,63.0,22.7,72.0,76.0,OK
KK4,Trạm Khu công nghiệp Nam Phong,DV04,2026-08-19,12:00,43.1,31.4,67.0,76.0,OK
KK4,Trạm Khu công nghiệp Nam Phong,DV04,2026-08-19,13:00,49.6,33.0,70.0,75.0,OK
KK4,Trạm Khu công nghiệp Nam Phong,DV04,2026-08-19,14:00,67.2,31.9,57.0,75.0,OK
KK4,Trạm Khu công nghiệp Nam Phong,DV04,2026-08-19,15:00,69.4,27.9,64.0,75.0,OK
KK4,Trạm Khu công nghiệp Nam Phong,DV04,2026-08-19,16:00,57.3,35.5,81.0,75.0,OK
KK4,Trạm Khu công nghiệp Nam Phong,DV04,2026-08-19,17:00,80.9,32.5,86.0,75.0,OK
KK4,Trạm Khu công nghiệp Nam Phong,DV04,2026-08-19,18:00,55.8,28.0,72.0,75.0,OK
KK4,Trạm Khu công nghiệp Nam Phong,DV04,2026-08-19,19:00,69.7,30.0,71.0,75.0,OK
KK4,Trạm Khu công nghiệp Nam Phong,DV04,2026-08-19,20:00,63.5,33.9,76.0,75.0,OK
KK4,Trạm Khu công nghiệp Nam Phong,DV04,2026-08-19,21:00,59.3,28.5,59.0,75.0,OK
KK4,Trạm Khu công nghiệp Nam Phong,DV04,2026-08-19,22:00,73.1,30.7,71.0,75.0,OK
KK4,Trạm Khu công nghiệp Nam Phong,DV04,2026-08-19,23:00,75.3,31.7,71.0,75.0,OK
KK4,Trạm Khu công nghiệp Nam Phong,DV04,2026-08-20,00:00,67.2,28.7,89.0,75.0,OK
KK4,Trạm Khu công nghiệp Nam Phong,DV04,2026-08-20,01:00,55.6,30.2,79.0,75.0,OK
KK4,Trạm Khu công nghiệp Nam Phong,DV04,2026-08-20,02:00,51.0,30.8,77.0,75.0,OK
KK4,Trạm Khu công nghiệp Nam Phong,DV04,2026-08-20,03:00,47.6,30.5,76.0,75.0,OK
KK4,Trạm Khu công nghiệp Nam Phong,DV04,2026-08-20,04:00,59.9,31.5,69.0,75.0,OK
KK4,Trạm Khu công nghiệp Nam Phong,DV04,2026-08-20,05:00,42.2,33.9,70.0,75.0,OK
KK4,Trạm Khu công nghiệp Nam Phong,DV04,2026-08-20,06:00,48.1,30.9,74.0,75.0,OK
KK4,Trạm Khu công nghiệp Nam Phong,DV04,2026-08-20,07:00,75.8,30.6,72.0,74.0,OK
KK4,Trạm Khu công nghiệp Nam Phong,DV04,2026-08-20,08:00,71.8,33.2,78.0,74.0,OK
KK4,Trạm Khu công nghiệp Nam Phong,DV04,2026-08-20,09:00,64.7,31.7,66.0,74.0,OK
KK4,Trạm Khu công nghiệp Nam Phong,DV04,2026-08-20,10:00,42.8,30.7,70.0,74.0,OK
KK4,Trạm Khu công nghiệp Nam Phong,DV04,2026-08-20,11:00,57.8,33.0,87.0,74.0,OK
KK4,Trạm Khu công nghiệp Nam Phong,DV04,2026-08-20,12:00,43.6,30.7,81.0,74.0,OK
KK4,Trạm Khu công nghiệp Nam Phong,DV04,2026-08-20,13:00,43.3,31.9,88.0,74.0,OK
KK4,Trạm Khu công nghiệp Nam Phong,DV04,2026-08-20,14:00,52.2,30.9,78.0,74.0,OK
KK4,Trạm Khu công nghiệp Nam Phong,DV04,2026-08-20,15:00,59.2,30.9,65.0,74.0,OK
KK4,Trạm Khu công nghiệp Nam Phong,DV04,2026-08-20,16:00,46.9,30.3,91.0,74.0,OK
KK4,Trạm Khu công nghiệp Nam Phong,DV04,2026-08-20,17:00,49.6,26.8,85.0,74.0,OK
KK4,Trạm Khu công nghiệp Nam Phong,DV04,2026-08-20,18:00,45.4,33.7,73.0,74.0,OK
KK4,Trạm Khu công nghiệp Nam Phong,DV04,2026-08-20,19:00,55.0,28.9,65.0,74.0,OK
KK4,Trạm Khu công nghiệp Nam Phong,DV04,2026-08-20,20:00,67.1,35.8,72.0,74.0,OK
KK4,Trạm Khu công nghiệp Nam Phong,DV04,2026-08-20,21:00,42.2,33.8,77.0,74.0,OK
KK4,Trạm Khu công nghiệp Nam Phong,DV04,2026-08-20,22:00,43.2,32.5,78.0,74.0,OK
KK4,Trạm Khu công nghiệp Nam Phong,DV04,2026-08-20,23:00,73.7,26.0,71.0,74.0,OK
KK4,Trạm Khu công nghiệp Nam Phong,DV04,2026-08-21,00:00,50.4,30.9,92.0,74.0,OK
KK4,Trạm Khu công nghiệp Nam Phong,DV04,2026-08-21,01:00,67.2,25.8,71.0,73.0,OK
KK4,Trạm Khu công nghiệp Nam Phong,DV04,2026-08-21,02:00,71.5,26.5,90.0,73.0,OK
KK4,Trạm Khu công nghiệp Nam Phong,DV04,2026-08-21,03:00,53.2,30.6,81.0,73.0,OK
KK4,Trạm Khu công nghiệp Nam Phong,DV04,2026-08-21,04:00,35.6,32.4,82.0,73.0,OK
KK4,Trạm Khu công nghiệp Nam Phong,DV04,2026-08-21,05:00,55.7,32.8,74.0,73.0,OK
KK4,Trạm Khu công nghiệp Nam Phong,DV04,2026-08-21,06:00,43.2,32.9,77.0,73.0,OK
KK4,Trạm Khu công nghiệp Nam Phong,DV04,2026-08-21,07:00,61.0,32.1,62.0,73.0,OK
KK4,Trạm Khu công nghiệp Nam Phong,DV04,2026-08-21,08:00,63.3,30.8,71.0,73.0,OK
KK4,Trạm Khu công nghiệp Nam Phong,DV04,2026-08-21,09:00,70.3,28.7,72.0,73.0,OK
KK4,Trạm Khu công nghiệp Nam Phong,DV04,2026-08-21,10:00,39.7,25.2,70.0,73.0,OK
KK4,Trạm Khu công nghiệp Nam Phong,DV04,2026-08-21,11:00,48.9,31.9,63.0,73.0,OK
KK4,Trạm Khu công nghiệp Nam Phong,DV04,2026-08-21,12:00,52.2,28.9,73.0,73.0,OK
KK4,Trạm Khu công nghiệp Nam Phong,DV04,2026-08-21,13:00,68.3,31.8,70.0,73.0,OK
KK4,Trạm Khu công nghiệp Nam Phong,DV04,2026-08-21,14:00,63.7,27.0,71.0,73.0,OK
KK4,Trạm Khu công nghiệp Nam Phong,DV04,2026-08-21,15:00,71.0,30.6,76.0,73.0,OK
KK4,Trạm Khu công nghiệp Nam Phong,DV04,2026-08-21,16:00,77.5,29.0,73.0,73.0,OK
KK4,Trạm Khu công nghiệp Nam Phong,DV04,2026-08-21,17:00,80.0,29.7,77.0,73.0,OK
KK4,Trạm Khu công nghiệp Nam Phong,DV04,2026-08-21,18:00,64.5,30.4,74.0,73.0,OK
KK4,Trạm Khu công nghiệp Nam Phong,DV04,2026-08-21,19:00,58.4,31.9,79.0,73.0,OK
KK4,Trạm Khu công nghiệp Nam Phong,DV04,2026-08-21,20:00,45.3,30.2,80.0,72.0,OK
KK4,Trạm Khu công nghiệp Nam Phong,DV04,2026-08-21,21:00,41.5,33.0,78.0,72.0,OK
KK4,Trạm Khu công nghiệp Nam Phong,DV04,2026-08-21,22:00,43.4,28.0,69.0,72.0,OK
KK4,Trạm Khu công nghiệp Nam Phong,DV04,2026-08-21,23:00,49.8,34.6,71.0,72.0,OK
KK4,Trạm Khu công nghiệp Nam Phong,DV04,2026-08-22,00:00,49.0,28.1,76.0,72.0,OK
KK4,Trạm Khu công nghiệp Nam Phong,DV04,2026-08-22,01:00,53.7,29.1,88.0,72.0,OK
KK4,Trạm Khu công nghiệp Nam Phong,DV04,2026-08-22,02:00,54.4,31.7,82.0,72.0,OK
KK4,Trạm Khu công nghiệp Nam Phong,DV04,2026-08-22,03:00,46.2,26.1,59.0,72.0,OK
KK4,Trạm Khu công nghiệp Nam Phong,DV04,2026-08-22,04:00,33.6,34.0,76.0,72.0,OK
KK4,Trạm Khu công nghiệp Nam Phong,DV04,2026-08-22,05:00,64.5,33.5,76.0,72.0,OK
KK4,Trạm Khu công nghiệp Nam Phong,DV04,2026-08-22,06:00,72.3,27.2,76.0,72.0,OK
KK4,Trạm Khu công nghiệp Nam Phong,DV04,2026-08-22,07:00,49.0,31.8,70.0,72.0,OK
KK4,Trạm Khu công nghiệp Nam Phong,DV04,2026-08-22,08:00,43.5,30.7,80.0,72.0,OK
KK4,Trạm Khu công nghiệp Nam Phong,DV04,2026-08-22,09:00,41.9,30.1,80.0,72.0,OK
KK4,Trạm Khu công nghiệp Nam Phong,DV04,2026-08-22,10:00,57.4,27.4,74.0,72.0,OK
KK4,Trạm Khu công nghiệp Nam Phong,DV04,2026-08-22,11:00,67.9,27.4,67.0,72.0,OK
KK4,Trạm Khu công nghiệp Nam Phong,DV04,2026-08-22,12:00,43.4,30.7,77.0,72.0,OK
KK4,Trạm Khu công nghiệp Nam Phong,DV04,2026-08-22,13:00,53.2,31.3,73.0,72.0,OK
KK4,Trạm Khu công nghiệp Nam Phong,DV04,2026-08-22,14:00,52.6,40.3,69.0,71.0,OK
KK4,Trạm Khu công nghiệp Nam Phong,DV04,2026-08-22,15:00,48.8,31.3,77.0,71.0,OK
KK4,Trạm Khu công nghiệp Nam Phong,DV04,2026-08-22,16:00,76.3,29.7,73.0,71.0,OK
KK4,Trạm Khu công nghiệp Nam Phong,DV04,2026-08-22,17:00,72.7,32.8,76.0,71.0,OK
KK4,Trạm Khu công nghiệp Nam Phong,DV04,2026-08-22,18:00,62.4,26.9,85.0,71.0,OK
KK4,Trạm Khu công nghiệp Nam Phong,DV04,2026-08-22,19:00,61.0,32.8,82.0,71.0,OK
KK4,Trạm Khu công nghiệp Nam Phong,DV04,2026-08-22,20:00,62.1,30.0,66.0,71.0,OK
KK4,Trạm Khu công nghiệp Nam Phong,DV04,2026-08-22,21:00,50.2,27.2,76.0,71.0,OK
KK4,Trạm Khu công nghiệp Nam Phong,DV04,2026-08-22,22:00,63.2,28.1,68.0,71.0,OK
KK4,Trạm Khu công nghiệp Nam Phong,DV04,2026-08-22,23:00,67.6,33.5,77.0,71.0,OK
KK4,Trạm Khu công nghiệp Nam Phong,DV04,2026-08-23,00:00,61.3,36.4,80.0,71.0,OK
KK4,Trạm Khu công nghiệp Nam Phong,DV04,2026-08-23,01:00,71.7,29.7,77.0,71.0,OK
KK4,Trạm Khu công nghiệp Nam Phong,DV04,2026-08-23,02:00,58.7,27.3,82.0,71.0,OK
KK4,Trạm Khu công nghiệp Nam Phong,DV04,2026-08-23,03:00,52.4,32.2,76.0,71.0,OK
KK4,Trạm Khu công nghiệp Nam Phong,DV04,2026-08-23,04:00,192.8,34.1,81.0,71.0,Nghi ngờ
KK4,Trạm Khu công nghiệp Nam Phong,DV04,2026-08-23,05:00,38.4,31.6,74.0,71.0,OK
KK4,Trạm Khu công nghiệp Nam Phong,DV04,2026-08-23,06:00,63.0,32.6,77.0,71.0,OK
KK4,Trạm Khu công nghiệp Nam Phong,DV04,2026-08-23,07:00,81.7,27.8,77.0,71.0,OK
KK4,Trạm Khu công nghiệp Nam Phong,DV04,2026-08-23,08:00,43.7,24.4,74.0,71.0,OK
KK4,Trạm Khu công nghiệp Nam Phong,DV04,2026-08-23,09:00,47.0,34.1,72.0,70.0,OK
KK4,Trạm Khu công nghiệp Nam Phong,DV04,2026-08-23,10:00,44.9,29.5,77.0,70.0,OK
KK4,Trạm Khu công nghiệp Nam Phong,DV04,2026-08-23,11:00,59.9,33.5,80.0,70.0,OK
KK4,Trạm Khu công nghiệp Nam Phong,DV04,2026-08-23,12:00,67.0,27.6,84.0,70.0,OK
KK4,Trạm Khu công nghiệp Nam Phong,DV04,2026-08-23,13:00,56.0,25.4,61.0,70.0,OK
KK4,Trạm Khu công nghiệp Nam Phong,DV04,2026-08-23,14:00,52.0,27.4,70.0,70.0,OK
KK4,Trạm Khu công nghiệp Nam Phong,DV04,2026-08-23,15:00,57.3,31.2,79.0,70.0,OK
KK4,Trạm Khu công nghiệp Nam Phong,DV04,2026-08-23,16:00,48.2,27.1,68.0,70.0,OK
KK4,Trạm Khu công nghiệp Nam Phong,DV04,2026-08-23,17:00,59.5,33.8,75.0,70.0,OK
KK4,Trạm Khu công nghiệp Nam Phong,DV04,2026-08-23,18:00,59.9,31.1,69.0,70.0,OK
KK4,Trạm Khu công nghiệp Nam Phong,DV04,2026-08-23,19:00,70.2,32.0,62.0,70.0,OK
KK4,Trạm Khu công nghiệp Nam Phong,DV04,2026-08-23,20:00,37.7,33.1,75.0,70.0,OK
KK4,Trạm Khu công nghiệp Nam Phong,DV04,2026-08-23,21:00,53.3,27.6,69.0,70.0,OK
KK4,Trạm Khu công nghiệp Nam Phong,DV04,2026-08-23,22:00,45.0,31.7,73.0,70.0,OK
KK4,Trạm Khu công nghiệp Nam Phong,DV04,2026-08-23,23:00,70.7,32.0,74.0,70.0,OK
KK4,Trạm Khu công nghiệp Nam Phong,DV04,2026-08-24,00:00,60.5,29.7,64.0,70.0,OK
KK4,Trạm Khu công nghiệp Nam Phong,DV04,2026-08-24,01:00,68.3,29.2,69.0,70.0,OK
KK4,Trạm Khu công nghiệp Nam Phong,DV04,2026-08-24,02:00,59.8,32.2,71.0,70.0,OK
KK4,Trạm Khu công nghiệp Nam Phong,DV04,2026-08-24,03:00,34.0,31.0,68.0,69.0,OK
KK4,Trạm Khu công nghiệp Nam Phong,DV04,2026-08-24,04:00,43.9,28.5,76.0,69.0,OK
KK4,Trạm Khu công nghiệp Nam Phong,DV04,2026-08-24,05:00,62.0,31.9,72.0,69.0,OK
KK4,Trạm Khu công nghiệp Nam Phong,DV04,2026-08-24,06:00,73.4,30.9,77.0,69.0,OK
KK4,Trạm Khu công nghiệp Nam Phong,DV04,2026-08-24,07:00,67.6,31.7,79.0,69.0,OK
KK4,Trạm Khu công nghiệp Nam Phong,DV04,2026-08-24,08:00,58.6,32.8,72.0,69.0,OK
KK4,Trạm Khu công nghiệp Nam Phong,DV04,2026-08-24,09:00,47.2,33.3,74.0,69.0,OK
KK4,Trạm Khu công nghiệp Nam Phong,DV04,2026-08-24,10:00,63.4,30.7,84.0,69.0,OK
KK4,Trạm Khu công nghiệp Nam Phong,DV04,2026-08-24,11:00,60.9,29.1,79.0,69.0,OK
KK4,Trạm Khu công nghiệp Nam Phong,DV04,2026-08-24,12:00,59.9,32.5,80.0,69.0,OK
KK4,Trạm Khu công nghiệp Nam Phong,DV04,2026-08-24,13:00,67.3,35.1,72.0,69.0,OK
KK4,Trạm Khu công nghiệp Nam Phong,DV04,2026-08-24,14:00,63.1,33.2,75.0,69.0,OK
KK4,Trạm Khu công nghiệp Nam Phong,DV04,2026-08-24,15:00,67.9,30.6,69.0,69.0,OK
KK4,Trạm Khu công nghiệp Nam Phong,DV04,2026-08-24,16:00,52.2,34.4,73.0,69.0,OK
KK4,Trạm Khu công nghiệp Nam Phong,DV04,2026-08-24,17:00,77.7,26.8,79.0,69.0,OK
KK4,Trạm Khu công nghiệp Nam Phong,DV04,2026-08-24,18:00,57.6,35.8,68.0,69.0,OK
KK4,Trạm Khu công nghiệp Nam Phong,DV04,2026-08-24,19:00,43.4,31.9,68.0,69.0,OK
KK4,Trạm Khu công nghiệp Nam Phong,DV04,2026-08-24,20:00,59.4,33.8,74.0,69.0,OK
KK4,Trạm Khu công nghiệp Nam Phong,DV04,2026-08-24,21:00,54.9,25.2,78.0,68.0,OK
KK4,Trạm Khu công nghiệp Nam Phong,DV04,2026-08-24,22:00,45.5,35.1,78.0,68.0,OK
KK4,Trạm Khu công nghiệp Nam Phong,DV04,2026-08-24,23:00,46.4,28.5,70.0,68.0,OK
KK4,Trạm Khu công nghiệp Nam Phong,DV04,2026-08-25,00:00,53.7,32.8,71.0,68.0,OK
KK4,Trạm Khu công nghiệp Nam Phong,DV04,2026-08-25,01:00,67.6,31.7,77.0,68.0,OK
KK4,Trạm Khu công nghiệp Nam Phong,DV04,2026-08-25,02:00,58.3,26.2,68.0,68.0,OK
KK4,Trạm Khu công nghiệp Nam Phong,DV04,2026-08-25,03:00,34.4,32.8,70.0,68.0,OK
KK4,Trạm Khu công nghiệp Nam Phong,DV04,2026-08-25,04:00,34.1,31.0,84.0,68.0,OK
KK4,Trạm Khu công nghiệp Nam Phong,DV04,2026-08-25,05:00,42.4,29.7,74.0,68.0,OK
KK4,Trạm Khu công nghiệp Nam Phong,DV04,2026-08-25,06:00,59.3,33.4,80.0,68.0,OK
KK4,Trạm Khu công nghiệp Nam Phong,DV04,2026-08-25,07:00,64.2,33.2,64.0,68.0,OK
KK4,Trạm Khu công nghiệp Nam Phong,DV04,2026-08-25,08:00,62.3,36.1,71.0,68.0,OK
KK4,Trạm Khu công nghiệp Nam Phong,DV04,2026-08-25,09:00,50.5,29.8,78.0,68.0,OK
KK4,Trạm Khu công nghiệp Nam Phong,DV04,2026-08-25,10:00,51.6,30.0,61.0,68.0,OK
KK4,Trạm Khu công nghiệp Nam Phong,DV04,2026-08-25,11:00,40.5,26.5,81.0,68.0,OK
KK4,Trạm Khu công nghiệp Nam Phong,DV04,2026-08-25,12:00,54.6,31.6,86.0,68.0,OK
KK4,Trạm Khu công nghiệp Nam Phong,DV04,2026-08-25,13:00,47.4,33.9,82.0,68.0,OK
KK4,Trạm Khu công nghiệp Nam Phong,DV04,2026-08-25,14:00,57.9,33.6,82.0,68.0,OK
KK4,Trạm Khu công nghiệp Nam Phong,DV04,2026-08-25,15:00,52.2,31.3,84.0,68.0,OK
KK4,Trạm Khu công nghiệp Nam Phong,DV04,2026-08-25,16:00,73.3,30.4,69.0,67.0,OK
KK4,Trạm Khu công nghiệp Nam Phong,DV04,2026-08-25,17:00,55.5,35.6,93.0,67.0,OK
KK4,Trạm Khu công nghiệp Nam Phong,DV04,2026-08-25,18:00,57.8,32.5,62.0,67.0,OK
KK4,Trạm Khu công nghiệp Nam Phong,DV04,2026-08-25,19:00,42.2,28.2,74.0,67.0,OK
KK4,Trạm Khu công nghiệp Nam Phong,DV04,2026-08-25,20:00,55.9,31.8,77.0,67.0,OK
KK4,Trạm Khu công nghiệp Nam Phong,DV04,2026-08-25,21:00,65.6,33.8,73.0,67.0,OK
KK4,Trạm Khu công nghiệp Nam Phong,DV04,2026-08-25,22:00,60.1,30.1,74.0,67.0,OK
KK4,Trạm Khu công nghiệp Nam Phong,DV04,2026-08-25,23:00,49.8,33.9,63.0,67.0,OK
KK4,Trạm Khu công nghiệp Nam Phong,DV04,2026-08-26,00:00,71.0,31.9,58.0,67.0,OK
KK4,Trạm Khu công nghiệp Nam Phong,DV04,2026-08-26,01:00,43.5,33.9,76.0,67.0,OK
KK4,Trạm Khu công nghiệp Nam Phong,DV04,2026-08-26,02:00,70.9,26.7,69.0,67.0,OK
KK4,Trạm Khu công nghiệp Nam Phong,DV04,2026-08-26,03:00,34.5,28.4,79.0,67.0,OK
KK4,Trạm Khu công nghiệp Nam Phong,DV04,2026-08-26,04:00,54.5,25.4,75.0,67.0,OK
KK4,Trạm Khu công nghiệp Nam Phong,DV04,2026-08-26,05:00,39.7,35.7,71.0,67.0,OK
KK4,Trạm Khu công nghiệp Nam Phong,DV04,2026-08-26,06:00,70.0,31.2,68.0,67.0,OK
KK4,Trạm Khu công nghiệp Nam Phong,DV04,2026-08-26,07:00,73.2,29.7,84.0,67.0,OK
KK4,Trạm Khu công nghiệp Nam Phong,DV04,2026-08-26,08:00,55.2,33.3,85.0,67.0,OK
KK4,Trạm Khu công nghiệp Nam Phong,DV04,2026-08-26,09:00,44.1,28.0,71.0,67.0,OK
KK4,Trạm Khu công nghiệp Nam Phong,DV04,2026-08-26,10:00,48.6,33.1,74.0,66.0,OK
KK4,Trạm Khu công nghiệp Nam Phong,DV04,2026-08-26,11:00,47.7,33.5,81.0,66.0,OK
KK4,Trạm Khu công nghiệp Nam Phong,DV04,2026-08-26,12:00,68.1,27.2,76.0,66.0,OK
KK4,Trạm Khu công nghiệp Nam Phong,DV04,2026-08-26,13:00,43.0,29.2,69.0,66.0,OK
KK4,Trạm Khu công nghiệp Nam Phong,DV04,2026-08-26,14:00,47.6,27.6,65.0,66.0,OK
KK4,Trạm Khu công nghiệp Nam Phong,DV04,2026-08-26,15:00,50.1,32.4,78.0,66.0,OK
KK4,Trạm Khu công nghiệp Nam Phong,DV04,2026-08-26,16:00,67.9,30.1,75.0,66.0,OK
KK4,Trạm Khu công nghiệp Nam Phong,DV04,2026-08-26,17:00,70.2,32.0,63.0,66.0,OK
KK4,Trạm Khu công nghiệp Nam Phong,DV04,2026-08-26,18:00,52.7,31.3,72.0,66.0,OK
KK4,Trạm Khu công nghiệp Nam Phong,DV04,2026-08-26,19:00,63.8,28.3,75.0,66.0,OK
KK4,Trạm Khu công nghiệp Nam Phong,DV04,2026-08-26,20:00,57.6,32.0,73.0,66.0,OK
KK4,Trạm Khu công nghiệp Nam Phong,DV04,2026-08-26,21:00,42.6,27.3,74.0,66.0,OK
KK4,Trạm Khu công nghiệp Nam Phong,DV04,2026-08-26,22:00,45.1,33.2,81.0,66.0,OK
KK4,Trạm Khu công nghiệp Nam Phong,DV04,2026-08-26,23:00,54.8,33.6,81.0,66.0,OK
KK4,Trạm Khu công nghiệp Nam Phong,DV04,2026-08-27,00:00,45.2,30.1,68.0,66.0,OK
KK4,Trạm Khu công nghiệp Nam Phong,DV04,2026-08-27,01:00,47.8,28.8,83.0,66.0,OK
KK4,Trạm Khu công nghiệp Nam Phong,DV04,2026-08-27,02:00,53.2,29.3,76.0,66.0,OK
KK4,Trạm Khu công nghiệp Nam Phong,DV04,2026-08-27,03:00,54.9,32.0,78.0,66.0,OK
KK4,Trạm Khu công nghiệp Nam Phong,DV04,2026-08-27,04:00,56.8,29.6,81.0,65.0,OK
KK4,Trạm Khu công nghiệp Nam Phong,DV04,2026-08-27,05:00,50.1,25.8,75.0,65.0,OK
KK4,Trạm Khu công nghiệp Nam Phong,DV04,2026-08-27,06:00,68.3,24.3,57.0,65.0,OK
KK4,Trạm Khu công nghiệp Nam Phong,DV04,2026-08-27,07:00,68.6,33.6,63.0,65.0,OK
KK4,Trạm Khu công nghiệp Nam Phong,DV04,2026-08-27,08:00,64.5,30.9,54.0,65.0,OK
KK4,Trạm Khu công nghiệp Nam Phong,DV04,2026-08-27,09:00,52.7,29.5,76.0,65.0,OK
KK4,Trạm Khu công nghiệp Nam Phong,DV04,2026-08-27,10:00,64.4,27.3,65.0,65.0,OK
KK4,Trạm Khu công nghiệp Nam Phong,DV04,2026-08-27,11:00,61.5,26.9,74.0,65.0,OK
KK4,Trạm Khu công nghiệp Nam Phong,DV04,2026-08-27,12:00,56.7,23.3,67.0,65.0,OK
KK4,Trạm Khu công nghiệp Nam Phong,DV04,2026-08-27,13:00,68.7,28.1,71.0,65.0,OK
KK4,Trạm Khu công nghiệp Nam Phong,DV04,2026-08-27,14:00,43.2,39.8,81.0,65.0,OK
KK4,Trạm Khu công nghiệp Nam Phong,DV04,2026-08-27,15:00,60.0,29.0,73.0,65.0,OK
KK4,Trạm Khu công nghiệp Nam Phong,DV04,2026-08-27,16:00,58.3,37.6,88.0,65.0,OK
KK4,Trạm Khu công nghiệp Nam Phong,DV04,2026-08-27,17:00,71.5,30.4,81.0,65.0,OK
KK4,Trạm Khu công nghiệp Nam Phong,DV04,2026-08-27,18:00,55.6,29.2,65.0,65.0,OK
KK4,Trạm Khu công nghiệp Nam Phong,DV04,2026-08-27,19:00,64.0,30.1,80.0,65.0,OK
KK4,Trạm Khu công nghiệp Nam Phong,DV04,2026-08-27,20:00,40.6,25.1,74.0,65.0,OK
KK4,Trạm Khu công nghiệp Nam Phong,DV04,2026-08-27,21:00,56.0,26.0,78.0,65.0,OK
KK4,Trạm Khu công nghiệp Nam Phong,DV04,2026-08-27,22:00,69.5,32.6,75.0,64.0,OK
KK4,Trạm Khu công nghiệp Nam Phong,DV04,2026-08-27,23:00,60.1,27.3,73.0,64.0,OK
KK4,Trạm Khu công nghiệp Nam Phong,DV04,2026-08-28,00:00,54.7,33.8,76.0,64.0,OK
KK4,Trạm Khu công nghiệp Nam Phong,DV04,2026-08-28,01:00,50.8,27.4,70.0,64.0,OK
KK4,Trạm Khu công nghiệp Nam Phong,DV04,2026-08-28,02:00,44.0,32.2,86.0,64.0,OK
KK4,Trạm Khu công nghiệp Nam Phong,DV04,2026-08-28,03:00,49.1,27.8,81.0,64.0,OK
KK4,Trạm Khu công nghiệp Nam Phong,DV04,2026-08-28,04:00,55.0,31.7,79.0,64.0,OK
KK4,Trạm Khu công nghiệp Nam Phong,DV04,2026-08-28,05:00,44.0,27.6,77.0,64.0,OK
KK4,Trạm Khu công nghiệp Nam Phong,DV04,2026-08-28,06:00,52.8,25.5,89.0,64.0,OK
KK4,Trạm Khu công nghiệp Nam Phong,DV04,2026-08-28,07:00,75.4,28.9,73.0,64.0,OK
KK4,Trạm Khu công nghiệp Nam Phong,DV04,2026-08-28,08:00,44.4,33.4,71.0,64.0,OK
KK4,Trạm Khu công nghiệp Nam Phong,DV04,2026-08-28,09:00,41.0,25.5,66.0,64.0,OK
KK4,Trạm Khu công nghiệp Nam Phong,DV04,2026-08-28,10:00,46.9,26.8,73.0,64.0,OK
KK4,Trạm Khu công nghiệp Nam Phong,DV04,2026-08-28,11:00,57.0,30.0,68.0,64.0,OK
KK4,Trạm Khu công nghiệp Nam Phong,DV04,2026-08-28,12:00,41.5,30.2,78.0,64.0,OK
KK4,Trạm Khu công nghiệp Nam Phong,DV04,2026-08-28,13:00,56.6,29.1,85.0,64.0,OK
KK4,Trạm Khu công nghiệp Nam Phong,DV04,2026-08-28,14:00,51.1,27.0,80.0,64.0,OK
KK4,Trạm Khu công nghiệp Nam Phong,DV04,2026-08-28,15:00,49.7,31.8,75.0,64.0,OK
KK4,Trạm Khu công nghiệp Nam Phong,DV04,2026-08-28,16:00,69.0,27.0,61.0,63.0,OK
KK4,Trạm Khu công nghiệp Nam Phong,DV04,2026-08-28,17:00,56.2,28.3,67.0,63.0,OK
KK4,Trạm Khu công nghiệp Nam Phong,DV04,2026-08-28,18:00,44.1,32.1,87.0,63.0,OK
KK4,Trạm Khu công nghiệp Nam Phong,DV04,2026-08-28,19:00,58.5,28.7,78.0,63.0,OK
KK4,Trạm Khu công nghiệp Nam Phong,DV04,2026-08-28,20:00,66.2,31.6,79.0,63.0,OK
KK4,Trạm Khu công nghiệp Nam Phong,DV04,2026-08-28,21:00,56.0,28.9,75.0,63.0,OK
KK4,Trạm Khu công nghiệp Nam Phong,DV04,2026-08-28,22:00,47.3,25.3,72.0,63.0,OK
KK4,Trạm Khu công nghiệp Nam Phong,DV04,2026-08-28,23:00,44.8,28.2,76.0,63.0,OK
KK4,Trạm Khu công nghiệp Nam Phong,DV04,2026-08-29,00:00,73.0,28.6,72.0,63.0,OK
KK4,Trạm Khu công nghiệp Nam Phong,DV04,2026-08-29,01:00,70.2,27.4,71.0,63.0,OK
KK4,Trạm Khu công nghiệp Nam Phong,DV04,2026-08-29,02:00,70.8,34.7,73.0,63.0,OK
KK4,Trạm Khu công nghiệp Nam Phong,DV04,2026-08-29,03:00,46.5,31.6,85.0,63.0,OK
KK4,Trạm Khu công nghiệp Nam Phong,DV04,2026-08-29,04:00,43.9,31.1,68.0,63.0,OK
KK4,Trạm Khu công nghiệp Nam Phong,DV04,2026-08-29,05:00,60.5,31.6,63.0,63.0,OK
KK4,Trạm Khu công nghiệp Nam Phong,DV04,2026-08-29,06:00,62.7,30.8,78.0,63.0,OK
KK4,Trạm Khu công nghiệp Nam Phong,DV04,2026-08-29,07:00,60.8,31.2,76.0,63.0,OK
KK4,Trạm Khu công nghiệp Nam Phong,DV04,2026-08-29,08:00,47.6,23.9,80.0,63.0,OK
KK4,Trạm Khu công nghiệp Nam Phong,DV04,2026-08-29,09:00,52.3,27.9,76.0,63.0,OK
KK4,Trạm Khu công nghiệp Nam Phong,DV04,2026-08-29,10:00,49.0,28.1,85.0,62.0,OK
KK4,Trạm Khu công nghiệp Nam Phong,DV04,2026-08-29,11:00,46.2,31.1,79.0,62.0,OK
KK4,Trạm Khu công nghiệp Nam Phong,DV04,2026-08-29,12:00,60.3,32.2,89.0,62.0,OK
KK4,Trạm Khu công nghiệp Nam Phong,DV04,2026-08-29,13:00,64.2,30.5,79.0,62.0,OK
KK4,Trạm Khu công nghiệp Nam Phong,DV04,2026-08-29,14:00,52.6,29.5,74.0,62.0,OK
KK4,Trạm Khu công nghiệp Nam Phong,DV04,2026-08-29,15:00,52.4,30.8,64.0,62.0,OK
KK4,Trạm Khu công nghiệp Nam Phong,DV04,2026-08-29,16:00,58.6,27.5,72.0,62.0,OK
KK4,Trạm Khu công nghiệp Nam Phong,DV04,2026-08-29,17:00,73.5,34.4,77.0,62.0,OK
KK4,Trạm Khu công nghiệp Nam Phong,DV04,2026-08-29,18:00,55.2,29.4,73.0,62.0,OK
KK4,Trạm Khu công nghiệp Nam Phong,DV04,2026-08-29,19:00,62.8,31.3,79.0,62.0,OK
KK4,Trạm Khu công nghiệp Nam Phong,DV04,2026-08-29,20:00,53.0,35.7,68.0,62.0,OK
KK4,Trạm Khu công nghiệp Nam Phong,DV04,2026-08-29,21:00,57.7,33.5,73.0,62.0,OK
KK4,Trạm Khu công nghiệp Nam Phong,DV04,2026-08-29,22:00,55.6,26.3,79.0,62.0,OK
KK4,Trạm Khu công nghiệp Nam Phong,DV04,2026-08-29,23:00,55.2,31.8,74.0,62.0,OK
KK4,Trạm Khu công nghiệp Nam Phong,DV04,2026-08-30,00:00,67.2,30.1,62.0,62.0,OK
KK4,Trạm Khu công nghiệp Nam Phong,DV04,2026-08-30,01:00,59.9,33.7,72.0,62.0,OK
KK4,Trạm Khu công nghiệp Nam Phong,DV04,2026-08-30,02:00,41.1,28.0,87.0,62.0,OK
KK4,Trạm Khu công nghiệp Nam Phong,DV04,2026-08-30,03:00,45.5,33.0,65.0,62.0,OK
KK4,Trạm Khu công nghiệp Nam Phong,DV04,2026-08-30,04:00,40.0,28.1,78.0,61.0,OK
KK4,Trạm Khu công nghiệp Nam Phong,DV04,2026-08-30,05:00,45.5,28.2,80.0,61.0,OK
KK4,Trạm Khu công nghiệp Nam Phong,DV04,2026-08-30,06:00,65.7,29.4,68.0,61.0,OK
KK4,Trạm Khu công nghiệp Nam Phong,DV04,2026-08-30,07:00,73.0,26.6,75.0,61.0,OK
KK4,Trạm Khu công nghiệp Nam Phong,DV04,2026-08-30,08:00,68.8,38.0,76.0,61.0,OK
KK4,Trạm Khu công nghiệp Nam Phong,DV04,2026-08-30,09:00,57.6,31.4,75.0,61.0,OK
KK4,Trạm Khu công nghiệp Nam Phong,DV04,2026-08-30,10:00,45.3,30.8,71.0,61.0,OK
KK4,Trạm Khu công nghiệp Nam Phong,DV04,2026-08-30,11:00,43.9,31.6,67.0,61.0,OK
KK4,Trạm Khu công nghiệp Nam Phong,DV04,2026-08-30,12:00,60.2,32.8,73.0,61.0,OK
KK4,Trạm Khu công nghiệp Nam Phong,DV04,2026-08-30,13:00,64.8,34.3,75.0,61.0,OK
KK4,Trạm Khu công nghiệp Nam Phong,DV04,2026-08-30,14:00,66.5,29.3,65.0,61.0,OK
KK4,Trạm Khu công nghiệp Nam Phong,DV04,2026-08-30,15:00,48.3,27.3,63.0,61.0,OK
KK4,Trạm Khu công nghiệp Nam Phong,DV04,2026-08-30,16:00,55.9,31.5,87.0,61.0,OK
KK4,Trạm Khu công nghiệp Nam Phong,DV04,2026-08-30,17:00,64.9,31.8,82.0,61.0,OK
KK4,Trạm Khu công nghiệp Nam Phong,DV04,2026-08-30,18:00,45.2,33.4,76.0,61.0,OK
KK4,Trạm Khu công nghiệp Nam Phong,DV04,2026-08-30,19:00,56.5,30.2,77.0,61.0,OK
KK4,Trạm Khu công nghiệp Nam Phong,DV04,2026-08-30,20:00,57.9,34.1,78.0,61.0,OK
KK4,Trạm Khu công nghiệp Nam Phong,DV04,2026-08-30,21:00,47.1,32.3,77.0,61.0,OK
KK4,Trạm Khu công nghiệp Nam Phong,DV04,2026-08-30,22:00,57.8,34.7,80.0,61.0,OK
KK4,Trạm Khu công nghiệp Nam Phong,DV04,2026-08-30,23:00,54.3,25.9,69.0,60.0,OK
KK5,Trạm Cầu Mẫu,DV03,2026-08-01,00:00,82.5,28.9,75.0,100.0,OK
KK5,Trạm Cầu Mẫu,DV03,2026-08-01,01:00,69.0,38.9,85.0,100.0,OK
KK5,Trạm Cầu Mẫu,DV03,2026-08-01,02:00,56.8,34.5,74.0,100.0,OK
KK5,Trạm Cầu Mẫu,DV03,2026-08-01,03:00,61.0,26.3,72.0,100.0,OK
KK5,Trạm Cầu Mẫu,DV03,2026-08-01,04:00,61.0,29.7,78.0,100.0,OK
KK5,Trạm Cầu Mẫu,DV03,2026-08-01,05:00,71.4,28.6,70.0,100.0,OK
KK5,Trạm Cầu Mẫu,DV03,2026-08-01,06:00,110.3,28.1,59.0,100.0,OK
KK5,Trạm Cầu Mẫu,DV03,2026-08-01,07:00,64.6,29.2,67.0,100.0,OK
KK5,Trạm Cầu Mẫu,DV03,2026-08-01,08:00,92.9,31.9,72.0,99.0,OK
KK5,Trạm Cầu Mẫu,DV03,2026-08-01,09:00,65.3,35.1,65.0,99.0,OK
KK5,Trạm Cầu Mẫu,DV03,2026-08-01,10:00,78.4,26.9,80.0,99.0,OK
KK5,Trạm Cầu Mẫu,DV03,2026-08-01,11:00,100.2,33.4,66.0,99.0,OK
KK5,Trạm Cầu Mẫu,DV03,2026-08-01,12:00,90.4,29.3,69.0,99.0,OK
KK5,Trạm Cầu Mẫu,DV03,2026-08-01,13:00,56.1,31.1,74.0,99.0,OK
KK5,Trạm Cầu Mẫu,DV03,2026-08-01,14:00,65.7,33.2,70.0,99.0,OK
KK5,Trạm Cầu Mẫu,DV03,2026-08-01,15:00,94.5,32.0,90.0,99.0,OK
KK5,Trạm Cầu Mẫu,DV03,2026-08-01,16:00,84.0,28.1,77.0,99.0,OK
KK5,Trạm Cầu Mẫu,DV03,2026-08-01,17:00,72.6,30.7,69.0,99.0,OK
KK5,Trạm Cầu Mẫu,DV03,2026-08-01,18:00,86.1,29.4,73.0,99.0,OK
KK5,Trạm Cầu Mẫu,DV03,2026-08-01,19:00,78.3,32.2,77.0,99.0,OK
KK5,Trạm Cầu Mẫu,DV03,2026-08-01,20:00,85.0,28.8,84.0,99.0,OK
KK5,Trạm Cầu Mẫu,DV03,2026-08-01,21:00,55.2,34.8,79.0,99.0,OK
KK5,Trạm Cầu Mẫu,DV03,2026-08-01,22:00,64.5,27.3,74.0,99.0,OK
KK5,Trạm Cầu Mẫu,DV03,2026-08-01,23:00,64.3,30.9,74.0,99.0,OK
KK5,Trạm Cầu Mẫu,DV03,2026-08-02,00:00,82.5,26.9,83.0,99.0,OK
KK5,Trạm Cầu Mẫu,DV03,2026-08-02,01:00,87.3,31.7,78.0,99.0,OK
KK5,Trạm Cầu Mẫu,DV03,2026-08-02,02:00,97.0,36.1,78.0,98.0,OK
KK5,Trạm Cầu Mẫu,DV03,2026-08-02,03:00,46.8,31.0,80.0,98.0,OK
KK5,Trạm Cầu Mẫu,DV03,2026-08-02,04:00,61.5,31.1,75.0,98.0,OK
KK5,Trạm Cầu Mẫu,DV03,2026-08-02,05:00,76.3,31.9,71.0,98.0,OK
KK5,Trạm Cầu Mẫu,DV03,2026-08-02,06:00,77.4,32.7,78.0,98.0,OK
KK5,Trạm Cầu Mẫu,DV03,2026-08-02,07:00,114.0,31.9,68.0,98.0,OK
KK5,Trạm Cầu Mẫu,DV03,2026-08-02,08:00,82.0,27.8,69.0,98.0,OK
KK5,Trạm Cầu Mẫu,DV03,2026-08-02,09:00,74.5,30.2,78.0,98.0,OK
KK5,Trạm Cầu Mẫu,DV03,2026-08-02,10:00,54.8,28.3,81.0,98.0,OK
KK5,Trạm Cầu Mẫu,DV03,2026-08-02,11:00,89.6,32.0,75.0,98.0,OK
KK5,Trạm Cầu Mẫu,DV03,2026-08-02,12:00,62.2,33.4,78.0,98.0,OK
KK5,Trạm Cầu Mẫu,DV03,2026-08-02,13:00,88.8,28.8,78.0,98.0,OK
KK5,Trạm Cầu Mẫu,DV03,2026-08-02,14:00,71.6,29.8,73.0,98.0,OK
KK5,Trạm Cầu Mẫu,DV03,2026-08-02,15:00,74.1,32.6,76.0,98.0,OK
KK5,Trạm Cầu Mẫu,DV03,2026-08-02,16:00,92.0,29.6,71.0,98.0,OK
KK5,Trạm Cầu Mẫu,DV03,2026-08-02,17:00,65.1,27.8,76.0,98.0,OK
KK5,Trạm Cầu Mẫu,DV03,2026-08-02,18:00,76.6,29.7,72.0,98.0,OK
KK5,Trạm Cầu Mẫu,DV03,2026-08-02,19:00,66.8,33.0,77.0,98.0,OK
KK5,Trạm Cầu Mẫu,DV03,2026-08-02,20:00,63.4,33.9,73.0,98.0,OK
KK5,Trạm Cầu Mẫu,DV03,2026-08-02,21:00,62.1,31.3,78.0,97.0,OK
KK5,Trạm Cầu Mẫu,DV03,2026-08-02,22:00,84.5,33.2,74.0,97.0,OK
KK5,Trạm Cầu Mẫu,DV03,2026-08-02,23:00,72.6,26.2,75.0,97.0,OK
KK5,Trạm Cầu Mẫu,DV03,2026-08-03,00:00,105.1,33.0,73.0,97.0,OK
KK5,Trạm Cầu Mẫu,DV03,2026-08-03,01:00,89.5,31.2,62.0,97.0,OK
KK5,Trạm Cầu Mẫu,DV03,2026-08-03,02:00,80.8,31.7,87.0,97.0,OK
KK5,Trạm Cầu Mẫu,DV03,2026-08-03,03:00,59.1,34.1,74.0,97.0,OK
KK5,Trạm Cầu Mẫu,DV03,2026-08-03,04:00,56.4,25.3,84.0,97.0,OK
KK5,Trạm Cầu Mẫu,DV03,2026-08-03,05:00,84.9,32.7,67.0,97.0,OK
KK5,Trạm Cầu Mẫu,DV03,2026-08-03,06:00,88.7,28.9,86.0,97.0,OK
KK5,Trạm Cầu Mẫu,DV03,2026-08-03,07:00,81.9,29.8,64.0,97.0,OK
KK5,Trạm Cầu Mẫu,DV03,2026-08-03,08:00,82.1,30.0,62.0,97.0,OK
KK5,Trạm Cầu Mẫu,DV03,2026-08-03,09:00,61.9,28.3,69.0,97.0,OK
KK5,Trạm Cầu Mẫu,DV03,2026-08-03,10:00,56.2,29.7,75.0,97.0,OK
KK5,Trạm Cầu Mẫu,DV03,2026-08-03,11:00,81.0,28.0,86.0,97.0,OK
KK5,Trạm Cầu Mẫu,DV03,2026-08-03,12:00,96.5,26.8,77.0,97.0,OK
KK5,Trạm Cầu Mẫu,DV03,2026-08-03,13:00,99.5,32.2,82.0,97.0,OK
KK5,Trạm Cầu Mẫu,DV03,2026-08-03,14:00,87.3,33.2,57.0,97.0,OK
KK5,Trạm Cầu Mẫu,DV03,2026-08-03,15:00,81.0,27.1,83.0,96.0,OK
KK5,Trạm Cầu Mẫu,DV03,2026-08-03,16:00,102.3,27.2,63.0,96.0,OK
KK5,Trạm Cầu Mẫu,DV03,2026-08-03,17:00,90.7,27.7,73.0,96.0,OK
KK5,Trạm Cầu Mẫu,DV03,2026-08-03,18:00,89.2,27.6,75.0,96.0,OK
KK5,Trạm Cầu Mẫu,DV03,2026-08-03,19:00,95.5,27.3,82.0,96.0,OK
KK5,Trạm Cầu Mẫu,DV03,2026-08-03,20:00,95.6,31.7,76.0,96.0,OK
KK5,Trạm Cầu Mẫu,DV03,2026-08-03,21:00,56.9,30.8,87.0,96.0,OK
KK5,Trạm Cầu Mẫu,DV03,2026-08-03,22:00,99.2,29.2,82.0,96.0,OK
KK5,Trạm Cầu Mẫu,DV03,2026-08-03,23:00,76.3,31.3,66.0,96.0,OK
KK5,Trạm Cầu Mẫu,DV03,2026-08-04,00:00,71.6,24.1,70.0,96.0,OK
KK5,Trạm Cầu Mẫu,DV03,2026-08-04,01:00,92.2,27.2,74.0,96.0,OK
KK5,Trạm Cầu Mẫu,DV03,2026-08-04,02:00,96.7,35.2,83.0,96.0,OK
KK5,Trạm Cầu Mẫu,DV03,2026-08-04,03:00,68.2,28.9,69.0,96.0,OK
KK5,Trạm Cầu Mẫu,DV03,2026-08-04,04:00,56.4,32.1,76.0,96.0,OK
KK5,Trạm Cầu Mẫu,DV03,2026-08-04,05:00,84.7,34.3,94.0,96.0,OK
KK5,Trạm Cầu Mẫu,DV03,2026-08-04,06:00,69.1,31.6,75.0,96.0,OK
KK5,Trạm Cầu Mẫu,DV03,2026-08-04,07:00,65.4,31.0,84.0,96.0,OK
KK5,Trạm Cầu Mẫu,DV03,2026-08-04,08:00,70.5,28.8,75.0,96.0,OK
KK5,Trạm Cầu Mẫu,DV03,2026-08-04,09:00,71.4,29.2,77.0,95.0,OK
KK5,Trạm Cầu Mẫu,DV03,2026-08-04,10:00,63.1,32.8,72.0,95.0,OK
KK5,Trạm Cầu Mẫu,DV03,2026-08-04,11:00,74.9,33.0,74.0,95.0,OK
KK5,Trạm Cầu Mẫu,DV03,2026-08-04,12:00,82.0,30.9,72.0,95.0,OK
KK5,Trạm Cầu Mẫu,DV03,2026-08-04,13:00,59.9,29.6,69.0,95.0,OK
KK5,Trạm Cầu Mẫu,DV03,2026-08-04,14:00,90.7,29.1,67.0,95.0,OK
KK5,Trạm Cầu Mẫu,DV03,2026-08-04,15:00,74.2,30.3,70.0,95.0,OK
KK5,Trạm Cầu Mẫu,DV03,2026-08-04,16:00,87.3,31.9,64.0,95.0,OK
KK5,Trạm Cầu Mẫu,DV03,2026-08-04,17:00,111.3,29.2,78.0,95.0,OK
KK5,Trạm Cầu Mẫu,DV03,2026-08-04,18:00,106.9,31.6,66.0,95.0,OK
KK5,Trạm Cầu Mẫu,DV03,2026-08-04,19:00,74.7,34.5,69.0,95.0,OK
KK5,Trạm Cầu Mẫu,DV03,2026-08-04,20:00,73.8,36.8,59.0,95.0,OK
KK5,Trạm Cầu Mẫu,DV03,2026-08-04,21:00,70.0,32.1,66.0,95.0,OK
KK5,Trạm Cầu Mẫu,DV03,2026-08-04,22:00,96.4,33.8,77.0,95.0,OK
KK5,Trạm Cầu Mẫu,DV03,2026-08-04,23:00,63.6,24.1,75.0,95.0,OK
KK5,Trạm Cầu Mẫu,DV03,2026-08-05,00:00,62.8,31.9,87.0,95.0,OK
KK5,Trạm Cầu Mẫu,DV03,2026-08-05,01:00,103.7,30.2,67.0,95.0,OK
KK5,Trạm Cầu Mẫu,DV03,2026-08-05,02:00,94.2,29.8,67.0,95.0,OK
KK5,Trạm Cầu Mẫu,DV03,2026-08-05,03:00,61.3,25.6,70.0,94.0,OK
KK5,Trạm Cầu Mẫu,DV03,2026-08-05,04:00,86.1,32.0,69.0,94.0,OK
KK5,Trạm Cầu Mẫu,DV03,2026-08-05,05:00,78.2,34.0,69.0,94.0,OK
KK5,Trạm Cầu Mẫu,DV03,2026-08-05,06:00,93.8,31.4,74.0,94.0,OK
KK5,Trạm Cầu Mẫu,DV03,2026-08-05,07:00,77.8,27.0,66.0,94.0,OK
KK5,Trạm Cầu Mẫu,DV03,2026-08-05,08:00,75.5,31.6,69.0,94.0,OK
KK5,Trạm Cầu Mẫu,DV03,2026-08-05,09:00,74.0,28.1,66.0,94.0,OK
KK5,Trạm Cầu Mẫu,DV03,2026-08-05,10:00,59.2,33.7,74.0,94.0,OK
KK5,Trạm Cầu Mẫu,DV03,2026-08-05,11:00,61.3,35.4,73.0,94.0,OK
KK5,Trạm Cầu Mẫu,DV03,2026-08-05,12:00,87.4,31.4,73.0,94.0,OK
KK5,Trạm Cầu Mẫu,DV03,2026-08-05,13:00,65.2,30.5,64.0,94.0,OK
KK5,Trạm Cầu Mẫu,DV03,2026-08-05,14:00,82.4,28.2,81.0,94.0,OK
KK5,Trạm Cầu Mẫu,DV03,2026-08-05,15:00,75.7,31.1,59.0,94.0,OK
KK5,Trạm Cầu Mẫu,DV03,2026-08-05,16:00,75.6,33.0,63.0,94.0,OK
KK5,Trạm Cầu Mẫu,DV03,2026-08-05,17:00,68.3,24.8,67.0,94.0,OK
KK5,Trạm Cầu Mẫu,DV03,2026-08-05,18:00,81.8,27.5,68.0,94.0,OK
KK5,Trạm Cầu Mẫu,DV03,2026-08-05,19:00,60.7,26.8,77.0,94.0,OK
KK5,Trạm Cầu Mẫu,DV03,2026-08-05,20:00,66.4,36.5,73.0,94.0,OK
KK5,Trạm Cầu Mẫu,DV03,2026-08-05,21:00,61.9,30.6,69.0,93.0,OK
KK5,Trạm Cầu Mẫu,DV03,2026-08-05,22:00,61.4,32.4,79.0,93.0,OK
KK5,Trạm Cầu Mẫu,DV03,2026-08-05,23:00,91.4,32.3,70.0,93.0,OK
KK5,Trạm Cầu Mẫu,DV03,2026-08-06,00:00,63.8,33.6,78.0,93.0,OK
KK5,Trạm Cầu Mẫu,DV03,2026-08-06,01:00,85.4,34.0,70.0,93.0,OK
KK5,Trạm Cầu Mẫu,DV03,2026-08-06,02:00,65.2,28.4,80.0,93.0,OK
KK5,Trạm Cầu Mẫu,DV03,2026-08-06,03:00,46.0,29.1,68.0,93.0,OK
KK5,Trạm Cầu Mẫu,DV03,2026-08-06,04:00,65.6,31.0,74.0,93.0,OK
KK5,Trạm Cầu Mẫu,DV03,2026-08-06,05:00,78.3,33.7,77.0,93.0,OK
KK5,Trạm Cầu Mẫu,DV03,2026-08-06,06:00,65.8,30.6,81.0,93.0,OK
KK5,Trạm Cầu Mẫu,DV03,2026-08-06,07:00,107.7,36.0,72.0,93.0,OK
KK5,Trạm Cầu Mẫu,DV03,2026-08-06,08:00,68.8,30.2,67.0,93.0,OK
KK5,Trạm Cầu Mẫu,DV03,2026-08-06,09:00,99.8,32.4,69.0,93.0,OK
KK5,Trạm Cầu Mẫu,DV03,2026-08-06,10:00,90.6,34.8,70.0,93.0,OK
KK5,Trạm Cầu Mẫu,DV03,2026-08-06,11:00,92.8,29.4,73.0,93.0,OK
KK5,Trạm Cầu Mẫu,DV03,2026-08-06,12:00,89.8,30.2,74.0,93.0,OK
KK5,Trạm Cầu Mẫu,DV03,2026-08-06,13:00,95.7,32.3,72.0,93.0,OK
KK5,Trạm Cầu Mẫu,DV03,2026-08-06,14:00,93.4,30.1,74.0,93.0,OK
KK5,Trạm Cầu Mẫu,DV03,2026-08-06,15:00,81.6,28.3,55.0,92.0,OK
KK5,Trạm Cầu Mẫu,DV03,2026-08-06,16:00,76.4,31.7,76.0,92.0,OK
KK5,Trạm Cầu Mẫu,DV03,2026-08-06,17:00,75.3,32.9,72.0,92.0,OK
KK5,Trạm Cầu Mẫu,DV03,2026-08-06,18:00,88.3,26.5,62.0,92.0,OK
KK5,Trạm Cầu Mẫu,DV03,2026-08-06,19:00,84.7,29.0,77.0,92.0,OK
KK5,Trạm Cầu Mẫu,DV03,2026-08-06,20:00,84.0,31.1,76.0,92.0,OK
KK5,Trạm Cầu Mẫu,DV03,2026-08-06,21:00,70.7,30.7,71.0,92.0,OK
KK5,Trạm Cầu Mẫu,DV03,2026-08-06,22:00,97.5,34.5,68.0,92.0,OK
KK5,Trạm Cầu Mẫu,DV03,2026-08-06,23:00,98.0,25.9,78.0,92.0,OK
KK5,Trạm Cầu Mẫu,DV03,2026-08-07,00:00,81.7,34.6,82.0,92.0,OK
KK5,Trạm Cầu Mẫu,DV03,2026-08-07,01:00,77.5,32.7,75.0,92.0,OK
KK5,Trạm Cầu Mẫu,DV03,2026-08-07,02:00,85.2,28.3,75.0,92.0,OK
KK5,Trạm Cầu Mẫu,DV03,2026-08-07,03:00,55.2,32.9,85.0,92.0,OK
KK5,Trạm Cầu Mẫu,DV03,2026-08-07,04:00,64.1,31.8,67.0,92.0,OK
KK5,Trạm Cầu Mẫu,DV03,2026-08-07,05:00,71.0,32.2,67.0,92.0,OK
KK5,Trạm Cầu Mẫu,DV03,2026-08-07,06:00,72.7,28.1,74.0,92.0,OK
KK5,Trạm Cầu Mẫu,DV03,2026-08-07,07:00,104.0,30.4,70.0,92.0,OK
KK5,Trạm Cầu Mẫu,DV03,2026-08-07,08:00,94.4,26.6,65.0,92.0,OK
KK5,Trạm Cầu Mẫu,DV03,2026-08-07,09:00,75.6,30.7,63.0,92.0,OK
KK5,Trạm Cầu Mẫu,DV03,2026-08-07,10:00,62.0,30.2,84.0,91.0,OK
KK5,Trạm Cầu Mẫu,DV03,2026-08-07,11:00,57.6,25.6,64.0,91.0,OK
KK5,Trạm Cầu Mẫu,DV03,2026-08-07,12:00,58.9,32.9,79.0,91.0,OK
KK5,Trạm Cầu Mẫu,DV03,2026-08-07,13:00,69.6,29.0,66.0,91.0,OK
KK5,Trạm Cầu Mẫu,DV03,2026-08-07,14:00,94.3,31.5,81.0,91.0,OK
KK5,Trạm Cầu Mẫu,DV03,2026-08-07,15:00,58.0,30.4,80.0,91.0,OK
KK5,Trạm Cầu Mẫu,DV03,2026-08-07,16:00,90.5,25.8,73.0,91.0,OK
KK5,Trạm Cầu Mẫu,DV03,2026-08-07,17:00,110.3,24.8,73.0,91.0,OK
KK5,Trạm Cầu Mẫu,DV03,2026-08-07,18:00,63.8,31.3,67.0,91.0,OK
KK5,Trạm Cầu Mẫu,DV03,2026-08-07,19:00,62.7,28.8,75.0,91.0,OK
KK5,Trạm Cầu Mẫu,DV03,2026-08-07,20:00,59.7,32.7,69.0,91.0,OK
KK5,Trạm Cầu Mẫu,DV03,2026-08-07,21:00,86.4,33.3,73.0,91.0,OK
KK5,Trạm Cầu Mẫu,DV03,2026-08-07,22:00,75.2,33.4,82.0,91.0,OK
KK5,Trạm Cầu Mẫu,DV03,2026-08-07,23:00,75.1,27.3,67.0,91.0,OK
KK5,Trạm Cầu Mẫu,DV03,2026-08-08,00:00,72.8,30.5,82.0,91.0,OK
KK5,Trạm Cầu Mẫu,DV03,2026-08-08,01:00,102.7,30.3,69.0,91.0,OK
KK5,Trạm Cầu Mẫu,DV03,2026-08-08,02:00,86.9,32.5,83.0,91.0,OK
KK5,Trạm Cầu Mẫu,DV03,2026-08-08,03:00,64.5,28.8,80.0,91.0,OK
KK5,Trạm Cầu Mẫu,DV03,2026-08-08,04:00,72.3,28.6,72.0,90.0,OK
KK5,Trạm Cầu Mẫu,DV03,2026-08-08,05:00,75.2,31.1,78.0,90.0,OK
KK5,Trạm Cầu Mẫu,DV03,2026-08-08,06:00,62.4,33.7,87.0,90.0,OK
KK5,Trạm Cầu Mẫu,DV03,2026-08-08,07:00,72.5,31.7,64.0,90.0,OK
KK5,Trạm Cầu Mẫu,DV03,2026-08-08,08:00,87.3,26.9,76.0,90.0,OK
KK5,Trạm Cầu Mẫu,DV03,2026-08-08,09:00,64.8,32.8,83.0,90.0,OK
KK5,Trạm Cầu Mẫu,DV03,2026-08-08,10:00,94.6,25.6,78.0,90.0,OK
KK5,Trạm Cầu Mẫu,DV03,2026-08-08,11:00,86.8,31.7,80.0,90.0,OK
KK5,Trạm Cầu Mẫu,DV03,2026-08-08,12:00,63.3,29.3,68.0,90.0,OK
KK5,Trạm Cầu Mẫu,DV03,2026-08-08,13:00,61.8,32.0,75.0,90.0,OK
KK5,Trạm Cầu Mẫu,DV03,2026-08-08,14:00,70.6,28.8,82.0,90.0,OK
KK5,Trạm Cầu Mẫu,DV03,2026-08-08,15:00,101.0,31.3,80.0,90.0,OK
KK5,Trạm Cầu Mẫu,DV03,2026-08-08,16:00,87.2,29.9,79.0,90.0,OK
KK5,Trạm Cầu Mẫu,DV03,2026-08-08,17:00,65.7,28.9,76.0,90.0,OK
KK5,Trạm Cầu Mẫu,DV03,2026-08-08,18:00,100.2,34.4,85.0,90.0,OK
KK5,Trạm Cầu Mẫu,DV03,2026-08-08,19:00,96.0,29.8,70.0,90.0,OK
KK5,Trạm Cầu Mẫu,DV03,2026-08-08,20:00,54.0,27.3,55.0,90.0,OK
KK5,Trạm Cầu Mẫu,DV03,2026-08-08,21:00,83.1,33.3,63.0,90.0,OK
KK5,Trạm Cầu Mẫu,DV03,2026-08-08,22:00,87.2,35.1,75.0,89.0,OK
KK5,Trạm Cầu Mẫu,DV03,2026-08-08,23:00,66.1,30.1,69.0,89.0,OK
KK5,Trạm Cầu Mẫu,DV03,2026-08-09,00:00,87.5,34.8,90.0,89.0,OK
KK5,Trạm Cầu Mẫu,DV03,2026-08-09,01:00,94.0,27.2,71.0,89.0,OK
KK5,Trạm Cầu Mẫu,DV03,2026-08-09,02:00,102.7,31.2,71.0,89.0,OK
KK5,Trạm Cầu Mẫu,DV03,2026-08-09,03:00,71.6,28.8,75.0,89.0,OK
KK5,Trạm Cầu Mẫu,DV03,2026-08-09,04:00,69.4,32.1,77.0,89.0,OK
KK5,Trạm Cầu Mẫu,DV03,2026-08-09,05:00,60.4,25.6,78.0,89.0,OK
KK5,Trạm Cầu Mẫu,DV03,2026-08-09,06:00,78.3,29.1,66.0,89.0,OK
KK5,Trạm Cầu Mẫu,DV03,2026-08-09,07:00,95.5,29.6,61.0,89.0,OK
KK5,Trạm Cầu Mẫu,DV03,2026-08-09,08:00,104.3,33.0,84.0,89.0,OK
KK5,Trạm Cầu Mẫu,DV03,2026-08-09,09:00,68.7,34.4,80.0,89.0,OK
KK5,Trạm Cầu Mẫu,DV03,2026-08-09,10:00,67.1,24.1,72.0,89.0,OK
KK5,Trạm Cầu Mẫu,DV03,2026-08-09,11:00,73.1,29.6,76.0,89.0,OK
KK5,Trạm Cầu Mẫu,DV03,2026-08-09,12:00,76.4,28.4,81.0,89.0,OK
KK5,Trạm Cầu Mẫu,DV03,2026-08-09,13:00,79.5,31.4,83.0,89.0,OK
KK5,Trạm Cầu Mẫu,DV03,2026-08-09,14:00,73.6,30.0,64.0,89.0,OK
KK5,Trạm Cầu Mẫu,DV03,2026-08-09,15:00,74.5,33.6,75.0,89.0,OK
KK5,Trạm Cầu Mẫu,DV03,2026-08-09,16:00,107.5,30.8,75.0,88.0,OK
KK5,Trạm Cầu Mẫu,DV03,2026-08-09,17:00,92.6,30.0,77.0,88.0,OK
KK5,Trạm Cầu Mẫu,DV03,2026-08-09,18:00,92.2,31.8,81.0,88.0,OK
KK5,Trạm Cầu Mẫu,DV03,2026-08-09,19:00,73.3,28.2,63.0,88.0,OK
KK5,Trạm Cầu Mẫu,DV03,2026-08-09,20:00,74.1,33.3,79.0,88.0,OK
KK5,Trạm Cầu Mẫu,DV03,2026-08-09,21:00,55.6,26.5,70.0,88.0,OK
KK5,Trạm Cầu Mẫu,DV03,2026-08-09,22:00,106.2,29.7,76.0,88.0,OK
KK5,Trạm Cầu Mẫu,DV03,2026-08-09,23:00,80.5,29.7,75.0,88.0,OK
KK5,Trạm Cầu Mẫu,DV03,2026-08-10,00:00,85.1,30.4,68.0,88.0,OK
KK5,Trạm Cầu Mẫu,DV03,2026-08-10,01:00,67.1,32.7,81.0,88.0,OK
KK5,Trạm Cầu Mẫu,DV03,2026-08-10,02:00,77.1,30.2,86.0,88.0,OK
KK5,Trạm Cầu Mẫu,DV03,2026-08-10,03:00,82.5,31.2,83.0,88.0,OK
KK5,Trạm Cầu Mẫu,DV03,2026-08-10,04:00,84.6,29.2,85.0,88.0,OK
KK5,Trạm Cầu Mẫu,DV03,2026-08-10,05:00,60.0,29.2,89.0,88.0,OK
KK5,Trạm Cầu Mẫu,DV03,2026-08-10,06:00,97.0,37.4,79.0,88.0,OK
KK5,Trạm Cầu Mẫu,DV03,2026-08-10,07:00,76.4,31.3,69.0,88.0,OK
KK5,Trạm Cầu Mẫu,DV03,2026-08-10,08:00,84.0,27.1,65.0,88.0,OK
KK5,Trạm Cầu Mẫu,DV03,2026-08-10,09:00,67.7,26.0,74.0,88.0,OK
KK5,Trạm Cầu Mẫu,DV03,2026-08-10,10:00,86.8,32.0,73.0,87.0,OK
KK5,Trạm Cầu Mẫu,DV03,2026-08-10,11:00,74.2,30.2,70.0,87.0,OK
KK5,Trạm Cầu Mẫu,DV03,2026-08-10,12:00,60.3,32.5,71.0,87.0,OK
KK5,Trạm Cầu Mẫu,DV03,2026-08-10,13:00,83.2,32.0,83.0,87.0,OK
KK5,Trạm Cầu Mẫu,DV03,2026-08-10,14:00,80.5,31.0,77.0,87.0,OK
KK5,Trạm Cầu Mẫu,DV03,2026-08-10,15:00,93.0,35.2,86.0,87.0,OK
KK5,Trạm Cầu Mẫu,DV03,2026-08-10,16:00,90.2,33.9,70.0,87.0,OK
KK5,Trạm Cầu Mẫu,DV03,2026-08-10,17:00,102.6,27.1,83.0,87.0,OK
KK5,Trạm Cầu Mẫu,DV03,2026-08-10,18:00,88.4,32.0,67.0,87.0,OK
KK5,Trạm Cầu Mẫu,DV03,2026-08-10,19:00,75.6,25.2,86.0,87.0,OK
KK5,Trạm Cầu Mẫu,DV03,2026-08-10,20:00,54.4,30.8,85.0,87.0,OK
KK5,Trạm Cầu Mẫu,DV03,2026-08-10,21:00,51.3,31.3,64.0,87.0,OK
KK5,Trạm Cầu Mẫu,DV03,2026-08-10,22:00,79.9,30.9,94.0,87.0,OK
KK5,Trạm Cầu Mẫu,DV03,2026-08-10,23:00,77.3,28.3,71.0,87.0,OK
KK5,Trạm Cầu Mẫu,DV03,2026-08-11,00:00,74.0,30.3,81.0,87.0,OK
KK5,Trạm Cầu Mẫu,DV03,2026-08-11,01:00,76.5,29.8,70.0,87.0,OK
KK5,Trạm Cầu Mẫu,DV03,2026-08-11,02:00,67.3,31.0,75.0,87.0,OK
KK5,Trạm Cầu Mẫu,DV03,2026-08-11,03:00,79.8,35.3,75.0,87.0,OK
KK5,Trạm Cầu Mẫu,DV03,2026-08-11,04:00,69.4,30.4,75.0,86.0,OK
KK5,Trạm Cầu Mẫu,DV03,2026-08-11,05:00,56.6,33.7,68.0,86.0,OK
KK5,Trạm Cầu Mẫu,DV03,2026-08-11,06:00,107.7,30.6,74.0,86.0,OK
KK5,Trạm Cầu Mẫu,DV03,2026-08-11,07:00,94.2,27.9,67.0,86.0,OK
KK5,Trạm Cầu Mẫu,DV03,2026-08-11,08:00,58.8,27.8,77.0,86.0,OK
KK5,Trạm Cầu Mẫu,DV03,2026-08-11,09:00,67.9,30.5,71.0,86.0,OK
KK5,Trạm Cầu Mẫu,DV03,2026-08-11,10:00,67.0,29.6,78.0,86.0,OK
KK5,Trạm Cầu Mẫu,DV03,2026-08-11,11:00,87.9,28.7,87.0,86.0,OK
KK5,Trạm Cầu Mẫu,DV03,2026-08-11,12:00,92.8,34.1,70.0,86.0,OK
KK5,Trạm Cầu Mẫu,DV03,2026-08-11,13:00,83.2,26.5,73.0,86.0,OK
KK5,Trạm Cầu Mẫu,DV03,2026-08-11,14:00,62.9,32.9,78.0,86.0,OK
KK5,Trạm Cầu Mẫu,DV03,2026-08-11,15:00,95.4,33.1,86.0,86.0,OK
KK5,Trạm Cầu Mẫu,DV03,2026-08-11,16:00,90.3,25.1,81.0,86.0,OK
KK5,Trạm Cầu Mẫu,DV03,2026-08-11,17:00,72.0,28.1,89.0,86.0,OK
KK5,Trạm Cầu Mẫu,DV03,2026-08-11,18:00,101.7,32.1,81.0,86.0,OK
KK5,Trạm Cầu Mẫu,DV03,2026-08-11,19:00,77.7,27.6,68.0,86.0,OK
KK5,Trạm Cầu Mẫu,DV03,2026-08-11,20:00,81.9,32.2,76.0,86.0,OK
KK5,Trạm Cầu Mẫu,DV03,2026-08-11,21:00,71.4,27.9,63.0,86.0,OK
KK5,Trạm Cầu Mẫu,DV03,2026-08-11,22:00,104.3,29.1,77.0,85.0,OK
KK5,Trạm Cầu Mẫu,DV03,2026-08-11,23:00,77.9,29.8,79.0,85.0,OK
KK5,Trạm Cầu Mẫu,DV03,2026-08-12,00:00,73.4,31.4,83.0,85.0,OK
KK5,Trạm Cầu Mẫu,DV03,2026-08-12,01:00,96.3,34.6,81.0,85.0,OK
KK5,Trạm Cầu Mẫu,DV03,2026-08-12,02:00,75.0,27.9,76.0,85.0,OK
KK5,Trạm Cầu Mẫu,DV03,2026-08-12,03:00,57.5,28.6,68.0,85.0,OK
KK5,Trạm Cầu Mẫu,DV03,2026-08-12,04:00,50.7,34.1,77.0,85.0,OK
KK5,Trạm Cầu Mẫu,DV03,2026-08-12,05:00,91.1,29.9,71.0,85.0,OK
KK5,Trạm Cầu Mẫu,DV03,2026-08-12,06:00,75.8,32.0,77.0,85.0,OK
KK5,Trạm Cầu Mẫu,DV03,2026-08-12,07:00,63.5,30.8,66.0,85.0,OK
KK5,Trạm Cầu Mẫu,DV03,2026-08-12,08:00,84.0,30.0,78.0,85.0,OK
KK5,Trạm Cầu Mẫu,DV03,2026-08-12,09:00,68.0,30.7,70.0,85.0,OK
KK5,Trạm Cầu Mẫu,DV03,2026-08-12,10:00,59.6,29.6,76.0,85.0,OK
KK5,Trạm Cầu Mẫu,DV03,2026-08-12,11:00,63.4,32.7,61.0,85.0,OK
KK5,Trạm Cầu Mẫu,DV03,2026-08-12,12:00,66.7,35.2,66.0,85.0,OK
KK5,Trạm Cầu Mẫu,DV03,2026-08-12,13:00,91.7,33.1,72.0,85.0,OK
KK5,Trạm Cầu Mẫu,DV03,2026-08-12,14:00,54.5,31.2,71.0,85.0,OK
KK5,Trạm Cầu Mẫu,DV03,2026-08-12,15:00,94.7,31.6,82.0,85.0,OK
KK5,Trạm Cầu Mẫu,DV03,2026-08-12,16:00,82.1,31.4,79.0,84.0,OK
KK5,Trạm Cầu Mẫu,DV03,2026-08-12,17:00,108.5,28.2,67.0,84.0,OK
KK5,Trạm Cầu Mẫu,DV03,2026-08-12,18:00,72.5,24.9,67.0,84.0,OK
KK5,Trạm Cầu Mẫu,DV03,2026-08-12,19:00,70.9,30.4,78.0,84.0,OK
KK5,Trạm Cầu Mẫu,DV03,2026-08-12,20:00,72.8,30.0,86.0,84.0,OK
KK5,Trạm Cầu Mẫu,DV03,2026-08-12,21:00,56.3,27.3,75.0,84.0,OK
KK5,Trạm Cầu Mẫu,DV03,2026-08-12,22:00,73.4,29.4,78.0,84.0,OK
KK5,Trạm Cầu Mẫu,DV03,2026-08-12,23:00,61.8,30.7,73.0,84.0,OK
KK5,Trạm Cầu Mẫu,DV03,2026-08-13,00:00,96.8,29.7,78.0,84.0,OK
KK5,Trạm Cầu Mẫu,DV03,2026-08-13,01:00,78.4,27.6,82.0,84.0,OK
KK5,Trạm Cầu Mẫu,DV03,2026-08-13,02:00,402.6,33.3,78.0,84.0,Nghi ngờ
KK5,Trạm Cầu Mẫu,DV03,2026-08-13,03:00,74.3,30.4,67.0,84.0,OK
KK5,Trạm Cầu Mẫu,DV03,2026-08-13,04:00,55.1,29.9,71.0,84.0,OK
KK5,Trạm Cầu Mẫu,DV03,2026-08-13,05:00,77.1,28.6,69.0,84.0,OK
KK5,Trạm Cầu Mẫu,DV03,2026-08-13,06:00,91.1,29.3,84.0,84.0,OK
KK5,Trạm Cầu Mẫu,DV03,2026-08-13,07:00,103.6,31.9,78.0,84.0,OK
KK5,Trạm Cầu Mẫu,DV03,2026-08-13,08:00,93.9,29.7,83.0,84.0,OK
KK5,Trạm Cầu Mẫu,DV03,2026-08-13,09:00,75.0,28.3,75.0,84.0,OK
KK5,Trạm Cầu Mẫu,DV03,2026-08-13,10:00,94.5,30.5,73.0,83.0,OK
KK5,Trạm Cầu Mẫu,DV03,2026-08-13,11:00,101.6,27.4,78.0,83.0,OK
KK5,Trạm Cầu Mẫu,DV03,2026-08-13,12:00,73.8,28.7,73.0,83.0,OK
KK5,Trạm Cầu Mẫu,DV03,2026-08-13,13:00,65.8,31.6,66.0,83.0,OK
KK5,Trạm Cầu Mẫu,DV03,2026-08-13,14:00,90.7,31.0,69.0,83.0,OK
KK5,Trạm Cầu Mẫu,DV03,2026-08-13,15:00,82.7,37.2,74.0,83.0,OK
KK5,Trạm Cầu Mẫu,DV03,2026-08-13,16:00,86.1,26.6,77.0,83.0,OK
KK5,Trạm Cầu Mẫu,DV03,2026-08-13,17:00,80.5,30.7,69.0,83.0,OK
KK5,Trạm Cầu Mẫu,DV03,2026-08-13,18:00,107.1,32.0,74.0,83.0,OK
KK5,Trạm Cầu Mẫu,DV03,2026-08-13,19:00,60.6,30.5,79.0,83.0,OK
KK5,Trạm Cầu Mẫu,DV03,2026-08-13,20:00,67.5,31.4,70.0,83.0,OK
KK5,Trạm Cầu Mẫu,DV03,2026-08-13,21:00,74.4,32.2,68.0,83.0,OK
KK5,Trạm Cầu Mẫu,DV03,2026-08-13,22:00,638.6,24.0,74.0,83.0,Nghi ngờ
KK5,Trạm Cầu Mẫu,DV03,2026-08-13,23:00,62.9,32.6,67.0,83.0,OK
KK5,Trạm Cầu Mẫu,DV03,2026-08-14,00:00,127.1,32.1,69.0,83.0,OK
KK5,Trạm Cầu Mẫu,DV03,2026-08-14,01:00,133.7,29.3,64.0,83.0,OK
KK5,Trạm Cầu Mẫu,DV03,2026-08-14,02:00,155.7,36.0,81.0,83.0,OK
KK5,Trạm Cầu Mẫu,DV03,2026-08-14,03:00,85.5,31.3,73.0,83.0,OK
KK5,Trạm Cầu Mẫu,DV03,2026-08-14,04:00,93.9,29.8,64.0,82.0,OK
KK5,Trạm Cầu Mẫu,DV03,2026-08-14,05:00,145.3,35.6,81.0,82.0,OK
KK5,Trạm Cầu Mẫu,DV03,2026-08-14,06:00,131.2,31.9,72.0,82.0,OK
KK5,Trạm Cầu Mẫu,DV03,2026-08-14,07:00,156.0,31.7,67.0,82.0,OK
KK5,Trạm Cầu Mẫu,DV03,2026-08-14,08:00,133.8,35.3,69.0,82.0,OK
KK5,Trạm Cầu Mẫu,DV03,2026-08-14,09:00,139.2,37.4,80.0,82.0,OK
KK5,Trạm Cầu Mẫu,DV03,2026-08-14,10:00,101.9,32.0,72.0,82.0,OK
KK5,Trạm Cầu Mẫu,DV03,2026-08-14,11:00,104.2,25.8,76.0,82.0,OK
KK5,Trạm Cầu Mẫu,DV03,2026-08-14,12:00,101.8,30.9,79.0,82.0,OK
KK5,Trạm Cầu Mẫu,DV03,2026-08-14,13:00,100.7,31.8,76.0,82.0,OK
KK5,Trạm Cầu Mẫu,DV03,2026-08-14,14:00,136.4,31.4,73.0,82.0,OK
KK5,Trạm Cầu Mẫu,DV03,2026-08-14,15:00,153.6,31.1,75.0,82.0,OK
KK5,Trạm Cầu Mẫu,DV03,2026-08-14,16:00,148.6,30.0,77.0,82.0,OK
KK5,Trạm Cầu Mẫu,DV03,2026-08-14,17:00,152.6,34.4,75.0,82.0,OK
KK5,Trạm Cầu Mẫu,DV03,2026-08-14,18:00,108.0,33.9,68.0,82.0,OK
KK5,Trạm Cầu Mẫu,DV03,2026-08-14,19:00,130.6,30.8,71.0,82.0,OK
KK5,Trạm Cầu Mẫu,DV03,2026-08-14,20:00,119.2,33.8,61.0,82.0,OK
KK5,Trạm Cầu Mẫu,DV03,2026-08-14,21:00,116.0,32.9,73.0,82.0,OK
KK5,Trạm Cầu Mẫu,DV03,2026-08-14,22:00,157.1,31.5,79.0,82.0,OK
KK5,Trạm Cầu Mẫu,DV03,2026-08-14,23:00,94.3,25.7,71.0,81.0,OK
KK5,Trạm Cầu Mẫu,DV03,2026-08-15,00:00,130.2,29.1,85.0,81.0,OK
KK5,Trạm Cầu Mẫu,DV03,2026-08-15,01:00,95.5,30.2,73.0,81.0,OK
KK5,Trạm Cầu Mẫu,DV03,2026-08-15,02:00,108.3,28.6,70.0,81.0,OK
KK5,Trạm Cầu Mẫu,DV03,2026-08-15,03:00,109.6,30.8,74.0,81.0,OK
KK5,Trạm Cầu Mẫu,DV03,2026-08-15,04:00,118.3,31.5,84.0,81.0,OK
KK5,Trạm Cầu Mẫu,DV03,2026-08-15,05:00,127.2,25.8,76.0,81.0,OK
KK5,Trạm Cầu Mẫu,DV03,2026-08-15,06:00,137.5,27.0,63.0,81.0,OK
KK5,Trạm Cầu Mẫu,DV03,2026-08-15,07:00,120.9,32.0,72.0,81.0,OK
KK5,Trạm Cầu Mẫu,DV03,2026-08-15,08:00,116.0,32.0,80.0,81.0,OK
KK5,Trạm Cầu Mẫu,DV03,2026-08-15,09:00,109.6,31.6,67.0,81.0,OK
KK5,Trạm Cầu Mẫu,DV03,2026-08-15,10:00,110.5,30.8,84.0,81.0,OK
KK5,Trạm Cầu Mẫu,DV03,2026-08-15,11:00,133.6,35.8,71.0,81.0,OK
KK5,Trạm Cầu Mẫu,DV03,2026-08-15,12:00,142.9,30.3,73.0,81.0,OK
KK5,Trạm Cầu Mẫu,DV03,2026-08-15,13:00,100.9,27.1,58.0,81.0,OK
KK5,Trạm Cầu Mẫu,DV03,2026-08-15,14:00,109.7,27.2,80.0,81.0,OK
KK5,Trạm Cầu Mẫu,DV03,2026-08-15,15:00,117.6,26.8,78.0,81.0,OK
KK5,Trạm Cầu Mẫu,DV03,2026-08-15,16:00,94.4,31.6,80.0,81.0,OK
KK5,Trạm Cầu Mẫu,DV03,2026-08-15,17:00,108.5,29.1,73.0,80.0,OK
KK5,Trạm Cầu Mẫu,DV03,2026-08-15,18:00,129.7,34.2,68.0,80.0,OK
KK5,Trạm Cầu Mẫu,DV03,2026-08-15,19:00,126.3,34.1,65.0,80.0,OK
KK5,Trạm Cầu Mẫu,DV03,2026-08-15,20:00,124.9,28.9,73.0,80.0,OK
KK5,Trạm Cầu Mẫu,DV03,2026-08-15,21:00,139.0,30.9,82.0,80.0,OK
KK5,Trạm Cầu Mẫu,DV03,2026-08-15,22:00,165.7,33.1,57.0,80.0,OK
KK5,Trạm Cầu Mẫu,DV03,2026-08-15,23:00,158.8,30.4,64.0,80.0,OK
KK5,Trạm Cầu Mẫu,DV03,2026-08-16,00:00,148.6,35.5,80.0,80.0,OK
KK5,Trạm Cầu Mẫu,DV03,2026-08-16,01:00,103.1,28.7,81.0,80.0,OK
KK5,Trạm Cầu Mẫu,DV03,2026-08-16,02:00,88.0,29.1,71.0,80.0,OK
KK5,Trạm Cầu Mẫu,DV03,2026-08-16,03:00,119.7,29.1,82.0,80.0,OK
KK5,Trạm Cầu Mẫu,DV03,2026-08-16,04:00,85.7,31.4,77.0,80.0,OK
KK5,Trạm Cầu Mẫu,DV03,2026-08-16,05:00,90.9,28.5,70.0,80.0,OK
KK5,Trạm Cầu Mẫu,DV03,2026-08-16,06:00,141.3,32.7,75.0,80.0,OK
KK5,Trạm Cầu Mẫu,DV03,2026-08-16,07:00,160.2,29.4,73.0,80.0,OK
KK5,Trạm Cầu Mẫu,DV03,2026-08-16,08:00,132.8,26.8,64.0,80.0,OK
KK5,Trạm Cầu Mẫu,DV03,2026-08-16,09:00,96.9,33.7,66.0,80.0,OK
KK5,Trạm Cầu Mẫu,DV03,2026-08-16,10:00,152.2,28.1,68.0,79.0,OK
KK5,Trạm Cầu Mẫu,DV03,2026-08-16,11:00,122.1,31.4,78.0,79.0,OK
KK5,Trạm Cầu Mẫu,DV03,2026-08-16,12:00,123.4,30.4,72.0,79.0,OK
KK5,Trạm Cầu Mẫu,DV03,2026-08-16,13:00,94.2,28.9,66.0,79.0,OK
KK5,Trạm Cầu Mẫu,DV03,2026-08-16,14:00,148.6,30.0,75.0,79.0,OK
KK5,Trạm Cầu Mẫu,DV03,2026-08-16,15:00,119.1,28.1,77.0,79.0,OK
KK5,Trạm Cầu Mẫu,DV03,2026-08-16,16:00,142.8,31.1,67.0,79.0,OK
KK5,Trạm Cầu Mẫu,DV03,2026-08-16,17:00,136.3,35.8,70.0,79.0,OK
KK5,Trạm Cầu Mẫu,DV03,2026-08-16,18:00,151.2,31.9,58.0,79.0,OK
KK5,Trạm Cầu Mẫu,DV03,2026-08-16,19:00,96.2,32.9,74.0,79.0,OK
KK5,Trạm Cầu Mẫu,DV03,2026-08-16,20:00,145.4,31.5,79.0,79.0,OK
KK5,Trạm Cầu Mẫu,DV03,2026-08-16,21:00,141.4,33.6,75.0,79.0,OK
KK5,Trạm Cầu Mẫu,DV03,2026-08-16,22:00,116.9,31.4,79.0,79.0,OK
KK5,Trạm Cầu Mẫu,DV03,2026-08-16,23:00,133.1,28.4,81.0,79.0,OK
KK5,Trạm Cầu Mẫu,DV03,2026-08-17,00:00,139.7,31.1,73.0,79.0,OK
KK5,Trạm Cầu Mẫu,DV03,2026-08-17,01:00,152.6,32.6,76.0,79.0,OK
KK5,Trạm Cầu Mẫu,DV03,2026-08-17,02:00,153.8,30.4,85.0,79.0,OK
KK5,Trạm Cầu Mẫu,DV03,2026-08-17,03:00,73.0,27.8,68.0,79.0,OK
KK5,Trạm Cầu Mẫu,DV03,2026-08-17,04:00,127.8,33.9,63.0,79.0,OK
KK5,Trạm Cầu Mẫu,DV03,2026-08-17,05:00,117.0,31.5,60.0,78.0,OK
KK5,Trạm Cầu Mẫu,DV03,2026-08-17,06:00,127.3,28.0,69.0,78.0,OK
KK5,Trạm Cầu Mẫu,DV03,2026-08-17,07:00,156.5,35.0,88.0,78.0,OK
KK5,Trạm Cầu Mẫu,DV03,2026-08-17,08:00,112.6,27.3,66.0,78.0,OK
KK5,Trạm Cầu Mẫu,DV03,2026-08-17,09:00,118.6,34.4,75.0,78.0,OK
KK5,Trạm Cầu Mẫu,DV03,2026-08-17,10:00,118.9,24.1,71.0,78.0,OK
KK5,Trạm Cầu Mẫu,DV03,2026-08-17,11:00,154.0,32.2,80.0,78.0,OK
KK5,Trạm Cầu Mẫu,DV03,2026-08-17,12:00,141.9,30.7,73.0,78.0,OK
KK5,Trạm Cầu Mẫu,DV03,2026-08-17,13:00,107.6,31.2,65.0,78.0,OK
KK5,Trạm Cầu Mẫu,DV03,2026-08-17,14:00,87.5,31.9,70.0,78.0,OK
KK5,Trạm Cầu Mẫu,DV03,2026-08-17,15:00,137.5,21.9,78.0,78.0,OK
KK5,Trạm Cầu Mẫu,DV03,2026-08-17,16:00,159.0,25.5,76.0,78.0,OK
KK5,Trạm Cầu Mẫu,DV03,2026-08-17,17:00,98.9,30.6,79.0,78.0,OK
KK5,Trạm Cầu Mẫu,DV03,2026-08-17,18:00,102.7,29.3,75.0,78.0,OK
KK5,Trạm Cầu Mẫu,DV03,2026-08-17,19:00,133.1,35.1,90.0,78.0,OK
KK5,Trạm Cầu Mẫu,DV03,2026-08-17,20:00,94.2,30.6,64.0,78.0,OK
KK5,Trạm Cầu Mẫu,DV03,2026-08-17,21:00,105.2,32.7,62.0,78.0,OK
KK5,Trạm Cầu Mẫu,DV03,2026-08-17,22:00,117.2,28.0,82.0,78.0,OK
KK5,Trạm Cầu Mẫu,DV03,2026-08-17,23:00,152.5,27.7,79.0,77.0,OK
KK5,Trạm Cầu Mẫu,DV03,2026-08-18,00:00,73.7,27.7,58.0,77.0,OK
KK5,Trạm Cầu Mẫu,DV03,2026-08-18,01:00,67.6,34.7,84.0,77.0,OK
KK5,Trạm Cầu Mẫu,DV03,2026-08-18,02:00,57.6,28.1,70.0,77.0,OK
KK5,Trạm Cầu Mẫu,DV03,2026-08-18,03:00,55.4,28.3,70.0,77.0,OK
KK5,Trạm Cầu Mẫu,DV03,2026-08-18,04:00,67.5,31.0,80.0,77.0,OK
KK5,Trạm Cầu Mẫu,DV03,2026-08-18,05:00,60.1,25.9,80.0,77.0,OK
KK5,Trạm Cầu Mẫu,DV03,2026-08-18,06:00,63.9,29.9,85.0,77.0,OK
KK5,Trạm Cầu Mẫu,DV03,2026-08-18,07:00,76.8,26.2,66.0,77.0,OK
KK5,Trạm Cầu Mẫu,DV03,2026-08-18,08:00,355.5,32.0,74.0,77.0,Nghi ngờ
KK5,Trạm Cầu Mẫu,DV03,2026-08-18,09:00,60.7,34.7,80.0,77.0,OK
KK5,Trạm Cầu Mẫu,DV03,2026-08-18,10:00,54.9,26.3,72.0,77.0,OK
KK5,Trạm Cầu Mẫu,DV03,2026-08-18,11:00,90.1,30.2,84.0,77.0,OK
KK5,Trạm Cầu Mẫu,DV03,2026-08-18,12:00,81.1,36.2,78.0,77.0,OK
KK5,Trạm Cầu Mẫu,DV03,2026-08-18,13:00,75.0,30.7,72.0,77.0,OK
KK5,Trạm Cầu Mẫu,DV03,2026-08-18,14:00,65.0,31.5,77.0,77.0,OK
KK5,Trạm Cầu Mẫu,DV03,2026-08-18,15:00,87.0,28.8,69.0,77.0,OK
KK5,Trạm Cầu Mẫu,DV03,2026-08-18,16:00,70.0,29.9,74.0,77.0,OK
KK5,Trạm Cầu Mẫu,DV03,2026-08-18,17:00,86.2,30.4,61.0,76.0,OK
KK5,Trạm Cầu Mẫu,DV03,2026-08-18,18:00,102.2,27.4,71.0,76.0,OK
KK5,Trạm Cầu Mẫu,DV03,2026-08-18,19:00,64.3,31.2,84.0,76.0,OK
KK5,Trạm Cầu Mẫu,DV03,2026-08-18,20:00,70.0,30.4,79.0,76.0,OK
KK5,Trạm Cầu Mẫu,DV03,2026-08-18,21:00,72.7,28.6,84.0,76.0,OK
KK5,Trạm Cầu Mẫu,DV03,2026-08-18,22:00,75.4,29.0,77.0,76.0,OK
KK5,Trạm Cầu Mẫu,DV03,2026-08-18,23:00,94.4,28.9,83.0,76.0,OK
KK5,Trạm Cầu Mẫu,DV03,2026-08-19,00:00,100.5,29.9,71.0,76.0,OK
KK5,Trạm Cầu Mẫu,DV03,2026-08-19,01:00,71.7,28.8,66.0,76.0,OK
KK5,Trạm Cầu Mẫu,DV03,2026-08-19,02:00,98.7,35.8,68.0,76.0,OK
KK5,Trạm Cầu Mẫu,DV03,2026-08-19,03:00,336.7,27.9,75.0,76.0,Nghi ngờ
KK5,Trạm Cầu Mẫu,DV03,2026-08-19,04:00,80.1,37.2,69.0,76.0,OK
KK5,Trạm Cầu Mẫu,DV03,2026-08-19,05:00,67.5,27.1,73.0,76.0,OK
KK5,Trạm Cầu Mẫu,DV03,2026-08-19,06:00,95.6,33.4,77.0,76.0,OK
KK5,Trạm Cầu Mẫu,DV03,2026-08-19,07:00,89.4,25.2,82.0,76.0,OK
KK5,Trạm Cầu Mẫu,DV03,2026-08-19,08:00,58.9,29.3,75.0,76.0,OK
KK5,Trạm Cầu Mẫu,DV03,2026-08-19,09:00,94.3,32.3,72.0,76.0,OK
KK5,Trạm Cầu Mẫu,DV03,2026-08-19,10:00,54.1,32.2,78.0,76.0,OK
KK5,Trạm Cầu Mẫu,DV03,2026-08-19,11:00,63.9,36.2,74.0,75.0,OK
KK5,Trạm Cầu Mẫu,DV03,2026-08-19,12:00,102.8,24.9,74.0,75.0,OK
KK5,Trạm Cầu Mẫu,DV03,2026-08-19,13:00,80.3,29.0,76.0,75.0,OK
KK5,Trạm Cầu Mẫu,DV03,2026-08-19,14:00,84.5,32.8,64.0,75.0,OK
KK5,Trạm Cầu Mẫu,DV03,2026-08-19,15:00,56.3,34.2,61.0,75.0,OK
KK5,Trạm Cầu Mẫu,DV03,2026-08-19,16:00,68.8,29.4,77.0,75.0,OK
KK5,Trạm Cầu Mẫu,DV03,2026-08-19,17:00,100.0,33.6,56.0,75.0,OK
KK5,Trạm Cầu Mẫu,DV03,2026-08-19,18:00,97.7,30.8,67.0,75.0,OK
KK5,Trạm Cầu Mẫu,DV03,2026-08-19,19:00,64.0,34.5,79.0,75.0,OK
KK5,Trạm Cầu Mẫu,DV03,2026-08-19,20:00,61.6,29.7,77.0,75.0,OK
KK5,Trạm Cầu Mẫu,DV03,2026-08-19,21:00,90.2,30.6,79.0,75.0,OK
KK5,Trạm Cầu Mẫu,DV03,2026-08-19,22:00,86.5,31.9,77.0,75.0,OK
KK5,Trạm Cầu Mẫu,DV03,2026-08-19,23:00,73.6,33.3,76.0,75.0,OK
KK5,Trạm Cầu Mẫu,DV03,2026-08-20,00:00,67.1,35.7,84.0,75.0,OK
KK5,Trạm Cầu Mẫu,DV03,2026-08-20,01:00,95.8,31.2,65.0,75.0,OK
KK5,Trạm Cầu Mẫu,DV03,2026-08-20,02:00,74.8,32.4,80.0,75.0,OK
KK5,Trạm Cầu Mẫu,DV03,2026-08-20,03:00,49.1,33.8,76.0,75.0,OK
KK5,Trạm Cầu Mẫu,DV03,2026-08-20,04:00,83.3,28.3,65.0,75.0,OK
KK5,Trạm Cầu Mẫu,DV03,2026-08-20,05:00,92.1,26.4,78.0,74.0,OK
KK5,Trạm Cầu Mẫu,DV03,2026-08-20,06:00,101.9,28.0,69.0,74.0,OK
KK5,Trạm Cầu Mẫu,DV03,2026-08-20,07:00,106.0,23.5,74.0,74.0,OK
KK5,Trạm Cầu Mẫu,DV03,2026-08-20,08:00,85.1,33.7,66.0,74.0,OK
KK5,Trạm Cầu Mẫu,DV03,2026-08-20,09:00,90.3,29.6,69.0,74.0,OK
KK5,Trạm Cầu Mẫu,DV03,2026-08-20,10:00,54.7,29.5,79.0,74.0,OK
KK5,Trạm Cầu Mẫu,DV03,2026-08-20,11:00,95.4,34.5,72.0,74.0,OK
KK5,Trạm Cầu Mẫu,DV03,2026-08-20,12:00,83.2,33.8,68.0,74.0,OK
KK5,Trạm Cầu Mẫu,DV03,2026-08-20,13:00,86.2,28.0,71.0,74.0,OK
KK5,Trạm Cầu Mẫu,DV03,2026-08-20,14:00,80.9,29.4,69.0,74.0,OK
KK5,Trạm Cầu Mẫu,DV03,2026-08-20,15:00,76.7,27.0,84.0,74.0,OK
KK5,Trạm Cầu Mẫu,DV03,2026-08-20,16:00,71.9,33.2,67.0,74.0,OK
KK5,Trạm Cầu Mẫu,DV03,2026-08-20,17:00,105.7,32.1,71.0,74.0,OK
KK5,Trạm Cầu Mẫu,DV03,2026-08-20,18:00,101.9,32.9,83.0,74.0,OK
KK5,Trạm Cầu Mẫu,DV03,2026-08-20,19:00,91.3,27.5,83.0,74.0,OK
KK5,Trạm Cầu Mẫu,DV03,2026-08-20,20:00,85.5,27.9,71.0,74.0,OK
KK5,Trạm Cầu Mẫu,DV03,2026-08-20,21:00,85.8,28.8,72.0,74.0,OK
KK5,Trạm Cầu Mẫu,DV03,2026-08-20,22:00,100.3,26.8,77.0,74.0,OK
KK5,Trạm Cầu Mẫu,DV03,2026-08-20,23:00,89.9,22.2,75.0,74.0,OK
KK5,Trạm Cầu Mẫu,DV03,2026-08-21,00:00,102.2,35.1,74.0,73.0,OK
KK5,Trạm Cầu Mẫu,DV03,2026-08-21,01:00,73.7,22.9,79.0,73.0,OK
KK5,Trạm Cầu Mẫu,DV03,2026-08-21,02:00,71.2,29.2,80.0,73.0,OK
KK5,Trạm Cầu Mẫu,DV03,2026-08-21,03:00,83.8,31.5,72.0,73.0,OK
KK5,Trạm Cầu Mẫu,DV03,2026-08-21,04:00,60.4,30.8,71.0,73.0,OK
KK5,Trạm Cầu Mẫu,DV03,2026-08-21,05:00,83.4,29.0,64.0,73.0,OK
KK5,Trạm Cầu Mẫu,DV03,2026-08-21,06:00,80.0,33.7,64.0,73.0,OK
KK5,Trạm Cầu Mẫu,DV03,2026-08-21,07:00,99.9,32.2,71.0,73.0,OK
KK5,Trạm Cầu Mẫu,DV03,2026-08-21,08:00,68.9,29.0,78.0,73.0,OK
KK5,Trạm Cầu Mẫu,DV03,2026-08-21,09:00,66.2,27.7,80.0,73.0,OK
KK5,Trạm Cầu Mẫu,DV03,2026-08-21,10:00,76.5,32.7,66.0,73.0,OK
KK5,Trạm Cầu Mẫu,DV03,2026-08-21,11:00,70.1,36.5,79.0,73.0,OK
KK5,Trạm Cầu Mẫu,DV03,2026-08-21,12:00,68.9,33.3,76.0,73.0,OK
KK5,Trạm Cầu Mẫu,DV03,2026-08-21,13:00,76.7,33.7,74.0,73.0,OK
KK5,Trạm Cầu Mẫu,DV03,2026-08-21,14:00,83.6,27.2,68.0,73.0,OK
KK5,Trạm Cầu Mẫu,DV03,2026-08-21,15:00,100.5,34.1,67.0,73.0,OK
KK5,Trạm Cầu Mẫu,DV03,2026-08-21,16:00,80.9,32.8,80.0,73.0,OK
KK5,Trạm Cầu Mẫu,DV03,2026-08-21,17:00,114.9,30.9,66.0,72.0,OK
KK5,Trạm Cầu Mẫu,DV03,2026-08-21,18:00,111.7,34.5,66.0,72.0,OK
KK5,Trạm Cầu Mẫu,DV03,2026-08-21,19:00,58.2,33.3,77.0,72.0,OK
KK5,Trạm Cầu Mẫu,DV03,2026-08-21,20:00,63.6,34.1,76.0,72.0,OK
KK5,Trạm Cầu Mẫu,DV03,2026-08-21,21:00,74.8,35.1,77.0,72.0,OK
KK5,Trạm Cầu Mẫu,DV03,2026-08-21,22:00,63.5,31.3,84.0,72.0,OK
KK5,Trạm Cầu Mẫu,DV03,2026-08-21,23:00,65.0,32.1,73.0,72.0,OK
KK5,Trạm Cầu Mẫu,DV03,2026-08-22,00:00,102.6,27.2,79.0,72.0,OK
KK5,Trạm Cầu Mẫu,DV03,2026-08-22,01:00,78.9,27.3,78.0,72.0,OK
KK5,Trạm Cầu Mẫu,DV03,2026-08-22,02:00,72.6,24.5,80.0,72.0,OK
KK5,Trạm Cầu Mẫu,DV03,2026-08-22,03:00,57.3,29.3,67.0,72.0,OK
KK5,Trạm Cầu Mẫu,DV03,2026-08-22,04:00,55.5,30.3,67.0,72.0,OK
KK5,Trạm Cầu Mẫu,DV03,2026-08-22,05:00,57.4,26.0,77.0,72.0,OK
KK5,Trạm Cầu Mẫu,DV03,2026-08-22,06:00,92.1,29.2,73.0,72.0,OK
KK5,Trạm Cầu Mẫu,DV03,2026-08-22,07:00,109.7,30.4,68.0,72.0,OK
KK5,Trạm Cầu Mẫu,DV03,2026-08-22,08:00,77.2,34.4,85.0,72.0,OK
KK5,Trạm Cầu Mẫu,DV03,2026-08-22,09:00,85.0,27.7,84.0,72.0,OK
KK5,Trạm Cầu Mẫu,DV03,2026-08-22,10:00,86.8,26.1,74.0,72.0,OK
KK5,Trạm Cầu Mẫu,DV03,2026-08-22,11:00,56.8,25.4,78.0,71.0,OK
KK5,Trạm Cầu Mẫu,DV03,2026-08-22,12:00,67.9,29.7,71.0,71.0,OK
KK5,Trạm Cầu Mẫu,DV03,2026-08-22,13:00,88.4,24.6,65.0,71.0,OK
KK5,Trạm Cầu Mẫu,DV03,2026-08-22,14:00,81.9,30.5,72.0,71.0,OK
KK5,Trạm Cầu Mẫu,DV03,2026-08-22,15:00,58.4,31.8,85.0,71.0,OK
KK5,Trạm Cầu Mẫu,DV03,2026-08-22,16:00,108.1,31.2,85.0,71.0,OK
KK5,Trạm Cầu Mẫu,DV03,2026-08-22,17:00,96.4,32.6,73.0,71.0,OK
KK5,Trạm Cầu Mẫu,DV03,2026-08-22,18:00,78.6,32.1,67.0,71.0,OK
KK5,Trạm Cầu Mẫu,DV03,2026-08-22,19:00,82.0,29.0,78.0,71.0,OK
KK5,Trạm Cầu Mẫu,DV03,2026-08-22,20:00,69.4,32.9,80.0,71.0,OK
KK5,Trạm Cầu Mẫu,DV03,2026-08-22,21:00,87.6,32.6,72.0,71.0,OK
KK5,Trạm Cầu Mẫu,DV03,2026-08-22,22:00,103.6,33.3,67.0,71.0,OK
KK5,Trạm Cầu Mẫu,DV03,2026-08-22,23:00,71.5,29.2,72.0,71.0,OK
KK5,Trạm Cầu Mẫu,DV03,2026-08-23,00:00,97.6,29.3,80.0,71.0,OK
KK5,Trạm Cầu Mẫu,DV03,2026-08-23,01:00,89.7,29.7,67.0,71.0,OK
KK5,Trạm Cầu Mẫu,DV03,2026-08-23,02:00,84.3,25.4,77.0,71.0,OK
KK5,Trạm Cầu Mẫu,DV03,2026-08-23,03:00,65.8,26.6,64.0,71.0,OK
KK5,Trạm Cầu Mẫu,DV03,2026-08-23,04:00,61.7,25.9,80.0,71.0,OK
KK5,Trạm Cầu Mẫu,DV03,2026-08-23,05:00,63.6,29.9,73.0,71.0,OK
KK5,Trạm Cầu Mẫu,DV03,2026-08-23,06:00,63.7,28.9,74.0,70.0,OK
KK5,Trạm Cầu Mẫu,DV03,2026-08-23,07:00,104.5,27.7,69.0,70.0,OK
KK5,Trạm Cầu Mẫu,DV03,2026-08-23,08:00,82.6,30.7,80.0,70.0,OK
KK5,Trạm Cầu Mẫu,DV03,2026-08-23,09:00,97.7,33.0,77.0,70.0,OK
KK5,Trạm Cầu Mẫu,DV03,2026-08-23,10:00,68.6,31.8,68.0,70.0,OK
KK5,Trạm Cầu Mẫu,DV03,2026-08-23,11:00,91.8,30.7,79.0,70.0,OK
KK5,Trạm Cầu Mẫu,DV03,2026-08-23,12:00,73.6,29.8,78.0,70.0,OK
KK5,Trạm Cầu Mẫu,DV03,2026-08-23,13:00,88.1,30.7,71.0,70.0,OK
KK5,Trạm Cầu Mẫu,DV03,2026-08-23,14:00,83.6,24.6,75.0,70.0,OK
KK5,Trạm Cầu Mẫu,DV03,2026-08-23,15:00,79.7,25.7,80.0,70.0,OK
KK5,Trạm Cầu Mẫu,DV03,2026-08-23,16:00,82.9,31.6,71.0,70.0,OK
KK5,Trạm Cầu Mẫu,DV03,2026-08-23,17:00,90.7,31.4,67.0,70.0,OK
KK5,Trạm Cầu Mẫu,DV03,2026-08-23,18:00,79.6,33.5,75.0,70.0,OK
KK5,Trạm Cầu Mẫu,DV03,2026-08-23,19:00,83.6,31.7,76.0,70.0,OK
KK5,Trạm Cầu Mẫu,DV03,2026-08-23,20:00,76.4,27.6,75.0,70.0,OK
KK5,Trạm Cầu Mẫu,DV03,2026-08-23,21:00,70.1,33.1,77.0,70.0,OK
KK5,Trạm Cầu Mẫu,DV03,2026-08-23,22:00,82.3,30.5,78.0,70.0,OK
KK5,Trạm Cầu Mẫu,DV03,2026-08-23,23:00,104.2,28.4,70.0,70.0,OK
KK5,Trạm Cầu Mẫu,DV03,2026-08-24,00:00,79.0,29.1,70.0,69.0,OK
KK5,Trạm Cầu Mẫu,DV03,2026-08-24,01:00,67.9,31.7,74.0,69.0,OK
KK5,Trạm Cầu Mẫu,DV03,2026-08-24,02:00,74.0,31.8,77.0,69.0,OK
KK5,Trạm Cầu Mẫu,DV03,2026-08-24,03:00,77.3,31.4,70.0,69.0,OK
KK5,Trạm Cầu Mẫu,DV03,2026-08-24,04:00,78.4,29.0,80.0,69.0,OK
KK5,Trạm Cầu Mẫu,DV03,2026-08-24,05:00,88.3,29.1,72.0,69.0,OK
KK5,Trạm Cầu Mẫu,DV03,2026-08-24,06:00,96.4,23.9,69.0,69.0,OK
KK5,Trạm Cầu Mẫu,DV03,2026-08-24,07:00,64.9,30.4,73.0,69.0,OK
KK5,Trạm Cầu Mẫu,DV03,2026-08-24,08:00,101.2,29.8,66.0,69.0,OK
KK5,Trạm Cầu Mẫu,DV03,2026-08-24,09:00,75.0,33.4,63.0,69.0,OK
KK5,Trạm Cầu Mẫu,DV03,2026-08-24,10:00,97.2,26.0,80.0,69.0,OK
KK5,Trạm Cầu Mẫu,DV03,2026-08-24,11:00,66.4,34.7,68.0,69.0,OK
KK5,Trạm Cầu Mẫu,DV03,2026-08-24,12:00,94.9,30.1,73.0,69.0,OK
KK5,Trạm Cầu Mẫu,DV03,2026-08-24,13:00,59.1,24.5,62.0,69.0,OK
KK5,Trạm Cầu Mẫu,DV03,2026-08-24,14:00,86.1,35.0,74.0,69.0,OK
KK5,Trạm Cầu Mẫu,DV03,2026-08-24,15:00,99.5,30.6,73.0,69.0,OK
KK5,Trạm Cầu Mẫu,DV03,2026-08-24,16:00,86.6,29.5,75.0,69.0,OK
KK5,Trạm Cầu Mẫu,DV03,2026-08-24,17:00,81.5,28.9,93.0,69.0,OK
KK5,Trạm Cầu Mẫu,DV03,2026-08-24,18:00,94.9,29.3,76.0,68.0,OK
KK5,Trạm Cầu Mẫu,DV03,2026-08-24,19:00,92.5,30.6,76.0,68.0,OK
KK5,Trạm Cầu Mẫu,DV03,2026-08-24,20:00,61.9,28.4,83.0,68.0,OK
KK5,Trạm Cầu Mẫu,DV03,2026-08-24,21:00,92.8,29.8,85.0,68.0,OK
KK5,Trạm Cầu Mẫu,DV03,2026-08-24,22:00,61.2,30.8,81.0,68.0,OK
KK5,Trạm Cầu Mẫu,DV03,2026-08-24,23:00,75.0,29.0,57.0,68.0,OK
KK5,Trạm Cầu Mẫu,DV03,2026-08-25,00:00,58.7,33.8,65.0,68.0,OK
KK5,Trạm Cầu Mẫu,DV03,2026-08-25,01:00,93.5,34.1,79.0,68.0,OK
KK5,Trạm Cầu Mẫu,DV03,2026-08-25,02:00,60.9,32.2,81.0,68.0,OK
KK5,Trạm Cầu Mẫu,DV03,2026-08-25,03:00,64.6,32.1,78.0,68.0,OK
KK5,Trạm Cầu Mẫu,DV03,2026-08-25,04:00,66.8,31.0,68.0,68.0,OK
KK5,Trạm Cầu Mẫu,DV03,2026-08-25,05:00,86.1,32.7,74.0,68.0,OK
KK5,Trạm Cầu Mẫu,DV03,2026-08-25,06:00,64.1,32.6,69.0,68.0,OK
KK5,Trạm Cầu Mẫu,DV03,2026-08-25,07:00,68.0,33.0,72.0,68.0,OK
KK5,Trạm Cầu Mẫu,DV03,2026-08-25,08:00,70.4,29.4,67.0,68.0,OK
KK5,Trạm Cầu Mẫu,DV03,2026-08-25,09:00,70.7,26.7,73.0,68.0,OK
KK5,Trạm Cầu Mẫu,DV03,2026-08-25,10:00,96.2,27.4,82.0,68.0,OK
KK5,Trạm Cầu Mẫu,DV03,2026-08-25,11:00,86.5,32.2,69.0,68.0,OK
KK5,Trạm Cầu Mẫu,DV03,2026-08-25,12:00,97.4,32.9,69.0,67.0,OK
KK5,Trạm Cầu Mẫu,DV03,2026-08-25,13:00,71.4,22.8,74.0,67.0,OK
KK5,Trạm Cầu Mẫu,DV03,2026-08-25,14:00,75.9,28.1,71.0,67.0,OK
KK5,Trạm Cầu Mẫu,DV03,2026-08-25,15:00,81.3,29.9,73.0,67.0,OK
KK5,Trạm Cầu Mẫu,DV03,2026-08-25,16:00,74.4,32.5,73.0,67.0,OK
KK5,Trạm Cầu Mẫu,DV03,2026-08-25,17:00,90.5,31.6,71.0,67.0,OK
KK5,Trạm Cầu Mẫu,DV03,2026-08-25,18:00,71.5,29.9,81.0,67.0,OK
KK5,Trạm Cầu Mẫu,DV03,2026-08-25,19:00,66.8,34.6,76.0,67.0,OK
KK5,Trạm Cầu Mẫu,DV03,2026-08-25,20:00,55.8,32.6,79.0,67.0,OK
KK5,Trạm Cầu Mẫu,DV03,2026-08-25,21:00,54.6,32.5,67.0,67.0,OK
KK5,Trạm Cầu Mẫu,DV03,2026-08-25,22:00,92.3,27.1,68.0,67.0,OK
KK5,Trạm Cầu Mẫu,DV03,2026-08-25,23:00,104.5,25.7,76.0,67.0,OK
KK5,Trạm Cầu Mẫu,DV03,2026-08-26,00:00,90.8,29.4,77.0,67.0,OK
KK5,Trạm Cầu Mẫu,DV03,2026-08-26,01:00,104.3,27.6,76.0,67.0,OK
KK5,Trạm Cầu Mẫu,DV03,2026-08-26,02:00,62.6,28.9,71.0,67.0,OK
KK5,Trạm Cầu Mẫu,DV03,2026-08-26,03:00,64.6,32.4,68.0,67.0,OK
KK5,Trạm Cầu Mẫu,DV03,2026-08-26,04:00,74.8,33.3,79.0,67.0,OK
KK5,Trạm Cầu Mẫu,DV03,2026-08-26,05:00,73.4,26.3,72.0,67.0,OK
KK5,Trạm Cầu Mẫu,DV03,2026-08-26,06:00,90.6,25.7,74.0,66.0,OK
KK5,Trạm Cầu Mẫu,DV03,2026-08-26,07:00,74.2,28.0,71.0,66.0,OK
KK5,Trạm Cầu Mẫu,DV03,2026-08-26,08:00,80.4,31.1,66.0,66.0,OK
KK5,Trạm Cầu Mẫu,DV03,2026-08-26,09:00,58.3,34.3,83.0,66.0,OK
KK5,Trạm Cầu Mẫu,DV03,2026-08-26,10:00,73.7,33.5,83.0,66.0,OK
KK5,Trạm Cầu Mẫu,DV03,2026-08-26,11:00,82.4,31.2,73.0,66.0,OK
KK5,Trạm Cầu Mẫu,DV03,2026-08-26,12:00,66.0,26.8,68.0,66.0,OK
KK5,Trạm Cầu Mẫu,DV03,2026-08-26,13:00,66.1,23.4,80.0,66.0,OK
KK5,Trạm Cầu Mẫu,DV03,2026-08-26,14:00,59.7,34.8,70.0,66.0,OK
KK5,Trạm Cầu Mẫu,DV03,2026-08-26,15:00,72.7,30.2,72.0,66.0,OK
KK5,Trạm Cầu Mẫu,DV03,2026-08-26,16:00,96.6,26.6,72.0,66.0,OK
KK5,Trạm Cầu Mẫu,DV03,2026-08-26,17:00,91.7,30.7,84.0,66.0,OK
KK5,Trạm Cầu Mẫu,DV03,2026-08-26,18:00,111.3,33.2,72.0,66.0,OK
KK5,Trạm Cầu Mẫu,DV03,2026-08-26,19:00,64.5,24.3,67.0,66.0,OK
KK5,Trạm Cầu Mẫu,DV03,2026-08-26,20:00,95.0,24.7,75.0,66.0,OK
KK5,Trạm Cầu Mẫu,DV03,2026-08-26,21:00,87.7,27.9,70.0,66.0,OK
KK5,Trạm Cầu Mẫu,DV03,2026-08-26,22:00,91.9,29.3,78.0,66.0,OK
KK5,Trạm Cầu Mẫu,DV03,2026-08-26,23:00,93.2,30.8,63.0,66.0,OK
KK5,Trạm Cầu Mẫu,DV03,2026-08-27,00:00,77.1,30.7,76.0,65.0,OK
KK5,Trạm Cầu Mẫu,DV03,2026-08-27,01:00,86.2,25.2,65.0,65.0,OK
KK5,Trạm Cầu Mẫu,DV03,2026-08-27,02:00,75.5,28.0,91.0,65.0,OK
KK5,Trạm Cầu Mẫu,DV03,2026-08-27,03:00,81.6,30.7,70.0,65.0,OK
KK5,Trạm Cầu Mẫu,DV03,2026-08-27,04:00,58.3,29.9,81.0,65.0,OK
KK5,Trạm Cầu Mẫu,DV03,2026-08-27,05:00,72.1,29.9,66.0,65.0,OK
KK5,Trạm Cầu Mẫu,DV03,2026-08-27,06:00,97.5,30.6,74.0,65.0,OK
KK5,Trạm Cầu Mẫu,DV03,2026-08-27,07:00,108.6,33.3,68.0,65.0,OK
KK5,Trạm Cầu Mẫu,DV03,2026-08-27,08:00,85.0,35.4,84.0,65.0,OK
KK5,Trạm Cầu Mẫu,DV03,2026-08-27,09:00,55.1,31.3,76.0,65.0,OK
KK5,Trạm Cầu Mẫu,DV03,2026-08-27,10:00,64.3,32.1,74.0,65.0,OK
KK5,Trạm Cầu Mẫu,DV03,2026-08-27,11:00,78.4,29.0,78.0,65.0,OK
KK5,Trạm Cầu Mẫu,DV03,2026-08-27,12:00,86.1,32.9,77.0,65.0,OK
KK5,Trạm Cầu Mẫu,DV03,2026-08-27,13:00,87.3,30.7,82.0,65.0,OK
KK5,Trạm Cầu Mẫu,DV03,2026-08-27,14:00,88.8,32.4,82.0,65.0,OK
KK5,Trạm Cầu Mẫu,DV03,2026-08-27,15:00,75.6,32.3,74.0,65.0,OK
KK5,Trạm Cầu Mẫu,DV03,2026-08-27,16:00,86.0,35.9,81.0,65.0,OK
KK5,Trạm Cầu Mẫu,DV03,2026-08-27,17:00,76.6,32.4,68.0,65.0,OK
KK5,Trạm Cầu Mẫu,DV03,2026-08-27,18:00,62.6,32.6,62.0,64.0,OK
KK5,Trạm Cầu Mẫu,DV03,2026-08-27,19:00,63.2,36.0,83.0,64.0,OK
KK5,Trạm Cầu Mẫu,DV03,2026-08-27,20:00,53.1,31.9,81.0,64.0,OK
KK5,Trạm Cầu Mẫu,DV03,2026-08-27,21:00,81.9,30.8,82.0,64.0,OK
KK5,Trạm Cầu Mẫu,DV03,2026-08-27,22:00,77.9,30.4,56.0,64.0,OK
KK5,Trạm Cầu Mẫu,DV03,2026-08-27,23:00,102.3,28.2,74.0,64.0,OK
KK5,Trạm Cầu Mẫu,DV03,2026-08-28,00:00,64.1,30.4,77.0,64.0,OK
KK5,Trạm Cầu Mẫu,DV03,2026-08-28,01:00,80.6,29.1,83.0,64.0,OK
KK5,Trạm Cầu Mẫu,DV03,2026-08-28,02:00,102.1,26.2,72.0,64.0,OK
KK5,Trạm Cầu Mẫu,DV03,2026-08-28,03:00,70.5,29.1,65.0,64.0,OK
KK5,Trạm Cầu Mẫu,DV03,2026-08-28,04:00,53.1,28.1,81.0,64.0,OK
KK5,Trạm Cầu Mẫu,DV03,2026-08-28,05:00,54.0,26.8,70.0,64.0,OK
KK5,Trạm Cầu Mẫu,DV03,2026-08-28,06:00,95.8,34.9,75.0,64.0,OK
KK5,Trạm Cầu Mẫu,DV03,2026-08-28,07:00,97.7,32.9,79.0,64.0,OK
KK5,Trạm Cầu Mẫu,DV03,2026-08-28,08:00,68.2,31.8,69.0,64.0,OK
KK5,Trạm Cầu Mẫu,DV03,2026-08-28,09:00,94.6,29.9,67.0,64.0,OK
KK5,Trạm Cầu Mẫu,DV03,2026-08-28,10:00,71.5,29.9,82.0,64.0,OK
KK5,Trạm Cầu Mẫu,DV03,2026-08-28,11:00,67.3,27.2,86.0,64.0,OK
KK5,Trạm Cầu Mẫu,DV03,2026-08-28,12:00,64.2,31.4,76.0,64.0,OK
KK5,Trạm Cầu Mẫu,DV03,2026-08-28,13:00,98.6,27.4,77.0,63.0,OK
KK5,Trạm Cầu Mẫu,DV03,2026-08-28,14:00,56.8,29.5,82.0,63.0,OK
KK5,Trạm Cầu Mẫu,DV03,2026-08-28,15:00,63.8,31.8,75.0,63.0,OK
KK5,Trạm Cầu Mẫu,DV03,2026-08-28,16:00,104.8,32.3,89.0,63.0,OK
KK5,Trạm Cầu Mẫu,DV03,2026-08-28,17:00,110.2,33.4,67.0,63.0,OK
KK5,Trạm Cầu Mẫu,DV03,2026-08-28,18:00,78.9,34.9,73.0,63.0,OK
KK5,Trạm Cầu Mẫu,DV03,2026-08-28,19:00,60.7,36.6,60.0,63.0,OK
KK5,Trạm Cầu Mẫu,DV03,2026-08-28,20:00,93.0,33.7,74.0,63.0,OK
KK5,Trạm Cầu Mẫu,DV03,2026-08-28,21:00,72.0,35.2,76.0,63.0,OK
KK5,Trạm Cầu Mẫu,DV03,2026-08-28,22:00,87.4,28.6,79.0,63.0,OK
KK5,Trạm Cầu Mẫu,DV03,2026-08-28,23:00,97.8,32.0,76.0,63.0,OK
KK5,Trạm Cầu Mẫu,DV03,2026-08-29,00:00,103.2,25.2,80.0,63.0,OK
KK5,Trạm Cầu Mẫu,DV03,2026-08-29,01:00,64.8,34.0,58.0,63.0,OK
KK5,Trạm Cầu Mẫu,DV03,2026-08-29,02:00,95.8,31.6,71.0,63.0,OK
KK5,Trạm Cầu Mẫu,DV03,2026-08-29,03:00,67.4,29.2,76.0,63.0,OK
KK5,Trạm Cầu Mẫu,DV03,2026-08-29,04:00,76.1,25.9,77.0,63.0,OK
KK5,Trạm Cầu Mẫu,DV03,2026-08-29,05:00,58.2,28.3,82.0,63.0,OK
KK5,Trạm Cầu Mẫu,DV03,2026-08-29,06:00,84.6,31.8,87.0,63.0,OK
KK5,Trạm Cầu Mẫu,DV03,2026-08-29,07:00,67.0,34.1,67.0,62.0,OK
KK5,Trạm Cầu Mẫu,DV03,2026-08-29,08:00,101.8,33.3,78.0,62.0,OK
KK5,Trạm Cầu Mẫu,DV03,2026-08-29,09:00,85.8,36.2,70.0,62.0,OK
KK5,Trạm Cầu Mẫu,DV03,2026-08-29,10:00,87.7,31.8,78.0,62.0,OK
KK5,Trạm Cầu Mẫu,DV03,2026-08-29,11:00,74.7,31.6,81.0,62.0,OK
KK5,Trạm Cầu Mẫu,DV03,2026-08-29,12:00,79.5,32.3,77.0,62.0,OK
KK5,Trạm Cầu Mẫu,DV03,2026-08-29,13:00,55.8,32.5,92.0,62.0,OK
KK5,Trạm Cầu Mẫu,DV03,2026-08-29,14:00,93.6,32.9,75.0,62.0,OK
KK5,Trạm Cầu Mẫu,DV03,2026-08-29,15:00,100.9,32.1,71.0,62.0,OK
KK5,Trạm Cầu Mẫu,DV03,2026-08-29,16:00,87.9,36.2,69.0,62.0,OK
KK5,Trạm Cầu Mẫu,DV03,2026-08-29,17:00,108.5,30.8,71.0,62.0,OK
KK5,Trạm Cầu Mẫu,DV03,2026-08-29,18:00,98.0,36.6,73.0,62.0,OK
KK5,Trạm Cầu Mẫu,DV03,2026-08-29,19:00,78.8,33.4,70.0,62.0,OK
KK5,Trạm Cầu Mẫu,DV03,2026-08-29,20:00,86.7,32.8,78.0,62.0,OK
KK5,Trạm Cầu Mẫu,DV03,2026-08-29,21:00,73.3,31.6,70.0,62.0,OK
KK5,Trạm Cầu Mẫu,DV03,2026-08-29,22:00,67.4,33.6,67.0,62.0,OK
KK5,Trạm Cầu Mẫu,DV03,2026-08-29,23:00,104.0,29.9,67.0,62.0,OK
KK5,Trạm Cầu Mẫu,DV03,2026-08-30,00:00,77.3,29.5,76.0,62.0,OK
KK5,Trạm Cầu Mẫu,DV03,2026-08-30,01:00,77.5,30.4,74.0,61.0,OK
KK5,Trạm Cầu Mẫu,DV03,2026-08-30,02:00,72.6,31.5,74.0,61.0,OK
KK5,Trạm Cầu Mẫu,DV03,2026-08-30,03:00,48.3,31.1,76.0,61.0,OK
KK5,Trạm Cầu Mẫu,DV03,2026-08-30,04:00,86.3,29.9,83.0,61.0,OK
KK5,Trạm Cầu Mẫu,DV03,2026-08-30,05:00,84.5,34.6,71.0,61.0,OK
KK5,Trạm Cầu Mẫu,DV03,2026-08-30,06:00,106.0,25.8,68.0,61.0,OK
KK5,Trạm Cầu Mẫu,DV03,2026-08-30,07:00,112.6,29.3,78.0,61.0,OK
KK5,Trạm Cầu Mẫu,DV03,2026-08-30,08:00,75.0,31.0,66.0,61.0,OK
KK5,Trạm Cầu Mẫu,DV03,2026-08-30,09:00,78.1,29.8,66.0,61.0,OK
KK5,Trạm Cầu Mẫu,DV03,2026-08-30,10:00,83.5,29.0,73.0,61.0,OK
KK5,Trạm Cầu Mẫu,DV03,2026-08-30,11:00,70.8,31.2,78.0,61.0,OK
KK5,Trạm Cầu Mẫu,DV03,2026-08-30,12:00,66.8,31.3,65.0,61.0,OK
KK5,Trạm Cầu Mẫu,DV03,2026-08-30,13:00,76.2,38.0,72.0,61.0,OK
KK5,Trạm Cầu Mẫu,DV03,2026-08-30,14:00,65.5,33.8,71.0,61.0,OK
KK5,Trạm Cầu Mẫu,DV03,2026-08-30,15:00,92.5,24.5,68.0,61.0,OK
KK5,Trạm Cầu Mẫu,DV03,2026-08-30,16:00,91.9,33.5,61.0,61.0,OK
KK5,Trạm Cầu Mẫu,DV03,2026-08-30,17:00,97.4,29.3,78.0,61.0,OK
KK5,Trạm Cầu Mẫu,DV03,2026-08-30,18:00,66.2,32.3,87.0,61.0,OK
KK5,Trạm Cầu Mẫu,DV03,2026-08-30,19:00,97.3,32.1,79.0,60.0,OK
KK5,Trạm Cầu Mẫu,DV03,2026-08-30,20:00,84.1,27.9,71.0,60.0,OK
KK5,Trạm Cầu Mẫu,DV03,2026-08-30,21:00,55.8,32.1,72.0,60.0,OK
KK5,Trạm Cầu Mẫu,DV03,2026-08-30,22:00,93.1,26.2,68.0,60.0,OK
KK5,Trạm Cầu Mẫu,DV03,2026-08-30,23:00,86.6,28.2,69.0,60.0,OK
KK6,Trạm Xã Bình An,DV05,2026-08-01,00:00,27.2,39.0,80.0,100.0,OK
KK6,Trạm Xã Bình An,DV05,2026-08-01,01:00,24.5,35.4,90.0,100.0,OK
KK6,Trạm Xã Bình An,DV05,2026-08-01,02:00,21.5,34.9,85.0,100.0,OK
KK6,Trạm Xã Bình An,DV05,2026-08-01,03:00,20.7,31.8,76.0,99.0,OK
KK6,Trạm Xã Bình An,DV05,2026-08-01,04:00,17.7,34.6,69.0,99.0,OK
KK6,Trạm Xã Bình An,DV05,2026-08-01,05:00,28.5,21.6,78.0,99.0,OK
KK6,Trạm Xã Bình An,DV05,2026-08-01,06:00,24.3,29.4,81.0,99.0,OK
KK6,Trạm Xã Bình An,DV05,2026-08-01,07:00,37.0,30.9,64.0,99.0,OK
KK6,Trạm Xã Bình An,DV05,2026-08-01,08:00,32.2,22.3,79.0,99.0,OK
KK6,Trạm Xã Bình An,DV05,2026-08-01,09:00,29.4,25.5,81.0,99.0,OK
KK6,Trạm Xã Bình An,DV05,2026-08-01,10:00,26.8,26.1,73.0,99.0,OK
KK6,Trạm Xã Bình An,DV05,2026-08-01,11:00,34.3,29.0,73.0,98.0,OK
KK6,Trạm Xã Bình An,DV05,2026-08-01,12:00,28.8,27.3,73.0,98.0,OK
KK6,Trạm Xã Bình An,DV05,2026-08-01,13:00,33.3,32.1,80.0,98.0,OK
KK6,Trạm Xã Bình An,DV05,2026-08-01,14:00,20.6,32.9,76.0,98.0,OK
KK6,Trạm Xã Bình An,DV05,2026-08-01,15:00,32.0,34.9,70.0,98.0,OK
KK6,Trạm Xã Bình An,DV05,2026-08-01,16:00,25.8,35.2,66.0,98.0,OK
KK6,Trạm Xã Bình An,DV05,2026-08-01,17:00,38.8,30.7,77.0,98.0,OK
KK6,Trạm Xã Bình An,DV05,2026-08-01,18:00,34.8,30.7,81.0,97.0,OK
KK6,Trạm Xã Bình An,DV05,2026-08-01,19:00,26.5,31.9,72.0,97.0,OK
KK6,Trạm Xã Bình An,DV05,2026-08-01,20:00,26.3,30.7,71.0,97.0,OK
KK6,Trạm Xã Bình An,DV05,2026-08-01,21:00,29.0,28.7,73.0,97.0,OK
KK6,Trạm Xã Bình An,DV05,2026-08-01,22:00,28.0,31.7,77.0,97.0,OK
KK6,Trạm Xã Bình An,DV05,2026-08-01,23:00,30.1,33.5,57.0,97.0,OK
KK6,Trạm Xã Bình An,DV05,2026-08-02,00:00,28.7,30.7,70.0,97.0,OK
KK6,Trạm Xã Bình An,DV05,2026-08-02,01:00,34.7,27.6,72.0,97.0,OK
KK6,Trạm Xã Bình An,DV05,2026-08-02,02:00,22.0,27.2,63.0,96.0,OK
KK6,Trạm Xã Bình An,DV05,2026-08-02,03:00,20.4,25.5,81.0,96.0,OK
KK6,Trạm Xã Bình An,DV05,2026-08-02,04:00,18.0,31.5,78.0,96.0,OK
KK6,Trạm Xã Bình An,DV05,2026-08-02,05:00,24.3,31.6,74.0,96.0,OK
KK6,Trạm Xã Bình An,DV05,2026-08-02,06:00,27.9,31.2,82.0,96.0,OK
KK6,Trạm Xã Bình An,DV05,2026-08-02,07:00,40.0,29.7,69.0,96.0,OK
KK6,Trạm Xã Bình An,DV05,2026-08-02,08:00,23.7,34.9,84.0,96.0,OK
KK6,Trạm Xã Bình An,DV05,2026-08-02,09:00,35.4,26.3,80.0,96.0,OK
KK6,Trạm Xã Bình An,DV05,2026-08-02,10:00,34.4,29.8,93.0,95.0,OK
KK6,Trạm Xã Bình An,DV05,2026-08-02,11:00,33.2,25.1,64.0,95.0,OK
KK6,Trạm Xã Bình An,DV05,2026-08-02,12:00,23.9,25.8,77.0,95.0,OK
KK6,Trạm Xã Bình An,DV05,2026-08-02,13:00,21.7,29.0,82.0,95.0,OK
KK6,Trạm Xã Bình An,DV05,2026-08-02,14:00,33.9,30.0,84.0,95.0,OK
KK6,Trạm Xã Bình An,DV05,2026-08-02,15:00,33.0,29.8,77.0,95.0,OK
KK6,Trạm Xã Bình An,DV05,2026-08-02,16:00,30.1,34.0,74.0,95.0,OK
KK6,Trạm Xã Bình An,DV05,2026-08-02,17:00,30.5,27.3,82.0,94.0,OK
KK6,Trạm Xã Bình An,DV05,2026-08-02,18:00,21.7,29.9,79.0,94.0,OK
KK6,Trạm Xã Bình An,DV05,2026-08-02,19:00,27.1,30.2,57.0,94.0,OK
KK6,Trạm Xã Bình An,DV05,2026-08-02,20:00,18.8,34.1,84.0,94.0,OK
KK6,Trạm Xã Bình An,DV05,2026-08-02,21:00,26.4,31.4,76.0,94.0,OK
KK6,Trạm Xã Bình An,DV05,2026-08-02,22:00,21.7,29.3,79.0,94.0,OK
KK6,Trạm Xã Bình An,DV05,2026-08-02,23:00,35.1,32.8,68.0,94.0,OK
KK6,Trạm Xã Bình An,DV05,2026-08-03,00:00,32.1,33.6,87.0,94.0,OK
KK6,Trạm Xã Bình An,DV05,2026-08-03,01:00,36.9,31.6,84.0,93.0,OK
KK6,Trạm Xã Bình An,DV05,2026-08-03,02:00,26.3,28.9,70.0,93.0,OK
KK6,Trạm Xã Bình An,DV05,2026-08-03,03:00,25.4,30.9,65.0,93.0,OK
KK6,Trạm Xã Bình An,DV05,2026-08-03,04:00,24.6,33.8,83.0,93.0,OK
KK6,Trạm Xã Bình An,DV05,2026-08-03,05:00,23.4,25.1,76.0,93.0,OK
KK6,Trạm Xã Bình An,DV05,2026-08-03,06:00,26.5,33.6,73.0,93.0,OK
KK6,Trạm Xã Bình An,DV05,2026-08-03,07:00,24.8,30.9,69.0,93.0,OK
KK6,Trạm Xã Bình An,DV05,2026-08-03,08:00,27.0,31.2,78.0,93.0,OK
KK6,Trạm Xã Bình An,DV05,2026-08-03,09:00,26.9,27.0,65.0,92.0,OK
KK6,Trạm Xã Bình An,DV05,2026-08-03,10:00,30.2,27.9,79.0,92.0,OK
KK6,Trạm Xã Bình An,DV05,2026-08-03,11:00,35.7,33.7,67.0,92.0,OK
KK6,Trạm Xã Bình An,DV05,2026-08-03,12:00,27.0,33.0,68.0,92.0,OK
KK6,Trạm Xã Bình An,DV05,2026-08-03,13:00,30.0,29.8,75.0,92.0,OK
KK6,Trạm Xã Bình An,DV05,2026-08-03,14:00,33.5,31.4,76.0,92.0,OK
KK6,Trạm Xã Bình An,DV05,2026-08-03,15:00,33.3,29.6,75.0,92.0,OK
KK6,Trạm Xã Bình An,DV05,2026-08-03,16:00,25.9,24.4,72.0,91.0,OK
KK6,Trạm Xã Bình An,DV05,2026-08-03,17:00,28.5,27.2,78.0,91.0,OK
KK6,Trạm Xã Bình An,DV05,2026-08-03,18:00,26.1,31.5,79.0,91.0,OK
KK6,Trạm Xã Bình An,DV05,2026-08-03,19:00,22.4,28.6,63.0,91.0,OK
KK6,Trạm Xã Bình An,DV05,2026-08-03,20:00,24.1,32.0,69.0,91.0,OK
KK6,Trạm Xã Bình An,DV05,2026-08-03,21:00,25.4,21.4,79.0,91.0,OK
KK6,Trạm Xã Bình An,DV05,2026-08-03,22:00,25.9,25.7,71.0,91.0,OK
KK6,Trạm Xã Bình An,DV05,2026-08-03,23:00,29.3,26.0,70.0,91.0,OK
KK6,Trạm Xã Bình An,DV05,2026-08-04,00:00,30.7,30.2,72.0,90.0,OK
KK6,Trạm Xã Bình An,DV05,2026-08-04,01:00,34.5,33.8,72.0,90.0,OK
KK6,Trạm Xã Bình An,DV05,2026-08-04,02:00,21.6,32.4,63.0,90.0,OK
KK6,Trạm Xã Bình An,DV05,2026-08-04,03:00,23.2,30.7,75.0,90.0,OK
KK6,Trạm Xã Bình An,DV05,2026-08-04,04:00,26.3,29.5,71.0,90.0,OK
KK6,Trạm Xã Bình An,DV05,2026-08-04,05:00,31.8,29.3,84.0,90.0,OK
KK6,Trạm Xã Bình An,DV05,2026-08-04,06:00,24.3,32.6,76.0,90.0,OK
KK6,Trạm Xã Bình An,DV05,2026-08-04,07:00,30.0,27.7,70.0,89.0,OK
KK6,Trạm Xã Bình An,DV05,2026-08-04,08:00,23.1,31.8,73.0,89.0,OK
KK6,Trạm Xã Bình An,DV05,2026-08-04,09:00,27.2,29.8,67.0,89.0,OK
KK6,Trạm Xã Bình An,DV05,2026-08-04,10:00,26.3,25.8,68.0,89.0,OK
KK6,Trạm Xã Bình An,DV05,2026-08-04,11:00,23.6,32.3,74.0,89.0,OK
KK6,Trạm Xã Bình An,DV05,2026-08-04,12:00,30.4,25.4,69.0,89.0,OK
KK6,Trạm Xã Bình An,DV05,2026-08-04,13:00,19.9,27.7,60.0,89.0,OK
KK6,Trạm Xã Bình An,DV05,2026-08-04,14:00,24.5,29.6,64.0,89.0,OK
KK6,Trạm Xã Bình An,DV05,2026-08-04,15:00,31.9,30.4,66.0,88.0,OK
KK6,Trạm Xã Bình An,DV05,2026-08-04,16:00,36.3,27.5,78.0,88.0,OK
KK6,Trạm Xã Bình An,DV05,2026-08-04,17:00,36.6,24.7,92.0,88.0,OK
KK6,Trạm Xã Bình An,DV05,2026-08-04,18:00,36.1,31.7,81.0,88.0,OK
KK6,Trạm Xã Bình An,DV05,2026-08-04,19:00,28.6,31.4,75.0,88.0,OK
KK6,Trạm Xã Bình An,DV05,2026-08-04,20:00,24.5,32.9,75.0,88.0,OK
KK6,Trạm Xã Bình An,DV05,2026-08-04,21:00,28.9,35.4,76.0,88.0,OK
KK6,Trạm Xã Bình An,DV05,2026-08-04,22:00,38.5,29.3,79.0,88.0,OK
KK6,Trạm Xã Bình An,DV05,2026-08-04,23:00,27.4,31.0,82.0,87.0,OK
KK6,Trạm Xã Bình An,DV05,2026-08-05,00:00,24.9,29.5,84.0,87.0,OK
KK6,Trạm Xã Bình An,DV05,2026-08-05,01:00,23.5,30.6,67.0,87.0,OK
KK6,Trạm Xã Bình An,DV05,2026-08-05,02:00,35.2,32.6,86.0,87.0,OK
KK6,Trạm Xã Bình An,DV05,2026-08-05,03:00,25.5,30.7,74.0,87.0,OK
KK6,Trạm Xã Bình An,DV05,2026-08-05,04:00,29.8,24.9,72.0,87.0,OK
KK6,Trạm Xã Bình An,DV05,2026-08-05,05:00,21.2,30.5,73.0,87.0,OK
KK6,Trạm Xã Bình An,DV05,2026-08-05,06:00,33.1,32.6,77.0,86.0,OK
KK6,Trạm Xã Bình An,DV05,2026-08-05,07:00,31.2,35.8,65.0,86.0,OK
KK6,Trạm Xã Bình An,DV05,2026-08-05,08:00,25.7,31.1,72.0,86.0,OK
KK6,Trạm Xã Bình An,DV05,2026-08-05,09:00,24.7,29.6,61.0,86.0,OK
KK6,Trạm Xã Bình An,DV05,2026-08-05,10:00,26.7,32.0,78.0,86.0,OK
KK6,Trạm Xã Bình An,DV05,2026-08-05,11:00,21.3,26.0,84.0,86.0,OK
KK6,Trạm Xã Bình An,DV05,2026-08-05,12:00,35.1,30.4,80.0,86.0,OK
KK6,Trạm Xã Bình An,DV05,2026-08-05,13:00,29.8,32.3,81.0,85.0,OK
KK6,Trạm Xã Bình An,DV05,2026-08-05,14:00,32.5,36.6,65.0,85.0,OK
KK6,Trạm Xã Bình An,DV05,2026-08-05,15:00,20.8,32.9,78.0,85.0,OK
KK6,Trạm Xã Bình An,DV05,2026-08-05,16:00,32.7,28.3,73.0,85.0,OK
KK6,Trạm Xã Bình An,DV05,2026-08-05,17:00,22.9,32.2,75.0,85.0,OK
KK6,Trạm Xã Bình An,DV05,2026-08-05,18:00,26.0,30.9,73.0,85.0,OK
KK6,Trạm Xã Bình An,DV05,2026-08-05,19:00,20.0,28.4,68.0,85.0,OK
KK6,Trạm Xã Bình An,DV05,2026-08-05,20:00,20.6,31.6,72.0,85.0,OK
KK6,Trạm Xã Bình An,DV05,2026-08-05,21:00,31.3,29.8,62.0,84.0,OK
KK6,Trạm Xã Bình An,DV05,2026-08-05,22:00,37.6,32.4,79.0,84.0,OK
KK6,Trạm Xã Bình An,DV05,2026-08-05,23:00,24.6,28.7,55.0,84.0,OK
KK6,Trạm Xã Bình An,DV05,2026-08-06,00:00,37.2,27.5,80.0,84.0,OK
KK6,Trạm Xã Bình An,DV05,2026-08-06,01:00,28.8,30.4,82.0,84.0,OK
KK6,Trạm Xã Bình An,DV05,2026-08-06,02:00,28.9,30.6,74.0,84.0,OK
KK6,Trạm Xã Bình An,DV05,2026-08-06,03:00,19.9,31.1,78.0,84.0,OK
KK6,Trạm Xã Bình An,DV05,2026-08-06,04:00,26.1,30.5,70.0,83.0,OK
KK6,Trạm Xã Bình An,DV05,2026-08-06,05:00,20.3,33.7,74.0,83.0,OK
KK6,Trạm Xã Bình An,DV05,2026-08-06,06:00,27.6,28.3,82.0,83.0,OK
KK6,Trạm Xã Bình An,DV05,2026-08-06,07:00,34.4,33.4,63.0,83.0,OK
KK6,Trạm Xã Bình An,DV05,2026-08-06,08:00,35.8,24.8,68.0,83.0,OK
KK6,Trạm Xã Bình An,DV05,2026-08-06,09:00,35.4,27.6,68.0,83.0,OK
KK6,Trạm Xã Bình An,DV05,2026-08-06,10:00,21.2,29.9,63.0,83.0,OK
KK6,Trạm Xã Bình An,DV05,2026-08-06,11:00,27.9,26.2,64.0,83.0,OK
KK6,Trạm Xã Bình An,DV05,2026-08-06,12:00,34.4,34.1,67.0,82.0,OK
KK6,Trạm Xã Bình An,DV05,2026-08-06,13:00,28.8,34.5,71.0,82.0,OK
KK6,Trạm Xã Bình An,DV05,2026-08-06,14:00,32.1,29.1,69.0,82.0,OK
KK6,Trạm Xã Bình An,DV05,2026-08-06,15:00,34.2,32.2,72.0,82.0,OK
KK6,Trạm Xã Bình An,DV05,2026-08-06,16:00,30.8,32.1,65.0,82.0,OK
KK6,Trạm Xã Bình An,DV05,2026-08-06,17:00,31.1,33.5,84.0,82.0,OK
KK6,Trạm Xã Bình An,DV05,2026-08-06,18:00,22.5,27.7,74.0,82.0,OK
KK6,Trạm Xã Bình An,DV05,2026-08-06,19:00,26.2,30.8,85.0,81.0,OK
KK6,Trạm Xã Bình An,DV05,2026-08-06,20:00,19.9,31.0,71.0,81.0,OK
KK6,Trạm Xã Bình An,DV05,2026-08-06,21:00,27.2,26.7,87.0,81.0,OK
KK6,Trạm Xã Bình An,DV05,2026-08-06,22:00,21.6,28.5,78.0,81.0,OK
KK6,Trạm Xã Bình An,DV05,2026-08-06,23:00,35.0,34.1,69.0,81.0,OK
KK6,Trạm Xã Bình An,DV05,2026-08-07,00:00,30.9,36.1,74.0,81.0,OK
KK6,Trạm Xã Bình An,DV05,2026-08-07,01:00,26.9,28.1,79.0,81.0,OK
KK6,Trạm Xã Bình An,DV05,2026-08-07,02:00,34.9,32.3,84.0,81.0,OK
KK6,Trạm Xã Bình An,DV05,2026-08-07,03:00,20.3,27.8,71.0,80.0,OK
KK6,Trạm Xã Bình An,DV05,2026-08-07,04:00,30.6,26.8,78.0,80.0,OK
KK6,Trạm Xã Bình An,DV05,2026-08-07,05:00,27.1,31.1,79.0,80.0,OK
KK6,Trạm Xã Bình An,DV05,2026-08-07,06:00,28.7,29.3,69.0,80.0,OK
KK6,Trạm Xã Bình An,DV05,2026-08-07,07:00,37.2,31.5,82.0,80.0,OK
KK6,Trạm Xã Bình An,DV05,2026-08-07,08:00,30.7,32.7,74.0,80.0,OK
KK6,Trạm Xã Bình An,DV05,2026-08-07,09:00,22.8,33.5,66.0,80.0,OK
KK6,Trạm Xã Bình An,DV05,2026-08-07,10:00,23.0,29.5,71.0,80.0,OK
KK6,Trạm Xã Bình An,DV05,2026-08-07,11:00,31.1,32.7,71.0,79.0,OK
KK6,Trạm Xã Bình An,DV05,2026-08-07,12:00,25.5,31.3,71.0,79.0,OK
KK6,Trạm Xã Bình An,DV05,2026-08-07,13:00,25.6,34.1,80.0,79.0,OK
KK6,Trạm Xã Bình An,DV05,2026-08-07,14:00,21.7,29.3,71.0,79.0,OK
KK6,Trạm Xã Bình An,DV05,2026-08-07,15:00,29.0,34.4,59.0,79.0,OK
KK6,Trạm Xã Bình An,DV05,2026-08-07,16:00,24.7,31.1,74.0,79.0,OK
KK6,Trạm Xã Bình An,DV05,2026-08-07,17:00,29.4,34.6,64.0,79.0,OK
KK6,Trạm Xã Bình An,DV05,2026-08-07,18:00,38.7,27.0,77.0,78.0,OK
KK6,Trạm Xã Bình An,DV05,2026-08-07,19:00,30.5,30.0,74.0,78.0,OK
KK6,Trạm Xã Bình An,DV05,2026-08-07,20:00,29.4,33.2,63.0,78.0,OK
KK6,Trạm Xã Bình An,DV05,2026-08-07,21:00,23.8,34.4,80.0,78.0,OK
KK6,Trạm Xã Bình An,DV05,2026-08-07,22:00,26.5,28.0,86.0,78.0,OK
KK6,Trạm Xã Bình An,DV05,2026-08-07,23:00,37.0,31.1,91.0,78.0,OK
KK6,Trạm Xã Bình An,DV05,2026-08-08,00:00,28.2,30.5,81.0,78.0,OK
KK6,Trạm Xã Bình An,DV05,2026-08-08,01:00,22.5,32.9,67.0,78.0,OK
KK6,Trạm Xã Bình An,DV05,2026-08-08,02:00,24.3,31.3,72.0,77.0,OK
KK6,Trạm Xã Bình An,DV05,2026-08-08,03:00,18.9,27.5,73.0,77.0,OK
KK6,Trạm Xã Bình An,DV05,2026-08-08,04:00,29.2,31.2,66.0,77.0,OK
KK6,Trạm Xã Bình An,DV05,2026-08-08,05:00,32.8,28.2,69.0,77.0,OK
KK6,Trạm Xã Bình An,DV05,2026-08-08,06:00,28.7,30.4,78.0,77.0,OK
KK6,Trạm Xã Bình An,DV05,2026-08-08,07:00,25.4,26.9,70.0,77.0,OK
KK6,Trạm Xã Bình An,DV05,2026-08-08,08:00,22.6,27.8,77.0,77.0,OK
KK6,Trạm Xã Bình An,DV05,2026-08-08,09:00,21.2,32.6,75.0,76.0,OK
KK6,Trạm Xã Bình An,DV05,2026-08-08,10:00,33.2,31.9,68.0,76.0,OK
KK6,Trạm Xã Bình An,DV05,2026-08-08,11:00,35.6,25.7,77.0,76.0,OK
KK6,Trạm Xã Bình An,DV05,2026-08-08,12:00,20.3,34.0,75.0,76.0,OK
KK6,Trạm Xã Bình An,DV05,2026-08-08,13:00,20.3,26.0,81.0,76.0,OK
KK6,Trạm Xã Bình An,DV05,2026-08-08,14:00,30.6,30.9,75.0,76.0,OK
KK6,Trạm Xã Bình An,DV05,2026-08-08,15:00,28.0,28.8,80.0,76.0,OK
KK6,Trạm Xã Bình An,DV05,2026-08-08,16:00,38.1,33.1,80.0,76.0,OK
KK6,Trạm Xã Bình An,DV05,2026-08-08,17:00,29.5,34.3,75.0,75.0,OK
KK6,Trạm Xã Bình An,DV05,2026-08-08,18:00,24.3,31.8,65.0,75.0,OK
KK6,Trạm Xã Bình An,DV05,2026-08-08,19:00,20.6,29.8,74.0,75.0,OK
KK6,Trạm Xã Bình An,DV05,2026-08-08,20:00,26.4,32.7,72.0,75.0,OK
KK6,Trạm Xã Bình An,DV05,2026-08-08,21:00,18.4,28.6,81.0,75.0,OK
KK6,Trạm Xã Bình An,DV05,2026-08-08,22:00,32.4,29.6,69.0,75.0,OK
KK6,Trạm Xã Bình An,DV05,2026-08-08,23:00,36.0,30.7,85.0,75.0,OK
KK6,Trạm Xã Bình An,DV05,2026-08-09,00:00,31.2,34.9,75.0,74.0,OK
KK6,Trạm Xã Bình An,DV05,2026-08-09,01:00,33.6,29.9,85.0,74.0,OK
KK6,Trạm Xã Bình An,DV05,2026-08-09,02:00,26.2,33.4,68.0,74.0,OK
KK6,Trạm Xã Bình An,DV05,2026-08-09,03:00,23.9,26.3,66.0,74.0,OK
KK6,Trạm Xã Bình An,DV05,2026-08-09,04:00,28.3,28.1,74.0,74.0,OK
KK6,Trạm Xã Bình An,DV05,2026-08-09,05:00,22.7,30.6,71.0,74.0,OK
KK6,Trạm Xã Bình An,DV05,2026-08-09,06:00,22.7,25.6,71.0,74.0,OK
KK6,Trạm Xã Bình An,DV05,2026-08-09,07:00,32.5,28.5,70.0,74.0,OK
KK6,Trạm Xã Bình An,DV05,2026-08-09,08:00,22.6,24.8,83.0,73.0,OK
KK6,Trạm Xã Bình An,DV05,2026-08-09,09:00,25.5,33.5,87.0,73.0,OK
KK6,Trạm Xã Bình An,DV05,2026-08-09,10:00,31.9,31.0,83.0,73.0,OK
KK6,Trạm Xã Bình An,DV05,2026-08-09,11:00,24.6,29.5,64.0,73.0,OK
KK6,Trạm Xã Bình An,DV05,2026-08-09,12:00,32.8,32.0,76.0,73.0,OK
KK6,Trạm Xã Bình An,DV05,2026-08-09,13:00,31.2,29.0,74.0,73.0,OK
KK6,Trạm Xã Bình An,DV05,2026-08-09,14:00,29.6,30.6,72.0,73.0,OK
KK6,Trạm Xã Bình An,DV05,2026-08-09,15:00,35.0,33.3,67.0,72.0,OK
KK6,Trạm Xã Bình An,DV05,2026-08-09,16:00,22.9,28.0,67.0,72.0,OK
KK6,Trạm Xã Bình An,DV05,2026-08-09,17:00,36.2,29.0,91.0,72.0,OK
KK6,Trạm Xã Bình An,DV05,2026-08-09,18:00,38.7,30.9,70.0,72.0,OK
KK6,Trạm Xã Bình An,DV05,2026-08-09,19:00,34.0,30.4,76.0,72.0,OK
KK6,Trạm Xã Bình An,DV05,2026-08-09,20:00,20.1,41.8,69.0,72.0,OK
KK6,Trạm Xã Bình An,DV05,2026-08-09,21:00,26.5,27.7,79.0,72.0,OK
KK6,Trạm Xã Bình An,DV05,2026-08-09,22:00,26.4,29.9,82.0,72.0,OK
KK6,Trạm Xã Bình An,DV05,2026-08-09,23:00,24.0,31.3,80.0,71.0,OK
KK6,Trạm Xã Bình An,DV05,2026-08-10,00:00,21.9,28.8,69.0,71.0,OK
KK6,Trạm Xã Bình An,DV05,2026-08-10,01:00,32.4,28.2,83.0,71.0,OK
KK6,Trạm Xã Bình An,DV05,2026-08-10,02:00,20.7,30.4,75.0,71.0,OK
KK6,Trạm Xã Bình An,DV05,2026-08-10,03:00,17.3,30.0,71.0,71.0,OK
KK6,Trạm Xã Bình An,DV05,2026-08-10,04:00,27.3,28.7,84.0,71.0,OK
KK6,Trạm Xã Bình An,DV05,2026-08-10,05:00,30.4,30.0,80.0,71.0,OK
KK6,Trạm Xã Bình An,DV05,2026-08-10,06:00,30.3,31.9,77.0,70.0,OK
KK6,Trạm Xã Bình An,DV05,2026-08-10,07:00,23.9,31.1,75.0,70.0,OK
KK6,Trạm Xã Bình An,DV05,2026-08-10,08:00,21.1,30.1,73.0,70.0,OK
KK6,Trạm Xã Bình An,DV05,2026-08-10,09:00,22.4,35.2,83.0,70.0,OK
KK6,Trạm Xã Bình An,DV05,2026-08-10,10:00,34.7,30.9,75.0,70.0,OK
KK6,Trạm Xã Bình An,DV05,2026-08-10,11:00,21.2,32.0,73.0,70.0,OK
KK6,Trạm Xã Bình An,DV05,2026-08-10,12:00,23.9,29.2,75.0,70.0,OK
KK6,Trạm Xã Bình An,DV05,2026-08-10,13:00,28.7,31.9,63.0,70.0,OK
KK6,Trạm Xã Bình An,DV05,2026-08-10,14:00,26.0,32.2,74.0,69.0,OK
KK6,Trạm Xã Bình An,DV05,2026-08-10,15:00,32.7,33.0,75.0,69.0,OK
KK6,Trạm Xã Bình An,DV05,2026-08-10,16:00,29.1,33.5,72.0,69.0,OK
KK6,Trạm Xã Bình An,DV05,2026-08-10,17:00,28.6,30.8,67.0,69.0,OK
KK6,Trạm Xã Bình An,DV05,2026-08-10,18:00,31.0,31.0,69.0,69.0,OK
KK6,Trạm Xã Bình An,DV05,2026-08-10,19:00,29.3,33.6,90.0,69.0,OK
KK6,Trạm Xã Bình An,DV05,2026-08-10,20:00,32.7,26.2,75.0,69.0,OK
KK6,Trạm Xã Bình An,DV05,2026-08-10,21:00,24.3,34.9,74.0,69.0,OK
KK6,Trạm Xã Bình An,DV05,2026-08-10,22:00,22.2,27.5,76.0,68.0,OK
KK6,Trạm Xã Bình An,DV05,2026-08-10,23:00,27.2,19.2,68.0,68.0,OK
KK6,Trạm Xã Bình An,DV05,2026-08-11,00:00,22.5,27.4,64.0,68.0,OK
KK6,Trạm Xã Bình An,DV05,2026-08-11,01:00,35.2,34.6,78.0,68.0,OK
KK6,Trạm Xã Bình An,DV05,2026-08-11,02:00,35.6,32.9,68.0,68.0,OK
KK6,Trạm Xã Bình An,DV05,2026-08-11,03:00,28.6,27.5,77.0,68.0,OK
KK6,Trạm Xã Bình An,DV05,2026-08-11,04:00,17.1,28.6,67.0,68.0,OK
KK6,Trạm Xã Bình An,DV05,2026-08-11,05:00,31.9,28.6,75.0,67.0,OK
KK6,Trạm Xã Bình An,DV05,2026-08-11,06:00,37.3,27.8,82.0,67.0,OK
KK6,Trạm Xã Bình An,DV05,2026-08-11,07:00,28.7,24.9,60.0,67.0,OK
KK6,Trạm Xã Bình An,DV05,2026-08-11,08:00,22.2,33.9,77.0,67.0,OK
KK6,Trạm Xã Bình An,DV05,2026-08-11,09:00,22.7,34.9,75.0,67.0,OK
KK6,Trạm Xã Bình An,DV05,2026-08-11,10:00,29.5,29.5,77.0,67.0,OK
KK6,Trạm Xã Bình An,DV05,2026-08-11,11:00,20.7,26.5,81.0,67.0,OK
KK6,Trạm Xã Bình An,DV05,2026-08-11,12:00,24.8,28.3,76.0,67.0,OK
KK6,Trạm Xã Bình An,DV05,2026-08-11,13:00,21.0,31.8,79.0,66.0,OK
KK6,Trạm Xã Bình An,DV05,2026-08-11,14:00,34.3,34.8,70.0,66.0,OK
KK6,Trạm Xã Bình An,DV05,2026-08-11,15:00,23.3,30.3,72.0,66.0,OK
KK6,Trạm Xã Bình An,DV05,2026-08-11,16:00,24.9,28.6,80.0,66.0,OK
KK6,Trạm Xã Bình An,DV05,2026-08-11,17:00,27.5,30.9,94.0,66.0,OK
KK6,Trạm Xã Bình An,DV05,2026-08-11,18:00,37.3,29.7,82.0,66.0,OK
KK6,Trạm Xã Bình An,DV05,2026-08-11,19:00,28.9,29.7,80.0,66.0,OK
KK6,Trạm Xã Bình An,DV05,2026-08-11,20:00,32.6,31.3,76.0,65.0,OK
KK6,Trạm Xã Bình An,DV05,2026-08-11,21:00,27.8,32.9,72.0,65.0,OK
KK6,Trạm Xã Bình An,DV05,2026-08-11,22:00,34.5,26.9,76.0,65.0,OK
KK6,Trạm Xã Bình An,DV05,2026-08-11,23:00,36.0,32.4,69.0,65.0,OK
KK6,Trạm Xã Bình An,DV05,2026-08-12,00:00,24.3,26.5,78.0,65.0,OK
KK6,Trạm Xã Bình An,DV05,2026-08-12,01:00,36.4,32.0,72.0,65.0,OK
KK6,Trạm Xã Bình An,DV05,2026-08-12,02:00,24.5,27.1,79.0,65.0,OK
KK6,Trạm Xã Bình An,DV05,2026-08-12,03:00,26.9,25.4,63.0,64.0,OK
KK6,Trạm Xã Bình An,DV05,2026-08-12,04:00,22.5,30.6,84.0,64.0,OK
KK6,Trạm Xã Bình An,DV05,2026-08-12,05:00,27.5,28.1,68.0,64.0,OK
KK6,Trạm Xã Bình An,DV05,2026-08-12,06:00,28.8,27.8,70.0,64.0,OK
KK6,Trạm Xã Bình An,DV05,2026-08-12,07:00,31.5,29.1,78.0,64.0,OK
KK6,Trạm Xã Bình An,DV05,2026-08-12,08:00,25.2,33.6,69.0,64.0,OK
KK6,Trạm Xã Bình An,DV05,2026-08-12,09:00,28.5,34.2,70.0,64.0,OK
KK6,Trạm Xã Bình An,DV05,2026-08-12,10:00,35.0,33.2,77.0,64.0,OK
KK6,Trạm Xã Bình An,DV05,2026-08-12,11:00,22.8,30.6,75.0,63.0,OK
KK6,Trạm Xã Bình An,DV05,2026-08-12,12:00,31.5,33.8,67.0,63.0,OK
KK6,Trạm Xã Bình An,DV05,2026-08-12,13:00,19.7,26.5,63.0,63.0,OK
KK6,Trạm Xã Bình An,DV05,2026-08-12,14:00,22.7,32.6,76.0,63.0,OK
KK6,Trạm Xã Bình An,DV05,2026-08-12,15:00,30.2,30.2,56.0,63.0,OK
KK6,Trạm Xã Bình An,DV05,2026-08-12,16:00,38.0,30.2,83.0,63.0,OK
KK6,Trạm Xã Bình An,DV05,2026-08-12,17:00,32.4,31.3,66.0,63.0,OK
KK6,Trạm Xã Bình An,DV05,2026-08-12,18:00,36.4,30.2,80.0,63.0,OK
KK6,Trạm Xã Bình An,DV05,2026-08-12,19:00,35.6,31.7,80.0,62.0,OK
KK6,Trạm Xã Bình An,DV05,2026-08-12,20:00,21.6,30.1,77.0,62.0,OK
KK6,Trạm Xã Bình An,DV05,2026-08-12,21:00,20.1,32.0,78.0,62.0,OK
KK6,Trạm Xã Bình An,DV05,2026-08-12,22:00,34.6,29.6,72.0,62.0,OK
KK6,Trạm Xã Bình An,DV05,2026-08-12,23:00,23.7,31.3,80.0,62.0,OK
KK6,Trạm Xã Bình An,DV05,2026-08-13,00:00,24.0,30.1,77.0,62.0,OK
KK6,Trạm Xã Bình An,DV05,2026-08-13,01:00,28.3,28.9,79.0,62.0,OK
KK6,Trạm Xã Bình An,DV05,2026-08-13,02:00,23.3,31.9,65.0,61.0,OK
KK6,Trạm Xã Bình An,DV05,2026-08-13,03:00,26.5,30.2,66.0,61.0,OK
KK6,Trạm Xã Bình An,DV05,2026-08-13,04:00,29.6,28.7,71.0,61.0,OK
KK6,Trạm Xã Bình An,DV05,2026-08-13,05:00,32.8,30.3,74.0,61.0,OK
KK6,Trạm Xã Bình An,DV05,2026-08-13,06:00,35.8,30.3,75.0,61.0,OK
KK6,Trạm Xã Bình An,DV05,2026-08-13,07:00,22.9,28.0,78.0,61.0,OK
KK6,Trạm Xã Bình An,DV05,2026-08-13,08:00,26.7,30.8,80.0,61.0,OK
KK6,Trạm Xã Bình An,DV05,2026-08-13,09:00,21.1,35.8,74.0,61.0,OK
KK6,Trạm Xã Bình An,DV05,2026-08-13,10:00,29.4,28.7,85.0,60.0,OK
KK6,Trạm Xã Bình An,DV05,2026-08-13,11:00,33.5,29.9,64.0,60.0,OK
KK6,Trạm Xã Bình An,DV05,2026-08-13,12:00,22.3,27.4,79.0,60.0,OK
KK6,Trạm Xã Bình An,DV05,2026-08-13,13:00,34.4,30.5,75.0,60.0,OK
KK6,Trạm Xã Bình An,DV05,2026-08-13,14:00,23.6,35.1,59.0,60.0,OK
KK6,Trạm Xã Bình An,DV05,2026-08-13,15:00,22.5,27.7,76.0,60.0,OK
KK6,Trạm Xã Bình An,DV05,2026-08-13,16:00,30.5,28.2,85.0,60.0,OK
KK6,Trạm Xã Bình An,DV05,2026-08-13,17:00,33.5,32.6,84.0,59.0,OK
KK6,Trạm Xã Bình An,DV05,2026-08-13,18:00,35.3,28.5,76.0,59.0,OK
KK6,Trạm Xã Bình An,DV05,2026-08-13,19:00,21.4,28.3,78.0,59.0,OK
KK6,Trạm Xã Bình An,DV05,2026-08-13,20:00,29.3,29.5,71.0,59.0,OK
KK6,Trạm Xã Bình An,DV05,2026-08-13,21:00,28.1,28.3,80.0,59.0,OK
KK6,Trạm Xã Bình An,DV05,2026-08-13,22:00,33.9,30.6,75.0,59.0,OK
KK6,Trạm Xã Bình An,DV05,2026-08-13,23:00,22.1,33.7,85.0,59.0,OK
KK6,Trạm Xã Bình An,DV05,2026-08-14,00:00,53.0,28.8,75.0,59.0,OK
KK6,Trạm Xã Bình An,DV05,2026-08-14,01:00,34.3,32.2,80.0,58.0,OK
KK6,Trạm Xã Bình An,DV05,2026-08-14,02:00,40.8,28.2,64.0,58.0,OK
KK6,Trạm Xã Bình An,DV05,2026-08-14,03:00,28.2,29.4,70.0,58.0,OK
KK6,Trạm Xã Bình An,DV05,2026-08-14,04:00,38.4,30.7,80.0,58.0,OK
KK6,Trạm Xã Bình An,DV05,2026-08-14,05:00,44.8,30.5,68.0,58.0,OK
KK6,Trạm Xã Bình An,DV05,2026-08-14,06:00,57.9,28.2,77.0,58.0,OK
KK6,Trạm Xã Bình An,DV05,2026-08-14,07:00,35.0,31.8,79.0,58.0,OK
KK6,Trạm Xã Bình An,DV05,2026-08-14,08:00,47.4,30.1,68.0,57.0,OK
KK6,Trạm Xã Bình An,DV05,2026-08-14,09:00,38.7,33.4,55.0,57.0,OK
KK6,Trạm Xã Bình An,DV05,2026-08-14,10:00,44.7,28.5,69.0,57.0,OK
KK6,Trạm Xã Bình An,DV05,2026-08-14,11:00,50.8,29.6,61.0,57.0,OK
KK6,Trạm Xã Bình An,DV05,2026-08-14,12:00,49.1,31.0,90.0,57.0,OK
KK6,Trạm Xã Bình An,DV05,2026-08-14,13:00,51.2,33.7,81.0,57.0,OK
KK6,Trạm Xã Bình An,DV05,2026-08-14,14:00,221.7,26.0,78.0,57.0,Nghi ngờ
KK6,Trạm Xã Bình An,DV05,2026-08-14,15:00,48.3,25.5,72.0,57.0,OK
KK6,Trạm Xã Bình An,DV05,2026-08-14,16:00,53.7,31.0,82.0,56.0,OK
KK6,Trạm Xã Bình An,DV05,2026-08-14,17:00,43.5,31.5,74.0,56.0,OK
KK6,Trạm Xã Bình An,DV05,2026-08-14,18:00,45.8,24.6,75.0,56.0,OK
KK6,Trạm Xã Bình An,DV05,2026-08-14,19:00,45.0,30.1,96.0,56.0,OK
KK6,Trạm Xã Bình An,DV05,2026-08-14,20:00,40.1,26.5,73.0,56.0,OK
KK6,Trạm Xã Bình An,DV05,2026-08-14,21:00,32.7,31.7,77.0,56.0,OK
KK6,Trạm Xã Bình An,DV05,2026-08-14,22:00,36.3,31.6,62.0,56.0,OK
KK6,Trạm Xã Bình An,DV05,2026-08-14,23:00,51.1,31.8,77.0,56.0,OK
KK6,Trạm Xã Bình An,DV05,2026-08-15,00:00,52.9,32.8,70.0,55.0,OK
KK6,Trạm Xã Bình An,DV05,2026-08-15,01:00,44.8,29.4,71.0,55.0,OK
KK6,Trạm Xã Bình An,DV05,2026-08-15,02:00,52.3,34.0,68.0,55.0,OK
KK6,Trạm Xã Bình An,DV05,2026-08-15,03:00,29.2,22.0,75.0,55.0,OK
KK6,Trạm Xã Bình An,DV05,2026-08-15,04:00,41.8,37.3,91.0,55.0,OK
KK6,Trạm Xã Bình An,DV05,2026-08-15,05:00,34.4,28.8,64.0,55.0,OK
KK6,Trạm Xã Bình An,DV05,2026-08-15,06:00,58.4,31.0,72.0,55.0,OK
KK6,Trạm Xã Bình An,DV05,2026-08-15,07:00,43.9,32.3,61.0,54.0,OK
KK6,Trạm Xã Bình An,DV05,2026-08-15,08:00,34.0,37.4,74.0,54.0,OK
KK6,Trạm Xã Bình An,DV05,2026-08-15,09:00,53.2,31.8,68.0,54.0,OK
KK6,Trạm Xã Bình An,DV05,2026-08-15,10:00,30.9,27.0,71.0,54.0,OK
KK6,Trạm Xã Bình An,DV05,2026-08-15,11:00,36.0,25.0,66.0,54.0,OK
KK6,Trạm Xã Bình An,DV05,2026-08-15,12:00,42.4,29.9,68.0,54.0,OK
KK6,Trạm Xã Bình An,DV05,2026-08-15,13:00,45.2,35.3,79.0,54.0,OK
KK6,Trạm Xã Bình An,DV05,2026-08-15,14:00,47.5,30.1,68.0,54.0,OK
KK6,Trạm Xã Bình An,DV05,2026-08-15,15:00,50.5,32.6,60.0,53.0,OK
KK6,Trạm Xã Bình An,DV05,2026-08-15,16:00,48.6,30.3,88.0,53.0,OK
KK6,Trạm Xã Bình An,DV05,2026-08-15,17:00,58.4,32.3,69.0,53.0,OK
KK6,Trạm Xã Bình An,DV05,2026-08-15,18:00,38.8,32.6,79.0,53.0,OK
KK6,Trạm Xã Bình An,DV05,2026-08-15,19:00,53.2,29.2,82.0,53.0,OK
KK6,Trạm Xã Bình An,DV05,2026-08-15,20:00,48.5,25.5,78.0,53.0,OK
KK6,Trạm Xã Bình An,DV05,2026-08-15,21:00,43.6,29.6,82.0,53.0,OK
KK6,Trạm Xã Bình An,DV05,2026-08-15,22:00,49.7,28.7,68.0,52.0,OK
KK6,Trạm Xã Bình An,DV05,2026-08-15,23:00,32.9,29.8,71.0,52.0,OK
KK6,Trạm Xã Bình An,DV05,2026-08-16,00:00,41.6,30.6,76.0,52.0,OK
KK6,Trạm Xã Bình An,DV05,2026-08-16,01:00,42.0,28.1,76.0,52.0,OK
KK6,Trạm Xã Bình An,DV05,2026-08-16,02:00,56.4,30.3,77.0,52.0,OK
KK6,Trạm Xã Bình An,DV05,2026-08-16,03:00,28.3,29.8,75.0,52.0,OK
KK6,Trạm Xã Bình An,DV05,2026-08-16,04:00,41.4,33.7,81.0,52.0,OK
KK6,Trạm Xã Bình An,DV05,2026-08-16,05:00,41.8,31.8,76.0,52.0,OK
KK6,Trạm Xã Bình An,DV05,2026-08-16,06:00,38.4,33.7,66.0,51.0,OK
KK6,Trạm Xã Bình An,DV05,2026-08-16,07:00,44.9,30.7,73.0,51.0,OK
KK6,Trạm Xã Bình An,DV05,2026-08-16,08:00,50.6,30.7,73.0,51.0,OK
KK6,Trạm Xã Bình An,DV05,2026-08-16,09:00,311.5,28.7,77.0,51.0,Nghi ngờ
KK6,Trạm Xã Bình An,DV05,2026-08-16,10:00,46.5,26.6,79.0,51.0,OK
KK6,Trạm Xã Bình An,DV05,2026-08-16,11:00,52.8,31.2,72.0,51.0,OK
KK6,Trạm Xã Bình An,DV05,2026-08-16,12:00,35.1,29.7,71.0,51.0,OK
KK6,Trạm Xã Bình An,DV05,2026-08-16,13:00,47.9,33.5,75.0,50.0,OK
KK6,Trạm Xã Bình An,DV05,2026-08-16,14:00,42.2,30.6,82.0,50.0,OK
KK6,Trạm Xã Bình An,DV05,2026-08-16,15:00,48.4,29.4,75.0,50.0,OK
KK6,Trạm Xã Bình An,DV05,2026-08-16,16:00,38.6,31.6,74.0,50.0,OK
KK6,Trạm Xã Bình An,DV05,2026-08-16,17:00,38.8,28.4,68.0,50.0,OK
KK6,Trạm Xã Bình An,DV05,2026-08-16,18:00,44.7,29.8,80.0,50.0,OK
KK6,Trạm Xã Bình An,DV05,2026-08-16,19:00,47.1,31.7,77.0,50.0,OK
KK6,Trạm Xã Bình An,DV05,2026-08-16,20:00,49.6,26.3,74.0,50.0,OK
KK6,Trạm Xã Bình An,DV05,2026-08-16,21:00,48.3,30.0,75.0,49.0,OK
KK6,Trạm Xã Bình An,DV05,2026-08-16,22:00,41.2,26.3,70.0,49.0,OK
KK6,Trạm Xã Bình An,DV05,2026-08-16,23:00,52.4,30.1,69.0,49.0,OK
KK6,Trạm Xã Bình An,DV05,2026-08-17,00:00,49.9,29.5,65.0,49.0,OK
KK6,Trạm Xã Bình An,DV05,2026-08-17,01:00,42.6,33.5,69.0,49.0,OK
KK6,Trạm Xã Bình An,DV05,2026-08-17,02:00,35.7,29.2,76.0,49.0,OK
KK6,Trạm Xã Bình An,DV05,2026-08-17,03:00,36.4,32.4,65.0,49.0,OK
KK6,Trạm Xã Bình An,DV05,2026-08-17,04:00,32.9,27.5,73.0,49.0,OK
KK6,Trạm Xã Bình An,DV05,2026-08-17,05:00,41.4,27.0,84.0,48.0,OK
KK6,Trạm Xã Bình An,DV05,2026-08-17,06:00,55.7,35.3,67.0,48.0,OK
KK6,Trạm Xã Bình An,DV05,2026-08-17,07:00,38.4,30.0,75.0,48.0,OK
KK6,Trạm Xã Bình An,DV05,2026-08-17,08:00,38.5,29.1,84.0,48.0,OK
KK6,Trạm Xã Bình An,DV05,2026-08-17,09:00,32.2,28.9,70.0,48.0,OK
KK6,Trạm Xã Bình An,DV05,2026-08-17,10:00,32.9,30.7,78.0,48.0,OK
KK6,Trạm Xã Bình An,DV05,2026-08-17,11:00,42.3,29.1,69.0,48.0,OK
KK6,Trạm Xã Bình An,DV05,2026-08-17,12:00,51.8,33.4,81.0,47.0,OK
KK6,Trạm Xã Bình An,DV05,2026-08-17,13:00,40.6,32.6,77.0,47.0,OK
KK6,Trạm Xã Bình An,DV05,2026-08-17,14:00,33.0,31.8,76.0,47.0,OK
KK6,Trạm Xã Bình An,DV05,2026-08-17,15:00,47.1,31.6,83.0,47.0,OK
KK6,Trạm Xã Bình An,DV05,2026-08-17,16:00,34.9,31.0,74.0,47.0,OK
KK6,Trạm Xã Bình An,DV05,2026-08-17,17:00,44.3,31.0,80.0,47.0,OK
KK6,Trạm Xã Bình An,DV05,2026-08-17,18:00,38.9,29.0,79.0,47.0,OK
KK6,Trạm Xã Bình An,DV05,2026-08-17,19:00,54.8,30.0,78.0,47.0,OK
KK6,Trạm Xã Bình An,DV05,2026-08-17,20:00,41.1,30.5,73.0,46.0,OK
KK6,Trạm Xã Bình An,DV05,2026-08-17,21:00,48.9,29.8,81.0,46.0,OK
KK6,Trạm Xã Bình An,DV05,2026-08-17,22:00,42.4,32.0,83.0,46.0,OK
KK6,Trạm Xã Bình An,DV05,2026-08-17,23:00,56.0,30.8,65.0,46.0,OK
KK6,Trạm Xã Bình An,DV05,2026-08-18,00:00,25.9,27.9,71.0,46.0,OK
KK6,Trạm Xã Bình An,DV05,2026-08-18,01:00,20.9,26.7,73.0,46.0,OK
KK6,Trạm Xã Bình An,DV05,2026-08-18,02:00,31.8,32.5,73.0,46.0,OK
KK6,Trạm Xã Bình An,DV05,2026-08-18,03:00,26.1,34.9,77.0,45.0,OK
KK6,Trạm Xã Bình An,DV05,2026-08-18,04:00,23.3,30.7,73.0,45.0,OK
KK6,Trạm Xã Bình An,DV05,2026-08-18,05:00,20.4,29.0,80.0,45.0,OK
KK6,Trạm Xã Bình An,DV05,2026-08-18,06:00,30.2,25.9,70.0,45.0,OK
KK6,Trạm Xã Bình An,DV05,2026-08-18,07:00,29.9,30.9,85.0,45.0,OK
KK6,Trạm Xã Bình An,DV05,2026-08-18,08:00,25.9,32.9,61.0,45.0,OK
KK6,Trạm Xã Bình An,DV05,2026-08-18,09:00,20.8,30.1,75.0,45.0,OK
KK6,Trạm Xã Bình An,DV05,2026-08-18,10:00,35.1,32.7,70.0,45.0,OK
KK6,Trạm Xã Bình An,DV05,2026-08-18,11:00,26.2,28.2,67.0,44.0,OK
KK6,Trạm Xã Bình An,DV05,2026-08-18,12:00,26.9,26.1,82.0,44.0,OK
KK6,Trạm Xã Bình An,DV05,2026-08-18,13:00,19.8,30.2,67.0,44.0,OK
KK6,Trạm Xã Bình An,DV05,2026-08-18,14:00,32.7,33.4,81.0,44.0,OK
KK6,Trạm Xã Bình An,DV05,2026-08-18,15:00,21.5,33.8,79.0,44.0,OK
KK6,Trạm Xã Bình An,DV05,2026-08-18,16:00,27.8,30.3,73.0,44.0,OK
KK6,Trạm Xã Bình An,DV05,2026-08-18,17:00,29.2,29.3,75.0,44.0,OK
KK6,Trạm Xã Bình An,DV05,2026-08-18,18:00,24.0,28.4,73.0,44.0,OK
KK6,Trạm Xã Bình An,DV05,2026-08-18,19:00,26.9,30.9,79.0,43.0,OK
KK6,Trạm Xã Bình An,DV05,2026-08-18,20:00,25.1,29.1,69.0,43.0,OK
KK6,Trạm Xã Bình An,DV05,2026-08-18,21:00,31.1,33.2,71.0,43.0,OK
KK6,Trạm Xã Bình An,DV05,2026-08-18,22:00,32.5,31.2,67.0,43.0,OK
KK6,Trạm Xã Bình An,DV05,2026-08-18,23:00,30.8,33.8,74.0,43.0,OK
KK6,Trạm Xã Bình An,DV05,2026-08-19,00:00,34.4,26.6,76.0,43.0,OK
KK6,Trạm Xã Bình An,DV05,2026-08-19,01:00,33.0,34.6,78.0,43.0,OK
KK6,Trạm Xã Bình An,DV05,2026-08-19,02:00,24.4,32.6,76.0,43.0,OK
KK6,Trạm Xã Bình An,DV05,2026-08-19,03:00,26.2,33.4,77.0,42.0,OK
KK6,Trạm Xã Bình An,DV05,2026-08-19,04:00,26.2,23.2,70.0,42.0,OK
KK6,Trạm Xã Bình An,DV05,2026-08-19,05:00,27.0,27.7,63.0,42.0,OK
KK6,Trạm Xã Bình An,DV05,2026-08-19,06:00,22.2,36.9,80.0,42.0,OK
KK6,Trạm Xã Bình An,DV05,2026-08-19,07:00,29.9,28.9,78.0,42.0,OK
KK6,Trạm Xã Bình An,DV05,2026-08-19,08:00,24.6,31.2,79.0,42.0,OK
KK6,Trạm Xã Bình An,DV05,2026-08-19,09:00,26.3,35.2,69.0,42.0,OK
KK6,Trạm Xã Bình An,DV05,2026-08-19,10:00,31.6,32.3,81.0,41.0,OK
KK6,Trạm Xã Bình An,DV05,2026-08-19,11:00,30.8,30.9,75.0,41.0,OK
KK6,Trạm Xã Bình An,DV05,2026-08-19,12:00,24.8,28.0,80.0,41.0,OK
KK6,Trạm Xã Bình An,DV05,2026-08-19,13:00,33.5,31.8,67.0,41.0,OK
KK6,Trạm Xã Bình An,DV05,2026-08-19,14:00,29.5,27.4,86.0,41.0,OK
KK6,Trạm Xã Bình An,DV05,2026-08-19,15:00,28.0,30.5,65.0,41.0,OK
KK6,Trạm Xã Bình An,DV05,2026-08-19,16:00,37.5,30.7,72.0,41.0,OK
KK6,Trạm Xã Bình An,DV05,2026-08-19,17:00,36.4,25.0,77.0,41.0,OK
KK6,Trạm Xã Bình An,DV05,2026-08-19,18:00,38.2,26.0,85.0,40.0,OK
KK6,Trạm Xã Bình An,DV05,2026-08-19,19:00,28.0,31.6,76.0,40.0,OK
KK6,Trạm Xã Bình An,DV05,2026-08-19,20:00,27.3,31.3,73.0,40.0,OK
KK6,Trạm Xã Bình An,DV05,2026-08-19,21:00,18.6,26.8,86.0,40.0,OK
KK6,Trạm Xã Bình An,DV05,2026-08-19,22:00,27.7,33.3,67.0,40.0,OK
KK6,Trạm Xã Bình An,DV05,2026-08-19,23:00,23.7,27.7,65.0,40.0,OK
KK6,Trạm Xã Bình An,DV05,2026-08-20,00:00,20.7,25.7,71.0,40.0,OK
KK6,Trạm Xã Bình An,DV05,2026-08-20,01:00,29.3,33.2,68.0,40.0,OK
KK6,Trạm Xã Bình An,DV05,2026-08-20,02:00,28.2,36.9,70.0,39.0,OK
KK6,Trạm Xã Bình An,DV05,2026-08-20,03:00,28.1,23.6,69.0,39.0,OK
KK6,Trạm Xã Bình An,DV05,2026-08-20,04:00,27.3,33.3,72.0,39.0,OK
KK6,Trạm Xã Bình An,DV05,2026-08-20,05:00,28.5,26.1,91.0,39.0,OK
KK6,Trạm Xã Bình An,DV05,2026-08-20,06:00,31.0,35.2,69.0,39.0,OK
KK6,Trạm Xã Bình An,DV05,2026-08-20,07:00,35.9,26.5,67.0,39.0,OK
KK6,Trạm Xã Bình An,DV05,2026-08-20,08:00,29.0,30.4,94.0,39.0,OK
KK6,Trạm Xã Bình An,DV05,2026-08-20,09:00,20.2,27.6,82.0,38.0,OK
KK6,Trạm Xã Bình An,DV05,2026-08-20,10:00,33.9,31.4,68.0,38.0,OK
KK6,Trạm Xã Bình An,DV05,2026-08-20,11:00,31.7,28.5,77.0,38.0,OK
KK6,Trạm Xã Bình An,DV05,2026-08-20,12:00,28.2,34.9,71.0,38.0,OK
KK6,Trạm Xã Bình An,DV05,2026-08-20,13:00,28.1,29.8,72.0,38.0,OK
KK6,Trạm Xã Bình An,DV05,2026-08-20,14:00,21.0,30.7,84.0,38.0,OK
KK6,Trạm Xã Bình An,DV05,2026-08-20,15:00,32.5,32.2,76.0,38.0,OK
KK6,Trạm Xã Bình An,DV05,2026-08-20,16:00,36.2,28.3,68.0,38.0,OK
KK6,Trạm Xã Bình An,DV05,2026-08-20,17:00,24.6,28.1,87.0,37.0,OK
KK6,Trạm Xã Bình An,DV05,2026-08-20,18:00,32.3,29.7,71.0,37.0,OK
KK6,Trạm Xã Bình An,DV05,2026-08-20,19:00,35.1,27.0,82.0,37.0,OK
KK6,Trạm Xã Bình An,DV05,2026-08-20,20:00,27.8,27.5,74.0,37.0,OK
KK6,Trạm Xã Bình An,DV05,2026-08-20,21:00,21.5,31.5,70.0,37.0,OK
KK6,Trạm Xã Bình An,DV05,2026-08-20,22:00,27.5,30.5,76.0,37.0,OK
KK6,Trạm Xã Bình An,DV05,2026-08-20,23:00,27.6,30.6,70.0,37.0,OK
KK6,Trạm Xã Bình An,DV05,2026-08-21,00:00,28.9,30.5,85.0,36.0,OK
KK6,Trạm Xã Bình An,DV05,2026-08-21,01:00,30.4,28.1,82.0,36.0,OK
KK6,Trạm Xã Bình An,DV05,2026-08-21,02:00,29.0,29.0,76.0,36.0,OK
KK6,Trạm Xã Bình An,DV05,2026-08-21,03:00,24.3,31.9,59.0,36.0,OK
KK6,Trạm Xã Bình An,DV05,2026-08-21,04:00,23.4,29.0,74.0,36.0,OK
KK6,Trạm Xã Bình An,DV05,2026-08-21,05:00,27.2,35.6,73.0,36.0,OK
KK6,Trạm Xã Bình An,DV05,2026-08-21,06:00,35.5,27.9,81.0,36.0,OK
KK6,Trạm Xã Bình An,DV05,2026-08-21,07:00,28.1,30.5,71.0,36.0,OK
KK6,Trạm Xã Bình An,DV05,2026-08-21,08:00,21.3,32.9,73.0,35.0,OK
KK6,Trạm Xã Bình An,DV05,2026-08-21,09:00,22.6,29.1,76.0,35.0,OK
KK6,Trạm Xã Bình An,DV05,2026-08-21,10:00,24.6,31.4,77.0,35.0,OK
KK6,Trạm Xã Bình An,DV05,2026-08-21,11:00,21.1,28.9,61.0,35.0,OK
KK6,Trạm Xã Bình An,DV05,2026-08-21,12:00,24.4,29.9,78.0,35.0,OK
KK6,Trạm Xã Bình An,DV05,2026-08-21,13:00,29.1,30.7,86.0,35.0,OK
KK6,Trạm Xã Bình An,DV05,2026-08-21,14:00,20.0,28.6,82.0,35.0,OK
KK6,Trạm Xã Bình An,DV05,2026-08-21,15:00,33.4,27.5,71.0,34.0,OK
KK6,Trạm Xã Bình An,DV05,2026-08-21,16:00,22.5,33.3,78.0,34.0,OK
KK6,Trạm Xã Bình An,DV05,2026-08-21,17:00,24.8,32.5,72.0,34.0,OK
KK6,Trạm Xã Bình An,DV05,2026-08-21,18:00,28.9,31.6,73.0,34.0,OK
KK6,Trạm Xã Bình An,DV05,2026-08-21,19:00,33.1,31.5,84.0,34.0,OK
KK6,Trạm Xã Bình An,DV05,2026-08-21,20:00,31.8,28.8,73.0,34.0,OK
KK6,Trạm Xã Bình An,DV05,2026-08-21,21:00,25.2,33.0,68.0,34.0,OK
KK6,Trạm Xã Bình An,DV05,2026-08-21,22:00,23.8,21.7,83.0,34.0,OK
KK6,Trạm Xã Bình An,DV05,2026-08-21,23:00,21.2,33.3,69.0,33.0,OK
KK6,Trạm Xã Bình An,DV05,2026-08-22,00:00,26.7,27.4,73.0,33.0,OK
KK6,Trạm Xã Bình An,DV05,2026-08-22,01:00,30.5,31.8,66.0,33.0,OK
KK6,Trạm Xã Bình An,DV05,2026-08-22,02:00,32.7,35.4,83.0,33.0,OK
KK6,Trạm Xã Bình An,DV05,2026-08-22,03:00,28.3,29.0,71.0,33.0,OK
KK6,Trạm Xã Bình An,DV05,2026-08-22,04:00,23.8,31.0,79.0,33.0,OK
KK6,Trạm Xã Bình An,DV05,2026-08-22,05:00,29.9,31.1,76.0,33.0,OK
KK6,Trạm Xã Bình An,DV05,2026-08-22,06:00,29.4,29.1,82.0,32.0,OK
KK6,Trạm Xã Bình An,DV05,2026-08-22,07:00,31.8,34.8,67.0,32.0,OK
KK6,Trạm Xã Bình An,DV05,2026-08-22,08:00,38.1,29.9,76.0,32.0,OK
KK6,Trạm Xã Bình An,DV05,2026-08-22,09:00,23.7,34.2,72.0,32.0,OK
KK6,Trạm Xã Bình An,DV05,2026-08-22,10:00,28.5,30.8,62.0,32.0,OK
KK6,Trạm Xã Bình An,DV05,2026-08-22,11:00,23.2,24.6,79.0,32.0,OK
KK6,Trạm Xã Bình An,DV05,2026-08-22,12:00,34.3,31.5,79.0,32.0,OK
KK6,Trạm Xã Bình An,DV05,2026-08-22,13:00,25.1,30.0,69.0,32.0,OK
KK6,Trạm Xã Bình An,DV05,2026-08-22,14:00,21.5,26.1,62.0,31.0,OK
KK6,Trạm Xã Bình An,DV05,2026-08-22,15:00,33.0,29.2,81.0,31.0,OK
KK6,Trạm Xã Bình An,DV05,2026-08-22,16:00,23.6,30.9,67.0,31.0,OK
KK6,Trạm Xã Bình An,DV05,2026-08-22,17:00,36.5,31.9,71.0,31.0,OK
KK6,Trạm Xã Bình An,DV05,2026-08-22,18:00,36.9,31.9,70.0,31.0,OK
KK6,Trạm Xã Bình An,DV05,2026-08-22,19:00,26.2,33.5,78.0,31.0,OK
KK6,Trạm Xã Bình An,DV05,2026-08-22,20:00,34.0,30.1,67.0,31.0,OK
KK6,Trạm Xã Bình An,DV05,2026-08-22,21:00,23.6,28.8,66.0,30.0,OK
KK6,Trạm Xã Bình An,DV05,2026-08-22,22:00,28.2,29.3,89.0,30.0,OK
KK6,Trạm Xã Bình An,DV05,2026-08-22,23:00,32.9,30.9,84.0,30.0,OK
KK6,Trạm Xã Bình An,DV05,2026-08-23,00:00,23.6,29.7,77.0,30.0,OK
KK6,Trạm Xã Bình An,DV05,2026-08-23,01:00,34.4,29.0,73.0,30.0,OK
KK6,Trạm Xã Bình An,DV05,2026-08-23,02:00,29.9,35.1,66.0,30.0,OK
KK6,Trạm Xã Bình An,DV05,2026-08-23,03:00,19.2,33.5,80.0,30.0,OK
KK6,Trạm Xã Bình An,DV05,2026-08-23,04:00,28.4,22.5,69.0,30.0,OK
KK6,Trạm Xã Bình An,DV05,2026-08-23,05:00,21.3,30.2,73.0,29.0,OK
KK6,Trạm Xã Bình An,DV05,2026-08-23,06:00,29.6,29.5,75.0,29.0,OK
KK6,Trạm Xã Bình An,DV05,2026-08-23,07:00,36.8,28.5,68.0,29.0,OK
KK6,Trạm Xã Bình An,DV05,2026-08-23,08:00,37.3,28.7,75.0,29.0,OK
KK6,Trạm Xã Bình An,DV05,2026-08-23,09:00,31.9,39.4,71.0,29.0,OK
KK6,Trạm Xã Bình An,DV05,2026-08-23,10:00,31.3,28.3,78.0,29.0,OK
KK6,Trạm Xã Bình An,DV05,2026-08-23,11:00,20.2,30.6,75.0,29.0,OK
KK6,Trạm Xã Bình An,DV05,2026-08-23,12:00,26.5,25.4,67.0,29.0,OK
KK6,Trạm Xã Bình An,DV05,2026-08-23,13:00,32.1,32.3,73.0,28.0,OK
KK6,Trạm Xã Bình An,DV05,2026-08-23,14:00,21.9,31.6,70.0,28.0,OK
KK6,Trạm Xã Bình An,DV05,2026-08-23,15:00,26.0,33.8,72.0,28.0,OK
KK6,Trạm Xã Bình An,DV05,2026-08-23,16:00,37.6,30.9,75.0,28.0,OK
KK6,Trạm Xã Bình An,DV05,2026-08-23,17:00,38.3,31.1,71.0,28.0,OK
KK6,Trạm Xã Bình An,DV05,2026-08-23,18:00,34.9,33.2,65.0,28.0,OK
KK6,Trạm Xã Bình An,DV05,2026-08-23,19:00,27.0,30.4,79.0,28.0,OK
KK6,Trạm Xã Bình An,DV05,2026-08-23,20:00,32.7,32.4,76.0,27.0,OK
KK6,Trạm Xã Bình An,DV05,2026-08-23,21:00,27.1,28.6,73.0,27.0,OK
KK6,Trạm Xã Bình An,DV05,2026-08-23,22:00,34.0,26.2,70.0,27.0,OK
KK6,Trạm Xã Bình An,DV05,2026-08-23,23:00,34.1,32.3,77.0,27.0,OK
KK6,Trạm Xã Bình An,DV05,2026-08-24,00:00,29.2,31.8,75.0,27.0,OK
KK6,Trạm Xã Bình An,DV05,2026-08-24,01:00,28.8,34.7,67.0,27.0,OK
KK6,Trạm Xã Bình An,DV05,2026-08-24,02:00,31.7,33.4,74.0,27.0,OK
KK6,Trạm Xã Bình An,DV05,2026-08-24,03:00,20.1,30.4,92.0,27.0,OK
KK6,Trạm Xã Bình An,DV05,2026-08-24,04:00,28.8,33.6,70.0,26.0,OK
KK6,Trạm Xã Bình An,DV05,2026-08-24,05:00,33.0,27.2,83.0,26.0,OK
KK6,Trạm Xã Bình An,DV05,2026-08-24,06:00,34.4,33.1,77.0,26.0,OK
KK6,Trạm Xã Bình An,DV05,2026-08-24,07:00,26.1,33.1,62.0,26.0,OK
KK6,Trạm Xã Bình An,DV05,2026-08-24,08:00,36.7,33.6,72.0,26.0,OK
KK6,Trạm Xã Bình An,DV05,2026-08-24,09:00,25.1,30.3,63.0,26.0,OK
KK6,Trạm Xã Bình An,DV05,2026-08-24,10:00,24.5,29.5,67.0,26.0,OK
KK6,Trạm Xã Bình An,DV05,2026-08-24,11:00,29.8,31.1,84.0,25.0,OK
KK6,Trạm Xã Bình An,DV05,2026-08-24,12:00,35.9,29.7,62.0,25.0,OK
KK6,Trạm Xã Bình An,DV05,2026-08-24,13:00,29.6,31.5,76.0,25.0,OK
KK6,Trạm Xã Bình An,DV05,2026-08-24,14:00,21.2,25.4,67.0,25.0,OK
KK6,Trạm Xã Bình An,DV05,2026-08-24,15:00,34.2,26.3,81.0,25.0,OK
KK6,Trạm Xã Bình An,DV05,2026-08-24,16:00,32.3,27.1,76.0,25.0,OK
KK6,Trạm Xã Bình An,DV05,2026-08-24,17:00,41.0,34.7,74.0,25.0,OK
KK6,Trạm Xã Bình An,DV05,2026-08-24,18:00,27.8,25.7,75.0,24.0,OK
KK6,Trạm Xã Bình An,DV05,2026-08-24,19:00,23.0,31.6,70.0,24.0,OK
KK6,Trạm Xã Bình An,DV05,2026-08-24,20:00,19.1,36.2,75.0,24.0,OK
KK6,Trạm Xã Bình An,DV05,2026-08-24,21:00,23.6,28.8,70.0,24.0,OK
KK6,Trạm Xã Bình An,DV05,2026-08-24,22:00,27.8,30.1,74.0,24.0,OK
KK6,Trạm Xã Bình An,DV05,2026-08-24,23:00,29.5,29.5,64.0,24.0,OK
KK6,Trạm Xã Bình An,DV05,2026-08-25,00:00,23.1,29.4,80.0,24.0,OK
KK6,Trạm Xã Bình An,DV05,2026-08-25,01:00,28.2,31.0,67.0,24.0,OK
KK6,Trạm Xã Bình An,DV05,2026-08-25,02:00,35.5,25.7,89.0,23.0,OK
KK6,Trạm Xã Bình An,DV05,2026-08-25,03:00,19.7,31.2,76.0,23.0,OK
KK6,Trạm Xã Bình An,DV05,2026-08-25,04:00,20.6,32.4,71.0,23.0,OK
KK6,Trạm Xã Bình An,DV05,2026-08-25,05:00,20.9,30.9,72.0,23.0,OK
KK6,Trạm Xã Bình An,DV05,2026-08-25,06:00,34.9,30.4,68.0,23.0,OK
KK6,Trạm Xã Bình An,DV05,2026-08-25,07:00,35.2,35.1,72.0,23.0,OK
KK6,Trạm Xã Bình An,DV05,2026-08-25,08:00,27.8,28.7,66.0,23.0,OK
KK6,Trạm Xã Bình An,DV05,2026-08-25,09:00,34.4,27.0,98.0,23.0,OK
KK6,Trạm Xã Bình An,DV05,2026-08-25,10:00,21.8,31.0,67.0,22.0,OK
KK6,Trạm Xã Bình An,DV05,2026-08-25,11:00,35.9,33.0,68.0,22.0,OK
KK6,Trạm Xã Bình An,DV05,2026-08-25,12:00,32.1,31.5,76.0,22.0,OK
KK6,Trạm Xã Bình An,DV05,2026-08-25,13:00,35.0,31.6,74.0,22.0,OK
KK6,Trạm Xã Bình An,DV05,2026-08-25,14:00,25.6,30.2,73.0,22.0,OK
KK6,Trạm Xã Bình An,DV05,2026-08-25,15:00,30.7,30.1,80.0,22.0,OK
KK6,Trạm Xã Bình An,DV05,2026-08-25,16:00,35.8,32.1,77.0,22.0,OK
KK6,Trạm Xã Bình An,DV05,2026-08-25,17:00,27.4,29.7,74.0,21.0,OK
KK6,Trạm Xã Bình An,DV05,2026-08-25,18:00,27.1,30.0,70.0,21.0,OK
KK6,Trạm Xã Bình An,DV05,2026-08-25,19:00,29.9,28.9,78.0,21.0,OK
KK6,Trạm Xã Bình An,DV05,2026-08-25,20:00,33.1,28.4,79.0,21.0,OK
KK6,Trạm Xã Bình An,DV05,2026-08-25,21:00,23.4,28.6,77.0,21.0,OK
KK6,Trạm Xã Bình An,DV05,2026-08-25,22:00,27.1,31.9,76.0,21.0,OK
KK6,Trạm Xã Bình An,DV05,2026-08-25,23:00,26.5,29.9,75.0,21.0,OK
KK6,Trạm Xã Bình An,DV05,2026-08-26,00:00,31.9,32.3,84.0,21.0,OK
KK6,Trạm Xã Bình An,DV05,2026-08-26,01:00,25.3,28.7,86.0,20.0,OK
KK6,Trạm Xã Bình An,DV05,2026-08-26,02:00,31.4,27.9,69.0,20.0,OK
KK6,Trạm Xã Bình An,DV05,2026-08-26,03:00,23.3,31.2,70.0,20.0,OK
KK6,Trạm Xã Bình An,DV05,2026-08-26,04:00,28.7,31.5,65.0,20.0,OK
KK6,Trạm Xã Bình An,DV05,2026-08-26,05:00,29.8,34.2,72.0,20.0,OK
KK6,Trạm Xã Bình An,DV05,2026-08-26,06:00,35.4,30.5,75.0,20.0,OK
KK6,Trạm Xã Bình An,DV05,2026-08-26,07:00,39.2,26.7,75.0,20.0,OK
KK6,Trạm Xã Bình An,DV05,2026-08-26,08:00,28.1,25.1,72.0,19.0,OK
KK6,Trạm Xã Bình An,DV05,2026-08-26,09:00,33.1,30.8,81.0,19.0,OK
KK6,Trạm Xã Bình An,DV05,2026-08-26,10:00,24.8,34.8,68.0,19.0,OK
KK6,Trạm Xã Bình An,DV05,2026-08-26,11:00,25.0,28.0,80.0,19.0,OK
KK6,Trạm Xã Bình An,DV05,2026-08-26,12:00,31.1,33.1,65.0,19.0,OK
KK6,Trạm Xã Bình An,DV05,2026-08-26,13:00,32.0,34.2,74.0,19.0,OK
KK6,Trạm Xã Bình An,DV05,2026-08-26,14:00,26.8,25.2,74.0,19.0,OK
KK6,Trạm Xã Bình An,DV05,2026-08-26,15:00,19.9,27.3,80.0,19.0,OK
KK6,Trạm Xã Bình An,DV05,2026-08-26,16:00,21.6,29.7,76.0,18.0,OK
KK6,Trạm Xã Bình An,DV05,2026-08-26,17:00,34.7,26.7,76.0,18.0,OK
KK6,Trạm Xã Bình An,DV05,2026-08-26,18:00,31.0,27.2,83.0,18.0,OK
KK6,Trạm Xã Bình An,DV05,2026-08-26,19:00,32.9,31.5,78.0,18.0,OK
KK6,Trạm Xã Bình An,DV05,2026-08-26,20:00,29.4,25.9,66.0,18.0,OK
KK6,Trạm Xã Bình An,DV05,2026-08-26,21:00,28.4,33.2,75.0,18.0,OK
KK6,Trạm Xã Bình An,DV05,2026-08-26,22:00,32.1,29.8,60.0,18.0,OK
KK6,Trạm Xã Bình An,DV05,2026-08-26,23:00,37.2,32.9,75.0,17.0,OK
KK6,Trạm Xã Bình An,DV05,2026-08-27,00:00,,30.1,79.0,17.0,"Pin yếu, không gửi số liệu"
KK6,Trạm Xã Bình An,DV05,2026-08-27,01:00,,28.7,68.0,17.0,"Pin yếu, không gửi số liệu"
KK6,Trạm Xã Bình An,DV05,2026-08-27,02:00,,30.5,84.0,17.0,"Pin yếu, không gửi số liệu"
KK6,Trạm Xã Bình An,DV05,2026-08-27,03:00,17.9,27.7,81.0,17.0,OK
KK6,Trạm Xã Bình An,DV05,2026-08-27,04:00,,25.1,70.0,17.0,"Pin yếu, không gửi số liệu"
KK6,Trạm Xã Bình An,DV05,2026-08-27,05:00,27.2,30.2,78.0,17.0,OK
KK6,Trạm Xã Bình An,DV05,2026-08-27,06:00,27.3,31.2,84.0,17.0,OK
KK6,Trạm Xã Bình An,DV05,2026-08-27,07:00,40.3,34.7,83.0,16.0,OK
KK6,Trạm Xã Bình An,DV05,2026-08-27,08:00,23.0,32.5,78.0,16.0,OK
KK6,Trạm Xã Bình An,DV05,2026-08-27,09:00,25.1,28.6,82.0,16.0,OK
KK6,Trạm Xã Bình An,DV05,2026-08-27,10:00,26.6,27.3,87.0,16.0,OK
KK6,Trạm Xã Bình An,DV05,2026-08-27,11:00,,32.9,70.0,16.0,"Pin yếu, không gửi số liệu"
KK6,Trạm Xã Bình An,DV05,2026-08-27,12:00,,27.7,73.0,16.0,"Pin yếu, không gửi số liệu"
KK6,Trạm Xã Bình An,DV05,2026-08-27,13:00,23.6,23.5,72.0,16.0,OK
KK6,Trạm Xã Bình An,DV05,2026-08-27,14:00,,26.0,85.0,16.0,"Pin yếu, không gửi số liệu"
KK6,Trạm Xã Bình An,DV05,2026-08-27,15:00,21.2,29.6,78.0,15.0,OK
KK6,Trạm Xã Bình An,DV05,2026-08-27,16:00,28.4,31.9,70.0,15.0,OK
KK6,Trạm Xã Bình An,DV05,2026-08-27,17:00,31.5,29.6,66.0,15.0,OK
KK6,Trạm Xã Bình An,DV05,2026-08-27,18:00,,27.6,69.0,15.0,"Pin yếu, không gửi số liệu"
KK6,Trạm Xã Bình An,DV05,2026-08-27,19:00,22.2,29.1,85.0,15.0,OK
KK6,Trạm Xã Bình An,DV05,2026-08-27,20:00,,27.5,76.0,15.0,"Pin yếu, không gửi số liệu"
KK6,Trạm Xã Bình An,DV05,2026-08-27,21:00,,30.9,66.0,15.0,"Pin yếu, không gửi số liệu"
KK6,Trạm Xã Bình An,DV05,2026-08-27,22:00,22.9,32.4,77.0,14.0,OK
KK6,Trạm Xã Bình An,DV05,2026-08-27,23:00,,28.9,80.0,14.0,"Pin yếu, không gửi số liệu"
KK6,Trạm Xã Bình An,DV05,2026-08-28,00:00,23.4,25.7,64.0,14.0,OK
KK6,Trạm Xã Bình An,DV05,2026-08-28,01:00,,30.4,71.0,14.0,"Pin yếu, không gửi số liệu"
KK6,Trạm Xã Bình An,DV05,2026-08-28,02:00,33.7,29.0,74.0,14.0,OK
KK6,Trạm Xã Bình An,DV05,2026-08-28,03:00,26.6,33.2,82.0,14.0,OK
KK6,Trạm Xã Bình An,DV05,2026-08-28,04:00,,34.0,72.0,14.0,"Pin yếu, không gửi số liệu"
KK6,Trạm Xã Bình An,DV05,2026-08-28,05:00,,29.4,64.0,13.0,"Pin yếu, không gửi số liệu"
KK6,Trạm Xã Bình An,DV05,2026-08-28,06:00,25.7,34.6,74.0,13.0,OK
KK6,Trạm Xã Bình An,DV05,2026-08-28,07:00,28.7,36.1,75.0,13.0,OK
KK6,Trạm Xã Bình An,DV05,2026-08-28,08:00,31.2,33.3,71.0,13.0,OK
KK6,Trạm Xã Bình An,DV05,2026-08-28,09:00,,31.3,64.0,13.0,"Pin yếu, không gửi số liệu"
KK6,Trạm Xã Bình An,DV05,2026-08-28,10:00,32.1,29.4,68.0,13.0,OK
KK6,Trạm Xã Bình An,DV05,2026-08-28,11:00,24.0,31.1,78.0,13.0,OK
KK6,Trạm Xã Bình An,DV05,2026-08-28,12:00,,32.0,67.0,13.0,"Pin yếu, không gửi số liệu"
KK6,Trạm Xã Bình An,DV05,2026-08-28,13:00,,32.1,79.0,12.0,"Pin yếu, không gửi số liệu"
KK6,Trạm Xã Bình An,DV05,2026-08-28,14:00,,29.2,79.0,12.0,"Pin yếu, không gửi số liệu"
KK6,Trạm Xã Bình An,DV05,2026-08-28,15:00,34.8,30.7,73.0,12.0,OK
KK6,Trạm Xã Bình An,DV05,2026-08-28,16:00,,29.5,77.0,12.0,"Pin yếu, không gửi số liệu"
KK6,Trạm Xã Bình An,DV05,2026-08-28,17:00,,28.1,70.0,12.0,"Pin yếu, không gửi số liệu"
KK6,Trạm Xã Bình An,DV05,2026-08-28,18:00,,33.1,71.0,12.0,"Pin yếu, không gửi số liệu"
KK6,Trạm Xã Bình An,DV05,2026-08-28,19:00,29.6,31.4,73.0,12.0,OK
KK6,Trạm Xã Bình An,DV05,2026-08-28,20:00,32.5,29.3,93.0,11.0,OK
KK6,Trạm Xã Bình An,DV05,2026-08-28,21:00,29.4,32.4,71.0,11.0,OK
KK6,Trạm Xã Bình An,DV05,2026-08-28,22:00,,33.6,76.0,11.0,"Pin yếu, không gửi số liệu"
KK6,Trạm Xã Bình An,DV05,2026-08-28,23:00,28.6,29.1,69.0,11.0,OK
KK6,Trạm Xã Bình An,DV05,2026-08-29,00:00,32.5,29.6,76.0,11.0,OK
KK6,Trạm Xã Bình An,DV05,2026-08-29,01:00,25.2,29.1,82.0,11.0,OK
KK6,Trạm Xã Bình An,DV05,2026-08-29,02:00,,31.2,66.0,11.0,"Pin yếu, không gửi số liệu"
KK6,Trạm Xã Bình An,DV05,2026-08-29,03:00,16.5,31.1,62.0,11.0,OK
KK6,Trạm Xã Bình An,DV05,2026-08-29,04:00,,29.1,76.0,10.0,"Pin yếu, không gửi số liệu"
KK6,Trạm Xã Bình An,DV05,2026-08-29,05:00,,34.0,62.0,10.0,"Pin yếu, không gửi số liệu"
KK6,Trạm Xã Bình An,DV05,2026-08-29,06:00,39.3,33.1,69.0,10.0,OK
KK6,Trạm Xã Bình An,DV05,2026-08-29,07:00,,28.0,88.0,10.0,"Pin yếu, không gửi số liệu"
KK6,Trạm Xã Bình An,DV05,2026-08-29,08:00,37.0,30.5,65.0,10.0,OK
KK6,Trạm Xã Bình An,DV05,2026-08-29,09:00,,35.4,81.0,10.0,"Pin yếu, không gửi số liệu"
KK6,Trạm Xã Bình An,DV05,2026-08-29,10:00,,31.4,62.0,10.0,"Pin yếu, không gửi số liệu"
KK6,Trạm Xã Bình An,DV05,2026-08-29,11:00,,30.2,74.0,9.0,"Pin yếu, không gửi số liệu"
KK6,Trạm Xã Bình An,DV05,2026-08-29,12:00,,32.1,79.0,9.0,"Pin yếu, không gửi số liệu"
KK6,Trạm Xã Bình An,DV05,2026-08-29,13:00,,25.3,66.0,9.0,"Pin yếu, không gửi số liệu"
KK6,Trạm Xã Bình An,DV05,2026-08-29,14:00,,29.8,71.0,9.0,"Pin yếu, không gửi số liệu"
KK6,Trạm Xã Bình An,DV05,2026-08-29,15:00,34.4,31.6,68.0,9.0,OK
KK6,Trạm Xã Bình An,DV05,2026-08-29,16:00,,35.6,71.0,9.0,"Pin yếu, không gửi số liệu"
KK6,Trạm Xã Bình An,DV05,2026-08-29,17:00,,29.6,88.0,9.0,"Pin yếu, không gửi số liệu"
KK6,Trạm Xã Bình An,DV05,2026-08-29,18:00,,31.9,83.0,9.0,"Pin yếu, không gửi số liệu"
KK6,Trạm Xã Bình An,DV05,2026-08-29,19:00,,27.9,81.0,8.0,"Pin yếu, không gửi số liệu"
KK6,Trạm Xã Bình An,DV05,2026-08-29,20:00,19.2,30.5,82.0,8.0,OK
KK6,Trạm Xã Bình An,DV05,2026-08-29,21:00,,27.0,76.0,8.0,"Pin yếu, không gửi số liệu"
KK6,Trạm Xã Bình An,DV05,2026-08-29,22:00,,34.4,81.0,8.0,"Pin yếu, không gửi số liệu"
KK6,Trạm Xã Bình An,DV05,2026-08-29,23:00,,29.4,80.0,8.0,"Pin yếu, không gửi số liệu"
KK6,Trạm Xã Bình An,DV05,2026-08-30,00:00,,33.0,68.0,8.0,"Pin yếu, không gửi số liệu"
KK6,Trạm Xã Bình An,DV05,2026-08-30,01:00,30.0,29.8,83.0,8.0,OK
KK6,Trạm Xã Bình An,DV05,2026-08-30,02:00,,24.1,76.0,8.0,"Pin yếu, không gửi số liệu"
KK6,Trạm Xã Bình An,DV05,2026-08-30,03:00,,28.9,67.0,7.0,"Pin yếu, không gửi số liệu"
KK6,Trạm Xã Bình An,DV05,2026-08-30,04:00,,31.1,78.0,7.0,"Pin yếu, không gửi số liệu"
KK6,Trạm Xã Bình An,DV05,2026-08-30,05:00,31.3,34.9,73.0,7.0,OK
KK6,Trạm Xã Bình An,DV05,2026-08-30,06:00,,33.6,71.0,7.0,"Pin yếu, không gửi số liệu"
KK6,Trạm Xã Bình An,DV05,2026-08-30,07:00,25.4,29.6,66.0,7.0,OK
KK6,Trạm Xã Bình An,DV05,2026-08-30,08:00,35.7,24.9,60.0,7.0,OK
KK6,Trạm Xã Bình An,DV05,2026-08-30,09:00,,33.2,71.0,7.0,"Pin yếu, không gửi số liệu"
KK6,Trạm Xã Bình An,DV05,2026-08-30,10:00,34.3,25.9,78.0,6.0,OK
KK6,Trạm Xã Bình An,DV05,2026-08-30,11:00,26.3,31.2,70.0,6.0,OK
KK6,Trạm Xã Bình An,DV05,2026-08-30,12:00,,41.2,69.0,6.0,"Pin yếu, không gửi số liệu"
KK6,Trạm Xã Bình An,DV05,2026-08-30,13:00,,29.8,72.0,6.0,"Pin yếu, không gửi số liệu"
KK6,Trạm Xã Bình An,DV05,2026-08-30,14:00,,34.4,71.0,6.0,"Pin yếu, không gửi số liệu"
KK6,Trạm Xã Bình An,DV05,2026-08-30,15:00,31.3,30.6,66.0,6.0,OK
KK6,Trạm Xã Bình An,DV05,2026-08-30,16:00,30.9,35.0,63.0,6.0,OK
KK6,Trạm Xã Bình An,DV05,2026-08-30,17:00,27.1,30.1,74.0,6.0,OK
KK6,Trạm Xã Bình An,DV05,2026-08-30,18:00,,35.2,75.0,5.0,"Pin yếu, không gửi số liệu"
KK6,Trạm Xã Bình An,DV05,2026-08-30,19:00,,34.0,75.0,5.0,"Pin yếu, không gửi số liệu"
KK6,Trạm Xã Bình An,DV05,2026-08-30,20:00,27.9,28.2,69.0,5.0,OK
KK6,Trạm Xã Bình An,DV05,2026-08-30,21:00,,28.2,66.0,5.0,"Pin yếu, không gửi số liệu"
KK6,Trạm Xã Bình An,DV05,2026-08-30,22:00,,31.8,79.0,5.0,"Pin yếu, không gửi số liệu"
KK6,Trạm Xã Bình An,DV05,2026-08-30,23:00,,30.8,86.0,5.0,"Pin yếu, không gửi số liệu"
