ma_ho_so,ngay_tiep_nhan,thang,quy,don_vi,linh_vuc,thu_tuc,kenh_nop,han_quy_dinh_ngay,so_ngay_xu_ly,ngay_hen_tra,ngay_tra_ket_qua,so_lan_bo_sung,trang_thai,dung_han,diem_hai_long
HS2026000001,2026-01-01,1,1,Xã Nam Hải,Kinh tế - Đăng ký KD,Đăng ký hộ kinh doanh,Trực tuyến,3,2,2026-01-04,2026-01-03,0,Đã trả kết quả,Đúng hạn,4.0
HS2026000002,2026-01-01,1,1,Phường An Thịnh,Kinh tế - Đăng ký KD,Đăng ký hộ kinh doanh,Trực tuyến,3,2,2026-01-04,2026-01-03,0,Đã trả kết quả,Đúng hạn,4.0
HS2026000003,2026-01-01,1,1,Phường Long Phú,Tư pháp - Hộ tịch,Cấp phiếu lý lịch tư pháp số 1,Trực tuyến,10,15,2026-01-11,2026-01-16,2,Đã trả kết quả,Trễ hạn,3.0
HS2026000004,2026-01-01,1,1,Phường Long Phú,Đất đai - Tài nguyên,Đăng ký biến động đất đai,Trực tiếp,10,10,2026-01-11,2026-01-11,0,Đã trả kết quả,Đúng hạn,5.0
HS2026000005,2026-01-01,1,1,Phường Hoà Lạc,Lao động - Xã hội,"Xác nhận hộ nghèo, cận nghèo",Trực tiếp,5,3,2026-01-06,2026-01-04,0,Đã trả kết quả,Đúng hạn,5.0
HS2026000006,2026-01-01,1,1,Phường Long Phú,Tư pháp - Hộ tịch,Đăng ký khai tử,Trực tiếp,3,4,2026-01-04,2026-01-05,0,Đã trả kết quả,Trễ hạn,3.0
HS2026000007,2026-01-01,1,1,Phường Bình Minh,Tư pháp - Hộ tịch,Cấp phiếu lý lịch tư pháp số 1,Trực tuyến,10,5,2026-01-11,2026-01-06,0,Đã trả kết quả,Đúng hạn,4.0
HS2026000008,2026-01-01,1,1,Phường Hoà Lạc,Tư pháp - Hộ tịch,Đăng ký khai sinh,Trực tiếp,3,3,2026-01-04,2026-01-04,0,Đã trả kết quả,Đúng hạn,5.0
HS2026000009,2026-01-01,1,1,Phường Bình Minh,Tư pháp - Hộ tịch,Cấp phiếu lý lịch tư pháp số 1,Trực tuyến,10,6,2026-01-11,2026-01-07,0,Đã trả kết quả,Đúng hạn,4.0
HS2026000010,2026-01-01,1,1,Phường Hoà Lạc,Tư pháp - Hộ tịch,Cấp bản sao trích lục hộ tịch,Bưu chính công ích,1,1,2026-01-02,2026-01-02,0,Đã trả kết quả,Đúng hạn,5.0
HS2026000011,2026-01-01,1,1,Phường Hoà Lạc,Tư pháp - Hộ tịch,Chứng thực bản sao từ bản chính,Bưu chính công ích,1,1,2026-01-02,2026-01-02,0,Đã trả kết quả,Đúng hạn,4.0
HS2026000012,2026-01-01,1,1,Xã Mỹ Trạch,Kinh tế - Đăng ký KD,Đăng ký hộ kinh doanh,Trực tuyến,3,2,2026-01-04,2026-01-03,0,Đã trả kết quả,Đúng hạn,5.0
HS2026000013,2026-01-01,1,1,Phường Long Phú,Tư pháp - Hộ tịch,Cấp phiếu lý lịch tư pháp số 1,Trực tiếp,10,12,2026-01-11,2026-01-13,0,Đã trả kết quả,Trễ hạn,3.0
HS2026000014,2026-01-01,1,1,Phường Kim Sơn,Tư pháp - Hộ tịch,Chứng thực bản sao từ bản chính,Trực tiếp,1,1,2026-01-02,2026-01-02,0,Đã trả kết quả,Đúng hạn,4.0
HS2026000015,2026-01-01,1,1,Phường Long Phú,Đất đai - Tài nguyên,Cấp giấy chứng nhận quyền sử dụng đất,Trực tiếp,30,38,2026-01-31,2026-02-08,0,Đã trả kết quả,Trễ hạn,2.0
HS2026000016,2026-01-01,1,1,Phường Bình Minh,Tư pháp - Hộ tịch,Chứng thực bản sao từ bản chính,Trực tuyến,1,1,2026-01-02,2026-01-02,0,Đã trả kết quả,Đúng hạn,5.0
HS2026000017,2026-01-01,1,1,Phường Long Phú,Tư pháp - Hộ tịch,Đăng ký kết hôn,Trực tuyến,3,3,2026-01-04,2026-01-04,0,Đã trả kết quả,Đúng hạn,4.0
HS2026000018,2026-01-01,1,1,Xã Tân Phước,Tư pháp - Hộ tịch,Cấp phiếu lý lịch tư pháp số 1,Trực tiếp,10,5,2026-01-11,2026-01-06,0,Đã trả kết quả,Đúng hạn,5.0
HS2026000019,2026-01-02,1,1,Phường An Thịnh,Tư pháp - Hộ tịch,Chứng thực bản sao từ bản chính,Trực tiếp,1,1,2026-01-03,2026-01-03,0,Đã trả kết quả,Đúng hạn,5.0
HS2026000020,2026-01-02,1,1,Xã Mỹ Trạch,Đất đai - Tài nguyên,Đăng ký biến động đất đai,Trực tiếp,10,9,2026-01-12,2026-01-11,0,Đã trả kết quả,Đúng hạn,5.0
HS2026000021,2026-01-02,1,1,Phường An Thịnh,Tư pháp - Hộ tịch,Chứng thực bản sao từ bản chính,Trực tuyến,1,1,2026-01-03,2026-01-03,0,Đã trả kết quả,Đúng hạn,5.0
HS2026000022,2026-01-02,1,1,Xã Nam Hải,Tư pháp - Hộ tịch,Đăng ký khai sinh,Trực tiếp,3,4,2026-01-05,2026-01-06,0,Đã trả kết quả,Trễ hạn,4.0
HS2026000023,2026-01-02,1,1,Phường Bình Minh,Tư pháp - Hộ tịch,Chứng thực bản sao từ bản chính,Trực tuyến,1,1,2026-01-03,2026-01-03,0,Đã trả kết quả,Đúng hạn,5.0
HS2026000024,2026-01-02,1,1,Phường An Thịnh,Tư pháp - Hộ tịch,Đăng ký khai tử,Trực tiếp,3,2,2026-01-05,2026-01-04,0,Đã trả kết quả,Đúng hạn,5.0
HS2026000025,2026-01-02,1,1,Phường Bình Minh,Tư pháp - Hộ tịch,Đăng ký khai sinh,Trực tuyến,3,2,2026-01-05,2026-01-04,0,Đã trả kết quả,Đúng hạn,5.0
HS2026000026,2026-01-02,1,1,Xã Nam Hải,Tư pháp - Hộ tịch,Cấp phiếu lý lịch tư pháp số 1,Trực tuyến,10,8,2026-01-12,2026-01-10,0,Đã trả kết quả,Đúng hạn,5.0
HS2026000027,2026-01-02,1,1,Xã Mỹ Trạch,Tư pháp - Hộ tịch,Cấp bản sao trích lục hộ tịch,Trực tiếp,1,1,2026-01-03,2026-01-03,0,Đã trả kết quả,Đúng hạn,5.0
HS2026000028,2026-01-03,1,1,Phường Hoà Lạc,Tư pháp - Hộ tịch,Cấp phiếu lý lịch tư pháp số 1,Trực tiếp,10,13,2026-01-13,2026-01-16,2,Đã trả kết quả,Trễ hạn,1.0
HS2026000029,2026-01-03,1,1,Phường Hoà Lạc,Xây dựng - Đô thị,Cấp giấy phép xây dựng nhà ở riêng lẻ,Trực tiếp,15,19,2026-01-18,2026-01-22,2,Đã trả kết quả,Trễ hạn,2.0
HS2026000030,2026-01-03,1,1,Phường Kim Sơn,Tư pháp - Hộ tịch,Cấp phiếu lý lịch tư pháp số 1,Trực tuyến,10,8,2026-01-13,2026-01-11,0,Đã trả kết quả,Đúng hạn,5.0
HS2026000031,2026-01-03,1,1,Phường Hoà Lạc,Tư pháp - Hộ tịch,Đăng ký khai sinh,Trực tiếp,3,6,2026-01-06,2026-01-09,2,Đã trả kết quả,Trễ hạn,3.0
HS2026000032,2026-01-03,1,1,Xã Nam Hải,Tư pháp - Hộ tịch,Đăng ký khai sinh,Trực tuyến,3,3,2026-01-06,2026-01-06,0,Đã trả kết quả,Đúng hạn,5.0
HS2026000033,2026-01-03,1,1,Phường Long Phú,Tư pháp - Hộ tịch,Cấp phiếu lý lịch tư pháp số 1,Trực tuyến,10,9,2026-01-13,2026-01-12,0,Đã trả kết quả,Đúng hạn,5.0
HS2026000034,2026-01-03,1,1,Phường Kim Sơn,Tư pháp - Hộ tịch,Đăng ký khai sinh,Trực tuyến,3,2,2026-01-06,2026-01-05,0,Đã trả kết quả,Đúng hạn,5.0
HS2026000035,2026-01-03,1,1,Xã Mỹ Trạch,Đất đai - Tài nguyên,Cấp giấy chứng nhận quyền sử dụng đất,Trực tiếp,30,20,2026-02-02,2026-01-23,0,Đã trả kết quả,Đúng hạn,5.0
HS2026000036,2026-01-03,1,1,Phường Kim Sơn,Lao động - Xã hội,"Xác nhận hộ nghèo, cận nghèo",Trực tiếp,5,4,2026-01-08,2026-01-07,0,Đã trả kết quả,Đúng hạn,5.0
HS2026000037,2026-01-03,1,1,Phường Hoà Lạc,Xây dựng - Đô thị,Cấp giấy phép xây dựng nhà ở riêng lẻ,Bưu chính công ích,15,13,2026-01-18,2026-01-16,0,Đã trả kết quả,Đúng hạn,5.0
HS2026000038,2026-01-03,1,1,Xã Tân Phước,Tư pháp - Hộ tịch,Đăng ký khai sinh,Trực tuyến,3,2,2026-01-06,2026-01-05,0,Đã trả kết quả,Đúng hạn,5.0
HS2026000039,2026-01-04,1,1,Xã Tân Phước,Tư pháp - Hộ tịch,Đăng ký kết hôn,Bưu chính công ích,3,5,2026-01-07,2026-01-09,1,Đã trả kết quả,Trễ hạn,4.0
HS2026000040,2026-01-04,1,1,Phường Bình Minh,Tư pháp - Hộ tịch,Đăng ký khai sinh,Trực tuyến,3,2,2026-01-07,2026-01-06,0,Đã trả kết quả,Đúng hạn,5.0
HS2026000041,2026-01-04,1,1,Phường An Thịnh,Đất đai - Tài nguyên,Cấp giấy chứng nhận quyền sử dụng đất,Trực tiếp,30,18,2026-02-03,2026-01-22,0,Đã trả kết quả,Đúng hạn,5.0
HS2026000042,2026-01-04,1,1,Xã Nam Hải,Kinh tế - Đăng ký KD,Đăng ký hộ kinh doanh,Trực tiếp,3,3,2026-01-07,2026-01-07,0,Đã trả kết quả,Đúng hạn,5.0
HS2026000043,2026-01-04,1,1,Xã Nam Hải,Tư pháp - Hộ tịch,Chứng thực bản sao từ bản chính,Bưu chính công ích,1,5,2026-01-05,2026-01-09,2,Đã trả kết quả,Trễ hạn,3.0
HS2026000044,2026-01-04,1,1,Xã Tân Phước,Xây dựng - Đô thị,Cấp giấy phép xây dựng nhà ở riêng lẻ,Trực tiếp,15,9,2026-01-19,2026-01-13,0,Đã trả kết quả,Đúng hạn,5.0
HS2026000045,2026-01-04,1,1,Xã Mỹ Trạch,Kinh tế - Đăng ký KD,Đăng ký hộ kinh doanh,Trực tuyến,3,2,2026-01-07,2026-01-06,0,Đã trả kết quả,Đúng hạn,5.0
HS2026000046,2026-01-04,1,1,Xã Nam Hải,Tư pháp - Hộ tịch,Cấp bản sao trích lục hộ tịch,Trực tiếp,1,1,2026-01-05,2026-01-05,0,Đã trả kết quả,Đúng hạn,5.0
HS2026000047,2026-01-04,1,1,Phường Kim Sơn,Tư pháp - Hộ tịch,Cấp phiếu lý lịch tư pháp số 1,Trực tuyến,10,6,2026-01-14,2026-01-10,0,Đã trả kết quả,Đúng hạn,4.0
HS2026000048,2026-01-04,1,1,Phường An Thịnh,Tư pháp - Hộ tịch,Đăng ký khai sinh,Trực tuyến,3,2,2026-01-07,2026-01-06,0,Đã trả kết quả,Đúng hạn,5.0
HS2026000049,2026-01-04,1,1,Phường Bình Minh,Tư pháp - Hộ tịch,Cấp phiếu lý lịch tư pháp số 1,Trực tuyến,10,6,2026-01-14,2026-01-10,0,Đã trả kết quả,Đúng hạn,5.0
HS2026000050,2026-01-04,1,1,Phường An Thịnh,Tư pháp - Hộ tịch,Đăng ký khai sinh,Trực tiếp,3,4,2026-01-07,2026-01-08,1,Đã trả kết quả,Trễ hạn,3.0
HS2026000051,2026-01-04,1,1,Xã Nam Hải,Tư pháp - Hộ tịch,Đăng ký kết hôn,Trực tiếp,3,6,2026-01-07,2026-01-10,1,Đã trả kết quả,Trễ hạn,2.0
HS2026000052,2026-01-04,1,1,Phường An Thịnh,Đất đai - Tài nguyên,Cấp giấy chứng nhận quyền sử dụng đất,Trực tiếp,30,23,2026-02-03,2026-01-27,0,Đã trả kết quả,Đúng hạn,5.0
HS2026000053,2026-01-04,1,1,Xã Mỹ Trạch,Đất đai - Tài nguyên,Cấp giấy chứng nhận quyền sử dụng đất,Trực tiếp,30,28,2026-02-03,2026-02-01,0,Đã trả kết quả,Đúng hạn,5.0
HS2026000054,2026-01-04,1,1,Xã Nam Hải,Tư pháp - Hộ tịch,Cấp bản sao trích lục hộ tịch,Trực tuyến,1,1,2026-01-05,2026-01-05,0,Đã trả kết quả,Đúng hạn,4.0
HS2026000055,2026-01-05,1,1,Xã Nam Hải,Tư pháp - Hộ tịch,Cấp bản sao trích lục hộ tịch,Trực tuyến,1,1,2026-01-06,2026-01-06,0,Đã trả kết quả,Đúng hạn,5.0
HS2026000056,2026-01-05,1,1,Phường Kim Sơn,Tư pháp - Hộ tịch,Đăng ký khai sinh,Trực tuyến,3,2,2026-01-08,2026-01-07,0,Đã trả kết quả,Đúng hạn,5.0
HS2026000057,2026-01-05,1,1,Phường An Thịnh,Tư pháp - Hộ tịch,Chứng thực bản sao từ bản chính,Trực tiếp,1,1,2026-01-06,2026-01-06,0,Đã trả kết quả,Đúng hạn,5.0
HS2026000058,2026-01-05,1,1,Phường Bình Minh,Tư pháp - Hộ tịch,Cấp phiếu lý lịch tư pháp số 1,Trực tuyến,10,11,2026-01-15,2026-01-16,1,Đã trả kết quả,Trễ hạn,4.0
HS2026000059,2026-01-05,1,1,Xã Nam Hải,Tư pháp - Hộ tịch,Cấp bản sao trích lục hộ tịch,Trực tiếp,1,4,2026-01-06,2026-01-09,1,Đã trả kết quả,Trễ hạn,4.0
HS2026000060,2026-01-05,1,1,Xã Tân Phước,Tư pháp - Hộ tịch,Đăng ký khai sinh,Trực tiếp,3,3,2026-01-08,2026-01-08,0,Đã trả kết quả,Đúng hạn,5.0
HS2026000061,2026-01-05,1,1,Phường Bình Minh,Tư pháp - Hộ tịch,Đăng ký khai tử,Trực tiếp,3,2,2026-01-08,2026-01-07,0,Đã trả kết quả,Đúng hạn,5.0
HS2026000062,2026-01-05,1,1,Phường Bình Minh,Tư pháp - Hộ tịch,Đăng ký khai tử,Trực tiếp,3,6,2026-01-08,2026-01-11,1,Đã trả kết quả,Trễ hạn,3.0
HS2026000063,2026-01-05,1,1,Phường Kim Sơn,Tư pháp - Hộ tịch,Đăng ký kết hôn,Trực tuyến,3,3,2026-01-08,2026-01-08,0,Đã trả kết quả,Đúng hạn,5.0
HS2026000064,2026-01-05,1,1,Phường An Thịnh,Tư pháp - Hộ tịch,Cấp phiếu lý lịch tư pháp số 1,Trực tiếp,10,6,2026-01-15,2026-01-11,0,Đã trả kết quả,Đúng hạn,5.0
HS2026000065,2026-01-05,1,1,Phường Bình Minh,Tư pháp - Hộ tịch,Cấp phiếu lý lịch tư pháp số 1,Trực tuyến,10,8,2026-01-15,2026-01-13,0,Đã trả kết quả,Đúng hạn,5.0
HS2026000066,2026-01-05,1,1,Phường An Thịnh,Tư pháp - Hộ tịch,Cấp phiếu lý lịch tư pháp số 1,Trực tiếp,10,7,2026-01-15,2026-01-12,0,Đã trả kết quả,Đúng hạn,5.0
HS2026000067,2026-01-05,1,1,Xã Mỹ Trạch,Tư pháp - Hộ tịch,Đăng ký kết hôn,Trực tiếp,3,2,2026-01-08,2026-01-07,0,Đã trả kết quả,Đúng hạn,5.0
HS2026000068,2026-01-05,1,1,Phường Kim Sơn,Tư pháp - Hộ tịch,Cấp bản sao trích lục hộ tịch,Trực tuyến,1,1,2026-01-06,2026-01-06,0,Đã trả kết quả,Đúng hạn,5.0
HS2026000069,2026-01-06,1,1,Phường Long Phú,Đất đai - Tài nguyên,Cấp giấy chứng nhận quyền sử dụng đất,Trực tuyến,30,28,2026-02-05,2026-02-03,0,Đã trả kết quả,Đúng hạn,5.0
HS2026000070,2026-01-06,1,1,Xã Tân Phước,Xây dựng - Đô thị,Cấp giấy phép xây dựng nhà ở riêng lẻ,Trực tiếp,15,16,2026-01-21,2026-01-22,2,Đã trả kết quả,Trễ hạn,1.0
HS2026000071,2026-01-06,1,1,Phường Kim Sơn,Tư pháp - Hộ tịch,Cấp bản sao trích lục hộ tịch,Trực tiếp,1,1,2026-01-07,2026-01-07,0,Đã trả kết quả,Đúng hạn,5.0
HS2026000072,2026-01-06,1,1,Xã Tân Phước,Tư pháp - Hộ tịch,Đăng ký khai sinh,Trực tuyến,3,2,2026-01-09,2026-01-08,0,Đã trả kết quả,Đúng hạn,5.0
HS2026000073,2026-01-06,1,1,Phường Bình Minh,Kinh tế - Đăng ký KD,Đăng ký hộ kinh doanh,Trực tuyến,3,3,2026-01-09,2026-01-09,0,Đã trả kết quả,Đúng hạn,5.0
HS2026000074,2026-01-06,1,1,Xã Tân Phước,Đất đai - Tài nguyên,Đăng ký biến động đất đai,Trực tuyến,10,7,2026-01-16,2026-01-13,0,Đã trả kết quả,Đúng hạn,5.0
HS2026000075,2026-01-06,1,1,Xã Tân Phước,Xây dựng - Đô thị,Cấp giấy phép xây dựng nhà ở riêng lẻ,Trực tuyến,15,15,2026-01-21,2026-01-21,2,Đã trả kết quả,Đúng hạn,3.0
HS2026000076,2026-01-07,1,1,Xã Tân Phước,Tư pháp - Hộ tịch,Đăng ký kết hôn,Trực tiếp,3,6,2026-01-10,2026-01-13,1,Đã trả kết quả,Trễ hạn,4.0
HS2026000077,2026-01-07,1,1,Xã Tân Phước,Lao động - Xã hội,"Xác nhận hộ nghèo, cận nghèo",Trực tiếp,5,4,2026-01-12,2026-01-11,0,Đã trả kết quả,Đúng hạn,5.0
HS2026000078,2026-01-07,1,1,Xã Mỹ Trạch,Tư pháp - Hộ tịch,Cấp bản sao trích lục hộ tịch,Trực tuyến,1,1,2026-01-08,2026-01-08,0,Đã trả kết quả,Đúng hạn,5.0
HS2026000079,2026-01-07,1,1,Phường Kim Sơn,Xây dựng - Đô thị,Cấp giấy phép xây dựng nhà ở riêng lẻ,Trực tuyến,15,10,2026-01-22,2026-01-17,0,Đã trả kết quả,Đúng hạn,4.0
HS2026000080,2026-01-07,1,1,Phường Kim Sơn,Tư pháp - Hộ tịch,Đăng ký khai tử,Trực tuyến,3,2,2026-01-10,2026-01-09,0,Đã trả kết quả,Đúng hạn,5.0
HS2026000081,2026-01-07,1,1,Phường Hoà Lạc,Tư pháp - Hộ tịch,Cấp phiếu lý lịch tư pháp số 1,Bưu chính công ích,10,9,2026-01-17,2026-01-16,0,Đã trả kết quả,Đúng hạn,5.0
HS2026000082,2026-01-07,1,1,Phường Hoà Lạc,Lao động - Xã hội,"Xác nhận hộ nghèo, cận nghèo",Trực tiếp,5,3,2026-01-12,2026-01-10,0,Đã trả kết quả,Đúng hạn,4.0
HS2026000083,2026-01-07,1,1,Phường Bình Minh,Đất đai - Tài nguyên,Đăng ký biến động đất đai,Trực tuyến,10,8,2026-01-17,2026-01-15,0,Đã trả kết quả,Đúng hạn,5.0
HS2026000084,2026-01-07,1,1,Xã Tân Phước,Tư pháp - Hộ tịch,Đăng ký khai sinh,Trực tiếp,3,3,2026-01-10,2026-01-10,0,Đã trả kết quả,Đúng hạn,5.0
HS2026000085,2026-01-07,1,1,Phường Long Phú,Tư pháp - Hộ tịch,Cấp phiếu lý lịch tư pháp số 1,Trực tuyến,10,6,2026-01-17,2026-01-13,0,Đã trả kết quả,Đúng hạn,5.0
HS2026000086,2026-01-07,1,1,Phường Bình Minh,Tư pháp - Hộ tịch,Đăng ký kết hôn,Trực tiếp,3,3,2026-01-10,2026-01-10,0,Đã trả kết quả,Đúng hạn,5.0
HS2026000087,2026-01-07,1,1,Phường An Thịnh,Tư pháp - Hộ tịch,Cấp phiếu lý lịch tư pháp số 1,Trực tuyến,10,6,2026-01-17,2026-01-13,0,Đã trả kết quả,Đúng hạn,4.0
HS2026000088,2026-01-07,1,1,Phường Long Phú,Tư pháp - Hộ tịch,Cấp bản sao trích lục hộ tịch,Trực tiếp,1,4,2026-01-08,2026-01-11,1,Đã trả kết quả,Trễ hạn,3.0
HS2026000089,2026-01-08,1,1,Phường Hoà Lạc,Tư pháp - Hộ tịch,Đăng ký kết hôn,Trực tiếp,3,3,2026-01-11,2026-01-11,0,Đã trả kết quả,Đúng hạn,5.0
HS2026000090,2026-01-08,1,1,Xã Tân Phước,Tư pháp - Hộ tịch,Cấp bản sao trích lục hộ tịch,Trực tiếp,1,1,2026-01-09,2026-01-09,0,Đã trả kết quả,Đúng hạn,4.0
HS2026000091,2026-01-08,1,1,Phường Kim Sơn,Tư pháp - Hộ tịch,Cấp phiếu lý lịch tư pháp số 1,Trực tuyến,10,7,2026-01-18,2026-01-15,0,Đã trả kết quả,Đúng hạn,5.0
HS2026000092,2026-01-08,1,1,Phường Bình Minh,Tư pháp - Hộ tịch,Đăng ký khai sinh,Trực tuyến,3,2,2026-01-11,2026-01-10,0,Đã trả kết quả,Đúng hạn,5.0
HS2026000093,2026-01-08,1,1,Phường Long Phú,Tư pháp - Hộ tịch,Cấp bản sao trích lục hộ tịch,Trực tiếp,1,1,2026-01-09,2026-01-09,0,Đã trả kết quả,Đúng hạn,5.0
HS2026000094,2026-01-08,1,1,Xã Nam Hải,Lao động - Xã hội,Trợ cấp xã hội hằng tháng,Bưu chính công ích,20,19,2026-01-28,2026-01-27,0,Đã trả kết quả,Đúng hạn,4.0
HS2026000095,2026-01-08,1,1,Phường An Thịnh,Lao động - Xã hội,Trợ cấp xã hội hằng tháng,Trực tiếp,20,9,2026-01-28,2026-01-17,0,Đã trả kết quả,Đúng hạn,5.0
HS2026000096,2026-01-08,1,1,Phường Long Phú,Tư pháp - Hộ tịch,Chứng thực bản sao từ bản chính,Trực tiếp,1,2,2026-01-09,2026-01-10,0,Đã trả kết quả,Trễ hạn,3.0
HS2026000097,2026-01-08,1,1,Xã Nam Hải,Tư pháp - Hộ tịch,Đăng ký kết hôn,Trực tiếp,3,8,2026-01-11,2026-01-16,2,Đã trả kết quả,Trễ hạn,3.0
HS2026000098,2026-01-08,1,1,Phường An Thịnh,Xây dựng - Đô thị,Cấp giấy phép xây dựng nhà ở riêng lẻ,Trực tuyến,15,6,2026-01-23,2026-01-14,0,Đã trả kết quả,Đúng hạn,5.0
HS2026000099,2026-01-08,1,1,Phường Long Phú,Xây dựng - Đô thị,Cấp giấy phép xây dựng nhà ở riêng lẻ,Trực tuyến,15,10,2026-01-23,2026-01-18,0,Đã trả kết quả,Đúng hạn,5.0
HS2026000100,2026-01-08,1,1,Phường An Thịnh,Kinh tế - Đăng ký KD,Đăng ký hộ kinh doanh,Trực tiếp,3,2,2026-01-11,2026-01-10,0,Đã trả kết quả,Đúng hạn,4.0
HS2026000101,2026-01-08,1,1,Phường Bình Minh,Lao động - Xã hội,Trợ cấp xã hội hằng tháng,Bưu chính công ích,20,11,2026-01-28,2026-01-19,0,Đã trả kết quả,Đúng hạn,5.0
HS2026000102,2026-01-09,1,1,Xã Nam Hải,Đất đai - Tài nguyên,Cấp giấy chứng nhận quyền sử dụng đất,Bưu chính công ích,30,30,2026-02-08,2026-02-08,2,Đã trả kết quả,Đúng hạn,4.0
HS2026000103,2026-01-09,1,1,Xã Nam Hải,Kinh tế - Đăng ký KD,Đăng ký hộ kinh doanh,Trực tiếp,3,3,2026-01-12,2026-01-12,0,Đã trả kết quả,Đúng hạn,5.0
HS2026000104,2026-01-09,1,1,Phường An Thịnh,Tư pháp - Hộ tịch,Đăng ký khai sinh,Trực tuyến,3,2,2026-01-12,2026-01-11,0,Đã trả kết quả,Đúng hạn,5.0
HS2026000105,2026-01-09,1,1,Phường An Thịnh,Tư pháp - Hộ tịch,Cấp bản sao trích lục hộ tịch,Trực tiếp,1,1,2026-01-10,2026-01-10,0,Đã trả kết quả,Đúng hạn,5.0
HS2026000106,2026-01-09,1,1,Xã Mỹ Trạch,Tư pháp - Hộ tịch,Chứng thực bản sao từ bản chính,Trực tiếp,1,1,2026-01-10,2026-01-10,0,Đã trả kết quả,Đúng hạn,5.0
HS2026000107,2026-01-09,1,1,Phường An Thịnh,Kinh tế - Đăng ký KD,Đăng ký hộ kinh doanh,Trực tuyến,3,4,2026-01-12,2026-01-13,1,Đã trả kết quả,Trễ hạn,3.0
HS2026000108,2026-01-09,1,1,Xã Nam Hải,Lao động - Xã hội,Trợ cấp xã hội hằng tháng,Trực tiếp,20,13,2026-01-29,2026-01-22,0,Đã trả kết quả,Đúng hạn,5.0
HS2026000109,2026-01-09,1,1,Phường Bình Minh,Tư pháp - Hộ tịch,Cấp phiếu lý lịch tư pháp số 1,Trực tuyến,10,10,2026-01-19,2026-01-19,2,Đã trả kết quả,Đúng hạn,3.0
HS2026000110,2026-01-09,1,1,Xã Mỹ Trạch,Tư pháp - Hộ tịch,Cấp bản sao trích lục hộ tịch,Trực tuyến,1,1,2026-01-10,2026-01-10,0,Đã trả kết quả,Đúng hạn,5.0
HS2026000111,2026-01-09,1,1,Phường An Thịnh,Đất đai - Tài nguyên,Đăng ký biến động đất đai,Trực tuyến,10,8,2026-01-19,2026-01-17,0,Đã trả kết quả,Đúng hạn,5.0
HS2026000112,2026-01-09,1,1,Xã Tân Phước,Tư pháp - Hộ tịch,Cấp phiếu lý lịch tư pháp số 1,Trực tiếp,10,8,2026-01-19,2026-01-17,0,Đã trả kết quả,Đúng hạn,5.0
HS2026000113,2026-01-09,1,1,Phường Bình Minh,Tư pháp - Hộ tịch,Cấp bản sao trích lục hộ tịch,Trực tuyến,1,1,2026-01-10,2026-01-10,0,Đã trả kết quả,Đúng hạn,5.0
HS2026000114,2026-01-09,1,1,Xã Tân Phước,Kinh tế - Đăng ký KD,Đăng ký hộ kinh doanh,Trực tuyến,3,6,2026-01-12,2026-01-15,2,Đã trả kết quả,Trễ hạn,2.0
HS2026000115,2026-01-09,1,1,Xã Tân Phước,Tư pháp - Hộ tịch,Đăng ký khai sinh,Trực tiếp,3,2,2026-01-12,2026-01-11,0,Đã trả kết quả,Đúng hạn,5.0
HS2026000116,2026-01-09,1,1,Xã Tân Phước,Tư pháp - Hộ tịch,Đăng ký khai sinh,Trực tuyến,3,8,2026-01-12,2026-01-17,2,Đã trả kết quả,Trễ hạn,2.0
HS2026000117,2026-01-10,1,1,Phường Hoà Lạc,Tư pháp - Hộ tịch,Đăng ký khai tử,Trực tiếp,3,4,2026-01-13,2026-01-14,1,Đã trả kết quả,Trễ hạn,2.0
HS2026000118,2026-01-10,1,1,Phường Hoà Lạc,Tư pháp - Hộ tịch,Chứng thực bản sao từ bản chính,Trực tiếp,1,1,2026-01-11,2026-01-11,0,Đã trả kết quả,Đúng hạn,5.0
HS2026000119,2026-01-10,1,1,Phường Long Phú,Tư pháp - Hộ tịch,Đăng ký khai sinh,Trực tuyến,3,3,2026-01-13,2026-01-13,0,Đã trả kết quả,Đúng hạn,5.0
HS2026000120,2026-01-10,1,1,Phường Bình Minh,Tư pháp - Hộ tịch,Cấp phiếu lý lịch tư pháp số 1,Trực tiếp,10,7,2026-01-20,2026-01-17,0,Đã trả kết quả,Đúng hạn,5.0
HS2026000121,2026-01-10,1,1,Phường Bình Minh,Kinh tế - Đăng ký KD,Đăng ký hộ kinh doanh,Trực tiếp,3,5,2026-01-13,2026-01-15,1,Đã trả kết quả,Trễ hạn,3.0
HS2026000122,2026-01-10,1,1,Phường Long Phú,Kinh tế - Đăng ký KD,Đăng ký hộ kinh doanh,Trực tuyến,3,2,2026-01-13,2026-01-12,0,Đã trả kết quả,Đúng hạn,5.0
HS2026000123,2026-01-10,1,1,Phường Long Phú,Đất đai - Tài nguyên,Đăng ký biến động đất đai,Trực tiếp,10,12,2026-01-20,2026-01-22,0,Đã trả kết quả,Trễ hạn,4.0
HS2026000124,2026-01-10,1,1,Phường Kim Sơn,Tư pháp - Hộ tịch,Cấp phiếu lý lịch tư pháp số 1,Trực tiếp,10,11,2026-01-20,2026-01-21,0,Đã trả kết quả,Trễ hạn,4.0
HS2026000125,2026-01-10,1,1,Phường Hoà Lạc,Tư pháp - Hộ tịch,Chứng thực bản sao từ bản chính,Trực tiếp,1,8,2026-01-11,2026-01-18,2,Đã trả kết quả,Trễ hạn,2.0
HS2026000126,2026-01-10,1,1,Phường Hoà Lạc,Lao động - Xã hội,"Xác nhận hộ nghèo, cận nghèo",Trực tiếp,5,3,2026-01-15,2026-01-13,0,Đã trả kết quả,Đúng hạn,5.0
HS2026000127,2026-01-11,1,1,Xã Mỹ Trạch,Lao động - Xã hội,Trợ cấp xã hội hằng tháng,Trực tuyến,20,9,2026-01-31,2026-01-20,0,Đã trả kết quả,Đúng hạn,5.0
HS2026000128,2026-01-11,1,1,Xã Tân Phước,Tư pháp - Hộ tịch,Cấp phiếu lý lịch tư pháp số 1,Trực tuyến,10,7,2026-01-21,2026-01-18,0,Đã trả kết quả,Đúng hạn,5.0
HS2026000129,2026-01-11,1,1,Xã Mỹ Trạch,Tư pháp - Hộ tịch,Cấp phiếu lý lịch tư pháp số 1,Trực tiếp,10,8,2026-01-21,2026-01-19,0,Đã trả kết quả,Đúng hạn,5.0
HS2026000130,2026-01-11,1,1,Xã Tân Phước,Tư pháp - Hộ tịch,Cấp phiếu lý lịch tư pháp số 1,Trực tuyến,10,7,2026-01-21,2026-01-18,1,Đã trả kết quả,Đúng hạn,4.0
HS2026000131,2026-01-11,1,1,Xã Nam Hải,Tư pháp - Hộ tịch,Cấp bản sao trích lục hộ tịch,Trực tuyến,1,1,2026-01-12,2026-01-12,0,Đã trả kết quả,Đúng hạn,5.0
HS2026000132,2026-01-11,1,1,Phường Bình Minh,Xây dựng - Đô thị,Cấp giấy phép xây dựng nhà ở riêng lẻ,Trực tuyến,15,10,2026-01-26,2026-01-21,1,Đã trả kết quả,Đúng hạn,4.0
HS2026000133,2026-01-11,1,1,Phường Hoà Lạc,Lao động - Xã hội,Trợ cấp xã hội hằng tháng,Bưu chính công ích,20,19,2026-01-31,2026-01-30,0,Đã trả kết quả,Đúng hạn,4.0
HS2026000134,2026-01-11,1,1,Phường Long Phú,Tư pháp - Hộ tịch,Cấp phiếu lý lịch tư pháp số 1,Trực tiếp,10,12,2026-01-21,2026-01-23,0,Đã trả kết quả,Trễ hạn,3.0
HS2026000135,2026-01-11,1,1,Phường Bình Minh,Tư pháp - Hộ tịch,Đăng ký khai sinh,Bưu chính công ích,3,3,2026-01-14,2026-01-14,0,Đã trả kết quả,Đúng hạn,5.0
HS2026000136,2026-01-11,1,1,Phường Hoà Lạc,Tư pháp - Hộ tịch,Cấp phiếu lý lịch tư pháp số 1,Trực tuyến,10,6,2026-01-21,2026-01-17,0,Đã trả kết quả,Đúng hạn,4.0
HS2026000137,2026-01-12,1,1,Phường Hoà Lạc,Tư pháp - Hộ tịch,Cấp phiếu lý lịch tư pháp số 1,Trực tiếp,10,10,2026-01-22,2026-01-22,0,Đã trả kết quả,Đúng hạn,5.0
HS2026000138,2026-01-12,1,1,Phường An Thịnh,Tư pháp - Hộ tịch,Đăng ký khai sinh,Trực tiếp,3,2,2026-01-15,2026-01-14,0,Đã trả kết quả,Đúng hạn,5.0
HS2026000139,2026-01-12,1,1,Phường Kim Sơn,Tư pháp - Hộ tịch,Chứng thực bản sao từ bản chính,Trực tiếp,1,1,2026-01-13,2026-01-13,0,Đã trả kết quả,Đúng hạn,5.0
HS2026000140,2026-01-12,1,1,Xã Nam Hải,Lao động - Xã hội,Trợ cấp xã hội hằng tháng,Trực tiếp,20,13,2026-02-01,2026-01-25,0,Đã trả kết quả,Đúng hạn,5.0
HS2026000141,2026-01-12,1,1,Phường Hoà Lạc,Tư pháp - Hộ tịch,Cấp bản sao trích lục hộ tịch,Trực tiếp,1,1,2026-01-13,2026-01-13,0,Đã trả kết quả,Đúng hạn,4.0
HS2026000142,2026-01-12,1,1,Xã Mỹ Trạch,Tư pháp - Hộ tịch,Cấp bản sao trích lục hộ tịch,Trực tuyến,1,1,2026-01-13,2026-01-13,0,Đã trả kết quả,Đúng hạn,5.0
HS2026000143,2026-01-12,1,1,Xã Tân Phước,Xây dựng - Đô thị,Cấp giấy phép xây dựng nhà ở riêng lẻ,Trực tiếp,15,9,2026-01-27,2026-01-21,0,Đã trả kết quả,Đúng hạn,5.0
HS2026000144,2026-01-12,1,1,Phường Long Phú,Đất đai - Tài nguyên,Đăng ký biến động đất đai,Trực tiếp,10,9,2026-01-22,2026-01-21,0,Đã trả kết quả,Đúng hạn,5.0
HS2026000145,2026-01-12,1,1,Phường Kim Sơn,Kinh tế - Đăng ký KD,Đăng ký hộ kinh doanh,Trực tiếp,3,5,2026-01-15,2026-01-17,1,Đã trả kết quả,Trễ hạn,2.0
HS2026000146,2026-01-12,1,1,Phường Hoà Lạc,Tư pháp - Hộ tịch,Đăng ký kết hôn,Trực tuyến,3,3,2026-01-15,2026-01-15,0,Đã trả kết quả,Đúng hạn,5.0
HS2026000147,2026-01-12,1,1,Phường An Thịnh,Kinh tế - Đăng ký KD,Đăng ký hộ kinh doanh,Trực tiếp,3,2,2026-01-15,2026-01-14,0,Đã trả kết quả,Đúng hạn,4.0
HS2026000148,2026-01-13,1,1,Xã Nam Hải,Kinh tế - Đăng ký KD,Đăng ký hộ kinh doanh,Trực tuyến,3,3,2026-01-16,2026-01-16,0,Đã trả kết quả,Đúng hạn,4.0
HS2026000149,2026-01-13,1,1,Phường Hoà Lạc,Kinh tế - Đăng ký KD,Đăng ký hộ kinh doanh,Trực tiếp,3,3,2026-01-16,2026-01-16,0,Đã trả kết quả,Đúng hạn,5.0
HS2026000150,2026-01-13,1,1,Phường Kim Sơn,Tư pháp - Hộ tịch,Đăng ký khai sinh,Trực tiếp,3,10,2026-01-16,2026-01-23,2,Đã trả kết quả,Trễ hạn,3.0
HS2026000151,2026-01-13,1,1,Xã Mỹ Trạch,Tư pháp - Hộ tịch,Đăng ký kết hôn,Trực tiếp,3,3,2026-01-16,2026-01-16,0,Đã trả kết quả,Đúng hạn,5.0
HS2026000152,2026-01-13,1,1,Xã Mỹ Trạch,Tư pháp - Hộ tịch,Chứng thực bản sao từ bản chính,Trực tiếp,1,1,2026-01-14,2026-01-14,0,Đã trả kết quả,Đúng hạn,5.0
HS2026000153,2026-01-13,1,1,Phường Hoà Lạc,Tư pháp - Hộ tịch,Chứng thực bản sao từ bản chính,Trực tuyến,1,1,2026-01-14,2026-01-14,0,Đã trả kết quả,Đúng hạn,5.0
HS2026000154,2026-01-13,1,1,Xã Nam Hải,Tư pháp - Hộ tịch,Chứng thực bản sao từ bản chính,Trực tiếp,1,5,2026-01-14,2026-01-18,2,Đã trả kết quả,Trễ hạn,2.0
HS2026000155,2026-01-13,1,1,Phường Long Phú,Tư pháp - Hộ tịch,Đăng ký khai sinh,Trực tuyến,3,3,2026-01-16,2026-01-16,0,Đã trả kết quả,Đúng hạn,5.0
HS2026000156,2026-01-13,1,1,Phường An Thịnh,Kinh tế - Đăng ký KD,Đăng ký hộ kinh doanh,Trực tiếp,3,2,2026-01-16,2026-01-15,0,Đã trả kết quả,Đúng hạn,5.0
HS2026000157,2026-01-14,1,1,Xã Mỹ Trạch,Lao động - Xã hội,"Xác nhận hộ nghèo, cận nghèo",Trực tuyến,5,5,2026-01-19,2026-01-19,1,Đã trả kết quả,Đúng hạn,4.0
HS2026000158,2026-01-14,1,1,Phường An Thịnh,Tư pháp - Hộ tịch,Chứng thực bản sao từ bản chính,Trực tuyến,1,1,2026-01-15,2026-01-15,0,Đã trả kết quả,Đúng hạn,5.0
HS2026000159,2026-01-14,1,1,Xã Nam Hải,Tư pháp - Hộ tịch,Đăng ký khai tử,Trực tiếp,3,5,2026-01-17,2026-01-19,1,Đã trả kết quả,Trễ hạn,4.0
HS2026000160,2026-01-14,1,1,Phường Kim Sơn,Tư pháp - Hộ tịch,Cấp phiếu lý lịch tư pháp số 1,Trực tiếp,10,10,2026-01-24,2026-01-24,0,Đã trả kết quả,Đúng hạn,5.0
HS2026000161,2026-01-14,1,1,Phường Bình Minh,Tư pháp - Hộ tịch,Cấp phiếu lý lịch tư pháp số 1,Trực tiếp,10,9,2026-01-24,2026-01-23,0,Đã trả kết quả,Đúng hạn,5.0
HS2026000162,2026-01-14,1,1,Phường An Thịnh,Kinh tế - Đăng ký KD,Đăng ký hộ kinh doanh,Trực tiếp,3,3,2026-01-17,2026-01-17,0,Đã trả kết quả,Đúng hạn,5.0
HS2026000163,2026-01-14,1,1,Xã Nam Hải,Lao động - Xã hội,"Xác nhận hộ nghèo, cận nghèo",Trực tiếp,5,6,2026-01-19,2026-01-20,0,Đã trả kết quả,Trễ hạn,3.0
HS2026000164,2026-01-14,1,1,Xã Mỹ Trạch,Tư pháp - Hộ tịch,Đăng ký khai tử,Trực tuyến,3,2,2026-01-17,2026-01-16,0,Đã trả kết quả,Đúng hạn,4.0
HS2026000165,2026-01-15,1,1,Phường Bình Minh,Tư pháp - Hộ tịch,Cấp bản sao trích lục hộ tịch,Bưu chính công ích,1,1,2026-01-16,2026-01-16,0,Đã trả kết quả,Đúng hạn,5.0
HS2026000166,2026-01-15,1,1,Xã Tân Phước,Tư pháp - Hộ tịch,Chứng thực bản sao từ bản chính,Trực tiếp,1,1,2026-01-16,2026-01-16,0,Đã trả kết quả,Đúng hạn,5.0
HS2026000167,2026-01-15,1,1,Xã Nam Hải,Tư pháp - Hộ tịch,Đăng ký khai tử,Trực tiếp,3,3,2026-01-18,2026-01-18,0,Đã trả kết quả,Đúng hạn,5.0
HS2026000168,2026-01-15,1,1,Phường Bình Minh,Tư pháp - Hộ tịch,Đăng ký kết hôn,Trực tuyến,3,2,2026-01-18,2026-01-17,0,Đã trả kết quả,Đúng hạn,5.0
HS2026000169,2026-01-15,1,1,Phường Bình Minh,Tư pháp - Hộ tịch,Chứng thực bản sao từ bản chính,Trực tiếp,1,1,2026-01-16,2026-01-16,0,Đã trả kết quả,Đúng hạn,5.0
HS2026000170,2026-01-15,1,1,Phường Bình Minh,Tư pháp - Hộ tịch,Cấp phiếu lý lịch tư pháp số 1,Trực tuyến,10,8,2026-01-25,2026-01-23,0,Đã trả kết quả,Đúng hạn,5.0
HS2026000171,2026-01-15,1,1,Xã Nam Hải,Lao động - Xã hội,Trợ cấp xã hội hằng tháng,Trực tiếp,20,12,2026-02-04,2026-01-27,0,Đã trả kết quả,Đúng hạn,5.0
HS2026000172,2026-01-15,1,1,Phường Bình Minh,Tư pháp - Hộ tịch,Chứng thực bản sao từ bản chính,Trực tiếp,1,1,2026-01-16,2026-01-16,0,Đã trả kết quả,Đúng hạn,5.0
HS2026000173,2026-01-15,1,1,Phường Kim Sơn,Tư pháp - Hộ tịch,Chứng thực bản sao từ bản chính,Trực tuyến,1,1,2026-01-16,2026-01-16,0,Đã trả kết quả,Đúng hạn,5.0
HS2026000174,2026-01-15,1,1,Phường Kim Sơn,Xây dựng - Đô thị,Cấp giấy phép xây dựng nhà ở riêng lẻ,Trực tuyến,15,9,2026-01-30,2026-01-24,0,Đã trả kết quả,Đúng hạn,5.0
HS2026000175,2026-01-15,1,1,Xã Mỹ Trạch,Tư pháp - Hộ tịch,Đăng ký khai tử,Trực tiếp,3,2,2026-01-18,2026-01-17,0,Đã trả kết quả,Đúng hạn,5.0
HS2026000176,2026-01-16,1,1,Phường An Thịnh,Xây dựng - Đô thị,Cấp giấy phép xây dựng nhà ở riêng lẻ,Trực tuyến,15,9,2026-01-31,2026-01-25,0,Đã trả kết quả,Đúng hạn,5.0
HS2026000177,2026-01-16,1,1,Xã Mỹ Trạch,Tư pháp - Hộ tịch,Đăng ký khai sinh,Trực tiếp,3,2,2026-01-19,2026-01-18,0,Đã trả kết quả,Đúng hạn,5.0
HS2026000178,2026-01-16,1,1,Phường Kim Sơn,Tư pháp - Hộ tịch,Đăng ký kết hôn,Trực tuyến,3,3,2026-01-19,2026-01-19,0,Đã trả kết quả,Đúng hạn,5.0
HS2026000179,2026-01-16,1,1,Xã Nam Hải,Đất đai - Tài nguyên,Đăng ký biến động đất đai,Bưu chính công ích,10,8,2026-01-26,2026-01-24,0,Đã trả kết quả,Đúng hạn,5.0
HS2026000180,2026-01-16,1,1,Phường An Thịnh,Tư pháp - Hộ tịch,Đăng ký khai tử,Trực tiếp,3,3,2026-01-19,2026-01-19,0,Đã trả kết quả,Đúng hạn,5.0
HS2026000181,2026-01-16,1,1,Xã Nam Hải,Tư pháp - Hộ tịch,Đăng ký kết hôn,Trực tuyến,3,3,2026-01-19,2026-01-19,0,Đã trả kết quả,Đúng hạn,5.0
HS2026000182,2026-01-16,1,1,Phường Kim Sơn,Tư pháp - Hộ tịch,Đăng ký kết hôn,Bưu chính công ích,3,3,2026-01-19,2026-01-19,0,Đã trả kết quả,Đúng hạn,5.0
HS2026000183,2026-01-16,1,1,Xã Mỹ Trạch,Tư pháp - Hộ tịch,Cấp phiếu lý lịch tư pháp số 1,Trực tuyến,10,8,2026-01-26,2026-01-24,0,Đã trả kết quả,Đúng hạn,5.0
HS2026000184,2026-01-16,1,1,Phường An Thịnh,Tư pháp - Hộ tịch,Cấp bản sao trích lục hộ tịch,Trực tuyến,1,1,2026-01-17,2026-01-17,0,Đã trả kết quả,Đúng hạn,5.0
HS2026000185,2026-01-17,1,1,Phường Bình Minh,Tư pháp - Hộ tịch,Đăng ký kết hôn,Trực tiếp,3,4,2026-01-20,2026-01-21,1,Đã trả kết quả,Trễ hạn,3.0
HS2026000186,2026-01-17,1,1,Phường An Thịnh,Tư pháp - Hộ tịch,Đăng ký khai sinh,Bưu chính công ích,3,2,2026-01-20,2026-01-19,0,Đã trả kết quả,Đúng hạn,5.0
HS2026000187,2026-01-17,1,1,Phường Hoà Lạc,Tư pháp - Hộ tịch,Cấp phiếu lý lịch tư pháp số 1,Trực tiếp,10,8,2026-01-27,2026-01-25,0,Đã trả kết quả,Đúng hạn,4.0
HS2026000188,2026-01-17,1,1,Phường Long Phú,Lao động - Xã hội,"Xác nhận hộ nghèo, cận nghèo",Trực tiếp,5,5,2026-01-22,2026-01-22,0,Đã trả kết quả,Đúng hạn,5.0
HS2026000189,2026-01-17,1,1,Phường Long Phú,Lao động - Xã hội,Trợ cấp xã hội hằng tháng,Bưu chính công ích,20,13,2026-02-06,2026-01-30,0,Đã trả kết quả,Đúng hạn,5.0
HS2026000190,2026-01-17,1,1,Phường Hoà Lạc,Tư pháp - Hộ tịch,Đăng ký khai sinh,Trực tuyến,3,2,2026-01-20,2026-01-19,0,Đã trả kết quả,Đúng hạn,5.0
HS2026000191,2026-01-17,1,1,Xã Mỹ Trạch,Tư pháp - Hộ tịch,Chứng thực bản sao từ bản chính,Trực tiếp,1,1,2026-01-18,2026-01-18,0,Đã trả kết quả,Đúng hạn,5.0
HS2026000192,2026-01-17,1,1,Phường Long Phú,Đất đai - Tài nguyên,Cấp giấy chứng nhận quyền sử dụng đất,Trực tiếp,30,19,2026-02-16,2026-02-05,0,Đã trả kết quả,Đúng hạn,5.0
HS2026000193,2026-01-17,1,1,Phường Bình Minh,Tư pháp - Hộ tịch,Đăng ký kết hôn,Trực tuyến,3,8,2026-01-20,2026-01-25,2,Đã trả kết quả,Trễ hạn,3.0
HS2026000194,2026-01-17,1,1,Phường Kim Sơn,Lao động - Xã hội,Trợ cấp xã hội hằng tháng,Trực tuyến,20,21,2026-02-06,2026-02-07,2,Đã trả kết quả,Trễ hạn,2.0
HS2026000195,2026-01-17,1,1,Phường Hoà Lạc,Tư pháp - Hộ tịch,Cấp phiếu lý lịch tư pháp số 1,Trực tiếp,10,9,2026-01-27,2026-01-26,0,Đã trả kết quả,Đúng hạn,5.0
HS2026000196,2026-01-17,1,1,Phường An Thịnh,Lao động - Xã hội,Trợ cấp xã hội hằng tháng,Trực tiếp,20,17,2026-02-06,2026-02-03,0,Đã trả kết quả,Đúng hạn,5.0
HS2026000197,2026-01-17,1,1,Phường Bình Minh,Tư pháp - Hộ tịch,Cấp phiếu lý lịch tư pháp số 1,Trực tuyến,10,8,2026-01-27,2026-01-25,0,Đã trả kết quả,Đúng hạn,5.0
HS2026000198,2026-01-17,1,1,Xã Mỹ Trạch,Tư pháp - Hộ tịch,Chứng thực bản sao từ bản chính,Trực tiếp,1,8,2026-01-18,2026-01-25,2,Đã trả kết quả,Trễ hạn,4.0
HS2026000199,2026-01-17,1,1,Xã Mỹ Trạch,Tư pháp - Hộ tịch,Chứng thực bản sao từ bản chính,Trực tuyến,1,1,2026-01-18,2026-01-18,0,Đã trả kết quả,Đúng hạn,5.0
HS2026000200,2026-01-17,1,1,Phường Kim Sơn,Tư pháp - Hộ tịch,Cấp bản sao trích lục hộ tịch,Trực tuyến,1,1,2026-01-18,2026-01-18,0,Đã trả kết quả,Đúng hạn,5.0
HS2026000201,2026-01-17,1,1,Phường An Thịnh,Xây dựng - Đô thị,Cấp giấy phép xây dựng nhà ở riêng lẻ,Trực tiếp,15,11,2026-02-01,2026-01-28,1,Đã trả kết quả,Đúng hạn,5.0
HS2026000202,2026-01-18,1,1,Xã Tân Phước,Tư pháp - Hộ tịch,Chứng thực bản sao từ bản chính,Bưu chính công ích,1,1,2026-01-19,2026-01-19,0,Đã trả kết quả,Đúng hạn,5.0
HS2026000203,2026-01-18,1,1,Phường An Thịnh,Xây dựng - Đô thị,Cấp giấy phép xây dựng nhà ở riêng lẻ,Trực tiếp,15,17,2026-02-02,2026-02-04,2,Đã trả kết quả,Trễ hạn,2.0
HS2026000204,2026-01-18,1,1,Phường Kim Sơn,Kinh tế - Đăng ký KD,Đăng ký hộ kinh doanh,Trực tuyến,3,6,2026-01-21,2026-01-24,2,Đã trả kết quả,Trễ hạn,2.0
HS2026000205,2026-01-18,1,1,Phường Hoà Lạc,Kinh tế - Đăng ký KD,Đăng ký hộ kinh doanh,Trực tiếp,3,3,2026-01-21,2026-01-21,0,Đã trả kết quả,Đúng hạn,5.0
HS2026000206,2026-01-18,1,1,Phường Bình Minh,Lao động - Xã hội,Trợ cấp xã hội hằng tháng,Trực tiếp,20,18,2026-02-07,2026-02-05,0,Đã trả kết quả,Đúng hạn,5.0
HS2026000207,2026-01-18,1,1,Xã Nam Hải,Kinh tế - Đăng ký KD,Đăng ký hộ kinh doanh,Trực tiếp,3,3,2026-01-21,2026-01-21,0,Đã trả kết quả,Đúng hạn,5.0
HS2026000208,2026-01-18,1,1,Xã Mỹ Trạch,Đất đai - Tài nguyên,Cấp giấy chứng nhận quyền sử dụng đất,Trực tiếp,30,25,2026-02-17,2026-02-12,0,Đã trả kết quả,Đúng hạn,5.0
HS2026000209,2026-01-18,1,1,Phường An Thịnh,Tư pháp - Hộ tịch,Cấp phiếu lý lịch tư pháp số 1,Trực tiếp,10,14,2026-01-28,2026-02-01,2,Đã trả kết quả,Trễ hạn,3.0
HS2026000210,2026-01-18,1,1,Phường Long Phú,Tư pháp - Hộ tịch,Cấp phiếu lý lịch tư pháp số 1,Trực tiếp,10,7,2026-01-28,2026-01-25,0,Đã trả kết quả,Đúng hạn,5.0
HS2026000211,2026-01-18,1,1,Phường Kim Sơn,Đất đai - Tài nguyên,Đăng ký biến động đất đai,Trực tiếp,10,6,2026-01-28,2026-01-24,0,Đã trả kết quả,Đúng hạn,4.0
HS2026000212,2026-01-18,1,1,Phường Bình Minh,Kinh tế - Đăng ký KD,Đăng ký hộ kinh doanh,Trực tiếp,3,2,2026-01-21,2026-01-20,0,Đã trả kết quả,Đúng hạn,4.0
HS2026000213,2026-01-19,1,1,Xã Mỹ Trạch,Đất đai - Tài nguyên,Đăng ký biến động đất đai,Bưu chính công ích,10,9,2026-01-29,2026-01-28,0,Đã trả kết quả,Đúng hạn,5.0
HS2026000214,2026-01-19,1,1,Phường An Thịnh,Đất đai - Tài nguyên,Cấp giấy chứng nhận quyền sử dụng đất,Trực tuyến,30,15,2026-02-18,2026-02-03,1,Đã trả kết quả,Đúng hạn,4.0
HS2026000215,2026-01-19,1,1,Phường Kim Sơn,Tư pháp - Hộ tịch,Chứng thực bản sao từ bản chính,Trực tiếp,1,1,2026-01-20,2026-01-20,0,Đã trả kết quả,Đúng hạn,5.0
HS2026000216,2026-01-19,1,1,Xã Mỹ Trạch,Tư pháp - Hộ tịch,Chứng thực bản sao từ bản chính,Trực tuyến,1,1,2026-01-20,2026-01-20,0,Đã trả kết quả,Đúng hạn,5.0
HS2026000217,2026-01-19,1,1,Xã Mỹ Trạch,Tư pháp - Hộ tịch,Chứng thực bản sao từ bản chính,Trực tiếp,1,1,2026-01-20,2026-01-20,0,Đã trả kết quả,Đúng hạn,5.0
HS2026000218,2026-01-19,1,1,Phường Long Phú,Đất đai - Tài nguyên,Đăng ký biến động đất đai,Trực tuyến,10,7,2026-01-29,2026-01-26,0,Đã trả kết quả,Đúng hạn,5.0
HS2026000219,2026-01-19,1,1,Phường Bình Minh,Kinh tế - Đăng ký KD,Đăng ký hộ kinh doanh,Trực tuyến,3,3,2026-01-22,2026-01-22,0,Đã trả kết quả,Đúng hạn,5.0
HS2026000220,2026-01-19,1,1,Xã Tân Phước,Tư pháp - Hộ tịch,Chứng thực bản sao từ bản chính,Trực tiếp,1,1,2026-01-20,2026-01-20,0,Đã trả kết quả,Đúng hạn,5.0
HS2026000221,2026-01-19,1,1,Xã Nam Hải,Tư pháp - Hộ tịch,Chứng thực bản sao từ bản chính,Trực tiếp,1,4,2026-01-20,2026-01-23,1,Đã trả kết quả,Trễ hạn,2.0
HS2026000222,2026-01-19,1,1,Xã Tân Phước,Lao động - Xã hội,Trợ cấp xã hội hằng tháng,Trực tiếp,20,20,2026-02-08,2026-02-08,0,Đã trả kết quả,Đúng hạn,5.0
HS2026000223,2026-01-20,1,1,Phường Hoà Lạc,Đất đai - Tài nguyên,Đăng ký biến động đất đai,Bưu chính công ích,10,10,2026-01-30,2026-01-30,0,Đã trả kết quả,Đúng hạn,4.0
HS2026000224,2026-01-20,1,1,Phường Hoà Lạc,Tư pháp - Hộ tịch,Chứng thực bản sao từ bản chính,Trực tiếp,1,1,2026-01-21,2026-01-21,0,Đã trả kết quả,Đúng hạn,5.0
HS2026000225,2026-01-20,1,1,Phường Kim Sơn,Tư pháp - Hộ tịch,Chứng thực bản sao từ bản chính,Bưu chính công ích,1,1,2026-01-21,2026-01-21,0,Đã trả kết quả,Đúng hạn,5.0
HS2026000226,2026-01-20,1,1,Xã Mỹ Trạch,Đất đai - Tài nguyên,Đăng ký biến động đất đai,Trực tiếp,10,9,2026-01-30,2026-01-29,1,Đã trả kết quả,Đúng hạn,4.0
HS2026000227,2026-01-20,1,1,Phường An Thịnh,Đất đai - Tài nguyên,Đăng ký biến động đất đai,Trực tiếp,10,5,2026-01-30,2026-01-25,0,Đã trả kết quả,Đúng hạn,5.0
HS2026000228,2026-01-20,1,1,Phường Bình Minh,Tư pháp - Hộ tịch,Chứng thực bản sao từ bản chính,Trực tuyến,1,5,2026-01-21,2026-01-25,2,Đã trả kết quả,Trễ hạn,3.0
HS2026000229,2026-01-20,1,1,Phường An Thịnh,Tư pháp - Hộ tịch,Cấp bản sao trích lục hộ tịch,Trực tuyến,1,1,2026-01-21,2026-01-21,0,Đã trả kết quả,Đúng hạn,5.0
HS2026000230,2026-01-20,1,1,Xã Mỹ Trạch,Lao động - Xã hội,Trợ cấp xã hội hằng tháng,Trực tiếp,20,17,2026-02-09,2026-02-06,0,Đã trả kết quả,Đúng hạn,5.0
HS2026000231,2026-01-20,1,1,Phường Long Phú,Đất đai - Tài nguyên,Đăng ký biến động đất đai,Trực tiếp,10,10,2026-01-30,2026-01-30,0,Đã trả kết quả,Đúng hạn,5.0
HS2026000232,2026-01-20,1,1,Xã Mỹ Trạch,Tư pháp - Hộ tịch,Chứng thực bản sao từ bản chính,Trực tuyến,1,1,2026-01-21,2026-01-21,0,Đã trả kết quả,Đúng hạn,5.0
HS2026000233,2026-01-20,1,1,Xã Mỹ Trạch,Tư pháp - Hộ tịch,Đăng ký kết hôn,Trực tuyến,3,3,2026-01-23,2026-01-23,0,Đã trả kết quả,Đúng hạn,4.0
HS2026000234,2026-01-20,1,1,Phường Bình Minh,Đất đai - Tài nguyên,Đăng ký biến động đất đai,Trực tiếp,10,9,2026-01-30,2026-01-29,0,Đã trả kết quả,Đúng hạn,5.0
HS2026000235,2026-01-20,1,1,Phường An Thịnh,Lao động - Xã hội,"Xác nhận hộ nghèo, cận nghèo",Trực tiếp,5,3,2026-01-25,2026-01-23,0,Đã trả kết quả,Đúng hạn,4.0
HS2026000236,2026-01-20,1,1,Phường An Thịnh,Đất đai - Tài nguyên,Đăng ký biến động đất đai,Trực tiếp,10,7,2026-01-30,2026-01-27,0,Đã trả kết quả,Đúng hạn,4.0
HS2026000237,2026-01-20,1,1,Xã Mỹ Trạch,Tư pháp - Hộ tịch,Cấp phiếu lý lịch tư pháp số 1,Trực tuyến,10,6,2026-01-30,2026-01-26,0,Đã trả kết quả,Đúng hạn,5.0
HS2026000238,2026-01-20,1,1,Phường Hoà Lạc,Tư pháp - Hộ tịch,Cấp phiếu lý lịch tư pháp số 1,Trực tiếp,10,11,2026-01-30,2026-01-31,1,Đã trả kết quả,Trễ hạn,4.0
HS2026000239,2026-01-21,1,1,Phường Bình Minh,Tư pháp - Hộ tịch,Cấp bản sao trích lục hộ tịch,Trực tiếp,1,1,2026-01-22,2026-01-22,0,Đã trả kết quả,Đúng hạn,5.0
HS2026000240,2026-01-21,1,1,Xã Tân Phước,Tư pháp - Hộ tịch,Đăng ký khai sinh,Trực tuyến,3,3,2026-01-24,2026-01-24,0,Đã trả kết quả,Đúng hạn,5.0
HS2026000241,2026-01-21,1,1,Phường Long Phú,Xây dựng - Đô thị,Cấp giấy phép xây dựng nhà ở riêng lẻ,Trực tiếp,15,16,2026-02-05,2026-02-06,0,Đã trả kết quả,Trễ hạn,4.0
HS2026000242,2026-01-21,1,1,Phường Bình Minh,Tư pháp - Hộ tịch,Chứng thực bản sao từ bản chính,Trực tiếp,1,1,2026-01-22,2026-01-22,0,Đã trả kết quả,Đúng hạn,5.0
HS2026000243,2026-01-21,1,1,Phường Hoà Lạc,Tư pháp - Hộ tịch,Cấp bản sao trích lục hộ tịch,Trực tiếp,1,1,2026-01-22,2026-01-22,0,Đã trả kết quả,Đúng hạn,5.0
HS2026000244,2026-01-21,1,1,Phường Kim Sơn,Tư pháp - Hộ tịch,Chứng thực bản sao từ bản chính,Trực tiếp,1,1,2026-01-22,2026-01-22,0,Đã trả kết quả,Đúng hạn,5.0
HS2026000245,2026-01-21,1,1,Xã Nam Hải,Tư pháp - Hộ tịch,Cấp bản sao trích lục hộ tịch,Trực tiếp,1,1,2026-01-22,2026-01-22,0,Đã trả kết quả,Đúng hạn,5.0
HS2026000246,2026-01-21,1,1,Xã Mỹ Trạch,Tư pháp - Hộ tịch,Chứng thực bản sao từ bản chính,Trực tuyến,1,6,2026-01-22,2026-01-27,2,Đã trả kết quả,Trễ hạn,1.0
HS2026000247,2026-01-21,1,1,Xã Mỹ Trạch,Kinh tế - Đăng ký KD,Đăng ký hộ kinh doanh,Trực tuyến,3,2,2026-01-24,2026-01-23,0,Đã trả kết quả,Đúng hạn,5.0
HS2026000248,2026-01-22,1,1,Xã Mỹ Trạch,Tư pháp - Hộ tịch,Đăng ký kết hôn,Trực tiếp,3,3,2026-01-25,2026-01-25,0,Đã trả kết quả,Đúng hạn,5.0
HS2026000249,2026-01-22,1,1,Xã Tân Phước,Tư pháp - Hộ tịch,Chứng thực bản sao từ bản chính,Trực tiếp,1,1,2026-01-23,2026-01-23,0,Đã trả kết quả,Đúng hạn,5.0
HS2026000250,2026-01-22,1,1,Phường Bình Minh,Tư pháp - Hộ tịch,Đăng ký khai tử,Trực tiếp,3,2,2026-01-25,2026-01-24,0,Đã trả kết quả,Đúng hạn,5.0
HS2026000251,2026-01-22,1,1,Phường Bình Minh,Tư pháp - Hộ tịch,Đăng ký khai sinh,Trực tiếp,3,7,2026-01-25,2026-01-29,2,Đã trả kết quả,Trễ hạn,1.0
HS2026000252,2026-01-22,1,1,Phường Kim Sơn,Tư pháp - Hộ tịch,Cấp bản sao trích lục hộ tịch,Bưu chính công ích,1,1,2026-01-23,2026-01-23,0,Đã trả kết quả,Đúng hạn,5.0
HS2026000253,2026-01-22,1,1,Phường Bình Minh,Tư pháp - Hộ tịch,Đăng ký khai sinh,Trực tuyến,3,2,2026-01-25,2026-01-24,0,Đã trả kết quả,Đúng hạn,5.0
HS2026000254,2026-01-22,1,1,Phường An Thịnh,Tư pháp - Hộ tịch,Đăng ký khai sinh,Bưu chính công ích,3,3,2026-01-25,2026-01-25,0,Đã trả kết quả,Đúng hạn,5.0
HS2026000255,2026-01-22,1,1,Phường Kim Sơn,Tư pháp - Hộ tịch,Cấp phiếu lý lịch tư pháp số 1,Trực tuyến,10,8,2026-02-01,2026-01-30,0,Đã trả kết quả,Đúng hạn,5.0
HS2026000256,2026-01-22,1,1,Phường An Thịnh,Lao động - Xã hội,"Xác nhận hộ nghèo, cận nghèo",Trực tiếp,5,4,2026-01-27,2026-01-26,0,Đã trả kết quả,Đúng hạn,5.0
HS2026000257,2026-01-22,1,1,Xã Mỹ Trạch,Tư pháp - Hộ tịch,Đăng ký khai sinh,Bưu chính công ích,3,3,2026-01-25,2026-01-25,0,Đã trả kết quả,Đúng hạn,5.0
HS2026000258,2026-01-23,1,1,Phường Long Phú,Tư pháp - Hộ tịch,Chứng thực bản sao từ bản chính,Trực tiếp,1,2,2026-01-24,2026-01-25,0,Đã trả kết quả,Trễ hạn,4.0
HS2026000259,2026-01-23,1,1,Phường Hoà Lạc,Đất đai - Tài nguyên,Đăng ký biến động đất đai,Bưu chính công ích,10,8,2026-02-02,2026-01-31,0,Đã trả kết quả,Đúng hạn,5.0
HS2026000260,2026-01-23,1,1,Phường Kim Sơn,Tư pháp - Hộ tịch,Đăng ký khai sinh,Trực tiếp,3,2,2026-01-26,2026-01-25,0,Đã trả kết quả,Đúng hạn,5.0
HS2026000261,2026-01-23,1,1,Phường An Thịnh,Tư pháp - Hộ tịch,Đăng ký khai sinh,Trực tuyến,3,6,2026-01-26,2026-01-29,1,Đã trả kết quả,Trễ hạn,2.0
HS2026000262,2026-01-23,1,1,Phường Kim Sơn,Tư pháp - Hộ tịch,Chứng thực bản sao từ bản chính,Trực tiếp,1,1,2026-01-24,2026-01-24,0,Đã trả kết quả,Đúng hạn,5.0
HS2026000263,2026-01-23,1,1,Phường An Thịnh,Tư pháp - Hộ tịch,Cấp bản sao trích lục hộ tịch,Trực tuyến,1,3,2026-01-24,2026-01-26,1,Đã trả kết quả,Trễ hạn,2.0
HS2026000264,2026-01-23,1,1,Phường Hoà Lạc,Lao động - Xã hội,Trợ cấp xã hội hằng tháng,Trực tuyến,20,22,2026-02-12,2026-02-14,2,Đã trả kết quả,Trễ hạn,2.0
HS2026000265,2026-01-23,1,1,Phường An Thịnh,Đất đai - Tài nguyên,Cấp giấy chứng nhận quyền sử dụng đất,Trực tiếp,30,23,2026-02-22,2026-02-15,0,Đã trả kết quả,Đúng hạn,5.0
HS2026000266,2026-01-23,1,1,Phường Long Phú,Tư pháp - Hộ tịch,Đăng ký khai sinh,Trực tuyến,3,2,2026-01-26,2026-01-25,0,Đã trả kết quả,Đúng hạn,4.0
HS2026000267,2026-01-24,1,1,Xã Mỹ Trạch,Tư pháp - Hộ tịch,Chứng thực bản sao từ bản chính,Bưu chính công ích,1,1,2026-01-25,2026-01-25,0,Đã trả kết quả,Đúng hạn,5.0
HS2026000268,2026-01-24,1,1,Phường Long Phú,Tư pháp - Hộ tịch,Đăng ký khai tử,Trực tiếp,3,3,2026-01-27,2026-01-27,0,Đã trả kết quả,Đúng hạn,5.0
HS2026000269,2026-01-24,1,1,Phường Kim Sơn,Tư pháp - Hộ tịch,Cấp phiếu lý lịch tư pháp số 1,Trực tuyến,10,8,2026-02-03,2026-02-01,0,Đã trả kết quả,Đúng hạn,5.0
HS2026000270,2026-01-24,1,1,Phường Hoà Lạc,Tư pháp - Hộ tịch,Chứng thực bản sao từ bản chính,Bưu chính công ích,1,1,2026-01-25,2026-01-25,0,Đã trả kết quả,Đúng hạn,5.0
HS2026000271,2026-01-24,1,1,Phường Long Phú,Tư pháp - Hộ tịch,Cấp bản sao trích lục hộ tịch,Trực tuyến,1,1,2026-01-25,2026-01-25,0,Đã trả kết quả,Đúng hạn,5.0
HS2026000272,2026-01-24,1,1,Phường Hoà Lạc,Tư pháp - Hộ tịch,Đăng ký khai sinh,Trực tiếp,3,2,2026-01-27,2026-01-26,0,Đã trả kết quả,Đúng hạn,5.0
HS2026000273,2026-01-24,1,1,Phường Kim Sơn,Tư pháp - Hộ tịch,Cấp phiếu lý lịch tư pháp số 1,Trực tiếp,10,8,2026-02-03,2026-02-01,0,Đã trả kết quả,Đúng hạn,5.0
HS2026000274,2026-01-24,1,1,Phường An Thịnh,Đất đai - Tài nguyên,Đăng ký biến động đất đai,Trực tiếp,10,9,2026-02-03,2026-02-02,0,Đã trả kết quả,Đúng hạn,5.0
HS2026000275,2026-01-24,1,1,Phường An Thịnh,Tư pháp - Hộ tịch,Đăng ký khai sinh,Trực tuyến,3,9,2026-01-27,2026-02-02,2,Đã trả kết quả,Trễ hạn,2.0
HS2026000276,2026-01-24,1,1,Phường Kim Sơn,Đất đai - Tài nguyên,Đăng ký biến động đất đai,Trực tiếp,10,7,2026-02-03,2026-01-31,0,Đã trả kết quả,Đúng hạn,5.0
HS2026000277,2026-01-24,1,1,Phường An Thịnh,Tư pháp - Hộ tịch,Cấp phiếu lý lịch tư pháp số 1,Trực tiếp,10,8,2026-02-03,2026-02-01,0,Đã trả kết quả,Đúng hạn,5.0
HS2026000278,2026-01-24,1,1,Phường Long Phú,Lao động - Xã hội,Trợ cấp xã hội hằng tháng,Trực tiếp,20,20,2026-02-13,2026-02-13,0,Đã trả kết quả,Đúng hạn,5.0
HS2026000279,2026-01-24,1,1,Xã Tân Phước,Tư pháp - Hộ tịch,Cấp phiếu lý lịch tư pháp số 1,Trực tuyến,10,5,2026-02-03,2026-01-29,0,Đã trả kết quả,Đúng hạn,5.0
HS2026000280,2026-01-25,1,1,Xã Mỹ Trạch,Xây dựng - Đô thị,Cấp giấy phép xây dựng nhà ở riêng lẻ,Trực tiếp,15,10,2026-02-09,2026-02-04,0,Đã trả kết quả,Đúng hạn,5.0
HS2026000281,2026-01-25,1,1,Phường An Thịnh,Tư pháp - Hộ tịch,Chứng thực bản sao từ bản chính,Trực tuyến,1,1,2026-01-26,2026-01-26,0,Đã trả kết quả,Đúng hạn,5.0
HS2026000282,2026-01-25,1,1,Xã Nam Hải,Tư pháp - Hộ tịch,Đăng ký khai sinh,Trực tuyến,3,3,2026-01-28,2026-01-28,0,Đã trả kết quả,Đúng hạn,4.0
HS2026000283,2026-01-25,1,1,Xã Tân Phước,Kinh tế - Đăng ký KD,Đăng ký hộ kinh doanh,Trực tuyến,3,2,2026-01-28,2026-01-27,0,Đã trả kết quả,Đúng hạn,5.0
HS2026000284,2026-01-25,1,1,Phường An Thịnh,Tư pháp - Hộ tịch,Chứng thực bản sao từ bản chính,Trực tuyến,1,1,2026-01-26,2026-01-26,0,Đã trả kết quả,Đúng hạn,5.0
HS2026000285,2026-01-25,1,1,Phường Bình Minh,Tư pháp - Hộ tịch,Chứng thực bản sao từ bản chính,Trực tuyến,1,4,2026-01-26,2026-01-29,1,Đã trả kết quả,Trễ hạn,4.0
HS2026000286,2026-01-25,1,1,Phường Kim Sơn,Kinh tế - Đăng ký KD,Đăng ký hộ kinh doanh,Trực tuyến,3,3,2026-01-28,2026-01-28,0,Đã trả kết quả,Đúng hạn,5.0
HS2026000287,2026-01-25,1,1,Phường Bình Minh,Tư pháp - Hộ tịch,Đăng ký kết hôn,Trực tiếp,3,3,2026-01-28,2026-01-28,0,Đã trả kết quả,Đúng hạn,4.0
HS2026000288,2026-01-25,1,1,Phường Bình Minh,Tư pháp - Hộ tịch,Đăng ký khai sinh,Bưu chính công ích,3,2,2026-01-28,2026-01-27,0,Đã trả kết quả,Đúng hạn,5.0
HS2026000289,2026-01-25,1,1,Phường Kim Sơn,Tư pháp - Hộ tịch,Đăng ký khai sinh,Trực tuyến,3,3,2026-01-28,2026-01-28,0,Đã trả kết quả,Đúng hạn,5.0
HS2026000290,2026-01-25,1,1,Phường Bình Minh,Tư pháp - Hộ tịch,Cấp phiếu lý lịch tư pháp số 1,Trực tiếp,10,9,2026-02-04,2026-02-03,0,Đã trả kết quả,Đúng hạn,5.0
HS2026000291,2026-01-25,1,1,Phường Hoà Lạc,Đất đai - Tài nguyên,Đăng ký biến động đất đai,Trực tuyến,10,6,2026-02-04,2026-01-31,0,Đã trả kết quả,Đúng hạn,5.0
HS2026000292,2026-01-25,1,1,Phường An Thịnh,Kinh tế - Đăng ký KD,Đăng ký hộ kinh doanh,Trực tuyến,3,2,2026-01-28,2026-01-27,0,Đã trả kết quả,Đúng hạn,5.0
HS2026000293,2026-01-25,1,1,Xã Nam Hải,Kinh tế - Đăng ký KD,Đăng ký hộ kinh doanh,Bưu chính công ích,3,3,2026-01-28,2026-01-28,0,Đã trả kết quả,Đúng hạn,5.0
HS2026000294,2026-01-25,1,1,Xã Tân Phước,Tư pháp - Hộ tịch,Cấp phiếu lý lịch tư pháp số 1,Trực tuyến,10,8,2026-02-04,2026-02-02,0,Đã trả kết quả,Đúng hạn,5.0
HS2026000295,2026-01-25,1,1,Phường Bình Minh,Tư pháp - Hộ tịch,Cấp bản sao trích lục hộ tịch,Trực tiếp,1,1,2026-01-26,2026-01-26,0,Đã trả kết quả,Đúng hạn,5.0
HS2026000296,2026-01-26,1,1,Phường Kim Sơn,Tư pháp - Hộ tịch,Cấp phiếu lý lịch tư pháp số 1,Trực tiếp,10,7,2026-02-05,2026-02-02,0,Đã trả kết quả,Đúng hạn,5.0
HS2026000297,2026-01-26,1,1,Xã Tân Phước,Tư pháp - Hộ tịch,Cấp bản sao trích lục hộ tịch,Trực tuyến,1,1,2026-01-27,2026-01-27,0,Đã trả kết quả,Đúng hạn,4.0
HS2026000298,2026-01-26,1,1,Phường Bình Minh,Tư pháp - Hộ tịch,Đăng ký khai sinh,Trực tiếp,3,7,2026-01-29,2026-02-02,2,Đã trả kết quả,Trễ hạn,2.0
HS2026000299,2026-01-26,1,1,Phường Bình Minh,Tư pháp - Hộ tịch,Cấp phiếu lý lịch tư pháp số 1,Trực tiếp,10,7,2026-02-05,2026-02-02,0,Đã trả kết quả,Đúng hạn,5.0
HS2026000300,2026-01-26,1,1,Phường Kim Sơn,Tư pháp - Hộ tịch,Đăng ký khai sinh,Trực tuyến,3,8,2026-01-29,2026-02-03,2,Đã trả kết quả,Trễ hạn,2.0
HS2026000301,2026-01-26,1,1,Phường An Thịnh,Tư pháp - Hộ tịch,Đăng ký khai sinh,Trực tuyến,3,9,2026-01-29,2026-02-04,2,Đã trả kết quả,Trễ hạn,3.0
HS2026000302,2026-01-26,1,1,Xã Tân Phước,Tư pháp - Hộ tịch,Chứng thực bản sao từ bản chính,Trực tiếp,1,1,2026-01-27,2026-01-27,0,Đã trả kết quả,Đúng hạn,5.0
HS2026000303,2026-01-26,1,1,Phường Long Phú,Kinh tế - Đăng ký KD,Đăng ký hộ kinh doanh,Trực tuyến,3,3,2026-01-29,2026-01-29,0,Đã trả kết quả,Đúng hạn,4.0
HS2026000304,2026-01-26,1,1,Xã Nam Hải,Đất đai - Tài nguyên,Cấp giấy chứng nhận quyền sử dụng đất,Trực tuyến,30,27,2026-02-25,2026-02-22,0,Đã trả kết quả,Đúng hạn,5.0
HS2026000305,2026-01-26,1,1,Phường An Thịnh,Tư pháp - Hộ tịch,Chứng thực bản sao từ bản chính,Trực tuyến,1,1,2026-01-27,2026-01-27,0,Đã trả kết quả,Đúng hạn,5.0
HS2026000306,2026-01-26,1,1,Phường An Thịnh,Lao động - Xã hội,Trợ cấp xã hội hằng tháng,Trực tiếp,20,15,2026-02-15,2026-02-10,0,Đã trả kết quả,Đúng hạn,5.0
HS2026000307,2026-01-26,1,1,Phường An Thịnh,Đất đai - Tài nguyên,Đăng ký biến động đất đai,Trực tiếp,10,9,2026-02-05,2026-02-04,0,Đã trả kết quả,Đúng hạn,5.0
HS2026000308,2026-01-26,1,1,Xã Mỹ Trạch,Tư pháp - Hộ tịch,Chứng thực bản sao từ bản chính,Trực tuyến,1,6,2026-01-27,2026-02-01,2,Đã trả kết quả,Trễ hạn,2.0
HS2026000309,2026-01-27,1,1,Phường Bình Minh,Tư pháp - Hộ tịch,Chứng thực bản sao từ bản chính,Bưu chính công ích,1,1,2026-01-28,2026-01-28,0,Đã trả kết quả,Đúng hạn,5.0
HS2026000310,2026-01-27,1,1,Phường Kim Sơn,Tư pháp - Hộ tịch,Cấp bản sao trích lục hộ tịch,Bưu chính công ích,1,1,2026-01-28,2026-01-28,0,Đã trả kết quả,Đúng hạn,5.0
HS2026000311,2026-01-27,1,1,Xã Mỹ Trạch,Lao động - Xã hội,"Xác nhận hộ nghèo, cận nghèo",Trực tiếp,5,5,2026-02-01,2026-02-01,1,Đã trả kết quả,Đúng hạn,5.0
HS2026000312,2026-01-27,1,1,Phường Hoà Lạc,Kinh tế - Đăng ký KD,Đăng ký hộ kinh doanh,Trực tuyến,3,2,2026-01-30,2026-01-29,0,Đã trả kết quả,Đúng hạn,5.0
HS2026000313,2026-01-27,1,1,Phường Bình Minh,Kinh tế - Đăng ký KD,Đăng ký hộ kinh doanh,Trực tuyến,3,4,2026-01-30,2026-01-31,1,Đã trả kết quả,Trễ hạn,3.0
HS2026000314,2026-01-27,1,1,Xã Nam Hải,Lao động - Xã hội,Trợ cấp xã hội hằng tháng,Trực tiếp,20,19,2026-02-16,2026-02-15,0,Đã trả kết quả,Đúng hạn,5.0
HS2026000315,2026-01-27,1,1,Phường Hoà Lạc,Kinh tế - Đăng ký KD,Đăng ký hộ kinh doanh,Trực tiếp,3,6,2026-01-30,2026-02-02,2,Đã trả kết quả,Trễ hạn,2.0
HS2026000316,2026-01-27,1,1,Phường An Thịnh,Lao động - Xã hội,"Xác nhận hộ nghèo, cận nghèo",Trực tiếp,5,10,2026-02-01,2026-02-06,2,Đã trả kết quả,Trễ hạn,3.0
HS2026000317,2026-01-27,1,1,Phường An Thịnh,Tư pháp - Hộ tịch,Chứng thực bản sao từ bản chính,Trực tiếp,1,1,2026-01-28,2026-01-28,0,Đã trả kết quả,Đúng hạn,5.0
HS2026000318,2026-01-27,1,1,Xã Mỹ Trạch,Tư pháp - Hộ tịch,Cấp phiếu lý lịch tư pháp số 1,Trực tiếp,10,9,2026-02-06,2026-02-05,2,Đã trả kết quả,Đúng hạn,4.0
HS2026000319,2026-01-27,1,1,Phường Hoà Lạc,Tư pháp - Hộ tịch,Cấp bản sao trích lục hộ tịch,Trực tiếp,1,3,2026-01-28,2026-01-30,1,Đã trả kết quả,Trễ hạn,3.0
HS2026000320,2026-01-27,1,1,Xã Mỹ Trạch,Lao động - Xã hội,"Xác nhận hộ nghèo, cận nghèo",Trực tuyến,5,6,2026-02-01,2026-02-02,1,Đã trả kết quả,Trễ hạn,3.0
HS2026000321,2026-01-27,1,1,Phường An Thịnh,Tư pháp - Hộ tịch,Đăng ký khai sinh,Trực tuyến,3,2,2026-01-30,2026-01-29,0,Đã trả kết quả,Đúng hạn,5.0
HS2026000322,2026-01-27,1,1,Xã Nam Hải,Đất đai - Tài nguyên,Đăng ký biến động đất đai,Trực tiếp,10,11,2026-02-06,2026-02-07,0,Đã trả kết quả,Trễ hạn,4.0
HS2026000323,2026-01-28,1,1,Phường Bình Minh,Tư pháp - Hộ tịch,Đăng ký khai sinh,Trực tiếp,3,2,2026-01-31,2026-01-30,0,Đã trả kết quả,Đúng hạn,5.0
HS2026000324,2026-01-28,1,1,Phường Bình Minh,Kinh tế - Đăng ký KD,Đăng ký hộ kinh doanh,Trực tiếp,3,3,2026-01-31,2026-01-31,0,Đã trả kết quả,Đúng hạn,5.0
HS2026000325,2026-01-28,1,1,Xã Nam Hải,Tư pháp - Hộ tịch,Chứng thực bản sao từ bản chính,Trực tiếp,1,2,2026-01-29,2026-01-30,0,Đã trả kết quả,Trễ hạn,4.0
HS2026000326,2026-01-28,1,1,Phường Kim Sơn,Tư pháp - Hộ tịch,Cấp bản sao trích lục hộ tịch,Trực tuyến,1,1,2026-01-29,2026-01-29,0,Đã trả kết quả,Đúng hạn,5.0
HS2026000327,2026-01-28,1,1,Phường An Thịnh,Đất đai - Tài nguyên,Đăng ký biến động đất đai,Trực tiếp,10,6,2026-02-07,2026-02-03,0,Đã trả kết quả,Đúng hạn,5.0
HS2026000328,2026-01-28,1,1,Phường Bình Minh,Xây dựng - Đô thị,Cấp giấy phép xây dựng nhà ở riêng lẻ,Trực tuyến,15,10,2026-02-12,2026-02-07,2,Đã trả kết quả,Đúng hạn,4.0
HS2026000329,2026-01-29,1,1,Phường An Thịnh,Tư pháp - Hộ tịch,Cấp phiếu lý lịch tư pháp số 1,Trực tiếp,10,5,2026-02-08,2026-02-03,0,Đã trả kết quả,Đúng hạn,5.0
HS2026000330,2026-01-29,1,1,Phường Long Phú,Tư pháp - Hộ tịch,Đăng ký khai sinh,Trực tiếp,3,7,2026-02-01,2026-02-05,1,Đã trả kết quả,Trễ hạn,3.0
HS2026000331,2026-01-29,1,1,Phường Hoà Lạc,Xây dựng - Đô thị,Cấp giấy phép xây dựng nhà ở riêng lẻ,Trực tuyến,15,7,2026-02-13,2026-02-05,0,Đã trả kết quả,Đúng hạn,4.0
HS2026000332,2026-01-29,1,1,Phường Hoà Lạc,Kinh tế - Đăng ký KD,Đăng ký hộ kinh doanh,Trực tiếp,3,3,2026-02-01,2026-02-01,0,Đã trả kết quả,Đúng hạn,5.0
HS2026000333,2026-01-29,1,1,Phường Bình Minh,Tư pháp - Hộ tịch,Đăng ký khai sinh,Trực tuyến,3,2,2026-02-01,2026-01-31,0,Đã trả kết quả,Đúng hạn,5.0
HS2026000334,2026-01-29,1,1,Phường An Thịnh,Tư pháp - Hộ tịch,Cấp bản sao trích lục hộ tịch,Trực tiếp,1,1,2026-01-30,2026-01-30,0,Đã trả kết quả,Đúng hạn,5.0
HS2026000335,2026-01-29,1,1,Phường Long Phú,Đất đai - Tài nguyên,Cấp giấy chứng nhận quyền sử dụng đất,Trực tiếp,30,26,2026-02-28,2026-02-24,0,Đã trả kết quả,Đúng hạn,5.0
HS2026000336,2026-01-29,1,1,Xã Nam Hải,Tư pháp - Hộ tịch,Đăng ký khai tử,Trực tuyến,3,5,2026-02-01,2026-02-03,1,Đã trả kết quả,Trễ hạn,3.0
HS2026000337,2026-01-29,1,1,Phường Bình Minh,Tư pháp - Hộ tịch,Chứng thực bản sao từ bản chính,Trực tuyến,1,1,2026-01-30,2026-01-30,0,Đã trả kết quả,Đúng hạn,5.0
HS2026000338,2026-01-29,1,1,Phường Bình Minh,Lao động - Xã hội,Trợ cấp xã hội hằng tháng,Trực tuyến,20,10,2026-02-18,2026-02-08,1,Đã trả kết quả,Đúng hạn,5.0
HS2026000339,2026-01-29,1,1,Xã Nam Hải,Đất đai - Tài nguyên,Cấp giấy chứng nhận quyền sử dụng đất,Bưu chính công ích,30,19,2026-02-28,2026-02-17,1,Đã trả kết quả,Đúng hạn,4.0
HS2026000340,2026-01-29,1,1,Phường An Thịnh,Tư pháp - Hộ tịch,Đăng ký kết hôn,Trực tiếp,3,3,2026-02-01,2026-02-01,0,Đã trả kết quả,Đúng hạn,5.0
HS2026000341,2026-01-29,1,1,Phường Bình Minh,Tư pháp - Hộ tịch,Đăng ký khai tử,Trực tiếp,3,8,2026-02-01,2026-02-06,2,Đã trả kết quả,Trễ hạn,2.0
HS2026000342,2026-01-29,1,1,Phường Kim Sơn,Tư pháp - Hộ tịch,Cấp bản sao trích lục hộ tịch,Trực tiếp,1,1,2026-01-30,2026-01-30,0,Đã trả kết quả,Đúng hạn,5.0
HS2026000343,2026-01-29,1,1,Phường An Thịnh,Tư pháp - Hộ tịch,Cấp phiếu lý lịch tư pháp số 1,Trực tiếp,10,7,2026-02-08,2026-02-05,0,Đã trả kết quả,Đúng hạn,4.0
HS2026000344,2026-01-29,1,1,Phường Hoà Lạc,Tư pháp - Hộ tịch,Cấp phiếu lý lịch tư pháp số 1,Bưu chính công ích,10,11,2026-02-08,2026-02-09,1,Đã trả kết quả,Trễ hạn,4.0
HS2026000345,2026-01-30,1,1,Xã Mỹ Trạch,Lao động - Xã hội,Trợ cấp xã hội hằng tháng,Trực tiếp,20,14,2026-02-19,2026-02-13,0,Đã trả kết quả,Đúng hạn,5.0
HS2026000346,2026-01-30,1,1,Phường Hoà Lạc,Tư pháp - Hộ tịch,Cấp bản sao trích lục hộ tịch,Trực tuyến,1,1,2026-01-31,2026-01-31,0,Đã trả kết quả,Đúng hạn,5.0
HS2026000347,2026-01-30,1,1,Xã Tân Phước,Tư pháp - Hộ tịch,Đăng ký khai sinh,Trực tuyến,3,3,2026-02-02,2026-02-02,0,Đã trả kết quả,Đúng hạn,4.0
HS2026000348,2026-01-30,1,1,Phường Long Phú,Tư pháp - Hộ tịch,Cấp phiếu lý lịch tư pháp số 1,Trực tuyến,10,9,2026-02-09,2026-02-08,0,Đã trả kết quả,Đúng hạn,5.0
HS2026000349,2026-01-30,1,1,Phường Bình Minh,Tư pháp - Hộ tịch,Chứng thực bản sao từ bản chính,Trực tuyến,1,1,2026-01-31,2026-01-31,0,Đã trả kết quả,Đúng hạn,5.0
HS2026000350,2026-01-30,1,1,Xã Tân Phước,Lao động - Xã hội,"Xác nhận hộ nghèo, cận nghèo",Trực tiếp,5,4,2026-02-04,2026-02-03,0,Đã trả kết quả,Đúng hạn,5.0
HS2026000351,2026-01-30,1,1,Xã Tân Phước,Tư pháp - Hộ tịch,Cấp bản sao trích lục hộ tịch,Trực tuyến,1,1,2026-01-31,2026-01-31,0,Đã trả kết quả,Đúng hạn,5.0
HS2026000352,2026-01-30,1,1,Xã Nam Hải,Tư pháp - Hộ tịch,Đăng ký khai sinh,Bưu chính công ích,3,4,2026-02-02,2026-02-03,0,Đã trả kết quả,Trễ hạn,4.0
HS2026000353,2026-01-30,1,1,Phường Kim Sơn,Lao động - Xã hội,Trợ cấp xã hội hằng tháng,Trực tiếp,20,21,2026-02-19,2026-02-20,1,Đã trả kết quả,Trễ hạn,2.0
HS2026000354,2026-01-30,1,1,Xã Tân Phước,Xây dựng - Đô thị,Cấp giấy phép xây dựng nhà ở riêng lẻ,Trực tiếp,15,14,2026-02-14,2026-02-13,0,Đã trả kết quả,Đúng hạn,5.0
HS2026000355,2026-01-30,1,1,Phường An Thịnh,Tư pháp - Hộ tịch,Chứng thực bản sao từ bản chính,Trực tuyến,1,1,2026-01-31,2026-01-31,0,Đã trả kết quả,Đúng hạn,5.0
HS2026000356,2026-01-30,1,1,Xã Mỹ Trạch,Lao động - Xã hội,"Xác nhận hộ nghèo, cận nghèo",Bưu chính công ích,5,7,2026-02-04,2026-02-06,2,Đã trả kết quả,Trễ hạn,1.0
HS2026000357,2026-01-30,1,1,Xã Tân Phước,Tư pháp - Hộ tịch,Cấp bản sao trích lục hộ tịch,Trực tiếp,1,1,2026-01-31,2026-01-31,0,Đã trả kết quả,Đúng hạn,5.0
HS2026000358,2026-01-30,1,1,Phường Bình Minh,Tư pháp - Hộ tịch,Cấp phiếu lý lịch tư pháp số 1,Trực tuyến,10,6,2026-02-09,2026-02-05,0,Đã trả kết quả,Đúng hạn,5.0
HS2026000359,2026-01-31,1,1,Xã Tân Phước,Tư pháp - Hộ tịch,Chứng thực bản sao từ bản chính,Trực tiếp,1,1,2026-02-01,2026-02-01,0,Đã trả kết quả,Đúng hạn,5.0
HS2026000360,2026-01-31,1,1,Xã Nam Hải,Tư pháp - Hộ tịch,Cấp phiếu lý lịch tư pháp số 1,Trực tiếp,10,7,2026-02-10,2026-02-07,0,Đã trả kết quả,Đúng hạn,5.0
HS2026000361,2026-01-31,1,1,Phường Kim Sơn,Tư pháp - Hộ tịch,Cấp phiếu lý lịch tư pháp số 1,Trực tuyến,10,11,2026-02-10,2026-02-11,2,Đã trả kết quả,Trễ hạn,3.0
HS2026000362,2026-01-31,1,1,Xã Mỹ Trạch,Tư pháp - Hộ tịch,Chứng thực bản sao từ bản chính,Trực tiếp,1,3,2026-02-01,2026-02-03,1,Đã trả kết quả,Trễ hạn,3.0
HS2026000363,2026-01-31,1,1,Phường An Thịnh,Tư pháp - Hộ tịch,Đăng ký khai sinh,Trực tiếp,3,2,2026-02-03,2026-02-02,0,Đã trả kết quả,Đúng hạn,5.0
HS2026000364,2026-01-31,1,1,Xã Nam Hải,Tư pháp - Hộ tịch,Cấp bản sao trích lục hộ tịch,Trực tiếp,1,2,2026-02-01,2026-02-02,0,Đã trả kết quả,Trễ hạn,4.0
HS2026000365,2026-01-31,1,1,Phường Bình Minh,Tư pháp - Hộ tịch,Cấp bản sao trích lục hộ tịch,Trực tuyến,1,1,2026-02-01,2026-02-01,0,Đã trả kết quả,Đúng hạn,5.0
HS2026000366,2026-01-31,1,1,Phường Long Phú,Đất đai - Tài nguyên,Đăng ký biến động đất đai,Trực tiếp,10,16,2026-02-10,2026-02-16,2,Đã trả kết quả,Trễ hạn,2.0
HS2026000367,2026-01-31,1,1,Xã Mỹ Trạch,Tư pháp - Hộ tịch,Chứng thực bản sao từ bản chính,Trực tiếp,1,1,2026-02-01,2026-02-01,0,Đã trả kết quả,Đúng hạn,5.0
HS2026000368,2026-01-31,1,1,Phường Bình Minh,Tư pháp - Hộ tịch,Chứng thực bản sao từ bản chính,Trực tiếp,1,1,2026-02-01,2026-02-01,0,Đã trả kết quả,Đúng hạn,5.0
HS2026000369,2026-01-31,1,1,Phường Hoà Lạc,Tư pháp - Hộ tịch,Đăng ký kết hôn,Trực tiếp,3,3,2026-02-03,2026-02-03,0,Đã trả kết quả,Đúng hạn,5.0
HS2026000370,2026-01-31,1,1,Phường Bình Minh,Tư pháp - Hộ tịch,Đăng ký kết hôn,Trực tiếp,3,3,2026-02-03,2026-02-03,0,Đã trả kết quả,Đúng hạn,5.0
HS2026000371,2026-02-01,2,1,Xã Tân Phước,Tư pháp - Hộ tịch,Đăng ký kết hôn,Trực tiếp,3,2,2026-02-04,2026-02-03,0,Đã trả kết quả,Đúng hạn,5.0
HS2026000372,2026-02-01,2,1,Xã Nam Hải,Đất đai - Tài nguyên,Đăng ký biến động đất đai,Bưu chính công ích,10,6,2026-02-11,2026-02-07,0,Đã trả kết quả,Đúng hạn,5.0
HS2026000373,2026-02-01,2,1,Phường Hoà Lạc,Đất đai - Tài nguyên,Đăng ký biến động đất đai,Bưu chính công ích,10,11,2026-02-11,2026-02-12,1,Đã trả kết quả,Trễ hạn,4.0
HS2026000374,2026-02-01,2,1,Xã Nam Hải,Đất đai - Tài nguyên,Cấp giấy chứng nhận quyền sử dụng đất,Trực tiếp,30,23,2026-03-03,2026-02-24,0,Đã trả kết quả,Đúng hạn,5.0
HS2026000375,2026-02-01,2,1,Phường Bình Minh,Đất đai - Tài nguyên,Đăng ký biến động đất đai,Trực tiếp,10,6,2026-02-11,2026-02-07,0,Đã trả kết quả,Đúng hạn,5.0
HS2026000376,2026-02-01,2,1,Phường An Thịnh,Kinh tế - Đăng ký KD,Đăng ký hộ kinh doanh,Trực tiếp,3,2,2026-02-04,2026-02-03,0,Đã trả kết quả,Đúng hạn,5.0
HS2026000377,2026-02-01,2,1,Phường Hoà Lạc,Tư pháp - Hộ tịch,Đăng ký khai sinh,Trực tiếp,3,2,2026-02-04,2026-02-03,0,Đã trả kết quả,Đúng hạn,5.0
HS2026000378,2026-02-01,2,1,Phường Hoà Lạc,Đất đai - Tài nguyên,Đăng ký biến động đất đai,Trực tiếp,10,6,2026-02-11,2026-02-07,0,Đã trả kết quả,Đúng hạn,5.0
HS2026000379,2026-02-01,2,1,Phường An Thịnh,Tư pháp - Hộ tịch,Cấp bản sao trích lục hộ tịch,Trực tiếp,1,3,2026-02-02,2026-02-04,1,Đã trả kết quả,Trễ hạn,2.0
HS2026000380,2026-02-01,2,1,Xã Tân Phước,Tư pháp - Hộ tịch,Đăng ký khai tử,Trực tuyến,3,3,2026-02-04,2026-02-04,0,Đã trả kết quả,Đúng hạn,5.0
HS2026000381,2026-02-01,2,1,Phường Bình Minh,Lao động - Xã hội,Trợ cấp xã hội hằng tháng,Trực tuyến,20,15,2026-02-21,2026-02-16,0,Đã trả kết quả,Đúng hạn,5.0
HS2026000382,2026-02-01,2,1,Phường Hoà Lạc,Tư pháp - Hộ tịch,Cấp phiếu lý lịch tư pháp số 1,Trực tiếp,10,13,2026-02-11,2026-02-14,2,Đã trả kết quả,Trễ hạn,3.0
HS2026000383,2026-02-02,2,1,Xã Tân Phước,Đất đai - Tài nguyên,Đăng ký biến động đất đai,Trực tiếp,10,6,2026-02-12,2026-02-08,0,Đã trả kết quả,Đúng hạn,5.0
HS2026000384,2026-02-02,2,1,Phường Kim Sơn,Tư pháp - Hộ tịch,Cấp bản sao trích lục hộ tịch,Trực tiếp,1,1,2026-02-03,2026-02-03,0,Đã trả kết quả,Đúng hạn,5.0
HS2026000385,2026-02-02,2,1,Phường Long Phú,Tư pháp - Hộ tịch,Chứng thực bản sao từ bản chính,Trực tiếp,1,1,2026-02-03,2026-02-03,0,Đã trả kết quả,Đúng hạn,5.0
HS2026000386,2026-02-02,2,1,Phường Kim Sơn,Xây dựng - Đô thị,Cấp giấy phép xây dựng nhà ở riêng lẻ,Trực tiếp,15,10,2026-02-17,2026-02-12,0,Đã trả kết quả,Đúng hạn,5.0
HS2026000387,2026-02-02,2,1,Phường Bình Minh,Kinh tế - Đăng ký KD,Đăng ký hộ kinh doanh,Trực tuyến,3,2,2026-02-05,2026-02-04,0,Đã trả kết quả,Đúng hạn,5.0
HS2026000388,2026-02-02,2,1,Xã Mỹ Trạch,Đất đai - Tài nguyên,Cấp giấy chứng nhận quyền sử dụng đất,Trực tiếp,30,18,2026-03-04,2026-02-20,0,Đã trả kết quả,Đúng hạn,4.0
HS2026000389,2026-02-02,2,1,Xã Nam Hải,Đất đai - Tài nguyên,Đăng ký biến động đất đai,Trực tuyến,10,12,2026-02-12,2026-02-14,2,Đã trả kết quả,Trễ hạn,1.0
HS2026000390,2026-02-02,2,1,Phường Long Phú,Đất đai - Tài nguyên,Đăng ký biến động đất đai,Trực tiếp,10,12,2026-02-12,2026-02-14,0,Đã trả kết quả,Trễ hạn,4.0
HS2026000391,2026-02-03,2,1,Phường Kim Sơn,Lao động - Xã hội,"Xác nhận hộ nghèo, cận nghèo",Trực tiếp,5,6,2026-02-08,2026-02-09,0,Đã trả kết quả,Trễ hạn,3.0
HS2026000392,2026-02-03,2,1,Phường Long Phú,Tư pháp - Hộ tịch,Đăng ký khai sinh,Trực tiếp,3,4,2026-02-06,2026-02-07,0,Đã trả kết quả,Trễ hạn,4.0
HS2026000393,2026-02-03,2,1,Xã Tân Phước,Tư pháp - Hộ tịch,Cấp bản sao trích lục hộ tịch,Trực tiếp,1,1,2026-02-04,2026-02-04,0,Đã trả kết quả,Đúng hạn,5.0
HS2026000394,2026-02-03,2,1,Phường Hoà Lạc,Tư pháp - Hộ tịch,Đăng ký khai sinh,Trực tuyến,3,5,2026-02-06,2026-02-08,1,Đã trả kết quả,Trễ hạn,3.0
HS2026000395,2026-02-03,2,1,Xã Nam Hải,Tư pháp - Hộ tịch,Chứng thực bản sao từ bản chính,Trực tuyến,1,5,2026-02-04,2026-02-08,1,Đã trả kết quả,Trễ hạn,3.0
HS2026000396,2026-02-03,2,1,Phường Long Phú,Tư pháp - Hộ tịch,Cấp bản sao trích lục hộ tịch,Trực tuyến,1,5,2026-02-04,2026-02-08,2,Đã trả kết quả,Trễ hạn,3.0
HS2026000397,2026-02-03,2,1,Phường Long Phú,Tư pháp - Hộ tịch,Đăng ký khai sinh,Trực tuyến,3,6,2026-02-06,2026-02-09,1,Đã trả kết quả,Trễ hạn,2.0
HS2026000398,2026-02-03,2,1,Phường Bình Minh,Tư pháp - Hộ tịch,Cấp bản sao trích lục hộ tịch,Trực tiếp,1,1,2026-02-04,2026-02-04,0,Đã trả kết quả,Đúng hạn,5.0
HS2026000399,2026-02-03,2,1,Xã Nam Hải,Tư pháp - Hộ tịch,Cấp bản sao trích lục hộ tịch,Trực tiếp,1,8,2026-02-04,2026-02-11,2,Đã trả kết quả,Trễ hạn,3.0
HS2026000400,2026-02-03,2,1,Phường Long Phú,Tư pháp - Hộ tịch,Cấp phiếu lý lịch tư pháp số 1,Trực tuyến,10,9,2026-02-13,2026-02-12,0,Đã trả kết quả,Đúng hạn,5.0
HS2026000401,2026-02-03,2,1,Phường Hoà Lạc,Đất đai - Tài nguyên,Cấp giấy chứng nhận quyền sử dụng đất,Trực tiếp,30,28,2026-03-05,2026-03-03,0,Đã trả kết quả,Đúng hạn,5.0
HS2026000402,2026-02-03,2,1,Phường Kim Sơn,Tư pháp - Hộ tịch,Cấp phiếu lý lịch tư pháp số 1,Trực tuyến,10,5,2026-02-13,2026-02-08,0,Đã trả kết quả,Đúng hạn,5.0
HS2026000403,2026-02-03,2,1,Xã Tân Phước,Tư pháp - Hộ tịch,Đăng ký kết hôn,Bưu chính công ích,3,2,2026-02-06,2026-02-05,0,Đã trả kết quả,Đúng hạn,4.0
HS2026000404,2026-02-04,2,1,Phường Hoà Lạc,Đất đai - Tài nguyên,Đăng ký biến động đất đai,Trực tiếp,10,6,2026-02-14,2026-02-10,0,Đã trả kết quả,Đúng hạn,5.0
HS2026000405,2026-02-04,2,1,Xã Tân Phước,Xây dựng - Đô thị,Cấp giấy phép xây dựng nhà ở riêng lẻ,Trực tuyến,15,12,2026-02-19,2026-02-16,0,Đã trả kết quả,Đúng hạn,5.0
HS2026000406,2026-02-04,2,1,Phường Hoà Lạc,Tư pháp - Hộ tịch,Chứng thực bản sao từ bản chính,Bưu chính công ích,1,1,2026-02-05,2026-02-05,0,Đã trả kết quả,Đúng hạn,5.0
HS2026000407,2026-02-04,2,1,Phường Kim Sơn,Lao động - Xã hội,"Xác nhận hộ nghèo, cận nghèo",Trực tiếp,5,4,2026-02-09,2026-02-08,0,Đã trả kết quả,Đúng hạn,5.0
HS2026000408,2026-02-04,2,1,Phường An Thịnh,Tư pháp - Hộ tịch,Đăng ký khai sinh,Trực tuyến,3,2,2026-02-07,2026-02-06,0,Đã trả kết quả,Đúng hạn,5.0
HS2026000409,2026-02-04,2,1,Xã Mỹ Trạch,Đất đai - Tài nguyên,Đăng ký biến động đất đai,Trực tiếp,10,7,2026-02-14,2026-02-11,1,Đã trả kết quả,Đúng hạn,4.0
HS2026000410,2026-02-04,2,1,Phường An Thịnh,Lao động - Xã hội,Trợ cấp xã hội hằng tháng,Trực tiếp,20,9,2026-02-24,2026-02-13,0,Đã trả kết quả,Đúng hạn,5.0
HS2026000411,2026-02-04,2,1,Phường An Thịnh,Đất đai - Tài nguyên,Đăng ký biến động đất đai,Trực tiếp,10,9,2026-02-14,2026-02-13,0,Đã trả kết quả,Đúng hạn,5.0
HS2026000412,2026-02-04,2,1,Phường An Thịnh,Đất đai - Tài nguyên,Đăng ký biến động đất đai,Trực tuyến,10,5,2026-02-14,2026-02-09,0,Đã trả kết quả,Đúng hạn,5.0
HS2026000413,2026-02-04,2,1,Phường Hoà Lạc,Tư pháp - Hộ tịch,Đăng ký khai sinh,Trực tiếp,3,8,2026-02-07,2026-02-12,2,Đã trả kết quả,Trễ hạn,2.0
HS2026000414,2026-02-04,2,1,Phường Kim Sơn,Tư pháp - Hộ tịch,Cấp bản sao trích lục hộ tịch,Trực tuyến,1,1,2026-02-05,2026-02-05,0,Đã trả kết quả,Đúng hạn,5.0
HS2026000415,2026-02-04,2,1,Xã Tân Phước,Tư pháp - Hộ tịch,Chứng thực bản sao từ bản chính,Bưu chính công ích,1,1,2026-02-05,2026-02-05,0,Đã trả kết quả,Đúng hạn,5.0
HS2026000416,2026-02-04,2,1,Phường Hoà Lạc,Kinh tế - Đăng ký KD,Đăng ký hộ kinh doanh,Trực tuyến,3,3,2026-02-07,2026-02-07,0,Đã trả kết quả,Đúng hạn,5.0
HS2026000417,2026-02-04,2,1,Phường Long Phú,Lao động - Xã hội,"Xác nhận hộ nghèo, cận nghèo",Bưu chính công ích,5,5,2026-02-09,2026-02-09,0,Đã trả kết quả,Đúng hạn,5.0
HS2026000418,2026-02-04,2,1,Phường Bình Minh,Kinh tế - Đăng ký KD,Đăng ký hộ kinh doanh,Trực tuyến,3,3,2026-02-07,2026-02-07,0,Đã trả kết quả,Đúng hạn,4.0
HS2026000419,2026-02-05,2,1,Phường Bình Minh,Tư pháp - Hộ tịch,Cấp phiếu lý lịch tư pháp số 1,Trực tiếp,10,8,2026-02-15,2026-02-13,0,Đã trả kết quả,Đúng hạn,5.0
HS2026000420,2026-02-05,2,1,Phường Long Phú,Tư pháp - Hộ tịch,Cấp phiếu lý lịch tư pháp số 1,Trực tuyến,10,7,2026-02-15,2026-02-12,1,Đã trả kết quả,Đúng hạn,5.0
HS2026000421,2026-02-05,2,1,Xã Nam Hải,Lao động - Xã hội,Trợ cấp xã hội hằng tháng,Trực tuyến,20,16,2026-02-25,2026-02-21,0,Đã trả kết quả,Đúng hạn,5.0
HS2026000422,2026-02-05,2,1,Xã Tân Phước,Tư pháp - Hộ tịch,Đăng ký khai sinh,Trực tuyến,3,2,2026-02-08,2026-02-07,0,Đã trả kết quả,Đúng hạn,5.0
HS2026000423,2026-02-05,2,1,Phường Bình Minh,Tư pháp - Hộ tịch,Cấp phiếu lý lịch tư pháp số 1,Trực tiếp,10,12,2026-02-15,2026-02-17,1,Đã trả kết quả,Trễ hạn,2.0
HS2026000424,2026-02-05,2,1,Phường An Thịnh,Xây dựng - Đô thị,Cấp giấy phép xây dựng nhà ở riêng lẻ,Trực tuyến,15,9,2026-02-20,2026-02-14,0,Đã trả kết quả,Đúng hạn,4.0
HS2026000425,2026-02-05,2,1,Phường An Thịnh,Tư pháp - Hộ tịch,Cấp phiếu lý lịch tư pháp số 1,Trực tuyến,10,8,2026-02-15,2026-02-13,0,Đã trả kết quả,Đúng hạn,5.0
HS2026000426,2026-02-05,2,1,Phường Hoà Lạc,Tư pháp - Hộ tịch,Đăng ký khai tử,Trực tiếp,3,3,2026-02-08,2026-02-08,0,Đã trả kết quả,Đúng hạn,5.0
HS2026000427,2026-02-05,2,1,Phường Bình Minh,Tư pháp - Hộ tịch,Chứng thực bản sao từ bản chính,Bưu chính công ích,1,1,2026-02-06,2026-02-06,0,Đã trả kết quả,Đúng hạn,5.0
HS2026000428,2026-02-05,2,1,Phường Hoà Lạc,Tư pháp - Hộ tịch,Cấp phiếu lý lịch tư pháp số 1,Trực tuyến,10,7,2026-02-15,2026-02-12,0,Đã trả kết quả,Đúng hạn,5.0
HS2026000429,2026-02-05,2,1,Phường Hoà Lạc,Kinh tế - Đăng ký KD,Đăng ký hộ kinh doanh,Trực tuyến,3,3,2026-02-08,2026-02-08,0,Đã trả kết quả,Đúng hạn,5.0
HS2026000430,2026-02-05,2,1,Xã Tân Phước,Đất đai - Tài nguyên,Cấp giấy chứng nhận quyền sử dụng đất,Trực tiếp,30,19,2026-03-07,2026-02-24,0,Đã trả kết quả,Đúng hạn,4.0
HS2026000431,2026-02-05,2,1,Xã Nam Hải,Tư pháp - Hộ tịch,Đăng ký khai sinh,Trực tuyến,3,4,2026-02-08,2026-02-09,1,Đã trả kết quả,Trễ hạn,4.0
HS2026000432,2026-02-05,2,1,Xã Mỹ Trạch,Tư pháp - Hộ tịch,Đăng ký khai tử,Trực tiếp,3,3,2026-02-08,2026-02-08,0,Đã trả kết quả,Đúng hạn,5.0
HS2026000433,2026-02-05,2,1,Phường An Thịnh,Lao động - Xã hội,"Xác nhận hộ nghèo, cận nghèo",Trực tuyến,5,3,2026-02-10,2026-02-08,0,Đã trả kết quả,Đúng hạn,5.0
HS2026000434,2026-02-06,2,1,Phường Bình Minh,Tư pháp - Hộ tịch,Chứng thực bản sao từ bản chính,Trực tiếp,1,7,2026-02-07,2026-02-13,2,Đã trả kết quả,Trễ hạn,2.0
HS2026000435,2026-02-06,2,1,Phường Kim Sơn,Tư pháp - Hộ tịch,Cấp phiếu lý lịch tư pháp số 1,Trực tiếp,10,8,2026-02-16,2026-02-14,0,Đã trả kết quả,Đúng hạn,5.0
HS2026000436,2026-02-06,2,1,Phường Bình Minh,Lao động - Xã hội,"Xác nhận hộ nghèo, cận nghèo",Trực tuyến,5,3,2026-02-11,2026-02-09,0,Đã trả kết quả,Đúng hạn,5.0
HS2026000437,2026-02-06,2,1,Xã Mỹ Trạch,Tư pháp - Hộ tịch,Cấp phiếu lý lịch tư pháp số 1,Trực tiếp,10,8,2026-02-16,2026-02-14,0,Đã trả kết quả,Đúng hạn,5.0
HS2026000438,2026-02-06,2,1,Phường Bình Minh,Tư pháp - Hộ tịch,Cấp bản sao trích lục hộ tịch,Trực tuyến,1,1,2026-02-07,2026-02-07,0,Đã trả kết quả,Đúng hạn,5.0
HS2026000439,2026-02-06,2,1,Phường Hoà Lạc,Tư pháp - Hộ tịch,Chứng thực bản sao từ bản chính,Bưu chính công ích,1,1,2026-02-07,2026-02-07,0,Đã trả kết quả,Đúng hạn,5.0
HS2026000440,2026-02-07,2,1,Phường Bình Minh,Tư pháp - Hộ tịch,Chứng thực bản sao từ bản chính,Trực tiếp,1,1,2026-02-08,2026-02-08,0,Đã trả kết quả,Đúng hạn,5.0
HS2026000441,2026-02-07,2,1,Xã Nam Hải,Tư pháp - Hộ tịch,Chứng thực bản sao từ bản chính,Bưu chính công ích,1,1,2026-02-08,2026-02-08,0,Đã trả kết quả,Đúng hạn,5.0
HS2026000442,2026-02-07,2,1,Phường Kim Sơn,Tư pháp - Hộ tịch,Đăng ký khai tử,Trực tuyến,3,3,2026-02-10,2026-02-10,0,Đã trả kết quả,Đúng hạn,5.0
HS2026000443,2026-02-07,2,1,Xã Tân Phước,Tư pháp - Hộ tịch,Chứng thực bản sao từ bản chính,Trực tiếp,1,1,2026-02-08,2026-02-08,0,Đã trả kết quả,Đúng hạn,5.0
HS2026000444,2026-02-07,2,1,Phường Long Phú,Đất đai - Tài nguyên,Cấp giấy chứng nhận quyền sử dụng đất,Trực tiếp,30,36,2026-03-09,2026-03-15,0,Đã trả kết quả,Trễ hạn,4.0
HS2026000445,2026-02-07,2,1,Phường Hoà Lạc,Đất đai - Tài nguyên,Đăng ký biến động đất đai,Trực tiếp,10,8,2026-02-17,2026-02-15,0,Đã trả kết quả,Đúng hạn,5.0
HS2026000446,2026-02-07,2,1,Phường Long Phú,Tư pháp - Hộ tịch,Cấp bản sao trích lục hộ tịch,Trực tiếp,1,4,2026-02-08,2026-02-11,1,Đã trả kết quả,Trễ hạn,2.0
HS2026000447,2026-02-07,2,1,Phường Hoà Lạc,Tư pháp - Hộ tịch,Đăng ký kết hôn,Trực tiếp,3,3,2026-02-10,2026-02-10,0,Đã trả kết quả,Đúng hạn,5.0
HS2026000448,2026-02-07,2,1,Phường Long Phú,Đất đai - Tài nguyên,Đăng ký biến động đất đai,Trực tiếp,10,12,2026-02-17,2026-02-19,0,Đã trả kết quả,Trễ hạn,4.0
HS2026000449,2026-02-07,2,1,Xã Tân Phước,Đất đai - Tài nguyên,Đăng ký biến động đất đai,Trực tuyến,10,5,2026-02-17,2026-02-12,0,Đã trả kết quả,Đúng hạn,5.0
HS2026000450,2026-02-07,2,1,Phường Hoà Lạc,Đất đai - Tài nguyên,Đăng ký biến động đất đai,Trực tuyến,10,6,2026-02-17,2026-02-13,0,Đã trả kết quả,Đúng hạn,5.0
HS2026000451,2026-02-07,2,1,Phường Bình Minh,Tư pháp - Hộ tịch,Chứng thực bản sao từ bản chính,Trực tiếp,1,4,2026-02-08,2026-02-11,1,Đã trả kết quả,Trễ hạn,2.0
HS2026000452,2026-02-07,2,1,Xã Nam Hải,Tư pháp - Hộ tịch,Đăng ký khai sinh,Trực tiếp,3,4,2026-02-10,2026-02-11,0,Đã trả kết quả,Trễ hạn,3.0
HS2026000453,2026-02-07,2,1,Phường Kim Sơn,Tư pháp - Hộ tịch,Đăng ký khai sinh,Trực tiếp,3,2,2026-02-10,2026-02-09,0,Đã trả kết quả,Đúng hạn,5.0
HS2026000454,2026-02-08,2,1,Phường Bình Minh,Tư pháp - Hộ tịch,Đăng ký khai sinh,Trực tuyến,3,2,2026-02-11,2026-02-10,0,Đã trả kết quả,Đúng hạn,5.0
HS2026000455,2026-02-08,2,1,Phường Bình Minh,Tư pháp - Hộ tịch,Đăng ký kết hôn,Trực tiếp,3,3,2026-02-11,2026-02-11,0,Đã trả kết quả,Đúng hạn,5.0
HS2026000456,2026-02-08,2,1,Phường Hoà Lạc,Tư pháp - Hộ tịch,Chứng thực bản sao từ bản chính,Bưu chính công ích,1,1,2026-02-09,2026-02-09,0,Đã trả kết quả,Đúng hạn,5.0
HS2026000457,2026-02-08,2,1,Xã Mỹ Trạch,Tư pháp - Hộ tịch,Cấp phiếu lý lịch tư pháp số 1,Trực tuyến,10,6,2026-02-18,2026-02-14,0,Đã trả kết quả,Đúng hạn,4.0
HS2026000458,2026-02-08,2,1,Phường Kim Sơn,Kinh tế - Đăng ký KD,Đăng ký hộ kinh doanh,Trực tuyến,3,2,2026-02-11,2026-02-10,0,Đã trả kết quả,Đúng hạn,5.0
HS2026000459,2026-02-08,2,1,Xã Mỹ Trạch,Tư pháp - Hộ tịch,Chứng thực bản sao từ bản chính,Trực tiếp,1,1,2026-02-09,2026-02-09,0,Đã trả kết quả,Đúng hạn,4.0
HS2026000460,2026-02-08,2,1,Phường Hoà Lạc,Lao động - Xã hội,"Xác nhận hộ nghèo, cận nghèo",Trực tuyến,5,6,2026-02-13,2026-02-14,1,Đã trả kết quả,Trễ hạn,3.0
HS2026000461,2026-02-08,2,1,Phường An Thịnh,Tư pháp - Hộ tịch,Cấp bản sao trích lục hộ tịch,Trực tuyến,1,1,2026-02-09,2026-02-09,0,Đã trả kết quả,Đúng hạn,5.0
HS2026000462,2026-02-08,2,1,Phường Hoà Lạc,Xây dựng - Đô thị,Cấp giấy phép xây dựng nhà ở riêng lẻ,Trực tiếp,15,8,2026-02-23,2026-02-16,0,Đã trả kết quả,Đúng hạn,5.0
HS2026000463,2026-02-08,2,1,Xã Tân Phước,Xây dựng - Đô thị,Cấp giấy phép xây dựng nhà ở riêng lẻ,Bưu chính công ích,15,19,2026-02-23,2026-02-27,2,Đã trả kết quả,Trễ hạn,3.0
HS2026000464,2026-02-08,2,1,Phường An Thịnh,Kinh tế - Đăng ký KD,Đăng ký hộ kinh doanh,Bưu chính công ích,3,3,2026-02-11,2026-02-11,0,Đã trả kết quả,Đúng hạn,5.0
HS2026000465,2026-02-08,2,1,Phường Hoà Lạc,Tư pháp - Hộ tịch,Chứng thực bản sao từ bản chính,Trực tiếp,1,1,2026-02-09,2026-02-09,0,Đã trả kết quả,Đúng hạn,5.0
HS2026000466,2026-02-08,2,1,Phường An Thịnh,Xây dựng - Đô thị,Cấp giấy phép xây dựng nhà ở riêng lẻ,Trực tiếp,15,16,2026-02-23,2026-02-24,2,Đã trả kết quả,Trễ hạn,3.0
HS2026000467,2026-02-08,2,1,Phường An Thịnh,Tư pháp - Hộ tịch,Đăng ký kết hôn,Trực tiếp,3,3,2026-02-11,2026-02-11,0,Đã trả kết quả,Đúng hạn,5.0
HS2026000468,2026-02-09,2,1,Xã Mỹ Trạch,Đất đai - Tài nguyên,Đăng ký biến động đất đai,Trực tiếp,10,9,2026-02-19,2026-02-18,0,Đã trả kết quả,Đúng hạn,5.0
HS2026000469,2026-02-09,2,1,Phường An Thịnh,Tư pháp - Hộ tịch,Cấp bản sao trích lục hộ tịch,Trực tiếp,1,3,2026-02-10,2026-02-12,1,Đã trả kết quả,Trễ hạn,3.0
HS2026000470,2026-02-09,2,1,Phường Long Phú,Kinh tế - Đăng ký KD,Đăng ký hộ kinh doanh,Trực tuyến,3,2,2026-02-12,2026-02-11,0,Đã trả kết quả,Đúng hạn,5.0
HS2026000471,2026-02-09,2,1,Xã Mỹ Trạch,Xây dựng - Đô thị,Cấp giấy phép xây dựng nhà ở riêng lẻ,Trực tiếp,15,8,2026-02-24,2026-02-17,0,Đã trả kết quả,Đúng hạn,5.0
HS2026000472,2026-02-09,2,1,Phường Bình Minh,Kinh tế - Đăng ký KD,Đăng ký hộ kinh doanh,Trực tuyến,3,2,2026-02-12,2026-02-11,0,Đã trả kết quả,Đúng hạn,5.0
HS2026000473,2026-02-09,2,1,Xã Tân Phước,Lao động - Xã hội,Trợ cấp xã hội hằng tháng,Trực tuyến,20,13,2026-03-01,2026-02-22,0,Đã trả kết quả,Đúng hạn,4.0
HS2026000474,2026-02-09,2,1,Phường Bình Minh,Xây dựng - Đô thị,Cấp giấy phép xây dựng nhà ở riêng lẻ,Bưu chính công ích,15,9,2026-02-24,2026-02-18,0,Đã trả kết quả,Đúng hạn,5.0
HS2026000475,2026-02-09,2,1,Xã Nam Hải,Đất đai - Tài nguyên,Đăng ký biến động đất đai,Trực tiếp,10,15,2026-02-19,2026-02-24,2,Đã trả kết quả,Trễ hạn,1.0
HS2026000476,2026-02-09,2,1,Phường An Thịnh,Tư pháp - Hộ tịch,Chứng thực bản sao từ bản chính,Trực tuyến,1,1,2026-02-10,2026-02-10,0,Đã trả kết quả,Đúng hạn,5.0
HS2026000477,2026-02-09,2,1,Phường An Thịnh,Tư pháp - Hộ tịch,Đăng ký khai sinh,Trực tiếp,3,3,2026-02-12,2026-02-12,0,Đã trả kết quả,Đúng hạn,5.0
HS2026000478,2026-02-09,2,1,Phường Bình Minh,Tư pháp - Hộ tịch,Đăng ký khai sinh,Trực tuyến,3,2,2026-02-12,2026-02-11,0,Đã trả kết quả,Đúng hạn,4.0
HS2026000479,2026-02-09,2,1,Phường Bình Minh,Xây dựng - Đô thị,Cấp giấy phép xây dựng nhà ở riêng lẻ,Trực tuyến,15,6,2026-02-24,2026-02-15,0,Đã trả kết quả,Đúng hạn,5.0
HS2026000480,2026-02-09,2,1,Xã Tân Phước,Tư pháp - Hộ tịch,Đăng ký kết hôn,Trực tiếp,3,3,2026-02-12,2026-02-12,0,Đã trả kết quả,Đúng hạn,5.0
HS2026000481,2026-02-10,2,1,Xã Mỹ Trạch,Tư pháp - Hộ tịch,Cấp phiếu lý lịch tư pháp số 1,Trực tuyến,10,13,2026-02-20,2026-02-23,2,Đã trả kết quả,Trễ hạn,2.0
HS2026000482,2026-02-10,2,1,Phường Hoà Lạc,Xây dựng - Đô thị,Cấp giấy phép xây dựng nhà ở riêng lẻ,Trực tiếp,15,15,2026-02-25,2026-02-25,0,Đã trả kết quả,Đúng hạn,5.0
HS2026000483,2026-02-10,2,1,Xã Tân Phước,Xây dựng - Đô thị,Cấp giấy phép xây dựng nhà ở riêng lẻ,Trực tiếp,15,15,2026-02-25,2026-02-25,0,Đã trả kết quả,Đúng hạn,5.0
HS2026000484,2026-02-10,2,1,Phường Kim Sơn,Tư pháp - Hộ tịch,Cấp phiếu lý lịch tư pháp số 1,Trực tuyến,10,8,2026-02-20,2026-02-18,0,Đã trả kết quả,Đúng hạn,4.0
HS2026000485,2026-02-10,2,1,Phường Long Phú,Tư pháp - Hộ tịch,Cấp phiếu lý lịch tư pháp số 1,Trực tuyến,10,8,2026-02-20,2026-02-18,1,Đã trả kết quả,Đúng hạn,4.0
HS2026000486,2026-02-10,2,1,Phường Bình Minh,Tư pháp - Hộ tịch,Cấp bản sao trích lục hộ tịch,Trực tiếp,1,1,2026-02-11,2026-02-11,0,Đã trả kết quả,Đúng hạn,5.0
HS2026000487,2026-02-10,2,1,Xã Mỹ Trạch,Tư pháp - Hộ tịch,Cấp phiếu lý lịch tư pháp số 1,Bưu chính công ích,10,9,2026-02-20,2026-02-19,0,Đã trả kết quả,Đúng hạn,5.0
HS2026000488,2026-02-10,2,1,Xã Mỹ Trạch,Tư pháp - Hộ tịch,Đăng ký khai tử,Trực tuyến,3,2,2026-02-13,2026-02-12,0,Đã trả kết quả,Đúng hạn,5.0
HS2026000489,2026-02-10,2,1,Xã Mỹ Trạch,Tư pháp - Hộ tịch,Đăng ký khai sinh,Trực tiếp,3,3,2026-02-13,2026-02-13,0,Đã trả kết quả,Đúng hạn,5.0
HS2026000490,2026-02-10,2,1,Phường Long Phú,Đất đai - Tài nguyên,Cấp giấy chứng nhận quyền sử dụng đất,Trực tiếp,30,28,2026-03-12,2026-03-10,0,Đã trả kết quả,Đúng hạn,5.0
HS2026000491,2026-02-10,2,1,Phường Long Phú,Tư pháp - Hộ tịch,Chứng thực bản sao từ bản chính,Bưu chính công ích,1,2,2026-02-11,2026-02-12,0,Đã trả kết quả,Trễ hạn,4.0
HS2026000492,2026-02-10,2,1,Xã Nam Hải,Tư pháp - Hộ tịch,Đăng ký kết hôn,Trực tiếp,3,3,2026-02-13,2026-02-13,0,Đã trả kết quả,Đúng hạn,5.0
HS2026000493,2026-02-10,2,1,Phường An Thịnh,Xây dựng - Đô thị,Cấp giấy phép xây dựng nhà ở riêng lẻ,Trực tuyến,15,7,2026-02-25,2026-02-17,0,Đã trả kết quả,Đúng hạn,5.0
HS2026000494,2026-02-11,2,1,Xã Mỹ Trạch,Tư pháp - Hộ tịch,Đăng ký khai sinh,Bưu chính công ích,3,6,2026-02-14,2026-02-17,2,Đã trả kết quả,Trễ hạn,3.0
HS2026000495,2026-02-11,2,1,Phường Bình Minh,Tư pháp - Hộ tịch,Đăng ký kết hôn,Trực tiếp,3,3,2026-02-14,2026-02-14,0,Đã trả kết quả,Đúng hạn,5.0
HS2026000496,2026-02-11,2,1,Xã Nam Hải,Tư pháp - Hộ tịch,Đăng ký khai tử,Trực tiếp,3,4,2026-02-14,2026-02-15,0,Đã trả kết quả,Trễ hạn,4.0
HS2026000497,2026-02-11,2,1,Xã Nam Hải,Lao động - Xã hội,"Xác nhận hộ nghèo, cận nghèo",Trực tuyến,5,3,2026-02-16,2026-02-14,0,Đã trả kết quả,Đúng hạn,5.0
HS2026000498,2026-02-11,2,1,Phường Hoà Lạc,Đất đai - Tài nguyên,Đăng ký biến động đất đai,Trực tuyến,10,12,2026-02-21,2026-02-23,2,Đã trả kết quả,Trễ hạn,3.0
HS2026000499,2026-02-11,2,1,Phường Kim Sơn,Tư pháp - Hộ tịch,Đăng ký khai sinh,Trực tuyến,3,8,2026-02-14,2026-02-19,2,Đã trả kết quả,Trễ hạn,1.0
HS2026000500,2026-02-11,2,1,Phường Long Phú,Tư pháp - Hộ tịch,Đăng ký khai sinh,Trực tuyến,3,2,2026-02-14,2026-02-13,0,Đã trả kết quả,Đúng hạn,5.0
HS2026000501,2026-02-11,2,1,Xã Mỹ Trạch,Tư pháp - Hộ tịch,Cấp bản sao trích lục hộ tịch,Trực tiếp,1,1,2026-02-12,2026-02-12,0,Đã trả kết quả,Đúng hạn,4.0
HS2026000502,2026-02-11,2,1,Xã Nam Hải,Đất đai - Tài nguyên,Đăng ký biến động đất đai,Trực tuyến,10,9,2026-02-21,2026-02-20,0,Đã trả kết quả,Đúng hạn,5.0
HS2026000503,2026-02-11,2,1,Phường Hoà Lạc,Tư pháp - Hộ tịch,Chứng thực bản sao từ bản chính,Bưu chính công ích,1,1,2026-02-12,2026-02-12,0,Đã trả kết quả,Đúng hạn,5.0
HS2026000504,2026-02-12,2,1,Phường Kim Sơn,Tư pháp - Hộ tịch,Cấp bản sao trích lục hộ tịch,Trực tuyến,1,1,2026-02-13,2026-02-13,0,Đã trả kết quả,Đúng hạn,5.0
HS2026000505,2026-02-12,2,1,Phường Bình Minh,Xây dựng - Đô thị,Cấp giấy phép xây dựng nhà ở riêng lẻ,Trực tuyến,15,12,2026-02-27,2026-02-24,2,Đã trả kết quả,Đúng hạn,3.0
HS2026000506,2026-02-12,2,1,Phường An Thịnh,Tư pháp - Hộ tịch,Cấp bản sao trích lục hộ tịch,Trực tuyến,1,1,2026-02-13,2026-02-13,0,Đã trả kết quả,Đúng hạn,5.0
HS2026000507,2026-02-12,2,1,Phường Bình Minh,Kinh tế - Đăng ký KD,Đăng ký hộ kinh doanh,Bưu chính công ích,3,3,2026-02-15,2026-02-15,0,Đã trả kết quả,Đúng hạn,5.0
HS2026000508,2026-02-12,2,1,Phường Hoà Lạc,Tư pháp - Hộ tịch,Đăng ký khai sinh,Trực tiếp,3,2,2026-02-15,2026-02-14,0,Đã trả kết quả,Đúng hạn,5.0
HS2026000509,2026-02-12,2,1,Xã Mỹ Trạch,Kinh tế - Đăng ký KD,Đăng ký hộ kinh doanh,Trực tiếp,3,3,2026-02-15,2026-02-15,0,Đã trả kết quả,Đúng hạn,5.0
HS2026000510,2026-02-12,2,1,Xã Nam Hải,Tư pháp - Hộ tịch,Cấp phiếu lý lịch tư pháp số 1,Trực tuyến,10,8,2026-02-22,2026-02-20,0,Đã trả kết quả,Đúng hạn,5.0
HS2026000511,2026-02-12,2,1,Xã Nam Hải,Lao động - Xã hội,Trợ cấp xã hội hằng tháng,Trực tuyến,20,11,2026-03-04,2026-02-23,0,Đã trả kết quả,Đúng hạn,5.0
HS2026000512,2026-02-12,2,1,Phường An Thịnh,Tư pháp - Hộ tịch,Cấp phiếu lý lịch tư pháp số 1,Trực tuyến,10,11,2026-02-22,2026-02-23,2,Đã trả kết quả,Trễ hạn,3.0
HS2026000513,2026-02-13,2,1,Phường Bình Minh,Tư pháp - Hộ tịch,Cấp phiếu lý lịch tư pháp số 1,Trực tiếp,10,8,2026-02-23,2026-02-21,0,Đã trả kết quả,Đúng hạn,4.0
HS2026000514,2026-02-13,2,1,Xã Nam Hải,Tư pháp - Hộ tịch,Cấp bản sao trích lục hộ tịch,Bưu chính công ích,1,2,2026-02-14,2026-02-15,0,Đã trả kết quả,Trễ hạn,3.0
HS2026000515,2026-02-13,2,1,Phường Long Phú,Tư pháp - Hộ tịch,Đăng ký khai sinh,Trực tuyến,3,2,2026-02-16,2026-02-15,0,Đã trả kết quả,Đúng hạn,5.0
HS2026000516,2026-02-13,2,1,Xã Tân Phước,Xây dựng - Đô thị,Cấp giấy phép xây dựng nhà ở riêng lẻ,Trực tuyến,15,11,2026-02-28,2026-02-24,0,Đã trả kết quả,Đúng hạn,5.0
HS2026000517,2026-02-13,2,1,Phường Bình Minh,Lao động - Xã hội,"Xác nhận hộ nghèo, cận nghèo",Trực tiếp,5,4,2026-02-18,2026-02-17,0,Đã trả kết quả,Đúng hạn,4.0
HS2026000518,2026-02-14,2,1,Phường Long Phú,Kinh tế - Đăng ký KD,Đăng ký hộ kinh doanh,Trực tiếp,3,6,2026-02-17,2026-02-20,1,Đã trả kết quả,Trễ hạn,2.0
HS2026000519,2026-02-14,2,1,Phường Long Phú,Tư pháp - Hộ tịch,Cấp bản sao trích lục hộ tịch,Trực tuyến,1,1,2026-02-15,2026-02-15,0,Đã trả kết quả,Đúng hạn,5.0
HS2026000520,2026-02-14,2,1,Phường Hoà Lạc,Tư pháp - Hộ tịch,Đăng ký kết hôn,Trực tuyến,3,3,2026-02-17,2026-02-17,1,Đã trả kết quả,Đúng hạn,5.0
HS2026000521,2026-02-14,2,1,Phường An Thịnh,Lao động - Xã hội,Trợ cấp xã hội hằng tháng,Trực tiếp,20,13,2026-03-06,2026-02-27,0,Đã trả kết quả,Đúng hạn,5.0
HS2026000522,2026-02-14,2,1,Phường Long Phú,Tư pháp - Hộ tịch,Chứng thực bản sao từ bản chính,Trực tiếp,1,1,2026-02-15,2026-02-15,0,Đã trả kết quả,Đúng hạn,5.0
HS2026000523,2026-02-14,2,1,Xã Mỹ Trạch,Đất đai - Tài nguyên,Đăng ký biến động đất đai,Trực tuyến,10,4,2026-02-24,2026-02-18,0,Đã trả kết quả,Đúng hạn,5.0
HS2026000524,2026-02-14,2,1,Phường Kim Sơn,Kinh tế - Đăng ký KD,Đăng ký hộ kinh doanh,Trực tiếp,3,4,2026-02-17,2026-02-18,0,Đã trả kết quả,Trễ hạn,2.0
HS2026000525,2026-02-14,2,1,Xã Tân Phước,Tư pháp - Hộ tịch,Đăng ký khai sinh,Trực tuyến,3,2,2026-02-17,2026-02-16,0,Đã trả kết quả,Đúng hạn,5.0
HS2026000526,2026-02-14,2,1,Phường Hoà Lạc,Tư pháp - Hộ tịch,Chứng thực bản sao từ bản chính,Trực tiếp,1,1,2026-02-15,2026-02-15,0,Đã trả kết quả,Đúng hạn,4.0
HS2026000527,2026-02-14,2,1,Phường An Thịnh,Đất đai - Tài nguyên,Cấp giấy chứng nhận quyền sử dụng đất,Trực tuyến,30,19,2026-03-16,2026-03-05,0,Đã trả kết quả,Đúng hạn,5.0
HS2026000528,2026-02-14,2,1,Phường Bình Minh,Đất đai - Tài nguyên,Đăng ký biến động đất đai,Trực tuyến,10,11,2026-02-24,2026-02-25,2,Đã trả kết quả,Trễ hạn,3.0
HS2026000529,2026-02-14,2,1,Phường An Thịnh,Đất đai - Tài nguyên,Cấp giấy chứng nhận quyền sử dụng đất,Trực tuyến,30,16,2026-03-16,2026-03-02,2,Đã trả kết quả,Đúng hạn,4.0
HS2026000530,2026-02-14,2,1,Phường An Thịnh,Tư pháp - Hộ tịch,Cấp phiếu lý lịch tư pháp số 1,Trực tiếp,10,7,2026-02-24,2026-02-21,0,Đã trả kết quả,Đúng hạn,5.0
HS2026000531,2026-02-14,2,1,Phường Bình Minh,Tư pháp - Hộ tịch,Chứng thực bản sao từ bản chính,Trực tiếp,1,1,2026-02-15,2026-02-15,0,Đã trả kết quả,Đúng hạn,5.0
HS2026000532,2026-02-15,2,1,Xã Tân Phước,Kinh tế - Đăng ký KD,Đăng ký hộ kinh doanh,Trực tuyến,3,2,2026-02-18,2026-02-17,0,Đã trả kết quả,Đúng hạn,5.0
HS2026000533,2026-02-15,2,1,Xã Nam Hải,Đất đai - Tài nguyên,Đăng ký biến động đất đai,Trực tiếp,10,11,2026-02-25,2026-02-26,0,Đã trả kết quả,Trễ hạn,3.0
HS2026000534,2026-02-15,2,1,Phường Hoà Lạc,Kinh tế - Đăng ký KD,Đăng ký hộ kinh doanh,Trực tiếp,3,8,2026-02-18,2026-02-23,2,Đã trả kết quả,Trễ hạn,2.0
HS2026000535,2026-02-15,2,1,Phường Long Phú,Xây dựng - Đô thị,Cấp giấy phép xây dựng nhà ở riêng lẻ,Trực tuyến,15,14,2026-03-02,2026-03-01,0,Đã trả kết quả,Đúng hạn,5.0
HS2026000536,2026-02-15,2,1,Xã Tân Phước,Tư pháp - Hộ tịch,Cấp phiếu lý lịch tư pháp số 1,Trực tiếp,10,10,2026-02-25,2026-02-25,0,Đã trả kết quả,Đúng hạn,4.0
HS2026000537,2026-02-15,2,1,Phường Long Phú,Tư pháp - Hộ tịch,Đăng ký khai sinh,Bưu chính công ích,3,9,2026-02-18,2026-02-24,2,Đã trả kết quả,Trễ hạn,2.0
HS2026000538,2026-02-16,2,1,Phường Hoà Lạc,Tư pháp - Hộ tịch,Cấp bản sao trích lục hộ tịch,Trực tuyến,1,1,2026-02-17,2026-02-17,0,Đã trả kết quả,Đúng hạn,5.0
HS2026000539,2026-02-16,2,1,Phường An Thịnh,Tư pháp - Hộ tịch,Chứng thực bản sao từ bản chính,Bưu chính công ích,1,1,2026-02-17,2026-02-17,0,Đã trả kết quả,Đúng hạn,5.0
HS2026000540,2026-02-16,2,1,Xã Tân Phước,Tư pháp - Hộ tịch,Đăng ký kết hôn,Trực tuyến,3,3,2026-02-19,2026-02-19,0,Đã trả kết quả,Đúng hạn,5.0
HS2026000541,2026-02-16,2,1,Phường Long Phú,Tư pháp - Hộ tịch,Cấp phiếu lý lịch tư pháp số 1,Trực tiếp,10,13,2026-02-26,2026-03-01,2,Đã trả kết quả,Trễ hạn,2.0
HS2026000542,2026-02-17,2,1,Xã Mỹ Trạch,Tư pháp - Hộ tịch,Đăng ký khai sinh,Trực tuyến,3,2,2026-02-20,2026-02-19,0,Đã trả kết quả,Đúng hạn,5.0
HS2026000543,2026-02-17,2,1,Phường Bình Minh,Đất đai - Tài nguyên,Đăng ký biến động đất đai,Trực tuyến,10,5,2026-02-27,2026-02-22,0,Đã trả kết quả,Đúng hạn,5.0
HS2026000544,2026-02-17,2,1,Phường Kim Sơn,Lao động - Xã hội,"Xác nhận hộ nghèo, cận nghèo",Bưu chính công ích,5,8,2026-02-22,2026-02-25,2,Đã trả kết quả,Trễ hạn,2.0
HS2026000545,2026-02-17,2,1,Phường An Thịnh,Kinh tế - Đăng ký KD,Đăng ký hộ kinh doanh,Trực tiếp,3,3,2026-02-20,2026-02-20,0,Đã trả kết quả,Đúng hạn,5.0
HS2026000546,2026-02-17,2,1,Phường An Thịnh,Lao động - Xã hội,"Xác nhận hộ nghèo, cận nghèo",Trực tiếp,5,4,2026-02-22,2026-02-21,0,Đã trả kết quả,Đúng hạn,5.0
HS2026000547,2026-02-17,2,1,Phường Long Phú,Tư pháp - Hộ tịch,Đăng ký khai tử,Trực tuyến,3,2,2026-02-20,2026-02-19,0,Đã trả kết quả,Đúng hạn,4.0
HS2026000548,2026-02-17,2,1,Phường Hoà Lạc,Tư pháp - Hộ tịch,Chứng thực bản sao từ bản chính,Trực tiếp,1,1,2026-02-18,2026-02-18,0,Đã trả kết quả,Đúng hạn,5.0
HS2026000549,2026-02-17,2,1,Phường Long Phú,Tư pháp - Hộ tịch,Chứng thực bản sao từ bản chính,Trực tuyến,1,1,2026-02-18,2026-02-18,0,Đã trả kết quả,Đúng hạn,5.0
HS2026000550,2026-02-17,2,1,Xã Nam Hải,Tư pháp - Hộ tịch,Đăng ký kết hôn,Trực tiếp,3,2,2026-02-20,2026-02-19,0,Đã trả kết quả,Đúng hạn,5.0
HS2026000551,2026-02-18,2,1,Phường Bình Minh,Kinh tế - Đăng ký KD,Đăng ký hộ kinh doanh,Trực tuyến,3,2,2026-02-21,2026-02-20,0,Đã trả kết quả,Đúng hạn,4.0
HS2026000552,2026-02-18,2,1,Phường Hoà Lạc,Tư pháp - Hộ tịch,Cấp phiếu lý lịch tư pháp số 1,Trực tuyến,10,9,2026-02-28,2026-02-27,1,Đã trả kết quả,Đúng hạn,3.0
HS2026000553,2026-02-18,2,1,Phường An Thịnh,Tư pháp - Hộ tịch,Cấp phiếu lý lịch tư pháp số 1,Bưu chính công ích,10,8,2026-02-28,2026-02-26,0,Đã trả kết quả,Đúng hạn,5.0
HS2026000554,2026-02-18,2,1,Phường An Thịnh,Tư pháp - Hộ tịch,Chứng thực bản sao từ bản chính,Trực tiếp,1,5,2026-02-19,2026-02-23,2,Đã trả kết quả,Trễ hạn,2.0
HS2026000555,2026-02-18,2,1,Phường An Thịnh,Tư pháp - Hộ tịch,Đăng ký khai sinh,Trực tuyến,3,2,2026-02-21,2026-02-20,0,Đã trả kết quả,Đúng hạn,5.0
HS2026000556,2026-02-18,2,1,Xã Nam Hải,Tư pháp - Hộ tịch,Đăng ký khai tử,Trực tiếp,3,2,2026-02-21,2026-02-20,0,Đã trả kết quả,Đúng hạn,5.0
HS2026000557,2026-02-18,2,1,Phường An Thịnh,Tư pháp - Hộ tịch,Cấp phiếu lý lịch tư pháp số 1,Trực tiếp,10,7,2026-02-28,2026-02-25,0,Đã trả kết quả,Đúng hạn,5.0
HS2026000558,2026-02-18,2,1,Phường Hoà Lạc,Xây dựng - Đô thị,Cấp giấy phép xây dựng nhà ở riêng lẻ,Trực tuyến,15,16,2026-03-05,2026-03-06,2,Đã trả kết quả,Trễ hạn,2.0
HS2026000559,2026-02-18,2,1,Phường Hoà Lạc,Tư pháp - Hộ tịch,Đăng ký khai sinh,Trực tiếp,3,6,2026-02-21,2026-02-24,1,Đã trả kết quả,Trễ hạn,2.0
HS2026000560,2026-02-18,2,1,Phường Kim Sơn,Tư pháp - Hộ tịch,Đăng ký khai sinh,Bưu chính công ích,3,2,2026-02-21,2026-02-20,0,Đã trả kết quả,Đúng hạn,5.0
HS2026000561,2026-02-18,2,1,Phường Long Phú,Tư pháp - Hộ tịch,Cấp bản sao trích lục hộ tịch,Trực tuyến,1,4,2026-02-19,2026-02-22,1,Đã trả kết quả,Trễ hạn,3.0
HS2026000562,2026-02-18,2,1,Phường An Thịnh,Tư pháp - Hộ tịch,Chứng thực bản sao từ bản chính,Trực tiếp,1,1,2026-02-19,2026-02-19,0,Đã trả kết quả,Đúng hạn,4.0
HS2026000563,2026-02-19,2,1,Phường An Thịnh,Đất đai - Tài nguyên,Cấp giấy chứng nhận quyền sử dụng đất,Trực tuyến,30,12,2026-03-21,2026-03-03,0,Đã trả kết quả,Đúng hạn,5.0
HS2026000564,2026-02-19,2,1,Phường Long Phú,Xây dựng - Đô thị,Cấp giấy phép xây dựng nhà ở riêng lẻ,Trực tuyến,15,14,2026-03-06,2026-03-05,2,Đã trả kết quả,Đúng hạn,4.0
HS2026000565,2026-02-19,2,1,Xã Nam Hải,Tư pháp - Hộ tịch,Cấp phiếu lý lịch tư pháp số 1,Trực tuyến,10,6,2026-03-01,2026-02-25,0,Đã trả kết quả,Đúng hạn,5.0
HS2026000566,2026-02-19,2,1,Phường Bình Minh,Tư pháp - Hộ tịch,Chứng thực bản sao từ bản chính,Bưu chính công ích,1,1,2026-02-20,2026-02-20,0,Đã trả kết quả,Đúng hạn,5.0
HS2026000567,2026-02-19,2,1,Phường Bình Minh,Tư pháp - Hộ tịch,Chứng thực bản sao từ bản chính,Trực tuyến,1,1,2026-02-20,2026-02-20,0,Đã trả kết quả,Đúng hạn,5.0
HS2026000568,2026-02-19,2,1,Xã Nam Hải,Tư pháp - Hộ tịch,Đăng ký khai sinh,Trực tuyến,3,6,2026-02-22,2026-02-25,2,Đã trả kết quả,Trễ hạn,1.0
HS2026000569,2026-02-19,2,1,Xã Tân Phước,Kinh tế - Đăng ký KD,Đăng ký hộ kinh doanh,Trực tiếp,3,2,2026-02-22,2026-02-21,0,Đã trả kết quả,Đúng hạn,5.0
HS2026000570,2026-02-19,2,1,Phường An Thịnh,Tư pháp - Hộ tịch,Cấp bản sao trích lục hộ tịch,Trực tiếp,1,1,2026-02-20,2026-02-20,0,Đã trả kết quả,Đúng hạn,5.0
HS2026000571,2026-02-19,2,1,Phường Kim Sơn,Đất đai - Tài nguyên,Đăng ký biến động đất đai,Trực tiếp,10,10,2026-03-01,2026-03-01,0,Đã trả kết quả,Đúng hạn,4.0
HS2026000572,2026-02-19,2,1,Phường An Thịnh,Đất đai - Tài nguyên,Cấp giấy chứng nhận quyền sử dụng đất,Trực tiếp,30,28,2026-03-21,2026-03-19,1,Đã trả kết quả,Đúng hạn,5.0
HS2026000573,2026-02-20,2,1,Xã Nam Hải,Kinh tế - Đăng ký KD,Đăng ký hộ kinh doanh,Trực tiếp,3,3,2026-02-23,2026-02-23,0,Đã trả kết quả,Đúng hạn,5.0
HS2026000574,2026-02-20,2,1,Phường Long Phú,Tư pháp - Hộ tịch,Đăng ký khai tử,Trực tiếp,3,3,2026-02-23,2026-02-23,0,Đã trả kết quả,Đúng hạn,5.0
HS2026000575,2026-02-20,2,1,Phường An Thịnh,Đất đai - Tài nguyên,Cấp giấy chứng nhận quyền sử dụng đất,Trực tiếp,30,18,2026-03-22,2026-03-10,0,Đã trả kết quả,Đúng hạn,5.0
HS2026000576,2026-02-20,2,1,Phường Long Phú,Lao động - Xã hội,Trợ cấp xã hội hằng tháng,Bưu chính công ích,20,26,2026-03-12,2026-03-18,2,Đã trả kết quả,Trễ hạn,3.0
HS2026000577,2026-02-20,2,1,Phường Long Phú,Tư pháp - Hộ tịch,Cấp phiếu lý lịch tư pháp số 1,Trực tiếp,10,8,2026-03-02,2026-02-28,0,Đã trả kết quả,Đúng hạn,5.0
HS2026000578,2026-02-20,2,1,Phường Hoà Lạc,Tư pháp - Hộ tịch,Chứng thực bản sao từ bản chính,Trực tiếp,1,1,2026-02-21,2026-02-21,0,Đã trả kết quả,Đúng hạn,5.0
HS2026000579,2026-02-20,2,1,Xã Mỹ Trạch,Xây dựng - Đô thị,Cấp giấy phép xây dựng nhà ở riêng lẻ,Trực tiếp,15,12,2026-03-07,2026-03-04,0,Đã trả kết quả,Đúng hạn,5.0
HS2026000580,2026-02-20,2,1,Phường An Thịnh,Kinh tế - Đăng ký KD,Đăng ký hộ kinh doanh,Trực tuyến,3,2,2026-02-23,2026-02-22,0,Đã trả kết quả,Đúng hạn,5.0
HS2026000581,2026-02-20,2,1,Xã Mỹ Trạch,Tư pháp - Hộ tịch,Cấp bản sao trích lục hộ tịch,Trực tuyến,1,1,2026-02-21,2026-02-21,0,Đã trả kết quả,Đúng hạn,4.0
HS2026000582,2026-02-20,2,1,Phường Hoà Lạc,Tư pháp - Hộ tịch,Đăng ký khai sinh,Trực tiếp,3,2,2026-02-23,2026-02-22,0,Đã trả kết quả,Đúng hạn,5.0
HS2026000583,2026-02-20,2,1,Xã Nam Hải,Đất đai - Tài nguyên,Cấp giấy chứng nhận quyền sử dụng đất,Trực tuyến,30,25,2026-03-22,2026-03-17,0,Đã trả kết quả,Đúng hạn,5.0
HS2026000584,2026-02-20,2,1,Phường Kim Sơn,Đất đai - Tài nguyên,Đăng ký biến động đất đai,Trực tuyến,10,7,2026-03-02,2026-02-27,0,Đã trả kết quả,Đúng hạn,5.0
HS2026000585,2026-02-20,2,1,Phường Kim Sơn,Tư pháp - Hộ tịch,Cấp phiếu lý lịch tư pháp số 1,Trực tiếp,10,9,2026-03-02,2026-03-01,0,Đã trả kết quả,Đúng hạn,5.0
HS2026000586,2026-02-21,2,1,Xã Mỹ Trạch,Đất đai - Tài nguyên,Cấp giấy chứng nhận quyền sử dụng đất,Trực tiếp,30,18,2026-03-23,2026-03-11,0,Đã trả kết quả,Đúng hạn,5.0
HS2026000587,2026-02-21,2,1,Phường Kim Sơn,Tư pháp - Hộ tịch,Cấp bản sao trích lục hộ tịch,Trực tiếp,1,1,2026-02-22,2026-02-22,0,Đã trả kết quả,Đúng hạn,5.0
HS2026000588,2026-02-21,2,1,Phường An Thịnh,Tư pháp - Hộ tịch,Cấp phiếu lý lịch tư pháp số 1,Trực tuyến,10,4,2026-03-03,2026-02-25,0,Đã trả kết quả,Đúng hạn,5.0
HS2026000589,2026-02-21,2,1,Phường Kim Sơn,Tư pháp - Hộ tịch,Đăng ký khai tử,Trực tuyến,3,4,2026-02-24,2026-02-25,1,Đã trả kết quả,Trễ hạn,2.0
HS2026000590,2026-02-22,2,1,Xã Tân Phước,Xây dựng - Đô thị,Cấp giấy phép xây dựng nhà ở riêng lẻ,Trực tiếp,15,11,2026-03-09,2026-03-05,0,Đã trả kết quả,Đúng hạn,5.0
HS2026000591,2026-02-22,2,1,Phường Hoà Lạc,Tư pháp - Hộ tịch,Đăng ký khai tử,Trực tiếp,3,3,2026-02-25,2026-02-25,0,Đã trả kết quả,Đúng hạn,5.0
HS2026000592,2026-02-22,2,1,Xã Mỹ Trạch,Đất đai - Tài nguyên,Cấp giấy chứng nhận quyền sử dụng đất,Trực tiếp,30,26,2026-03-24,2026-03-20,0,Đã trả kết quả,Đúng hạn,4.0
HS2026000593,2026-02-22,2,1,Phường Hoà Lạc,Tư pháp - Hộ tịch,Cấp phiếu lý lịch tư pháp số 1,Bưu chính công ích,10,6,2026-03-04,2026-02-28,0,Đã trả kết quả,Đúng hạn,5.0
HS2026000594,2026-02-22,2,1,Phường An Thịnh,Tư pháp - Hộ tịch,Đăng ký khai sinh,Trực tiếp,3,2,2026-02-25,2026-02-24,0,Đã trả kết quả,Đúng hạn,5.0
HS2026000595,2026-02-22,2,1,Xã Tân Phước,Tư pháp - Hộ tịch,Đăng ký khai sinh,Trực tiếp,3,3,2026-02-25,2026-02-25,0,Đã trả kết quả,Đúng hạn,5.0
HS2026000596,2026-02-22,2,1,Phường An Thịnh,Tư pháp - Hộ tịch,Chứng thực bản sao từ bản chính,Trực tiếp,1,1,2026-02-23,2026-02-23,0,Đã trả kết quả,Đúng hạn,5.0
HS2026000597,2026-02-22,2,1,Phường Kim Sơn,Tư pháp - Hộ tịch,Chứng thực bản sao từ bản chính,Trực tiếp,1,1,2026-02-23,2026-02-23,0,Đã trả kết quả,Đúng hạn,5.0
HS2026000598,2026-02-22,2,1,Phường An Thịnh,Xây dựng - Đô thị,Cấp giấy phép xây dựng nhà ở riêng lẻ,Trực tuyến,15,7,2026-03-09,2026-03-01,0,Đã trả kết quả,Đúng hạn,4.0
HS2026000599,2026-02-22,2,1,Xã Mỹ Trạch,Kinh tế - Đăng ký KD,Đăng ký hộ kinh doanh,Trực tiếp,3,3,2026-02-25,2026-02-25,0,Đã trả kết quả,Đúng hạn,5.0
HS2026000600,2026-02-22,2,1,Phường An Thịnh,Tư pháp - Hộ tịch,Đăng ký khai sinh,Trực tuyến,3,2,2026-02-25,2026-02-24,0,Đã trả kết quả,Đúng hạn,5.0
HS2026000601,2026-02-22,2,1,Phường An Thịnh,Xây dựng - Đô thị,Cấp giấy phép xây dựng nhà ở riêng lẻ,Trực tuyến,15,9,2026-03-09,2026-03-03,0,Đã trả kết quả,Đúng hạn,5.0
HS2026000602,2026-02-22,2,1,Xã Tân Phước,Tư pháp - Hộ tịch,Chứng thực bản sao từ bản chính,Trực tiếp,1,1,2026-02-23,2026-02-23,0,Đã trả kết quả,Đúng hạn,5.0
HS2026000603,2026-02-22,2,1,Phường An Thịnh,Tư pháp - Hộ tịch,Chứng thực bản sao từ bản chính,Trực tiếp,1,1,2026-02-23,2026-02-23,0,Đã trả kết quả,Đúng hạn,5.0
HS2026000604,2026-02-23,2,1,Phường An Thịnh,Tư pháp - Hộ tịch,Cấp phiếu lý lịch tư pháp số 1,Trực tuyến,10,7,2026-03-05,2026-03-02,0,Đã trả kết quả,Đúng hạn,5.0
HS2026000605,2026-02-23,2,1,Phường Hoà Lạc,Đất đai - Tài nguyên,Đăng ký biến động đất đai,Trực tiếp,10,10,2026-03-05,2026-03-05,1,Đã trả kết quả,Đúng hạn,4.0
HS2026000606,2026-02-23,2,1,Phường Long Phú,Tư pháp - Hộ tịch,Đăng ký kết hôn,Trực tuyến,3,7,2026-02-26,2026-03-02,2,Đã trả kết quả,Trễ hạn,3.0
HS2026000607,2026-02-23,2,1,Xã Tân Phước,Đất đai - Tài nguyên,Đăng ký biến động đất đai,Trực tuyến,10,6,2026-03-05,2026-03-01,0,Đã trả kết quả,Đúng hạn,5.0
HS2026000608,2026-02-23,2,1,Xã Tân Phước,Lao động - Xã hội,Trợ cấp xã hội hằng tháng,Trực tiếp,20,17,2026-03-15,2026-03-12,2,Đã trả kết quả,Đúng hạn,3.0
HS2026000609,2026-02-23,2,1,Phường Long Phú,Tư pháp - Hộ tịch,Chứng thực bản sao từ bản chính,Trực tiếp,1,1,2026-02-24,2026-02-24,0,Đã trả kết quả,Đúng hạn,5.0
HS2026000610,2026-02-23,2,1,Phường Kim Sơn,Tư pháp - Hộ tịch,Chứng thực bản sao từ bản chính,Trực tiếp,1,1,2026-02-24,2026-02-24,0,Đã trả kết quả,Đúng hạn,5.0
HS2026000611,2026-02-24,2,1,Phường Bình Minh,Tư pháp - Hộ tịch,Đăng ký kết hôn,Trực tiếp,3,2,2026-02-27,2026-02-26,0,Đã trả kết quả,Đúng hạn,5.0
HS2026000612,2026-02-24,2,1,Phường Hoà Lạc,Tư pháp - Hộ tịch,Đăng ký khai sinh,Trực tuyến,3,2,2026-02-27,2026-02-26,0,Đã trả kết quả,Đúng hạn,5.0
HS2026000613,2026-02-24,2,1,Xã Tân Phước,Đất đai - Tài nguyên,Đăng ký biến động đất đai,Trực tuyến,10,8,2026-03-06,2026-03-04,0,Đã trả kết quả,Đúng hạn,5.0
HS2026000614,2026-02-24,2,1,Xã Tân Phước,Đất đai - Tài nguyên,Cấp giấy chứng nhận quyền sử dụng đất,Trực tiếp,30,22,2026-03-26,2026-03-18,0,Đã trả kết quả,Đúng hạn,5.0
HS2026000615,2026-02-24,2,1,Phường An Thịnh,Tư pháp - Hộ tịch,Chứng thực bản sao từ bản chính,Bưu chính công ích,1,1,2026-02-25,2026-02-25,0,Đã trả kết quả,Đúng hạn,5.0
HS2026000616,2026-02-24,2,1,Phường Kim Sơn,Tư pháp - Hộ tịch,Đăng ký khai sinh,Trực tuyến,3,5,2026-02-27,2026-03-01,1,Đã trả kết quả,Trễ hạn,2.0
HS2026000617,2026-02-24,2,1,Phường Bình Minh,Tư pháp - Hộ tịch,Đăng ký khai sinh,Trực tiếp,3,2,2026-02-27,2026-02-26,0,Đã trả kết quả,Đúng hạn,5.0
HS2026000618,2026-02-24,2,1,Phường Bình Minh,Đất đai - Tài nguyên,Đăng ký biến động đất đai,Trực tuyến,10,7,2026-03-06,2026-03-03,0,Đã trả kết quả,Đúng hạn,5.0
HS2026000619,2026-02-24,2,1,Phường An Thịnh,Tư pháp - Hộ tịch,Cấp phiếu lý lịch tư pháp số 1,Trực tuyến,10,9,2026-03-06,2026-03-05,2,Đã trả kết quả,Đúng hạn,3.0
HS2026000620,2026-02-24,2,1,Phường An Thịnh,Xây dựng - Đô thị,Cấp giấy phép xây dựng nhà ở riêng lẻ,Trực tiếp,15,14,2026-03-11,2026-03-10,0,Đã trả kết quả,Đúng hạn,5.0
HS2026000621,2026-02-24,2,1,Phường Long Phú,Kinh tế - Đăng ký KD,Đăng ký hộ kinh doanh,Bưu chính công ích,3,5,2026-02-27,2026-03-01,1,Đã trả kết quả,Trễ hạn,4.0
HS2026000622,2026-02-25,2,1,Xã Mỹ Trạch,Đất đai - Tài nguyên,Cấp giấy chứng nhận quyền sử dụng đất,Trực tiếp,30,17,2026-03-27,2026-03-14,1,Đã trả kết quả,Đúng hạn,4.0
HS2026000623,2026-02-25,2,1,Xã Tân Phước,Kinh tế - Đăng ký KD,Đăng ký hộ kinh doanh,Trực tuyến,3,2,2026-02-28,2026-02-27,0,Đã trả kết quả,Đúng hạn,5.0
HS2026000624,2026-02-25,2,1,Xã Tân Phước,Tư pháp - Hộ tịch,Cấp phiếu lý lịch tư pháp số 1,Trực tuyến,10,7,2026-03-07,2026-03-04,0,Đã trả kết quả,Đúng hạn,5.0
HS2026000625,2026-02-25,2,1,Phường An Thịnh,Tư pháp - Hộ tịch,Chứng thực bản sao từ bản chính,Trực tiếp,1,1,2026-02-26,2026-02-26,0,Đã trả kết quả,Đúng hạn,5.0
HS2026000626,2026-02-25,2,1,Phường An Thịnh,Kinh tế - Đăng ký KD,Đăng ký hộ kinh doanh,Trực tuyến,3,2,2026-02-28,2026-02-27,0,Đã trả kết quả,Đúng hạn,5.0
HS2026000627,2026-02-25,2,1,Xã Mỹ Trạch,Đất đai - Tài nguyên,Đăng ký biến động đất đai,Bưu chính công ích,10,9,2026-03-07,2026-03-06,0,Đã trả kết quả,Đúng hạn,5.0
HS2026000628,2026-02-25,2,1,Phường An Thịnh,Tư pháp - Hộ tịch,Chứng thực bản sao từ bản chính,Trực tuyến,1,3,2026-02-26,2026-02-28,1,Đã trả kết quả,Trễ hạn,3.0
HS2026000629,2026-02-25,2,1,Phường An Thịnh,Đất đai - Tài nguyên,Đăng ký biến động đất đai,Trực tiếp,10,5,2026-03-07,2026-03-02,0,Đã trả kết quả,Đúng hạn,5.0
HS2026000630,2026-02-25,2,1,Phường Long Phú,Tư pháp - Hộ tịch,Cấp phiếu lý lịch tư pháp số 1,Trực tuyến,10,5,2026-03-07,2026-03-02,0,Đã trả kết quả,Đúng hạn,5.0
HS2026000631,2026-02-25,2,1,Phường Long Phú,Đất đai - Tài nguyên,Đăng ký biến động đất đai,Trực tuyến,10,11,2026-03-07,2026-03-08,0,Đã trả kết quả,Trễ hạn,4.0
HS2026000632,2026-02-26,2,1,Phường Hoà Lạc,Tư pháp - Hộ tịch,Cấp phiếu lý lịch tư pháp số 1,Trực tuyến,10,9,2026-03-08,2026-03-07,2,Đã trả kết quả,Đúng hạn,4.0
HS2026000633,2026-02-26,2,1,Xã Mỹ Trạch,Tư pháp - Hộ tịch,Đăng ký khai tử,Trực tiếp,3,3,2026-03-01,2026-03-01,0,Đã trả kết quả,Đúng hạn,5.0
HS2026000634,2026-02-26,2,1,Xã Tân Phước,Tư pháp - Hộ tịch,Cấp bản sao trích lục hộ tịch,Trực tuyến,1,1,2026-02-27,2026-02-27,0,Đã trả kết quả,Đúng hạn,4.0
HS2026000635,2026-02-26,2,1,Xã Tân Phước,Tư pháp - Hộ tịch,Cấp phiếu lý lịch tư pháp số 1,Trực tuyến,10,5,2026-03-08,2026-03-03,0,Đã trả kết quả,Đúng hạn,5.0
HS2026000636,2026-02-26,2,1,Phường An Thịnh,Tư pháp - Hộ tịch,Đăng ký kết hôn,Trực tiếp,3,7,2026-03-01,2026-03-05,2,Đã trả kết quả,Trễ hạn,2.0
HS2026000637,2026-02-26,2,1,Phường An Thịnh,Tư pháp - Hộ tịch,Đăng ký khai sinh,Trực tiếp,3,5,2026-03-01,2026-03-03,1,Đã trả kết quả,Trễ hạn,2.0
HS2026000638,2026-02-26,2,1,Phường Long Phú,Tư pháp - Hộ tịch,Cấp bản sao trích lục hộ tịch,Trực tiếp,1,1,2026-02-27,2026-02-27,0,Đã trả kết quả,Đúng hạn,5.0
HS2026000639,2026-02-26,2,1,Xã Mỹ Trạch,Tư pháp - Hộ tịch,Đăng ký khai sinh,Trực tuyến,3,5,2026-03-01,2026-03-03,2,Đã trả kết quả,Trễ hạn,3.0
HS2026000640,2026-02-26,2,1,Xã Nam Hải,Đất đai - Tài nguyên,Đăng ký biến động đất đai,Trực tiếp,10,12,2026-03-08,2026-03-10,0,Đã trả kết quả,Trễ hạn,2.0
HS2026000641,2026-02-26,2,1,Phường Hoà Lạc,Tư pháp - Hộ tịch,Cấp bản sao trích lục hộ tịch,Trực tiếp,1,1,2026-02-27,2026-02-27,0,Đã trả kết quả,Đúng hạn,5.0
HS2026000642,2026-02-26,2,1,Phường Kim Sơn,Tư pháp - Hộ tịch,Đăng ký khai sinh,Trực tuyến,3,3,2026-03-01,2026-03-01,0,Đã trả kết quả,Đúng hạn,5.0
HS2026000643,2026-02-26,2,1,Phường Long Phú,Tư pháp - Hộ tịch,Cấp bản sao trích lục hộ tịch,Bưu chính công ích,1,2,2026-02-27,2026-02-28,0,Đã trả kết quả,Trễ hạn,2.0
HS2026000644,2026-02-26,2,1,Phường Kim Sơn,Tư pháp - Hộ tịch,Cấp phiếu lý lịch tư pháp số 1,Trực tiếp,10,15,2026-03-08,2026-03-13,2,Đã trả kết quả,Trễ hạn,2.0
HS2026000645,2026-02-26,2,1,Phường Bình Minh,Tư pháp - Hộ tịch,Cấp phiếu lý lịch tư pháp số 1,Trực tiếp,10,9,2026-03-08,2026-03-07,0,Đã trả kết quả,Đúng hạn,5.0
HS2026000646,2026-02-26,2,1,Phường Kim Sơn,Tư pháp - Hộ tịch,Đăng ký khai sinh,Trực tuyến,3,2,2026-03-01,2026-02-28,0,Đã trả kết quả,Đúng hạn,5.0
HS2026000647,2026-02-27,2,1,Phường An Thịnh,Tư pháp - Hộ tịch,Chứng thực bản sao từ bản chính,Trực tiếp,1,4,2026-02-28,2026-03-03,1,Đã trả kết quả,Trễ hạn,3.0
HS2026000648,2026-02-27,2,1,Phường Bình Minh,Lao động - Xã hội,Trợ cấp xã hội hằng tháng,Trực tiếp,20,12,2026-03-19,2026-03-11,0,Đã trả kết quả,Đúng hạn,5.0
HS2026000649,2026-02-27,2,1,Xã Tân Phước,Tư pháp - Hộ tịch,Đăng ký khai sinh,Trực tuyến,3,3,2026-03-02,2026-03-02,0,Đã trả kết quả,Đúng hạn,5.0
HS2026000650,2026-02-27,2,1,Phường Bình Minh,Kinh tế - Đăng ký KD,Đăng ký hộ kinh doanh,Trực tiếp,3,3,2026-03-02,2026-03-02,0,Đã trả kết quả,Đúng hạn,5.0
HS2026000651,2026-02-27,2,1,Xã Nam Hải,Đất đai - Tài nguyên,Đăng ký biến động đất đai,Trực tiếp,10,8,2026-03-09,2026-03-07,0,Đã trả kết quả,Đúng hạn,5.0
HS2026000652,2026-02-27,2,1,Xã Tân Phước,Đất đai - Tài nguyên,Cấp giấy chứng nhận quyền sử dụng đất,Trực tuyến,30,21,2026-03-29,2026-03-20,0,Đã trả kết quả,Đúng hạn,5.0
HS2026000653,2026-02-27,2,1,Xã Mỹ Trạch,Tư pháp - Hộ tịch,Đăng ký khai tử,Trực tiếp,3,2,2026-03-02,2026-03-01,0,Đã trả kết quả,Đúng hạn,5.0
HS2026000654,2026-02-27,2,1,Phường Bình Minh,Tư pháp - Hộ tịch,Đăng ký khai sinh,Trực tiếp,3,2,2026-03-02,2026-03-01,0,Đã trả kết quả,Đúng hạn,5.0
HS2026000655,2026-02-28,2,1,Phường An Thịnh,Đất đai - Tài nguyên,Cấp giấy chứng nhận quyền sử dụng đất,Trực tiếp,30,20,2026-03-30,2026-03-20,2,Đã trả kết quả,Đúng hạn,4.0
HS2026000656,2026-02-28,2,1,Xã Tân Phước,Tư pháp - Hộ tịch,Đăng ký kết hôn,Trực tiếp,3,2,2026-03-03,2026-03-02,0,Đã trả kết quả,Đúng hạn,5.0
HS2026000657,2026-02-28,2,1,Xã Nam Hải,Tư pháp - Hộ tịch,Cấp bản sao trích lục hộ tịch,Trực tuyến,1,1,2026-03-01,2026-03-01,0,Đã trả kết quả,Đúng hạn,5.0
HS2026000658,2026-02-28,2,1,Phường Kim Sơn,Tư pháp - Hộ tịch,Đăng ký khai sinh,Trực tuyến,3,3,2026-03-03,2026-03-03,0,Đã trả kết quả,Đúng hạn,5.0
HS2026000659,2026-02-28,2,1,Phường Hoà Lạc,Tư pháp - Hộ tịch,Chứng thực bản sao từ bản chính,Trực tiếp,1,1,2026-03-01,2026-03-01,0,Đã trả kết quả,Đúng hạn,5.0
HS2026000660,2026-02-28,2,1,Phường Hoà Lạc,Tư pháp - Hộ tịch,Chứng thực bản sao từ bản chính,Trực tiếp,1,1,2026-03-01,2026-03-01,0,Đã trả kết quả,Đúng hạn,4.0
HS2026000661,2026-02-28,2,1,Phường Kim Sơn,Tư pháp - Hộ tịch,Cấp bản sao trích lục hộ tịch,Trực tuyến,1,5,2026-03-01,2026-03-05,2,Đã trả kết quả,Trễ hạn,2.0
HS2026000662,2026-02-28,2,1,Phường Hoà Lạc,Tư pháp - Hộ tịch,Cấp bản sao trích lục hộ tịch,Trực tuyến,1,1,2026-03-01,2026-03-01,0,Đã trả kết quả,Đúng hạn,5.0
HS2026000663,2026-02-28,2,1,Phường An Thịnh,Xây dựng - Đô thị,Cấp giấy phép xây dựng nhà ở riêng lẻ,Trực tiếp,15,9,2026-03-15,2026-03-09,0,Đã trả kết quả,Đúng hạn,5.0
HS2026000664,2026-02-28,2,1,Phường Long Phú,Xây dựng - Đô thị,Cấp giấy phép xây dựng nhà ở riêng lẻ,Trực tiếp,15,17,2026-03-15,2026-03-17,0,Đã trả kết quả,Trễ hạn,4.0
HS2026000665,2026-03-01,3,1,Xã Mỹ Trạch,Tư pháp - Hộ tịch,Cấp bản sao trích lục hộ tịch,Trực tuyến,1,1,2026-03-02,2026-03-02,0,Đã trả kết quả,Đúng hạn,5.0
HS2026000666,2026-03-01,3,1,Phường Bình Minh,Tư pháp - Hộ tịch,Chứng thực bản sao từ bản chính,Trực tuyến,1,1,2026-03-02,2026-03-02,0,Đã trả kết quả,Đúng hạn,5.0
HS2026000667,2026-03-01,3,1,Xã Nam Hải,Tư pháp - Hộ tịch,Đăng ký khai tử,Trực tuyến,3,3,2026-03-04,2026-03-04,0,Đã trả kết quả,Đúng hạn,5.0
HS2026000668,2026-03-01,3,1,Phường Hoà Lạc,Tư pháp - Hộ tịch,Chứng thực bản sao từ bản chính,Bưu chính công ích,1,1,2026-03-02,2026-03-02,0,Đã trả kết quả,Đúng hạn,5.0
HS2026000669,2026-03-01,3,1,Phường Hoà Lạc,Tư pháp - Hộ tịch,Đăng ký kết hôn,Trực tuyến,3,2,2026-03-04,2026-03-03,0,Đã trả kết quả,Đúng hạn,5.0
HS2026000670,2026-03-01,3,1,Phường An Thịnh,Tư pháp - Hộ tịch,Cấp phiếu lý lịch tư pháp số 1,Trực tuyến,10,13,2026-03-11,2026-03-14,2,Đã trả kết quả,Trễ hạn,1.0
HS2026000671,2026-03-01,3,1,Phường An Thịnh,Đất đai - Tài nguyên,Đăng ký biến động đất đai,Trực tuyến,10,6,2026-03-11,2026-03-07,0,Đã trả kết quả,Đúng hạn,5.0
HS2026000672,2026-03-01,3,1,Phường Long Phú,Lao động - Xã hội,"Xác nhận hộ nghèo, cận nghèo",Trực tuyến,5,7,2026-03-06,2026-03-08,1,Đã trả kết quả,Trễ hạn,4.0
HS2026000673,2026-03-01,3,1,Phường Kim Sơn,Lao động - Xã hội,"Xác nhận hộ nghèo, cận nghèo",Trực tuyến,5,3,2026-03-06,2026-03-04,0,Đã trả kết quả,Đúng hạn,5.0
HS2026000674,2026-03-01,3,1,Xã Tân Phước,Kinh tế - Đăng ký KD,Đăng ký hộ kinh doanh,Trực tuyến,3,3,2026-03-04,2026-03-04,0,Đã trả kết quả,Đúng hạn,5.0
HS2026000675,2026-03-02,3,1,Phường Long Phú,Kinh tế - Đăng ký KD,Đăng ký hộ kinh doanh,Bưu chính công ích,3,3,2026-03-05,2026-03-05,0,Đã trả kết quả,Đúng hạn,5.0
HS2026000676,2026-03-02,3,1,Xã Mỹ Trạch,Kinh tế - Đăng ký KD,Đăng ký hộ kinh doanh,Trực tiếp,3,7,2026-03-05,2026-03-09,2,Đã trả kết quả,Trễ hạn,2.0
HS2026000677,2026-03-02,3,1,Phường Kim Sơn,Tư pháp - Hộ tịch,Chứng thực bản sao từ bản chính,Trực tuyến,1,1,2026-03-03,2026-03-03,0,Đã trả kết quả,Đúng hạn,5.0
HS2026000678,2026-03-02,3,1,Phường Bình Minh,Tư pháp - Hộ tịch,Chứng thực bản sao từ bản chính,Trực tuyến,1,1,2026-03-03,2026-03-03,0,Đã trả kết quả,Đúng hạn,5.0
HS2026000679,2026-03-02,3,1,Phường An Thịnh,Kinh tế - Đăng ký KD,Đăng ký hộ kinh doanh,Trực tuyến,3,5,2026-03-05,2026-03-07,1,Đã trả kết quả,Trễ hạn,2.0
HS2026000680,2026-03-03,3,1,Xã Nam Hải,Lao động - Xã hội,"Xác nhận hộ nghèo, cận nghèo",Trực tiếp,5,4,2026-03-08,2026-03-07,0,Đã trả kết quả,Đúng hạn,5.0
HS2026000681,2026-03-03,3,1,Phường Bình Minh,Kinh tế - Đăng ký KD,Đăng ký hộ kinh doanh,Trực tuyến,3,6,2026-03-06,2026-03-09,1,Đã trả kết quả,Trễ hạn,2.0
HS2026000682,2026-03-03,3,1,Phường Hoà Lạc,Tư pháp - Hộ tịch,Chứng thực bản sao từ bản chính,Trực tiếp,1,1,2026-03-04,2026-03-04,0,Đã trả kết quả,Đúng hạn,5.0
HS2026000683,2026-03-03,3,1,Xã Tân Phước,Tư pháp - Hộ tịch,Cấp bản sao trích lục hộ tịch,Trực tuyến,1,6,2026-03-04,2026-03-09,2,Đã trả kết quả,Trễ hạn,3.0
HS2026000684,2026-03-03,3,1,Phường Bình Minh,Tư pháp - Hộ tịch,Đăng ký khai sinh,Bưu chính công ích,3,3,2026-03-06,2026-03-06,0,Đã trả kết quả,Đúng hạn,5.0
HS2026000685,2026-03-03,3,1,Phường Kim Sơn,Lao động - Xã hội,Trợ cấp xã hội hằng tháng,Trực tiếp,20,20,2026-03-23,2026-03-23,0,Đã trả kết quả,Đúng hạn,5.0
HS2026000686,2026-03-03,3,1,Phường Kim Sơn,Tư pháp - Hộ tịch,Đăng ký khai tử,Trực tiếp,3,3,2026-03-06,2026-03-06,0,Đã trả kết quả,Đúng hạn,5.0
HS2026000687,2026-03-03,3,1,Phường Bình Minh,Tư pháp - Hộ tịch,Chứng thực bản sao từ bản chính,Trực tuyến,1,7,2026-03-04,2026-03-10,2,Đã trả kết quả,Trễ hạn,2.0
HS2026000688,2026-03-03,3,1,Xã Nam Hải,Đất đai - Tài nguyên,Đăng ký biến động đất đai,Trực tuyến,10,9,2026-03-13,2026-03-12,1,Đã trả kết quả,Đúng hạn,5.0
HS2026000689,2026-03-03,3,1,Phường Bình Minh,Tư pháp - Hộ tịch,Đăng ký khai sinh,Trực tiếp,3,3,2026-03-06,2026-03-06,0,Đã trả kết quả,Đúng hạn,5.0
HS2026000690,2026-03-03,3,1,Xã Nam Hải,Tư pháp - Hộ tịch,Chứng thực bản sao từ bản chính,Trực tiếp,1,1,2026-03-04,2026-03-04,0,Đã trả kết quả,Đúng hạn,5.0
HS2026000691,2026-03-03,3,1,Phường Bình Minh,Tư pháp - Hộ tịch,Đăng ký khai tử,Trực tiếp,3,3,2026-03-06,2026-03-06,0,Đã trả kết quả,Đúng hạn,5.0
HS2026000692,2026-03-04,3,1,Phường Kim Sơn,Đất đai - Tài nguyên,Đăng ký biến động đất đai,Trực tiếp,10,10,2026-03-14,2026-03-14,0,Đã trả kết quả,Đúng hạn,5.0
HS2026000693,2026-03-04,3,1,Xã Tân Phước,Tư pháp - Hộ tịch,Cấp bản sao trích lục hộ tịch,Trực tuyến,1,1,2026-03-05,2026-03-05,0,Đã trả kết quả,Đúng hạn,4.0
HS2026000694,2026-03-04,3,1,Phường Long Phú,Kinh tế - Đăng ký KD,Đăng ký hộ kinh doanh,Trực tuyến,3,4,2026-03-07,2026-03-08,1,Đã trả kết quả,Trễ hạn,3.0
HS2026000695,2026-03-04,3,1,Phường Bình Minh,Tư pháp - Hộ tịch,Đăng ký khai sinh,Bưu chính công ích,3,3,2026-03-07,2026-03-07,0,Đã trả kết quả,Đúng hạn,5.0
HS2026000696,2026-03-04,3,1,Phường Bình Minh,Đất đai - Tài nguyên,Đăng ký biến động đất đai,Trực tiếp,10,6,2026-03-14,2026-03-10,0,Đã trả kết quả,Đúng hạn,5.0
HS2026000697,2026-03-04,3,1,Phường Hoà Lạc,Tư pháp - Hộ tịch,Cấp phiếu lý lịch tư pháp số 1,Trực tuyến,10,10,2026-03-14,2026-03-14,1,Đã trả kết quả,Đúng hạn,4.0
HS2026000698,2026-03-04,3,1,Xã Mỹ Trạch,Lao động - Xã hội,"Xác nhận hộ nghèo, cận nghèo",Trực tiếp,5,4,2026-03-09,2026-03-08,0,Đã trả kết quả,Đúng hạn,5.0
HS2026000699,2026-03-04,3,1,Phường Bình Minh,Tư pháp - Hộ tịch,Cấp phiếu lý lịch tư pháp số 1,Trực tiếp,10,8,2026-03-14,2026-03-12,0,Đã trả kết quả,Đúng hạn,4.0
HS2026000700,2026-03-04,3,1,Xã Nam Hải,Đất đai - Tài nguyên,Đăng ký biến động đất đai,Bưu chính công ích,10,8,2026-03-14,2026-03-12,0,Đã trả kết quả,Đúng hạn,5.0
HS2026000701,2026-03-04,3,1,Xã Mỹ Trạch,Tư pháp - Hộ tịch,Đăng ký kết hôn,Trực tiếp,3,2,2026-03-07,2026-03-06,0,Đã trả kết quả,Đúng hạn,5.0
HS2026000702,2026-03-04,3,1,Phường Hoà Lạc,Đất đai - Tài nguyên,Đăng ký biến động đất đai,Trực tuyến,10,5,2026-03-14,2026-03-09,0,Đã trả kết quả,Đúng hạn,5.0
HS2026000703,2026-03-05,3,1,Phường Bình Minh,Tư pháp - Hộ tịch,Đăng ký khai sinh,Trực tuyến,3,3,2026-03-08,2026-03-08,0,Đã trả kết quả,Đúng hạn,5.0
HS2026000704,2026-03-05,3,1,Phường An Thịnh,Tư pháp - Hộ tịch,Cấp phiếu lý lịch tư pháp số 1,Trực tuyến,10,5,2026-03-15,2026-03-10,0,Đã trả kết quả,Đúng hạn,5.0
HS2026000705,2026-03-05,3,1,Xã Tân Phước,Xây dựng - Đô thị,Cấp giấy phép xây dựng nhà ở riêng lẻ,Trực tuyến,15,6,2026-03-20,2026-03-11,0,Đã trả kết quả,Đúng hạn,5.0
HS2026000706,2026-03-05,3,1,Phường Long Phú,Tư pháp - Hộ tịch,Chứng thực bản sao từ bản chính,Trực tiếp,1,2,2026-03-06,2026-03-07,0,Đã trả kết quả,Trễ hạn,4.0
HS2026000707,2026-03-05,3,1,Phường Kim Sơn,Lao động - Xã hội,"Xác nhận hộ nghèo, cận nghèo",Trực tiếp,5,4,2026-03-10,2026-03-09,0,Đã trả kết quả,Đúng hạn,5.0
HS2026000708,2026-03-05,3,1,Xã Tân Phước,Lao động - Xã hội,"Xác nhận hộ nghèo, cận nghèo",Trực tiếp,5,5,2026-03-10,2026-03-10,0,Đã trả kết quả,Đúng hạn,5.0
HS2026000709,2026-03-05,3,1,Phường Long Phú,Kinh tế - Đăng ký KD,Đăng ký hộ kinh doanh,Trực tiếp,3,4,2026-03-08,2026-03-09,0,Đã trả kết quả,Trễ hạn,2.0
HS2026000710,2026-03-05,3,1,Phường Bình Minh,Đất đai - Tài nguyên,Cấp giấy chứng nhận quyền sử dụng đất,Trực tiếp,30,18,2026-04-04,2026-03-23,0,Đã trả kết quả,Đúng hạn,5.0
HS2026000711,2026-03-05,3,1,Xã Tân Phước,Xây dựng - Đô thị,Cấp giấy phép xây dựng nhà ở riêng lẻ,Bưu chính công ích,15,12,2026-03-20,2026-03-17,0,Đã trả kết quả,Đúng hạn,5.0
HS2026000712,2026-03-05,3,1,Phường Bình Minh,Tư pháp - Hộ tịch,Đăng ký kết hôn,Trực tiếp,3,2,2026-03-08,2026-03-07,0,Đã trả kết quả,Đúng hạn,5.0
HS2026000713,2026-03-05,3,1,Phường Bình Minh,Tư pháp - Hộ tịch,Đăng ký khai sinh,Trực tiếp,3,3,2026-03-08,2026-03-08,0,Đã trả kết quả,Đúng hạn,5.0
HS2026000714,2026-03-05,3,1,Xã Tân Phước,Đất đai - Tài nguyên,Đăng ký biến động đất đai,Trực tiếp,10,8,2026-03-15,2026-03-13,0,Đã trả kết quả,Đúng hạn,5.0
HS2026000715,2026-03-05,3,1,Phường Hoà Lạc,Tư pháp - Hộ tịch,Chứng thực bản sao từ bản chính,Trực tuyến,1,1,2026-03-06,2026-03-06,0,Đã trả kết quả,Đúng hạn,5.0
HS2026000716,2026-03-05,3,1,Phường Kim Sơn,Tư pháp - Hộ tịch,Chứng thực bản sao từ bản chính,Bưu chính công ích,1,1,2026-03-06,2026-03-06,0,Đã trả kết quả,Đúng hạn,5.0
HS2026000717,2026-03-06,3,1,Phường Hoà Lạc,Tư pháp - Hộ tịch,Đăng ký khai sinh,Trực tuyến,3,3,2026-03-09,2026-03-09,0,Đã trả kết quả,Đúng hạn,5.0
HS2026000718,2026-03-06,3,1,Phường Kim Sơn,Đất đai - Tài nguyên,Đăng ký biến động đất đai,Bưu chính công ích,10,11,2026-03-16,2026-03-17,0,Đã trả kết quả,Trễ hạn,4.0
HS2026000719,2026-03-06,3,1,Phường Long Phú,Tư pháp - Hộ tịch,Đăng ký khai sinh,Trực tuyến,3,2,2026-03-09,2026-03-08,0,Đã trả kết quả,Đúng hạn,5.0
HS2026000720,2026-03-06,3,1,Xã Mỹ Trạch,Lao động - Xã hội,"Xác nhận hộ nghèo, cận nghèo",Trực tiếp,5,8,2026-03-11,2026-03-14,2,Đã trả kết quả,Trễ hạn,2.0
HS2026000721,2026-03-06,3,1,Xã Tân Phước,Tư pháp - Hộ tịch,Chứng thực bản sao từ bản chính,Trực tuyến,1,1,2026-03-07,2026-03-07,0,Đã trả kết quả,Đúng hạn,5.0
HS2026000722,2026-03-06,3,1,Phường Kim Sơn,Kinh tế - Đăng ký KD,Đăng ký hộ kinh doanh,Trực tiếp,3,7,2026-03-09,2026-03-13,1,Đã trả kết quả,Trễ hạn,3.0
HS2026000723,2026-03-06,3,1,Phường Long Phú,Đất đai - Tài nguyên,Cấp giấy chứng nhận quyền sử dụng đất,Trực tiếp,30,37,2026-04-05,2026-04-12,0,Đã trả kết quả,Trễ hạn,3.0
HS2026000724,2026-03-06,3,1,Phường Hoà Lạc,Tư pháp - Hộ tịch,Đăng ký khai sinh,Trực tuyến,3,3,2026-03-09,2026-03-09,0,Đã trả kết quả,Đúng hạn,5.0
HS2026000725,2026-03-06,3,1,Xã Nam Hải,Tư pháp - Hộ tịch,Cấp phiếu lý lịch tư pháp số 1,Bưu chính công ích,10,10,2026-03-16,2026-03-16,0,Đã trả kết quả,Đúng hạn,5.0
HS2026000726,2026-03-06,3,1,Phường Long Phú,Kinh tế - Đăng ký KD,Đăng ký hộ kinh doanh,Trực tuyến,3,7,2026-03-09,2026-03-13,2,Đã trả kết quả,Trễ hạn,3.0
HS2026000727,2026-03-07,3,1,Xã Nam Hải,Kinh tế - Đăng ký KD,Đăng ký hộ kinh doanh,Bưu chính công ích,3,4,2026-03-10,2026-03-11,0,Đã trả kết quả,Trễ hạn,4.0
HS2026000728,2026-03-07,3,1,Phường Bình Minh,Tư pháp - Hộ tịch,Đăng ký khai sinh,Trực tuyến,3,4,2026-03-10,2026-03-11,1,Đã trả kết quả,Trễ hạn,3.0
HS2026000729,2026-03-07,3,1,Phường Hoà Lạc,Tư pháp - Hộ tịch,Cấp phiếu lý lịch tư pháp số 1,Trực tiếp,10,7,2026-03-17,2026-03-14,0,Đã trả kết quả,Đúng hạn,5.0
HS2026000730,2026-03-07,3,1,Xã Nam Hải,Tư pháp - Hộ tịch,Đăng ký khai sinh,Trực tuyến,3,2,2026-03-10,2026-03-09,0,Đã trả kết quả,Đúng hạn,5.0
HS2026000731,2026-03-07,3,1,Phường Long Phú,Tư pháp - Hộ tịch,Cấp phiếu lý lịch tư pháp số 1,Trực tiếp,10,10,2026-03-17,2026-03-17,0,Đã trả kết quả,Đúng hạn,5.0
HS2026000732,2026-03-07,3,1,Xã Tân Phước,Tư pháp - Hộ tịch,Đăng ký khai sinh,Trực tuyến,3,2,2026-03-10,2026-03-09,0,Đã trả kết quả,Đúng hạn,5.0
HS2026000733,2026-03-07,3,1,Phường Long Phú,Tư pháp - Hộ tịch,Đăng ký khai sinh,Trực tuyến,3,3,2026-03-10,2026-03-10,0,Đã trả kết quả,Đúng hạn,5.0
HS2026000734,2026-03-07,3,1,Phường Bình Minh,Tư pháp - Hộ tịch,Cấp phiếu lý lịch tư pháp số 1,Trực tuyến,10,7,2026-03-17,2026-03-14,0,Đã trả kết quả,Đúng hạn,5.0
HS2026000735,2026-03-07,3,1,Xã Mỹ Trạch,Tư pháp - Hộ tịch,Đăng ký khai sinh,Trực tiếp,3,3,2026-03-10,2026-03-10,0,Đã trả kết quả,Đúng hạn,5.0
HS2026000736,2026-03-08,3,1,Xã Nam Hải,Tư pháp - Hộ tịch,Cấp bản sao trích lục hộ tịch,Trực tiếp,1,1,2026-03-09,2026-03-09,0,Đã trả kết quả,Đúng hạn,5.0
HS2026000737,2026-03-08,3,1,Phường Long Phú,Lao động - Xã hội,Trợ cấp xã hội hằng tháng,Trực tiếp,20,23,2026-03-28,2026-03-31,0,Đã trả kết quả,Trễ hạn,4.0
HS2026000738,2026-03-08,3,1,Phường An Thịnh,Tư pháp - Hộ tịch,Đăng ký khai tử,Trực tiếp,3,3,2026-03-11,2026-03-11,0,Đã trả kết quả,Đúng hạn,5.0
HS2026000739,2026-03-08,3,1,Phường An Thịnh,Tư pháp - Hộ tịch,Chứng thực bản sao từ bản chính,Trực tuyến,1,1,2026-03-09,2026-03-09,0,Đã trả kết quả,Đúng hạn,4.0
HS2026000740,2026-03-08,3,1,Phường An Thịnh,Đất đai - Tài nguyên,Đăng ký biến động đất đai,Trực tiếp,10,6,2026-03-18,2026-03-14,0,Đã trả kết quả,Đúng hạn,4.0
HS2026000741,2026-03-08,3,1,Phường Kim Sơn,Lao động - Xã hội,Trợ cấp xã hội hằng tháng,Trực tiếp,20,17,2026-03-28,2026-03-25,2,Đã trả kết quả,Đúng hạn,5.0
HS2026000742,2026-03-08,3,1,Phường Bình Minh,Tư pháp - Hộ tịch,Cấp bản sao trích lục hộ tịch,Trực tuyến,1,1,2026-03-09,2026-03-09,0,Đã trả kết quả,Đúng hạn,5.0
HS2026000743,2026-03-09,3,1,Phường Bình Minh,Tư pháp - Hộ tịch,Chứng thực bản sao từ bản chính,Trực tiếp,1,1,2026-03-10,2026-03-10,0,Đã trả kết quả,Đúng hạn,5.0
HS2026000744,2026-03-09,3,1,Xã Nam Hải,Tư pháp - Hộ tịch,Cấp phiếu lý lịch tư pháp số 1,Trực tuyến,10,8,2026-03-19,2026-03-17,0,Đã trả kết quả,Đúng hạn,5.0
HS2026000745,2026-03-09,3,1,Phường Hoà Lạc,Kinh tế - Đăng ký KD,Đăng ký hộ kinh doanh,Trực tuyến,3,3,2026-03-12,2026-03-12,0,Đã trả kết quả,Đúng hạn,5.0
HS2026000746,2026-03-09,3,1,Phường Hoà Lạc,Tư pháp - Hộ tịch,Chứng thực bản sao từ bản chính,Trực tiếp,1,1,2026-03-10,2026-03-10,0,Đã trả kết quả,Đúng hạn,4.0
HS2026000747,2026-03-09,3,1,Phường An Thịnh,Tư pháp - Hộ tịch,Cấp bản sao trích lục hộ tịch,Trực tuyến,1,3,2026-03-10,2026-03-12,1,Đã trả kết quả,Trễ hạn,3.0
HS2026000748,2026-03-10,3,1,Phường Kim Sơn,Tư pháp - Hộ tịch,Đăng ký kết hôn,Trực tiếp,3,5,2026-03-13,2026-03-15,1,Đã trả kết quả,Trễ hạn,2.0
HS2026000749,2026-03-10,3,1,Phường An Thịnh,Xây dựng - Đô thị,Cấp giấy phép xây dựng nhà ở riêng lẻ,Bưu chính công ích,15,12,2026-03-25,2026-03-22,0,Đã trả kết quả,Đúng hạn,5.0
HS2026000750,2026-03-10,3,1,Phường Kim Sơn,Tư pháp - Hộ tịch,Đăng ký khai tử,Trực tuyến,3,3,2026-03-13,2026-03-13,0,Đã trả kết quả,Đúng hạn,5.0
HS2026000751,2026-03-10,3,1,Phường Bình Minh,Lao động - Xã hội,Trợ cấp xã hội hằng tháng,Trực tiếp,20,11,2026-03-30,2026-03-21,0,Đã trả kết quả,Đúng hạn,5.0
HS2026000752,2026-03-11,3,1,Phường Kim Sơn,Đất đai - Tài nguyên,Đăng ký biến động đất đai,Bưu chính công ích,10,6,2026-03-21,2026-03-17,0,Đã trả kết quả,Đúng hạn,5.0
HS2026000753,2026-03-11,3,1,Phường Hoà Lạc,Tư pháp - Hộ tịch,Chứng thực bản sao từ bản chính,Trực tiếp,1,1,2026-03-12,2026-03-12,0,Đã trả kết quả,Đúng hạn,5.0
HS2026000754,2026-03-11,3,1,Xã Nam Hải,Tư pháp - Hộ tịch,Chứng thực bản sao từ bản chính,Trực tiếp,1,1,2026-03-12,2026-03-12,0,Đã trả kết quả,Đúng hạn,5.0
HS2026000755,2026-03-11,3,1,Xã Mỹ Trạch,Đất đai - Tài nguyên,Đăng ký biến động đất đai,Trực tiếp,10,5,2026-03-21,2026-03-16,0,Đã trả kết quả,Đúng hạn,5.0
HS2026000756,2026-03-11,3,1,Phường Bình Minh,Đất đai - Tài nguyên,Đăng ký biến động đất đai,Trực tiếp,10,9,2026-03-21,2026-03-20,0,Đã trả kết quả,Đúng hạn,5.0
HS2026000757,2026-03-11,3,1,Phường Kim Sơn,Tư pháp - Hộ tịch,Chứng thực bản sao từ bản chính,Trực tiếp,1,1,2026-03-12,2026-03-12,0,Đã trả kết quả,Đúng hạn,5.0
HS2026000758,2026-03-12,3,1,Phường Bình Minh,Đất đai - Tài nguyên,Cấp giấy chứng nhận quyền sử dụng đất,Bưu chính công ích,30,19,2026-04-11,2026-03-31,0,Đã trả kết quả,Đúng hạn,5.0
HS2026000759,2026-03-12,3,1,Xã Nam Hải,Tư pháp - Hộ tịch,Cấp bản sao trích lục hộ tịch,Trực tiếp,1,1,2026-03-13,2026-03-13,0,Đã trả kết quả,Đúng hạn,5.0
HS2026000760,2026-03-12,3,1,Phường Hoà Lạc,Tư pháp - Hộ tịch,Đăng ký khai tử,Trực tuyến,3,7,2026-03-15,2026-03-19,2,Đã trả kết quả,Trễ hạn,3.0
HS2026000761,2026-03-12,3,1,Xã Tân Phước,Tư pháp - Hộ tịch,Đăng ký khai sinh,Trực tiếp,3,3,2026-03-15,2026-03-15,0,Đã trả kết quả,Đúng hạn,5.0
HS2026000762,2026-03-12,3,1,Phường An Thịnh,Tư pháp - Hộ tịch,Cấp bản sao trích lục hộ tịch,Trực tiếp,1,1,2026-03-13,2026-03-13,0,Đã trả kết quả,Đúng hạn,4.0
HS2026000763,2026-03-12,3,1,Phường Long Phú,Tư pháp - Hộ tịch,Cấp bản sao trích lục hộ tịch,Trực tuyến,1,1,2026-03-13,2026-03-13,0,Đã trả kết quả,Đúng hạn,5.0
HS2026000764,2026-03-12,3,1,Phường Long Phú,Lao động - Xã hội,Trợ cấp xã hội hằng tháng,Trực tiếp,20,15,2026-04-01,2026-03-27,0,Đã trả kết quả,Đúng hạn,5.0
HS2026000765,2026-03-13,3,1,Xã Nam Hải,Tư pháp - Hộ tịch,Đăng ký khai sinh,Trực tiếp,3,2,2026-03-16,2026-03-15,0,Đã trả kết quả,Đúng hạn,5.0
HS2026000766,2026-03-13,3,1,Phường Long Phú,Tư pháp - Hộ tịch,Đăng ký khai sinh,Trực tuyến,3,2,2026-03-16,2026-03-15,0,Đã trả kết quả,Đúng hạn,5.0
HS2026000767,2026-03-13,3,1,Xã Tân Phước,Đất đai - Tài nguyên,Cấp giấy chứng nhận quyền sử dụng đất,Trực tiếp,30,30,2026-04-12,2026-04-12,0,Đã trả kết quả,Đúng hạn,5.0
HS2026000768,2026-03-13,3,1,Phường An Thịnh,Tư pháp - Hộ tịch,Chứng thực bản sao từ bản chính,Trực tiếp,1,1,2026-03-14,2026-03-14,0,Đã trả kết quả,Đúng hạn,5.0
HS2026000769,2026-03-13,3,1,Xã Tân Phước,Đất đai - Tài nguyên,Đăng ký biến động đất đai,Trực tuyến,10,7,2026-03-23,2026-03-20,0,Đã trả kết quả,Đúng hạn,5.0
HS2026000770,2026-03-13,3,1,Phường Long Phú,Tư pháp - Hộ tịch,Chứng thực bản sao từ bản chính,Trực tiếp,1,2,2026-03-14,2026-03-15,0,Đã trả kết quả,Trễ hạn,3.0
HS2026000771,2026-03-13,3,1,Phường Long Phú,Tư pháp - Hộ tịch,Đăng ký khai sinh,Trực tiếp,3,4,2026-03-16,2026-03-17,0,Đã trả kết quả,Trễ hạn,4.0
HS2026000772,2026-03-13,3,1,Xã Tân Phước,Tư pháp - Hộ tịch,Đăng ký khai sinh,Bưu chính công ích,3,3,2026-03-16,2026-03-16,0,Đã trả kết quả,Đúng hạn,5.0
HS2026000773,2026-03-13,3,1,Xã Nam Hải,Tư pháp - Hộ tịch,Đăng ký kết hôn,Trực tiếp,3,8,2026-03-16,2026-03-21,2,Đã trả kết quả,Trễ hạn,3.0
HS2026000774,2026-03-13,3,1,Phường An Thịnh,Đất đai - Tài nguyên,Cấp giấy chứng nhận quyền sử dụng đất,Trực tuyến,30,14,2026-04-12,2026-03-27,0,Đã trả kết quả,Đúng hạn,4.0
HS2026000775,2026-03-14,3,1,Xã Mỹ Trạch,Tư pháp - Hộ tịch,Đăng ký khai sinh,Trực tuyến,3,2,2026-03-17,2026-03-16,0,Đã trả kết quả,Đúng hạn,5.0
HS2026000776,2026-03-14,3,1,Xã Nam Hải,Tư pháp - Hộ tịch,Đăng ký khai tử,Trực tuyến,3,3,2026-03-17,2026-03-17,0,Đã trả kết quả,Đúng hạn,4.0
HS2026000777,2026-03-14,3,1,Phường Bình Minh,Lao động - Xã hội,"Xác nhận hộ nghèo, cận nghèo",Trực tiếp,5,4,2026-03-19,2026-03-18,0,Đã trả kết quả,Đúng hạn,5.0
HS2026000778,2026-03-14,3,1,Phường An Thịnh,Tư pháp - Hộ tịch,Cấp phiếu lý lịch tư pháp số 1,Trực tuyến,10,8,2026-03-24,2026-03-22,1,Đã trả kết quả,Đúng hạn,4.0
HS2026000779,2026-03-14,3,1,Phường Hoà Lạc,Tư pháp - Hộ tịch,Đăng ký kết hôn,Bưu chính công ích,3,3,2026-03-17,2026-03-17,0,Đã trả kết quả,Đúng hạn,5.0
HS2026000780,2026-03-14,3,1,Phường An Thịnh,Tư pháp - Hộ tịch,Cấp bản sao trích lục hộ tịch,Trực tuyến,1,7,2026-03-15,2026-03-21,2,Đã trả kết quả,Trễ hạn,3.0
HS2026000781,2026-03-14,3,1,Xã Tân Phước,Tư pháp - Hộ tịch,Đăng ký kết hôn,Trực tiếp,3,2,2026-03-17,2026-03-16,0,Đã trả kết quả,Đúng hạn,5.0
HS2026000782,2026-03-14,3,1,Phường Kim Sơn,Tư pháp - Hộ tịch,Đăng ký khai sinh,Trực tuyến,3,3,2026-03-17,2026-03-17,0,Đã trả kết quả,Đúng hạn,5.0
HS2026000783,2026-03-14,3,1,Phường Kim Sơn,Tư pháp - Hộ tịch,Đăng ký khai sinh,Trực tuyến,3,3,2026-03-17,2026-03-17,0,Đã trả kết quả,Đúng hạn,5.0
HS2026000784,2026-03-14,3,1,Phường An Thịnh,Tư pháp - Hộ tịch,Đăng ký khai sinh,Trực tuyến,3,2,2026-03-17,2026-03-16,0,Đã trả kết quả,Đúng hạn,4.0
HS2026000785,2026-03-15,3,1,Phường Kim Sơn,Đất đai - Tài nguyên,Đăng ký biến động đất đai,Trực tuyến,10,9,2026-03-25,2026-03-24,0,Đã trả kết quả,Đúng hạn,5.0
HS2026000786,2026-03-15,3,1,Phường Hoà Lạc,Kinh tế - Đăng ký KD,Đăng ký hộ kinh doanh,Trực tuyến,3,3,2026-03-18,2026-03-18,0,Đã trả kết quả,Đúng hạn,5.0
HS2026000787,2026-03-15,3,1,Phường Bình Minh,Tư pháp - Hộ tịch,Cấp phiếu lý lịch tư pháp số 1,Trực tiếp,10,8,2026-03-25,2026-03-23,0,Đã trả kết quả,Đúng hạn,4.0
HS2026000788,2026-03-15,3,1,Xã Tân Phước,Tư pháp - Hộ tịch,Chứng thực bản sao từ bản chính,Trực tuyến,1,1,2026-03-16,2026-03-16,0,Đã trả kết quả,Đúng hạn,5.0
HS2026000789,2026-03-15,3,1,Xã Nam Hải,Tư pháp - Hộ tịch,Đăng ký khai sinh,Trực tuyến,3,3,2026-03-18,2026-03-18,0,Đã trả kết quả,Đúng hạn,5.0
HS2026000790,2026-03-15,3,1,Xã Nam Hải,Đất đai - Tài nguyên,Cấp giấy chứng nhận quyền sử dụng đất,Trực tiếp,30,22,2026-04-14,2026-04-06,0,Đã trả kết quả,Đúng hạn,5.0
HS2026000791,2026-03-15,3,1,Phường Bình Minh,Tư pháp - Hộ tịch,Cấp bản sao trích lục hộ tịch,Trực tiếp,1,1,2026-03-16,2026-03-16,0,Đã trả kết quả,Đúng hạn,5.0
HS2026000792,2026-03-15,3,1,Phường Bình Minh,Tư pháp - Hộ tịch,Đăng ký khai sinh,Trực tuyến,3,7,2026-03-18,2026-03-22,2,Đã trả kết quả,Trễ hạn,2.0
HS2026000793,2026-03-15,3,1,Phường An Thịnh,Tư pháp - Hộ tịch,Chứng thực bản sao từ bản chính,Trực tiếp,1,1,2026-03-16,2026-03-16,0,Đã trả kết quả,Đúng hạn,5.0
HS2026000794,2026-03-15,3,1,Xã Tân Phước,Tư pháp - Hộ tịch,Đăng ký khai sinh,Trực tuyến,3,2,2026-03-18,2026-03-17,0,Đã trả kết quả,Đúng hạn,5.0
HS2026000795,2026-03-16,3,1,Phường Hoà Lạc,Đất đai - Tài nguyên,Cấp giấy chứng nhận quyền sử dụng đất,Trực tiếp,30,18,2026-04-15,2026-04-03,0,Đã trả kết quả,Đúng hạn,5.0
HS2026000796,2026-03-16,3,1,Phường An Thịnh,Tư pháp - Hộ tịch,Cấp phiếu lý lịch tư pháp số 1,Trực tuyến,10,7,2026-03-26,2026-03-23,0,Đã trả kết quả,Đúng hạn,5.0
HS2026000797,2026-03-16,3,1,Xã Mỹ Trạch,Tư pháp - Hộ tịch,Cấp bản sao trích lục hộ tịch,Trực tiếp,1,6,2026-03-17,2026-03-22,2,Đã trả kết quả,Trễ hạn,2.0
HS2026000798,2026-03-16,3,1,Phường Hoà Lạc,Tư pháp - Hộ tịch,Chứng thực bản sao từ bản chính,Trực tiếp,1,4,2026-03-17,2026-03-20,1,Đã trả kết quả,Trễ hạn,4.0
HS2026000799,2026-03-16,3,1,Phường Kim Sơn,Đất đai - Tài nguyên,Đăng ký biến động đất đai,Bưu chính công ích,10,6,2026-03-26,2026-03-22,0,Đã trả kết quả,Đúng hạn,5.0
HS2026000800,2026-03-16,3,1,Phường Long Phú,Tư pháp - Hộ tịch,Cấp phiếu lý lịch tư pháp số 1,Bưu chính công ích,10,11,2026-03-26,2026-03-27,0,Đã trả kết quả,Trễ hạn,3.0
HS2026000801,2026-03-16,3,1,Xã Mỹ Trạch,Tư pháp - Hộ tịch,Chứng thực bản sao từ bản chính,Trực tiếp,1,1,2026-03-17,2026-03-17,0,Đã trả kết quả,Đúng hạn,4.0
HS2026000802,2026-03-17,3,1,Phường Kim Sơn,Đất đai - Tài nguyên,Đăng ký biến động đất đai,Trực tiếp,10,9,2026-03-27,2026-03-26,0,Đã trả kết quả,Đúng hạn,4.0
HS2026000803,2026-03-17,3,1,Phường Kim Sơn,Tư pháp - Hộ tịch,Chứng thực bản sao từ bản chính,Trực tiếp,1,1,2026-03-18,2026-03-18,0,Đã trả kết quả,Đúng hạn,5.0
HS2026000804,2026-03-17,3,1,Phường Long Phú,Tư pháp - Hộ tịch,Đăng ký khai sinh,Trực tuyến,3,6,2026-03-20,2026-03-23,2,Đã trả kết quả,Trễ hạn,2.0
HS2026000805,2026-03-17,3,1,Xã Nam Hải,Tư pháp - Hộ tịch,Đăng ký khai tử,Trực tiếp,3,6,2026-03-20,2026-03-23,2,Đã trả kết quả,Trễ hạn,1.0
HS2026000806,2026-03-17,3,1,Phường Kim Sơn,Tư pháp - Hộ tịch,Đăng ký khai sinh,Trực tiếp,3,3,2026-03-20,2026-03-20,0,Đã trả kết quả,Đúng hạn,4.0
HS2026000807,2026-03-17,3,1,Phường Long Phú,Tư pháp - Hộ tịch,Đăng ký kết hôn,Bưu chính công ích,3,3,2026-03-20,2026-03-20,0,Đã trả kết quả,Đúng hạn,5.0
HS2026000808,2026-03-17,3,1,Xã Mỹ Trạch,Tư pháp - Hộ tịch,Cấp bản sao trích lục hộ tịch,Trực tuyến,1,1,2026-03-18,2026-03-18,0,Đã trả kết quả,Đúng hạn,5.0
HS2026000809,2026-03-17,3,1,Xã Nam Hải,Tư pháp - Hộ tịch,Cấp bản sao trích lục hộ tịch,Trực tuyến,1,1,2026-03-18,2026-03-18,0,Đã trả kết quả,Đúng hạn,5.0
HS2026000810,2026-03-18,3,1,Phường An Thịnh,Tư pháp - Hộ tịch,Đăng ký khai tử,Bưu chính công ích,3,2,2026-03-21,2026-03-20,0,Đã trả kết quả,Đúng hạn,5.0
HS2026000811,2026-03-18,3,1,Xã Nam Hải,Xây dựng - Đô thị,Cấp giấy phép xây dựng nhà ở riêng lẻ,Trực tuyến,15,13,2026-04-02,2026-03-31,0,Đã trả kết quả,Đúng hạn,5.0
HS2026000812,2026-03-18,3,1,Phường Long Phú,Tư pháp - Hộ tịch,Cấp phiếu lý lịch tư pháp số 1,Trực tuyến,10,15,2026-03-28,2026-04-02,2,Đã trả kết quả,Trễ hạn,3.0
HS2026000813,2026-03-18,3,1,Xã Mỹ Trạch,Tư pháp - Hộ tịch,Chứng thực bản sao từ bản chính,Trực tiếp,1,1,2026-03-19,2026-03-19,0,Đã trả kết quả,Đúng hạn,4.0
HS2026000814,2026-03-18,3,1,Xã Nam Hải,Kinh tế - Đăng ký KD,Đăng ký hộ kinh doanh,Trực tuyến,3,3,2026-03-21,2026-03-21,0,Đã trả kết quả,Đúng hạn,4.0
HS2026000815,2026-03-18,3,1,Phường Hoà Lạc,Tư pháp - Hộ tịch,Cấp bản sao trích lục hộ tịch,Trực tuyến,1,1,2026-03-19,2026-03-19,0,Đã trả kết quả,Đúng hạn,5.0
HS2026000816,2026-03-18,3,1,Phường An Thịnh,Tư pháp - Hộ tịch,Cấp phiếu lý lịch tư pháp số 1,Trực tiếp,10,7,2026-03-28,2026-03-25,0,Đã trả kết quả,Đúng hạn,5.0
HS2026000817,2026-03-18,3,1,Phường Hoà Lạc,Tư pháp - Hộ tịch,Đăng ký khai sinh,Bưu chính công ích,3,3,2026-03-21,2026-03-21,0,Đã trả kết quả,Đúng hạn,5.0
HS2026000818,2026-03-18,3,1,Xã Tân Phước,Tư pháp - Hộ tịch,Cấp bản sao trích lục hộ tịch,Trực tuyến,1,1,2026-03-19,2026-03-19,0,Đã trả kết quả,Đúng hạn,5.0
HS2026000819,2026-03-19,3,1,Xã Tân Phước,Lao động - Xã hội,Trợ cấp xã hội hằng tháng,Trực tiếp,20,18,2026-04-08,2026-04-06,0,Đã trả kết quả,Đúng hạn,4.0
HS2026000820,2026-03-19,3,1,Phường Hoà Lạc,Lao động - Xã hội,"Xác nhận hộ nghèo, cận nghèo",Trực tiếp,5,7,2026-03-24,2026-03-26,1,Đã trả kết quả,Trễ hạn,3.0
HS2026000821,2026-03-19,3,1,Phường Kim Sơn,Tư pháp - Hộ tịch,Đăng ký khai sinh,Trực tuyến,3,4,2026-03-22,2026-03-23,1,Đã trả kết quả,Trễ hạn,3.0
HS2026000822,2026-03-19,3,1,Xã Nam Hải,Tư pháp - Hộ tịch,Cấp bản sao trích lục hộ tịch,Trực tuyến,1,1,2026-03-20,2026-03-20,0,Đã trả kết quả,Đúng hạn,5.0
HS2026000823,2026-03-19,3,1,Xã Nam Hải,Lao động - Xã hội,"Xác nhận hộ nghèo, cận nghèo",Trực tiếp,5,5,2026-03-24,2026-03-24,0,Đã trả kết quả,Đúng hạn,5.0
HS2026000824,2026-03-19,3,1,Xã Nam Hải,Tư pháp - Hộ tịch,Đăng ký khai sinh,Trực tiếp,3,3,2026-03-22,2026-03-22,0,Đã trả kết quả,Đúng hạn,5.0
HS2026000825,2026-03-19,3,1,Phường An Thịnh,Kinh tế - Đăng ký KD,Đăng ký hộ kinh doanh,Trực tuyến,3,2,2026-03-22,2026-03-21,0,Đã trả kết quả,Đúng hạn,5.0
HS2026000826,2026-03-20,3,1,Phường Bình Minh,Tư pháp - Hộ tịch,Đăng ký khai sinh,Trực tuyến,3,2,2026-03-23,2026-03-22,0,Đã trả kết quả,Đúng hạn,5.0
HS2026000827,2026-03-20,3,1,Phường Long Phú,Lao động - Xã hội,Trợ cấp xã hội hằng tháng,Bưu chính công ích,20,17,2026-04-09,2026-04-06,0,Đã trả kết quả,Đúng hạn,5.0
HS2026000828,2026-03-20,3,1,Phường An Thịnh,Kinh tế - Đăng ký KD,Đăng ký hộ kinh doanh,Trực tiếp,3,2,2026-03-23,2026-03-22,0,Đã trả kết quả,Đúng hạn,5.0
HS2026000829,2026-03-20,3,1,Xã Nam Hải,Tư pháp - Hộ tịch,Đăng ký khai sinh,Trực tuyến,3,3,2026-03-23,2026-03-23,0,Đã trả kết quả,Đúng hạn,5.0
HS2026000830,2026-03-20,3,1,Phường Bình Minh,Tư pháp - Hộ tịch,Chứng thực bản sao từ bản chính,Trực tuyến,1,1,2026-03-21,2026-03-21,0,Đã trả kết quả,Đúng hạn,5.0
HS2026000831,2026-03-21,3,1,Phường Bình Minh,Đất đai - Tài nguyên,Cấp giấy chứng nhận quyền sử dụng đất,Bưu chính công ích,30,16,2026-04-20,2026-04-06,0,Đã trả kết quả,Đúng hạn,5.0
HS2026000832,2026-03-21,3,1,Xã Nam Hải,Đất đai - Tài nguyên,Cấp giấy chứng nhận quyền sử dụng đất,Trực tiếp,30,34,2026-04-20,2026-04-24,0,Đã trả kết quả,Trễ hạn,3.0
HS2026000833,2026-03-21,3,1,Xã Tân Phước,Lao động - Xã hội,Trợ cấp xã hội hằng tháng,Trực tuyến,20,13,2026-04-10,2026-04-03,0,Đã trả kết quả,Đúng hạn,5.0
HS2026000834,2026-03-21,3,1,Phường An Thịnh,Tư pháp - Hộ tịch,Chứng thực bản sao từ bản chính,Trực tiếp,1,1,2026-03-22,2026-03-22,0,Đã trả kết quả,Đúng hạn,5.0
HS2026000835,2026-03-21,3,1,Xã Tân Phước,Đất đai - Tài nguyên,Đăng ký biến động đất đai,Trực tuyến,10,6,2026-03-31,2026-03-27,0,Đã trả kết quả,Đúng hạn,5.0
HS2026000836,2026-03-21,3,1,Xã Tân Phước,Đất đai - Tài nguyên,Cấp giấy chứng nhận quyền sử dụng đất,Bưu chính công ích,30,19,2026-04-20,2026-04-09,0,Đã trả kết quả,Đúng hạn,5.0
HS2026000837,2026-03-21,3,1,Phường Bình Minh,Đất đai - Tài nguyên,Đăng ký biến động đất đai,Trực tuyến,10,8,2026-03-31,2026-03-29,1,Đã trả kết quả,Đúng hạn,4.0
HS2026000838,2026-03-21,3,1,Phường Hoà Lạc,Xây dựng - Đô thị,Cấp giấy phép xây dựng nhà ở riêng lẻ,Trực tiếp,15,10,2026-04-05,2026-03-31,0,Đã trả kết quả,Đúng hạn,5.0
HS2026000839,2026-03-22,3,1,Xã Tân Phước,Tư pháp - Hộ tịch,Chứng thực bản sao từ bản chính,Trực tuyến,1,1,2026-03-23,2026-03-23,0,Đã trả kết quả,Đúng hạn,4.0
HS2026000840,2026-03-22,3,1,Phường Hoà Lạc,Tư pháp - Hộ tịch,Cấp bản sao trích lục hộ tịch,Trực tuyến,1,1,2026-03-23,2026-03-23,0,Đã trả kết quả,Đúng hạn,5.0
HS2026000841,2026-03-22,3,1,Phường An Thịnh,Tư pháp - Hộ tịch,Chứng thực bản sao từ bản chính,Trực tiếp,1,1,2026-03-23,2026-03-23,0,Đã trả kết quả,Đúng hạn,5.0
HS2026000842,2026-03-22,3,1,Xã Nam Hải,Tư pháp - Hộ tịch,Cấp phiếu lý lịch tư pháp số 1,Trực tuyến,10,13,2026-04-01,2026-04-04,2,Đã trả kết quả,Trễ hạn,2.0
HS2026000843,2026-03-22,3,1,Phường An Thịnh,Tư pháp - Hộ tịch,Cấp phiếu lý lịch tư pháp số 1,Trực tiếp,10,8,2026-04-01,2026-03-30,0,Đã trả kết quả,Đúng hạn,5.0
HS2026000844,2026-03-22,3,1,Xã Nam Hải,Tư pháp - Hộ tịch,Đăng ký khai tử,Trực tiếp,3,4,2026-03-25,2026-03-26,0,Đã trả kết quả,Trễ hạn,2.0
HS2026000845,2026-03-22,3,1,Xã Nam Hải,Đất đai - Tài nguyên,Cấp giấy chứng nhận quyền sử dụng đất,Trực tuyến,30,24,2026-04-21,2026-04-15,0,Đã trả kết quả,Đúng hạn,5.0
HS2026000846,2026-03-22,3,1,Xã Tân Phước,Tư pháp - Hộ tịch,Đăng ký khai sinh,Trực tuyến,3,3,2026-03-25,2026-03-25,0,Đã trả kết quả,Đúng hạn,5.0
HS2026000847,2026-03-22,3,1,Phường Hoà Lạc,Đất đai - Tài nguyên,Đăng ký biến động đất đai,Trực tiếp,10,7,2026-04-01,2026-03-29,0,Đã trả kết quả,Đúng hạn,5.0
HS2026000848,2026-03-22,3,1,Xã Nam Hải,Tư pháp - Hộ tịch,Đăng ký kết hôn,Bưu chính công ích,3,4,2026-03-25,2026-03-26,0,Đã trả kết quả,Trễ hạn,3.0
HS2026000849,2026-03-22,3,1,Phường An Thịnh,Đất đai - Tài nguyên,Đăng ký biến động đất đai,Trực tiếp,10,6,2026-04-01,2026-03-28,0,Đã trả kết quả,Đúng hạn,5.0
HS2026000850,2026-03-22,3,1,Phường Kim Sơn,Xây dựng - Đô thị,Cấp giấy phép xây dựng nhà ở riêng lẻ,Trực tuyến,15,13,2026-04-06,2026-04-04,0,Đã trả kết quả,Đúng hạn,4.0
HS2026000851,2026-03-22,3,1,Phường Kim Sơn,Tư pháp - Hộ tịch,Chứng thực bản sao từ bản chính,Trực tiếp,1,1,2026-03-23,2026-03-23,0,Đã trả kết quả,Đúng hạn,5.0
HS2026000852,2026-03-23,3,1,Xã Mỹ Trạch,Tư pháp - Hộ tịch,Chứng thực bản sao từ bản chính,Trực tuyến,1,1,2026-03-24,2026-03-24,0,Đã trả kết quả,Đúng hạn,5.0
HS2026000853,2026-03-23,3,1,Phường Bình Minh,Tư pháp - Hộ tịch,Đăng ký khai tử,Bưu chính công ích,3,2,2026-03-26,2026-03-25,0,Đã trả kết quả,Đúng hạn,5.0
HS2026000854,2026-03-23,3,1,Phường Hoà Lạc,Tư pháp - Hộ tịch,Đăng ký khai sinh,Trực tuyến,3,6,2026-03-26,2026-03-29,1,Đã trả kết quả,Trễ hạn,3.0
HS2026000855,2026-03-23,3,1,Phường Hoà Lạc,Tư pháp - Hộ tịch,Cấp phiếu lý lịch tư pháp số 1,Trực tuyến,10,6,2026-04-02,2026-03-29,0,Đã trả kết quả,Đúng hạn,5.0
HS2026000856,2026-03-23,3,1,Phường Bình Minh,Xây dựng - Đô thị,Cấp giấy phép xây dựng nhà ở riêng lẻ,Trực tuyến,15,14,2026-04-07,2026-04-06,2,Đã trả kết quả,Đúng hạn,4.0
HS2026000857,2026-03-23,3,1,Phường Long Phú,Tư pháp - Hộ tịch,Chứng thực bản sao từ bản chính,Trực tiếp,1,2,2026-03-24,2026-03-25,0,Đã trả kết quả,Trễ hạn,4.0
HS2026000858,2026-03-23,3,1,Phường Hoà Lạc,Tư pháp - Hộ tịch,Đăng ký khai sinh,Trực tuyến,3,2,2026-03-26,2026-03-25,0,Đã trả kết quả,Đúng hạn,5.0
HS2026000859,2026-03-23,3,1,Phường Bình Minh,Đất đai - Tài nguyên,Đăng ký biến động đất đai,Trực tuyến,10,8,2026-04-02,2026-03-31,1,Đã trả kết quả,Đúng hạn,5.0
HS2026000860,2026-03-23,3,1,Phường An Thịnh,Lao động - Xã hội,"Xác nhận hộ nghèo, cận nghèo",Trực tiếp,5,5,2026-03-28,2026-03-28,0,Đã trả kết quả,Đúng hạn,4.0
HS2026000861,2026-03-24,3,1,Phường Bình Minh,Tư pháp - Hộ tịch,Cấp phiếu lý lịch tư pháp số 1,Trực tuyến,10,5,2026-04-03,2026-03-29,0,Đã trả kết quả,Đúng hạn,5.0
HS2026000862,2026-03-24,3,1,Xã Tân Phước,Tư pháp - Hộ tịch,Đăng ký kết hôn,Trực tiếp,3,4,2026-03-27,2026-03-28,1,Đã trả kết quả,Trễ hạn,2.0
HS2026000863,2026-03-24,3,1,Phường An Thịnh,Tư pháp - Hộ tịch,Cấp phiếu lý lịch tư pháp số 1,Trực tiếp,10,9,2026-04-03,2026-04-02,0,Đã trả kết quả,Đúng hạn,5.0
HS2026000864,2026-03-24,3,1,Phường Kim Sơn,Tư pháp - Hộ tịch,Cấp phiếu lý lịch tư pháp số 1,Trực tuyến,10,11,2026-04-03,2026-04-04,1,Đã trả kết quả,Trễ hạn,3.0
HS2026000865,2026-03-24,3,1,Phường Long Phú,Xây dựng - Đô thị,Cấp giấy phép xây dựng nhà ở riêng lẻ,Trực tiếp,15,16,2026-04-08,2026-04-09,0,Đã trả kết quả,Trễ hạn,4.0
HS2026000866,2026-03-25,3,1,Phường An Thịnh,Tư pháp - Hộ tịch,Cấp phiếu lý lịch tư pháp số 1,Trực tuyến,10,7,2026-04-04,2026-04-01,0,Đã trả kết quả,Đúng hạn,5.0
HS2026000867,2026-03-25,3,1,Xã Nam Hải,Tư pháp - Hộ tịch,Đăng ký khai sinh,Trực tuyến,3,2,2026-03-28,2026-03-27,0,Đã trả kết quả,Đúng hạn,5.0
HS2026000868,2026-03-25,3,1,Phường Long Phú,Tư pháp - Hộ tịch,Cấp phiếu lý lịch tư pháp số 1,Trực tuyến,10,12,2026-04-04,2026-04-06,1,Đã trả kết quả,Trễ hạn,3.0
HS2026000869,2026-03-25,3,1,Xã Tân Phước,Tư pháp - Hộ tịch,Cấp phiếu lý lịch tư pháp số 1,Trực tuyến,10,10,2026-04-04,2026-04-04,1,Đã trả kết quả,Đúng hạn,4.0
HS2026000870,2026-03-25,3,1,Xã Mỹ Trạch,Đất đai - Tài nguyên,Đăng ký biến động đất đai,Trực tuyến,10,5,2026-04-04,2026-03-30,0,Đã trả kết quả,Đúng hạn,5.0
HS2026000871,2026-03-25,3,1,Phường Bình Minh,Kinh tế - Đăng ký KD,Đăng ký hộ kinh doanh,Trực tuyến,3,2,2026-03-28,2026-03-27,0,Đã trả kết quả,Đúng hạn,5.0
HS2026000872,2026-03-25,3,1,Xã Tân Phước,Xây dựng - Đô thị,Cấp giấy phép xây dựng nhà ở riêng lẻ,Trực tuyến,15,10,2026-04-09,2026-04-04,0,Đã trả kết quả,Đúng hạn,5.0
HS2026000873,2026-03-26,3,1,Phường Long Phú,Tư pháp - Hộ tịch,Đăng ký kết hôn,Trực tuyến,3,3,2026-03-29,2026-03-29,0,Đã trả kết quả,Đúng hạn,5.0
HS2026000874,2026-03-26,3,1,Xã Nam Hải,Tư pháp - Hộ tịch,Chứng thực bản sao từ bản chính,Trực tuyến,1,1,2026-03-27,2026-03-27,0,Đã trả kết quả,Đúng hạn,5.0
HS2026000875,2026-03-26,3,1,Xã Nam Hải,Tư pháp - Hộ tịch,Đăng ký khai sinh,Trực tuyến,3,2,2026-03-29,2026-03-28,0,Đã trả kết quả,Đúng hạn,4.0
HS2026000876,2026-03-26,3,1,Phường Hoà Lạc,Tư pháp - Hộ tịch,Cấp phiếu lý lịch tư pháp số 1,Trực tiếp,10,7,2026-04-05,2026-04-02,0,Đã trả kết quả,Đúng hạn,5.0
HS2026000877,2026-03-26,3,1,Xã Tân Phước,Tư pháp - Hộ tịch,Cấp phiếu lý lịch tư pháp số 1,Trực tiếp,10,7,2026-04-05,2026-04-02,0,Đã trả kết quả,Đúng hạn,5.0
HS2026000878,2026-03-26,3,1,Phường Kim Sơn,Tư pháp - Hộ tịch,Đăng ký kết hôn,Trực tiếp,3,8,2026-03-29,2026-04-03,2,Đã trả kết quả,Trễ hạn,2.0
HS2026000879,2026-03-27,3,1,Phường Long Phú,Tư pháp - Hộ tịch,Đăng ký khai sinh,Trực tuyến,3,2,2026-03-30,2026-03-29,0,Đã trả kết quả,Đúng hạn,5.0
HS2026000880,2026-03-27,3,1,Phường Hoà Lạc,Kinh tế - Đăng ký KD,Đăng ký hộ kinh doanh,Trực tuyến,3,3,2026-03-30,2026-03-30,0,Đã trả kết quả,Đúng hạn,5.0
HS2026000881,2026-03-27,3,1,Phường Kim Sơn,Tư pháp - Hộ tịch,Cấp bản sao trích lục hộ tịch,Trực tiếp,1,1,2026-03-28,2026-03-28,0,Đã trả kết quả,Đúng hạn,5.0
HS2026000882,2026-03-27,3,1,Phường An Thịnh,Tư pháp - Hộ tịch,Đăng ký khai tử,Trực tiếp,3,3,2026-03-30,2026-03-30,0,Đã trả kết quả,Đúng hạn,5.0
HS2026000883,2026-03-27,3,1,Xã Tân Phước,Đất đai - Tài nguyên,Cấp giấy chứng nhận quyền sử dụng đất,Trực tuyến,30,24,2026-04-26,2026-04-20,0,Đã trả kết quả,Đúng hạn,5.0
HS2026000884,2026-03-27,3,1,Xã Tân Phước,Lao động - Xã hội,"Xác nhận hộ nghèo, cận nghèo",Trực tiếp,5,9,2026-04-01,2026-04-05,2,Đã trả kết quả,Trễ hạn,1.0
HS2026000885,2026-03-27,3,1,Phường Kim Sơn,Tư pháp - Hộ tịch,Đăng ký kết hôn,Trực tiếp,3,3,2026-03-30,2026-03-30,0,Đã trả kết quả,Đúng hạn,5.0
HS2026000886,2026-03-27,3,1,Phường Long Phú,Tư pháp - Hộ tịch,Chứng thực bản sao từ bản chính,Trực tiếp,1,1,2026-03-28,2026-03-28,0,Đã trả kết quả,Đúng hạn,5.0
HS2026000887,2026-03-28,3,1,Phường Long Phú,Xây dựng - Đô thị,Cấp giấy phép xây dựng nhà ở riêng lẻ,Trực tiếp,15,14,2026-04-12,2026-04-11,0,Đã trả kết quả,Đúng hạn,5.0
HS2026000888,2026-03-28,3,1,Phường An Thịnh,Tư pháp - Hộ tịch,Chứng thực bản sao từ bản chính,Trực tuyến,1,3,2026-03-29,2026-03-31,1,Đã trả kết quả,Trễ hạn,4.0
HS2026000889,2026-03-28,3,1,Xã Mỹ Trạch,Tư pháp - Hộ tịch,Chứng thực bản sao từ bản chính,Trực tiếp,1,1,2026-03-29,2026-03-29,0,Đã trả kết quả,Đúng hạn,5.0
HS2026000890,2026-03-28,3,1,Phường Bình Minh,Kinh tế - Đăng ký KD,Đăng ký hộ kinh doanh,Bưu chính công ích,3,3,2026-03-31,2026-03-31,0,Đã trả kết quả,Đúng hạn,5.0
HS2026000891,2026-03-28,3,1,Phường Hoà Lạc,Đất đai - Tài nguyên,Cấp giấy chứng nhận quyền sử dụng đất,Trực tiếp,30,26,2026-04-27,2026-04-23,0,Đã trả kết quả,Đúng hạn,5.0
HS2026000892,2026-03-28,3,1,Phường An Thịnh,Đất đai - Tài nguyên,Đăng ký biến động đất đai,Trực tuyến,10,5,2026-04-07,2026-04-02,0,Đã trả kết quả,Đúng hạn,5.0
HS2026000893,2026-03-28,3,1,Phường An Thịnh,Xây dựng - Đô thị,Cấp giấy phép xây dựng nhà ở riêng lẻ,Trực tiếp,15,12,2026-04-12,2026-04-09,0,Đã trả kết quả,Đúng hạn,5.0
HS2026000894,2026-03-29,3,1,Phường Hoà Lạc,Tư pháp - Hộ tịch,Cấp phiếu lý lịch tư pháp số 1,Trực tuyến,10,9,2026-04-08,2026-04-07,1,Đã trả kết quả,Đúng hạn,4.0
HS2026000895,2026-03-29,3,1,Phường Bình Minh,Tư pháp - Hộ tịch,Đăng ký khai sinh,Trực tuyến,3,5,2026-04-01,2026-04-03,1,Đã trả kết quả,Trễ hạn,3.0
HS2026000896,2026-03-29,3,1,Phường Long Phú,Tư pháp - Hộ tịch,Đăng ký kết hôn,Trực tuyến,3,3,2026-04-01,2026-04-01,0,Đã trả kết quả,Đúng hạn,5.0
HS2026000897,2026-03-29,3,1,Xã Nam Hải,Kinh tế - Đăng ký KD,Đăng ký hộ kinh doanh,Trực tuyến,3,2,2026-04-01,2026-03-31,0,Đã trả kết quả,Đúng hạn,5.0
HS2026000898,2026-03-29,3,1,Phường An Thịnh,Xây dựng - Đô thị,Cấp giấy phép xây dựng nhà ở riêng lẻ,Trực tiếp,15,8,2026-04-13,2026-04-06,0,Đã trả kết quả,Đúng hạn,5.0
HS2026000899,2026-03-29,3,1,Xã Mỹ Trạch,Tư pháp - Hộ tịch,Đăng ký khai sinh,Trực tiếp,3,2,2026-04-01,2026-03-31,0,Đã trả kết quả,Đúng hạn,4.0
HS2026000900,2026-03-29,3,1,Phường Long Phú,Tư pháp - Hộ tịch,Đăng ký khai tử,Trực tuyến,3,3,2026-04-01,2026-04-01,0,Đã trả kết quả,Đúng hạn,5.0
HS2026000901,2026-03-30,3,1,Phường Kim Sơn,Xây dựng - Đô thị,Cấp giấy phép xây dựng nhà ở riêng lẻ,Trực tiếp,15,11,2026-04-14,2026-04-10,0,Đã trả kết quả,Đúng hạn,5.0
HS2026000902,2026-03-30,3,1,Phường An Thịnh,Tư pháp - Hộ tịch,Đăng ký khai tử,Trực tiếp,3,6,2026-04-02,2026-04-05,2,Đã trả kết quả,Trễ hạn,2.0
HS2026000903,2026-03-30,3,1,Phường Kim Sơn,Kinh tế - Đăng ký KD,Đăng ký hộ kinh doanh,Trực tiếp,3,6,2026-04-02,2026-04-05,1,Đã trả kết quả,Trễ hạn,3.0
HS2026000904,2026-03-30,3,1,Xã Nam Hải,Đất đai - Tài nguyên,Cấp giấy chứng nhận quyền sử dụng đất,Trực tiếp,30,31,2026-04-29,2026-04-30,0,Đã trả kết quả,Trễ hạn,3.0
HS2026000905,2026-03-30,3,1,Phường An Thịnh,Đất đai - Tài nguyên,Đăng ký biến động đất đai,Trực tiếp,10,9,2026-04-09,2026-04-08,0,Đã trả kết quả,Đúng hạn,5.0
HS2026000906,2026-03-31,3,1,Phường Kim Sơn,Tư pháp - Hộ tịch,Chứng thực bản sao từ bản chính,Trực tiếp,1,1,2026-04-01,2026-04-01,0,Đã trả kết quả,Đúng hạn,5.0
HS2026000907,2026-03-31,3,1,Phường An Thịnh,Tư pháp - Hộ tịch,Chứng thực bản sao từ bản chính,Bưu chính công ích,1,1,2026-04-01,2026-04-01,0,Đã trả kết quả,Đúng hạn,5.0
HS2026000908,2026-03-31,3,1,Xã Tân Phước,Xây dựng - Đô thị,Cấp giấy phép xây dựng nhà ở riêng lẻ,Trực tuyến,15,10,2026-04-15,2026-04-10,0,Đã trả kết quả,Đúng hạn,5.0
HS2026000909,2026-03-31,3,1,Phường Long Phú,Tư pháp - Hộ tịch,Cấp phiếu lý lịch tư pháp số 1,Trực tuyến,10,16,2026-04-10,2026-04-16,2,Đã trả kết quả,Trễ hạn,3.0
HS2026000910,2026-03-31,3,1,Phường An Thịnh,Kinh tế - Đăng ký KD,Đăng ký hộ kinh doanh,Trực tuyến,3,2,2026-04-03,2026-04-02,0,Đã trả kết quả,Đúng hạn,5.0
HS2026000911,2026-03-31,3,1,Phường Long Phú,Tư pháp - Hộ tịch,Đăng ký khai sinh,Trực tiếp,3,4,2026-04-03,2026-04-04,0,Đã trả kết quả,Trễ hạn,4.0
HS2026000912,2026-03-31,3,1,Xã Mỹ Trạch,Xây dựng - Đô thị,Cấp giấy phép xây dựng nhà ở riêng lẻ,Trực tiếp,15,11,2026-04-15,2026-04-11,0,Đã trả kết quả,Đúng hạn,5.0
HS2026000913,2026-03-31,3,1,Phường Kim Sơn,Tư pháp - Hộ tịch,Đăng ký khai sinh,Trực tiếp,3,4,2026-04-03,2026-04-04,0,Đã trả kết quả,Trễ hạn,4.0
HS2026000914,2026-03-31,3,1,Xã Tân Phước,Lao động - Xã hội,Trợ cấp xã hội hằng tháng,Trực tiếp,20,20,2026-04-20,2026-04-20,2,Đã trả kết quả,Đúng hạn,3.0
HS2026000915,2026-04-01,4,2,Xã Tân Phước,Tư pháp - Hộ tịch,Cấp phiếu lý lịch tư pháp số 1,Trực tuyến,10,6,2026-04-11,2026-04-07,0,Đã trả kết quả,Đúng hạn,5.0
HS2026000916,2026-04-01,4,2,Phường Kim Sơn,Lao động - Xã hội,"Xác nhận hộ nghèo, cận nghèo",Trực tiếp,5,3,2026-04-06,2026-04-04,0,Đã trả kết quả,Đúng hạn,5.0
HS2026000917,2026-04-01,4,2,Phường Hoà Lạc,Tư pháp - Hộ tịch,Cấp bản sao trích lục hộ tịch,Trực tiếp,1,1,2026-04-02,2026-04-02,0,Đã trả kết quả,Đúng hạn,5.0
HS2026000918,2026-04-01,4,2,Phường Long Phú,Đất đai - Tài nguyên,Đăng ký biến động đất đai,Trực tiếp,10,7,2026-04-11,2026-04-08,0,Đã trả kết quả,Đúng hạn,5.0
HS2026000919,2026-04-01,4,2,Xã Tân Phước,Tư pháp - Hộ tịch,Chứng thực bản sao từ bản chính,Trực tuyến,1,1,2026-04-02,2026-04-02,0,Đã trả kết quả,Đúng hạn,5.0
HS2026000920,2026-04-01,4,2,Xã Tân Phước,Xây dựng - Đô thị,Cấp giấy phép xây dựng nhà ở riêng lẻ,Trực tiếp,15,12,2026-04-16,2026-04-13,0,Đã trả kết quả,Đúng hạn,5.0
HS2026000921,2026-04-01,4,2,Xã Nam Hải,Tư pháp - Hộ tịch,Đăng ký khai tử,Trực tuyến,3,3,2026-04-04,2026-04-04,0,Đã trả kết quả,Đúng hạn,5.0
HS2026000922,2026-04-01,4,2,Phường Bình Minh,Kinh tế - Đăng ký KD,Đăng ký hộ kinh doanh,Trực tuyến,3,3,2026-04-04,2026-04-04,0,Đã trả kết quả,Đúng hạn,5.0
HS2026000923,2026-04-01,4,2,Xã Tân Phước,Lao động - Xã hội,Trợ cấp xã hội hằng tháng,Trực tiếp,20,14,2026-04-21,2026-04-15,0,Đã trả kết quả,Đúng hạn,4.0
HS2026000924,2026-04-02,4,2,Phường Bình Minh,Tư pháp - Hộ tịch,Đăng ký khai sinh,Trực tiếp,3,5,2026-04-05,2026-04-07,1,Đã trả kết quả,Trễ hạn,4.0
HS2026000925,2026-04-02,4,2,Xã Mỹ Trạch,Xây dựng - Đô thị,Cấp giấy phép xây dựng nhà ở riêng lẻ,Trực tuyến,15,7,2026-04-17,2026-04-09,0,Đã trả kết quả,Đúng hạn,5.0
HS2026000926,2026-04-02,4,2,Phường An Thịnh,Tư pháp - Hộ tịch,Đăng ký khai tử,Trực tiếp,3,3,2026-04-05,2026-04-05,0,Đã trả kết quả,Đúng hạn,5.0
HS2026000927,2026-04-02,4,2,Phường Bình Minh,Kinh tế - Đăng ký KD,Đăng ký hộ kinh doanh,Trực tiếp,3,3,2026-04-05,2026-04-05,0,Đã trả kết quả,Đúng hạn,5.0
HS2026000928,2026-04-02,4,2,Xã Mỹ Trạch,Tư pháp - Hộ tịch,Chứng thực bản sao từ bản chính,Trực tuyến,1,1,2026-04-03,2026-04-03,0,Đã trả kết quả,Đúng hạn,5.0
HS2026000929,2026-04-02,4,2,Phường Hoà Lạc,Tư pháp - Hộ tịch,Đăng ký kết hôn,Trực tiếp,3,3,2026-04-05,2026-04-05,0,Đã trả kết quả,Đúng hạn,5.0
HS2026000930,2026-04-02,4,2,Phường Bình Minh,Lao động - Xã hội,Trợ cấp xã hội hằng tháng,Trực tiếp,20,12,2026-04-22,2026-04-14,1,Đã trả kết quả,Đúng hạn,4.0
HS2026000931,2026-04-02,4,2,Xã Tân Phước,Tư pháp - Hộ tịch,Chứng thực bản sao từ bản chính,Trực tiếp,1,1,2026-04-03,2026-04-03,0,Đã trả kết quả,Đúng hạn,4.0
HS2026000932,2026-04-02,4,2,Phường Hoà Lạc,Tư pháp - Hộ tịch,Đăng ký kết hôn,Bưu chính công ích,3,3,2026-04-05,2026-04-05,0,Đã trả kết quả,Đúng hạn,5.0
HS2026000933,2026-04-02,4,2,Phường Long Phú,Kinh tế - Đăng ký KD,Đăng ký hộ kinh doanh,Trực tiếp,3,8,2026-04-05,2026-04-10,2,Đã trả kết quả,Trễ hạn,2.0
HS2026000934,2026-04-02,4,2,Phường Bình Minh,Kinh tế - Đăng ký KD,Đăng ký hộ kinh doanh,Trực tuyến,3,6,2026-04-05,2026-04-08,2,Đã trả kết quả,Trễ hạn,1.0
HS2026000935,2026-04-03,4,2,Phường Kim Sơn,Tư pháp - Hộ tịch,Chứng thực bản sao từ bản chính,Trực tuyến,1,1,2026-04-04,2026-04-04,0,Đã trả kết quả,Đúng hạn,5.0
HS2026000936,2026-04-03,4,2,Phường Kim Sơn,Lao động - Xã hội,"Xác nhận hộ nghèo, cận nghèo",Bưu chính công ích,5,10,2026-04-08,2026-04-13,2,Đã trả kết quả,Trễ hạn,2.0
HS2026000937,2026-04-03,4,2,Phường Long Phú,Tư pháp - Hộ tịch,Chứng thực bản sao từ bản chính,Trực tiếp,1,1,2026-04-04,2026-04-04,0,Đã trả kết quả,Đúng hạn,4.0
HS2026000938,2026-04-03,4,2,Phường Hoà Lạc,Tư pháp - Hộ tịch,Cấp phiếu lý lịch tư pháp số 1,Trực tuyến,10,8,2026-04-13,2026-04-11,0,Đã trả kết quả,Đúng hạn,5.0
HS2026000939,2026-04-03,4,2,Phường Kim Sơn,Tư pháp - Hộ tịch,Đăng ký kết hôn,Trực tiếp,3,4,2026-04-06,2026-04-07,0,Đã trả kết quả,Trễ hạn,5.0
HS2026000940,2026-04-03,4,2,Phường Long Phú,Tư pháp - Hộ tịch,Cấp bản sao trích lục hộ tịch,Trực tuyến,1,1,2026-04-04,2026-04-04,0,Đã trả kết quả,Đúng hạn,5.0
HS2026000941,2026-04-03,4,2,Xã Nam Hải,Tư pháp - Hộ tịch,Cấp phiếu lý lịch tư pháp số 1,Trực tuyến,10,10,2026-04-13,2026-04-13,0,Đã trả kết quả,Đúng hạn,5.0
HS2026000942,2026-04-03,4,2,Phường Bình Minh,Kinh tế - Đăng ký KD,Đăng ký hộ kinh doanh,Trực tuyến,3,5,2026-04-06,2026-04-08,1,Đã trả kết quả,Trễ hạn,2.0
HS2026000943,2026-04-04,4,2,Phường Kim Sơn,Tư pháp - Hộ tịch,Chứng thực bản sao từ bản chính,Trực tiếp,1,1,2026-04-05,2026-04-05,0,Đã trả kết quả,Đúng hạn,5.0
HS2026000944,2026-04-04,4,2,Phường Hoà Lạc,Đất đai - Tài nguyên,Đăng ký biến động đất đai,Trực tuyến,10,5,2026-04-14,2026-04-09,0,Đã trả kết quả,Đúng hạn,5.0
HS2026000945,2026-04-04,4,2,Phường Hoà Lạc,Kinh tế - Đăng ký KD,Đăng ký hộ kinh doanh,Trực tiếp,3,5,2026-04-07,2026-04-09,1,Đã trả kết quả,Trễ hạn,2.0
HS2026000946,2026-04-04,4,2,Phường Bình Minh,Đất đai - Tài nguyên,Đăng ký biến động đất đai,Trực tiếp,10,9,2026-04-14,2026-04-13,0,Đã trả kết quả,Đúng hạn,5.0
HS2026000947,2026-04-04,4,2,Phường Long Phú,Tư pháp - Hộ tịch,Đăng ký khai sinh,Trực tuyến,3,2,2026-04-07,2026-04-06,0,Đã trả kết quả,Đúng hạn,5.0
HS2026000948,2026-04-04,4,2,Phường Kim Sơn,Tư pháp - Hộ tịch,Chứng thực bản sao từ bản chính,Bưu chính công ích,1,1,2026-04-05,2026-04-05,0,Đã trả kết quả,Đúng hạn,5.0
HS2026000949,2026-04-05,4,2,Phường An Thịnh,Kinh tế - Đăng ký KD,Đăng ký hộ kinh doanh,Trực tuyến,3,2,2026-04-08,2026-04-07,0,Đã trả kết quả,Đúng hạn,5.0
HS2026000950,2026-04-05,4,2,Phường Kim Sơn,Lao động - Xã hội,"Xác nhận hộ nghèo, cận nghèo",Trực tiếp,5,6,2026-04-10,2026-04-11,0,Đã trả kết quả,Trễ hạn,3.0
HS2026000951,2026-04-05,4,2,Phường Kim Sơn,Tư pháp - Hộ tịch,Đăng ký khai tử,Trực tuyến,3,2,2026-04-08,2026-04-07,0,Đã trả kết quả,Đúng hạn,5.0
HS2026000952,2026-04-05,4,2,Phường Long Phú,Tư pháp - Hộ tịch,Đăng ký khai sinh,Trực tuyến,3,2,2026-04-08,2026-04-07,0,Đã trả kết quả,Đúng hạn,5.0
HS2026000953,2026-04-05,4,2,Xã Tân Phước,Đất đai - Tài nguyên,Đăng ký biến động đất đai,Trực tiếp,10,9,2026-04-15,2026-04-14,0,Đã trả kết quả,Đúng hạn,4.0
HS2026000954,2026-04-05,4,2,Phường Long Phú,Tư pháp - Hộ tịch,Cấp phiếu lý lịch tư pháp số 1,Trực tuyến,10,9,2026-04-15,2026-04-14,0,Đã trả kết quả,Đúng hạn,5.0
HS2026000955,2026-04-05,4,2,Phường Kim Sơn,Tư pháp - Hộ tịch,Cấp bản sao trích lục hộ tịch,Trực tiếp,1,1,2026-04-06,2026-04-06,0,Đã trả kết quả,Đúng hạn,5.0
HS2026000956,2026-04-05,4,2,Phường Hoà Lạc,Tư pháp - Hộ tịch,Đăng ký kết hôn,Trực tiếp,3,5,2026-04-08,2026-04-10,1,Đã trả kết quả,Trễ hạn,4.0
HS2026000957,2026-04-06,4,2,Phường Kim Sơn,Lao động - Xã hội,Trợ cấp xã hội hằng tháng,Trực tuyến,20,10,2026-04-26,2026-04-16,0,Đã trả kết quả,Đúng hạn,5.0
HS2026000958,2026-04-06,4,2,Phường An Thịnh,Xây dựng - Đô thị,Cấp giấy phép xây dựng nhà ở riêng lẻ,Trực tuyến,15,10,2026-04-21,2026-04-16,0,Đã trả kết quả,Đúng hạn,5.0
HS2026000959,2026-04-06,4,2,Xã Nam Hải,Kinh tế - Đăng ký KD,Đăng ký hộ kinh doanh,Trực tuyến,3,8,2026-04-09,2026-04-14,2,Đã trả kết quả,Trễ hạn,2.0
HS2026000960,2026-04-06,4,2,Phường An Thịnh,Tư pháp - Hộ tịch,Cấp bản sao trích lục hộ tịch,Trực tuyến,1,1,2026-04-07,2026-04-07,0,Đã trả kết quả,Đúng hạn,5.0
HS2026000961,2026-04-06,4,2,Xã Tân Phước,Tư pháp - Hộ tịch,Cấp bản sao trích lục hộ tịch,Trực tuyến,1,1,2026-04-07,2026-04-07,0,Đã trả kết quả,Đúng hạn,5.0
HS2026000962,2026-04-06,4,2,Xã Mỹ Trạch,Xây dựng - Đô thị,Cấp giấy phép xây dựng nhà ở riêng lẻ,Trực tuyến,15,13,2026-04-21,2026-04-19,1,Đã trả kết quả,Đúng hạn,4.0
HS2026000963,2026-04-07,4,2,Xã Mỹ Trạch,Lao động - Xã hội,Trợ cấp xã hội hằng tháng,Trực tiếp,20,11,2026-04-27,2026-04-18,0,Đã trả kết quả,Đúng hạn,5.0
HS2026000964,2026-04-07,4,2,Phường Hoà Lạc,Đất đai - Tài nguyên,Cấp giấy chứng nhận quyền sử dụng đất,Trực tiếp,30,15,2026-05-07,2026-04-22,0,Đã trả kết quả,Đúng hạn,5.0
HS2026000965,2026-04-07,4,2,Xã Tân Phước,Kinh tế - Đăng ký KD,Đăng ký hộ kinh doanh,Trực tiếp,3,2,2026-04-10,2026-04-09,0,Đã trả kết quả,Đúng hạn,4.0
HS2026000966,2026-04-07,4,2,Phường Kim Sơn,Tư pháp - Hộ tịch,Cấp phiếu lý lịch tư pháp số 1,Trực tiếp,10,8,2026-04-17,2026-04-15,0,Đã trả kết quả,Đúng hạn,5.0
HS2026000967,2026-04-07,4,2,Xã Tân Phước,Kinh tế - Đăng ký KD,Đăng ký hộ kinh doanh,Trực tiếp,3,3,2026-04-10,2026-04-10,0,Đã trả kết quả,Đúng hạn,5.0
HS2026000968,2026-04-07,4,2,Phường Kim Sơn,Tư pháp - Hộ tịch,Đăng ký khai tử,Bưu chính công ích,3,3,2026-04-10,2026-04-10,0,Đã trả kết quả,Đúng hạn,5.0
HS2026000969,2026-04-07,4,2,Xã Tân Phước,Lao động - Xã hội,"Xác nhận hộ nghèo, cận nghèo",Trực tuyến,5,3,2026-04-12,2026-04-10,0,Đã trả kết quả,Đúng hạn,5.0
HS2026000970,2026-04-08,4,2,Phường An Thịnh,Tư pháp - Hộ tịch,Cấp bản sao trích lục hộ tịch,Trực tiếp,1,1,2026-04-09,2026-04-09,0,Đã trả kết quả,Đúng hạn,5.0
HS2026000971,2026-04-08,4,2,Phường Bình Minh,Tư pháp - Hộ tịch,Cấp phiếu lý lịch tư pháp số 1,Trực tuyến,10,7,2026-04-18,2026-04-15,0,Đã trả kết quả,Đúng hạn,5.0
HS2026000972,2026-04-08,4,2,Xã Nam Hải,Đất đai - Tài nguyên,Cấp giấy chứng nhận quyền sử dụng đất,Trực tuyến,30,19,2026-05-08,2026-04-27,0,Đã trả kết quả,Đúng hạn,5.0
HS2026000973,2026-04-09,4,2,Xã Nam Hải,Kinh tế - Đăng ký KD,Đăng ký hộ kinh doanh,Trực tiếp,3,5,2026-04-12,2026-04-14,1,Đã trả kết quả,Trễ hạn,4.0
HS2026000974,2026-04-09,4,2,Xã Mỹ Trạch,Tư pháp - Hộ tịch,Chứng thực bản sao từ bản chính,Trực tiếp,1,1,2026-04-10,2026-04-10,0,Đã trả kết quả,Đúng hạn,5.0
HS2026000975,2026-04-09,4,2,Phường Kim Sơn,Tư pháp - Hộ tịch,Cấp phiếu lý lịch tư pháp số 1,Trực tiếp,10,10,2026-04-19,2026-04-19,0,Đã trả kết quả,Đúng hạn,5.0
HS2026000976,2026-04-09,4,2,Xã Mỹ Trạch,Tư pháp - Hộ tịch,Chứng thực bản sao từ bản chính,Trực tiếp,1,1,2026-04-10,2026-04-10,0,Đã trả kết quả,Đúng hạn,5.0
HS2026000977,2026-04-09,4,2,Phường Hoà Lạc,Tư pháp - Hộ tịch,Chứng thực bản sao từ bản chính,Trực tiếp,1,1,2026-04-10,2026-04-10,0,Đã trả kết quả,Đúng hạn,5.0
HS2026000978,2026-04-09,4,2,Phường An Thịnh,Tư pháp - Hộ tịch,Cấp bản sao trích lục hộ tịch,Bưu chính công ích,1,1,2026-04-10,2026-04-10,0,Đã trả kết quả,Đúng hạn,5.0
HS2026000979,2026-04-09,4,2,Phường Long Phú,Tư pháp - Hộ tịch,Cấp phiếu lý lịch tư pháp số 1,Trực tiếp,10,7,2026-04-19,2026-04-16,0,Đã trả kết quả,Đúng hạn,5.0
HS2026000980,2026-04-09,4,2,Phường An Thịnh,Đất đai - Tài nguyên,Cấp giấy chứng nhận quyền sử dụng đất,Trực tuyến,30,18,2026-05-09,2026-04-27,0,Đã trả kết quả,Đúng hạn,5.0
HS2026000981,2026-04-09,4,2,Phường Bình Minh,Đất đai - Tài nguyên,Cấp giấy chứng nhận quyền sử dụng đất,Trực tiếp,30,21,2026-05-09,2026-04-30,0,Đã trả kết quả,Đúng hạn,5.0
HS2026000982,2026-04-09,4,2,Phường Hoà Lạc,Lao động - Xã hội,"Xác nhận hộ nghèo, cận nghèo",Trực tiếp,5,6,2026-04-14,2026-04-15,0,Đã trả kết quả,Trễ hạn,4.0
HS2026000983,2026-04-10,4,2,Phường Hoà Lạc,Tư pháp - Hộ tịch,Cấp bản sao trích lục hộ tịch,Trực tuyến,1,1,2026-04-11,2026-04-11,0,Đã trả kết quả,Đúng hạn,5.0
HS2026000984,2026-04-10,4,2,Phường Hoà Lạc,Tư pháp - Hộ tịch,Chứng thực bản sao từ bản chính,Trực tiếp,1,1,2026-04-11,2026-04-11,0,Đã trả kết quả,Đúng hạn,5.0
HS2026000985,2026-04-10,4,2,Xã Nam Hải,Tư pháp - Hộ tịch,Cấp bản sao trích lục hộ tịch,Trực tiếp,1,2,2026-04-11,2026-04-12,0,Đã trả kết quả,Trễ hạn,3.0
HS2026000986,2026-04-10,4,2,Phường Hoà Lạc,Tư pháp - Hộ tịch,Cấp phiếu lý lịch tư pháp số 1,Trực tuyến,10,8,2026-04-20,2026-04-18,1,Đã trả kết quả,Đúng hạn,4.0
HS2026000987,2026-04-10,4,2,Xã Mỹ Trạch,Đất đai - Tài nguyên,Cấp giấy chứng nhận quyền sử dụng đất,Trực tiếp,30,23,2026-05-10,2026-05-03,0,Đã trả kết quả,Đúng hạn,5.0
HS2026000988,2026-04-10,4,2,Phường Hoà Lạc,Đất đai - Tài nguyên,Đăng ký biến động đất đai,Trực tiếp,10,7,2026-04-20,2026-04-17,0,Đã trả kết quả,Đúng hạn,5.0
HS2026000989,2026-04-10,4,2,Phường Kim Sơn,Tư pháp - Hộ tịch,Chứng thực bản sao từ bản chính,Bưu chính công ích,1,5,2026-04-11,2026-04-15,1,Đã trả kết quả,Trễ hạn,3.0
HS2026000990,2026-04-11,4,2,Phường An Thịnh,Tư pháp - Hộ tịch,Chứng thực bản sao từ bản chính,Trực tiếp,1,5,2026-04-12,2026-04-16,2,Đã trả kết quả,Trễ hạn,2.0
HS2026000991,2026-04-11,4,2,Phường Bình Minh,Đất đai - Tài nguyên,Cấp giấy chứng nhận quyền sử dụng đất,Trực tiếp,30,28,2026-05-11,2026-05-09,0,Đã trả kết quả,Đúng hạn,5.0
HS2026000992,2026-04-11,4,2,Phường Hoà Lạc,Đất đai - Tài nguyên,Cấp giấy chứng nhận quyền sử dụng đất,Trực tuyến,30,17,2026-05-11,2026-04-28,0,Đã trả kết quả,Đúng hạn,5.0
HS2026000993,2026-04-11,4,2,Phường Bình Minh,Lao động - Xã hội,"Xác nhận hộ nghèo, cận nghèo",Trực tuyến,5,4,2026-04-16,2026-04-15,0,Đã trả kết quả,Đúng hạn,4.0
HS2026000994,2026-04-11,4,2,Phường Kim Sơn,Tư pháp - Hộ tịch,Cấp phiếu lý lịch tư pháp số 1,Trực tuyến,10,8,2026-04-21,2026-04-19,0,Đã trả kết quả,Đúng hạn,5.0
HS2026000995,2026-04-11,4,2,Phường Long Phú,Kinh tế - Đăng ký KD,Đăng ký hộ kinh doanh,Trực tuyến,3,3,2026-04-14,2026-04-14,0,Đã trả kết quả,Đúng hạn,4.0
HS2026000996,2026-04-11,4,2,Phường An Thịnh,Tư pháp - Hộ tịch,Đăng ký kết hôn,Trực tiếp,3,2,2026-04-14,2026-04-13,0,Đã trả kết quả,Đúng hạn,4.0
HS2026000997,2026-04-11,4,2,Phường An Thịnh,Tư pháp - Hộ tịch,Đăng ký khai sinh,Bưu chính công ích,3,2,2026-04-14,2026-04-13,0,Đã trả kết quả,Đúng hạn,5.0
HS2026000998,2026-04-12,4,2,Phường Bình Minh,Lao động - Xã hội,"Xác nhận hộ nghèo, cận nghèo",Trực tuyến,5,3,2026-04-17,2026-04-15,0,Đã trả kết quả,Đúng hạn,5.0
HS2026000999,2026-04-12,4,2,Phường Long Phú,Xây dựng - Đô thị,Cấp giấy phép xây dựng nhà ở riêng lẻ,Trực tiếp,15,12,2026-04-27,2026-04-24,0,Đã trả kết quả,Đúng hạn,4.0
HS2026001000,2026-04-12,4,2,Xã Tân Phước,Đất đai - Tài nguyên,Đăng ký biến động đất đai,Trực tiếp,10,5,2026-04-22,2026-04-17,0,Đã trả kết quả,Đúng hạn,5.0
HS2026001001,2026-04-12,4,2,Phường Kim Sơn,Tư pháp - Hộ tịch,Đăng ký khai sinh,Trực tuyến,3,2,2026-04-15,2026-04-14,0,Đã trả kết quả,Đúng hạn,5.0
HS2026001002,2026-04-12,4,2,Phường An Thịnh,Xây dựng - Đô thị,Cấp giấy phép xây dựng nhà ở riêng lẻ,Trực tuyến,15,8,2026-04-27,2026-04-20,0,Đã trả kết quả,Đúng hạn,5.0
HS2026001003,2026-04-12,4,2,Xã Tân Phước,Tư pháp - Hộ tịch,Chứng thực bản sao từ bản chính,Trực tiếp,1,1,2026-04-13,2026-04-13,0,Đã trả kết quả,Đúng hạn,5.0
HS2026001004,2026-04-12,4,2,Xã Nam Hải,Lao động - Xã hội,Trợ cấp xã hội hằng tháng,Trực tiếp,20,25,2026-05-02,2026-05-07,1,Đã trả kết quả,Trễ hạn,3.0
HS2026001005,2026-04-12,4,2,Xã Nam Hải,Tư pháp - Hộ tịch,Đăng ký kết hôn,Bưu chính công ích,3,3,2026-04-15,2026-04-15,0,Đã trả kết quả,Đúng hạn,5.0
HS2026001006,2026-04-13,4,2,Phường Long Phú,Tư pháp - Hộ tịch,Chứng thực bản sao từ bản chính,Trực tiếp,1,1,2026-04-14,2026-04-14,0,Đã trả kết quả,Đúng hạn,5.0
HS2026001007,2026-04-13,4,2,Xã Nam Hải,Xây dựng - Đô thị,Cấp giấy phép xây dựng nhà ở riêng lẻ,Trực tuyến,15,15,2026-04-28,2026-04-28,0,Đã trả kết quả,Đúng hạn,4.0
HS2026001008,2026-04-13,4,2,Xã Mỹ Trạch,Đất đai - Tài nguyên,Cấp giấy chứng nhận quyền sử dụng đất,Trực tuyến,30,20,2026-05-13,2026-05-03,0,Đã trả kết quả,Đúng hạn,5.0
HS2026001009,2026-04-13,4,2,Phường An Thịnh,Tư pháp - Hộ tịch,Đăng ký khai sinh,Trực tiếp,3,3,2026-04-16,2026-04-16,0,Đã trả kết quả,Đúng hạn,5.0
HS2026001010,2026-04-13,4,2,Phường Bình Minh,Tư pháp - Hộ tịch,Đăng ký khai sinh,Trực tiếp,3,3,2026-04-16,2026-04-16,0,Đã trả kết quả,Đúng hạn,5.0
HS2026001011,2026-04-13,4,2,Xã Mỹ Trạch,Đất đai - Tài nguyên,Đăng ký biến động đất đai,Trực tuyến,10,5,2026-04-23,2026-04-18,0,Đã trả kết quả,Đúng hạn,5.0
HS2026001012,2026-04-13,4,2,Phường Long Phú,Tư pháp - Hộ tịch,Cấp bản sao trích lục hộ tịch,Trực tiếp,1,1,2026-04-14,2026-04-14,0,Đã trả kết quả,Đúng hạn,5.0
HS2026001013,2026-04-14,4,2,Phường Hoà Lạc,Đất đai - Tài nguyên,Cấp giấy chứng nhận quyền sử dụng đất,Trực tiếp,30,28,2026-05-14,2026-05-12,1,Đã trả kết quả,Đúng hạn,4.0
HS2026001014,2026-04-14,4,2,Phường Bình Minh,Xây dựng - Đô thị,Cấp giấy phép xây dựng nhà ở riêng lẻ,Trực tuyến,15,11,2026-04-29,2026-04-25,0,Đã trả kết quả,Đúng hạn,5.0
HS2026001015,2026-04-14,4,2,Xã Tân Phước,Tư pháp - Hộ tịch,Đăng ký khai sinh,Trực tuyến,3,2,2026-04-17,2026-04-16,0,Đã trả kết quả,Đúng hạn,4.0
HS2026001016,2026-04-14,4,2,Phường An Thịnh,Đất đai - Tài nguyên,Cấp giấy chứng nhận quyền sử dụng đất,Trực tiếp,30,19,2026-05-14,2026-05-03,0,Đã trả kết quả,Đúng hạn,5.0
HS2026001017,2026-04-15,4,2,Xã Tân Phước,Tư pháp - Hộ tịch,Đăng ký khai sinh,Trực tiếp,3,8,2026-04-18,2026-04-23,2,Đã trả kết quả,Trễ hạn,1.0
HS2026001018,2026-04-15,4,2,Phường Long Phú,Tư pháp - Hộ tịch,Cấp phiếu lý lịch tư pháp số 1,Trực tiếp,10,7,2026-04-25,2026-04-22,0,Đã trả kết quả,Đúng hạn,5.0
HS2026001019,2026-04-15,4,2,Xã Nam Hải,Tư pháp - Hộ tịch,Chứng thực bản sao từ bản chính,Trực tiếp,1,1,2026-04-16,2026-04-16,0,Đã trả kết quả,Đúng hạn,4.0
HS2026001020,2026-04-16,4,2,Phường An Thịnh,Tư pháp - Hộ tịch,Cấp bản sao trích lục hộ tịch,Trực tuyến,1,1,2026-04-17,2026-04-17,0,Đã trả kết quả,Đúng hạn,5.0
HS2026001021,2026-04-16,4,2,Phường Hoà Lạc,Lao động - Xã hội,"Xác nhận hộ nghèo, cận nghèo",Trực tiếp,5,5,2026-04-21,2026-04-21,0,Đã trả kết quả,Đúng hạn,5.0
HS2026001022,2026-04-16,4,2,Phường Long Phú,Tư pháp - Hộ tịch,Cấp phiếu lý lịch tư pháp số 1,Trực tuyến,10,8,2026-04-26,2026-04-24,0,Đã trả kết quả,Đúng hạn,5.0
HS2026001023,2026-04-16,4,2,Phường An Thịnh,Lao động - Xã hội,Trợ cấp xã hội hằng tháng,Trực tiếp,20,12,2026-05-06,2026-04-28,0,Đã trả kết quả,Đúng hạn,5.0
HS2026001024,2026-04-16,4,2,Phường Hoà Lạc,Tư pháp - Hộ tịch,Cấp phiếu lý lịch tư pháp số 1,Trực tuyến,10,6,2026-04-26,2026-04-22,0,Đã trả kết quả,Đúng hạn,5.0
HS2026001025,2026-04-16,4,2,Phường Bình Minh,Tư pháp - Hộ tịch,Cấp bản sao trích lục hộ tịch,Trực tuyến,1,1,2026-04-17,2026-04-17,0,Đã trả kết quả,Đúng hạn,5.0
HS2026001026,2026-04-16,4,2,Phường Long Phú,Tư pháp - Hộ tịch,Cấp phiếu lý lịch tư pháp số 1,Trực tiếp,10,8,2026-04-26,2026-04-24,0,Đã trả kết quả,Đúng hạn,5.0
HS2026001027,2026-04-16,4,2,Phường Hoà Lạc,Tư pháp - Hộ tịch,Cấp phiếu lý lịch tư pháp số 1,Trực tuyến,10,6,2026-04-26,2026-04-22,0,Đã trả kết quả,Đúng hạn,5.0
HS2026001028,2026-04-16,4,2,Xã Tân Phước,Tư pháp - Hộ tịch,Đăng ký khai sinh,Trực tuyến,3,3,2026-04-19,2026-04-19,0,Đã trả kết quả,Đúng hạn,5.0
HS2026001029,2026-04-16,4,2,Xã Tân Phước,Tư pháp - Hộ tịch,Cấp phiếu lý lịch tư pháp số 1,Trực tuyến,10,6,2026-04-26,2026-04-22,0,Đã trả kết quả,Đúng hạn,5.0
HS2026001030,2026-04-17,4,2,Phường An Thịnh,Lao động - Xã hội,Trợ cấp xã hội hằng tháng,Bưu chính công ích,20,17,2026-05-07,2026-05-04,0,Đã trả kết quả,Đúng hạn,5.0
HS2026001031,2026-04-17,4,2,Phường Long Phú,Tư pháp - Hộ tịch,Đăng ký khai sinh,Trực tuyến,3,3,2026-04-20,2026-04-20,0,Đã trả kết quả,Đúng hạn,4.0
HS2026001032,2026-04-17,4,2,Phường Bình Minh,Lao động - Xã hội,Trợ cấp xã hội hằng tháng,Trực tiếp,20,16,2026-05-07,2026-05-03,0,Đã trả kết quả,Đúng hạn,5.0
HS2026001033,2026-04-17,4,2,Phường Hoà Lạc,Tư pháp - Hộ tịch,Đăng ký khai sinh,Trực tiếp,3,2,2026-04-20,2026-04-19,0,Đã trả kết quả,Đúng hạn,5.0
HS2026001034,2026-04-17,4,2,Xã Mỹ Trạch,Lao động - Xã hội,"Xác nhận hộ nghèo, cận nghèo",Trực tiếp,5,4,2026-04-22,2026-04-21,0,Đã trả kết quả,Đúng hạn,5.0
HS2026001035,2026-04-17,4,2,Phường Hoà Lạc,Tư pháp - Hộ tịch,Đăng ký khai sinh,Trực tuyến,3,2,2026-04-20,2026-04-19,0,Đã trả kết quả,Đúng hạn,5.0
HS2026001036,2026-04-17,4,2,Phường Bình Minh,Tư pháp - Hộ tịch,Chứng thực bản sao từ bản chính,Trực tiếp,1,1,2026-04-18,2026-04-18,0,Đã trả kết quả,Đúng hạn,5.0
HS2026001037,2026-04-17,4,2,Phường An Thịnh,Kinh tế - Đăng ký KD,Đăng ký hộ kinh doanh,Bưu chính công ích,3,2,2026-04-20,2026-04-19,0,Đã trả kết quả,Đúng hạn,5.0
HS2026001038,2026-04-17,4,2,Phường Long Phú,Tư pháp - Hộ tịch,Chứng thực bản sao từ bản chính,Trực tiếp,1,2,2026-04-18,2026-04-19,0,Đã trả kết quả,Trễ hạn,4.0
HS2026001039,2026-04-17,4,2,Phường Bình Minh,Tư pháp - Hộ tịch,Cấp bản sao trích lục hộ tịch,Trực tiếp,1,1,2026-04-18,2026-04-18,0,Đã trả kết quả,Đúng hạn,4.0
HS2026001040,2026-04-17,4,2,Phường Kim Sơn,Kinh tế - Đăng ký KD,Đăng ký hộ kinh doanh,Trực tuyến,3,6,2026-04-20,2026-04-23,2,Đã trả kết quả,Trễ hạn,3.0
HS2026001041,2026-04-18,4,2,Xã Nam Hải,Tư pháp - Hộ tịch,Đăng ký khai tử,Bưu chính công ích,3,4,2026-04-21,2026-04-22,0,Đã trả kết quả,Trễ hạn,4.0
HS2026001042,2026-04-18,4,2,Phường Hoà Lạc,Tư pháp - Hộ tịch,Cấp phiếu lý lịch tư pháp số 1,Trực tuyến,10,8,2026-04-28,2026-04-26,0,Đã trả kết quả,Đúng hạn,4.0
HS2026001043,2026-04-18,4,2,Xã Nam Hải,Đất đai - Tài nguyên,Đăng ký biến động đất đai,Trực tiếp,10,12,2026-04-28,2026-04-30,0,Đã trả kết quả,Trễ hạn,4.0
HS2026001044,2026-04-18,4,2,Xã Mỹ Trạch,Kinh tế - Đăng ký KD,Đăng ký hộ kinh doanh,Trực tuyến,3,6,2026-04-21,2026-04-24,2,Đã trả kết quả,Trễ hạn,1.0
HS2026001045,2026-04-18,4,2,Phường An Thịnh,Lao động - Xã hội,"Xác nhận hộ nghèo, cận nghèo",Bưu chính công ích,5,3,2026-04-23,2026-04-21,0,Đã trả kết quả,Đúng hạn,4.0
HS2026001046,2026-04-18,4,2,Phường An Thịnh,Lao động - Xã hội,"Xác nhận hộ nghèo, cận nghèo",Trực tiếp,5,3,2026-04-23,2026-04-21,0,Đã trả kết quả,Đúng hạn,5.0
HS2026001047,2026-04-19,4,2,Xã Mỹ Trạch,Xây dựng - Đô thị,Cấp giấy phép xây dựng nhà ở riêng lẻ,Trực tuyến,15,9,2026-05-04,2026-04-28,0,Đã trả kết quả,Đúng hạn,4.0
HS2026001048,2026-04-19,4,2,Phường Long Phú,Lao động - Xã hội,Trợ cấp xã hội hằng tháng,Trực tiếp,20,22,2026-05-09,2026-05-11,0,Đã trả kết quả,Trễ hạn,4.0
HS2026001049,2026-04-19,4,2,Phường Bình Minh,Tư pháp - Hộ tịch,Chứng thực bản sao từ bản chính,Trực tiếp,1,1,2026-04-20,2026-04-20,0,Đã trả kết quả,Đúng hạn,5.0
HS2026001050,2026-04-20,4,2,Xã Nam Hải,Đất đai - Tài nguyên,Cấp giấy chứng nhận quyền sử dụng đất,Trực tiếp,30,20,2026-05-20,2026-05-10,0,Đã trả kết quả,Đúng hạn,5.0
HS2026001051,2026-04-20,4,2,Xã Mỹ Trạch,Lao động - Xã hội,"Xác nhận hộ nghèo, cận nghèo",Trực tiếp,5,4,2026-04-25,2026-04-24,0,Đã trả kết quả,Đúng hạn,5.0
HS2026001052,2026-04-20,4,2,Phường Hoà Lạc,Tư pháp - Hộ tịch,Đăng ký kết hôn,Trực tiếp,3,3,2026-04-23,2026-04-23,0,Đã trả kết quả,Đúng hạn,5.0
HS2026001053,2026-04-20,4,2,Xã Tân Phước,Lao động - Xã hội,Trợ cấp xã hội hằng tháng,Trực tiếp,20,18,2026-05-10,2026-05-08,0,Đã trả kết quả,Đúng hạn,5.0
HS2026001054,2026-04-20,4,2,Phường Long Phú,Tư pháp - Hộ tịch,Đăng ký khai sinh,Trực tuyến,3,2,2026-04-23,2026-04-22,0,Đã trả kết quả,Đúng hạn,5.0
HS2026001055,2026-04-20,4,2,Xã Tân Phước,Xây dựng - Đô thị,Cấp giấy phép xây dựng nhà ở riêng lẻ,Trực tuyến,15,7,2026-05-05,2026-04-27,0,Đã trả kết quả,Đúng hạn,5.0
HS2026001056,2026-04-20,4,2,Phường Kim Sơn,Tư pháp - Hộ tịch,Đăng ký khai sinh,Trực tuyến,3,8,2026-04-23,2026-04-28,2,Đã trả kết quả,Trễ hạn,2.0
HS2026001057,2026-04-20,4,2,Phường Bình Minh,Tư pháp - Hộ tịch,Cấp bản sao trích lục hộ tịch,Trực tuyến,1,1,2026-04-21,2026-04-21,0,Đã trả kết quả,Đúng hạn,5.0
HS2026001058,2026-04-20,4,2,Xã Tân Phước,Đất đai - Tài nguyên,Đăng ký biến động đất đai,Trực tuyến,10,6,2026-04-30,2026-04-26,0,Đã trả kết quả,Đúng hạn,5.0
HS2026001059,2026-04-20,4,2,Xã Mỹ Trạch,Tư pháp - Hộ tịch,Đăng ký khai tử,Trực tuyến,3,2,2026-04-23,2026-04-22,0,Đã trả kết quả,Đúng hạn,5.0
HS2026001060,2026-04-20,4,2,Phường Kim Sơn,Tư pháp - Hộ tịch,Chứng thực bản sao từ bản chính,Trực tuyến,1,1,2026-04-21,2026-04-21,0,Đã trả kết quả,Đúng hạn,4.0
HS2026001061,2026-04-21,4,2,Xã Nam Hải,Lao động - Xã hội,"Xác nhận hộ nghèo, cận nghèo",Trực tuyến,5,6,2026-04-26,2026-04-27,1,Đã trả kết quả,Trễ hạn,4.0
HS2026001062,2026-04-21,4,2,Phường An Thịnh,Tư pháp - Hộ tịch,Đăng ký khai sinh,Trực tuyến,3,2,2026-04-24,2026-04-23,0,Đã trả kết quả,Đúng hạn,5.0
HS2026001063,2026-04-21,4,2,Phường An Thịnh,Tư pháp - Hộ tịch,Đăng ký khai sinh,Trực tiếp,3,3,2026-04-24,2026-04-24,0,Đã trả kết quả,Đúng hạn,5.0
HS2026001064,2026-04-21,4,2,Phường Bình Minh,Tư pháp - Hộ tịch,Cấp bản sao trích lục hộ tịch,Trực tuyến,1,1,2026-04-22,2026-04-22,0,Đã trả kết quả,Đúng hạn,4.0
HS2026001065,2026-04-21,4,2,Phường Long Phú,Tư pháp - Hộ tịch,Cấp phiếu lý lịch tư pháp số 1,Bưu chính công ích,10,12,2026-05-01,2026-05-03,0,Đã trả kết quả,Trễ hạn,2.0
HS2026001066,2026-04-21,4,2,Xã Tân Phước,Tư pháp - Hộ tịch,Đăng ký khai sinh,Trực tiếp,3,3,2026-04-24,2026-04-24,0,Đã trả kết quả,Đúng hạn,4.0
HS2026001067,2026-04-22,4,2,Phường Bình Minh,Tư pháp - Hộ tịch,Đăng ký khai sinh,Trực tuyến,3,3,2026-04-25,2026-04-25,0,Đã trả kết quả,Đúng hạn,5.0
HS2026001068,2026-04-22,4,2,Phường Long Phú,Tư pháp - Hộ tịch,Chứng thực bản sao từ bản chính,Trực tiếp,1,2,2026-04-23,2026-04-24,0,Đã trả kết quả,Trễ hạn,4.0
HS2026001069,2026-04-22,4,2,Phường Hoà Lạc,Xây dựng - Đô thị,Cấp giấy phép xây dựng nhà ở riêng lẻ,Trực tuyến,15,7,2026-05-07,2026-04-29,0,Đã trả kết quả,Đúng hạn,5.0
HS2026001070,2026-04-23,4,2,Xã Tân Phước,Tư pháp - Hộ tịch,Đăng ký khai tử,Trực tiếp,3,6,2026-04-26,2026-04-29,2,Đã trả kết quả,Trễ hạn,3.0
HS2026001071,2026-04-23,4,2,Xã Mỹ Trạch,Tư pháp - Hộ tịch,Cấp bản sao trích lục hộ tịch,Trực tiếp,1,1,2026-04-24,2026-04-24,0,Đã trả kết quả,Đúng hạn,5.0
HS2026001072,2026-04-23,4,2,Xã Nam Hải,Xây dựng - Đô thị,Cấp giấy phép xây dựng nhà ở riêng lẻ,Trực tuyến,15,14,2026-05-08,2026-05-07,0,Đã trả kết quả,Đúng hạn,5.0
HS2026001073,2026-04-23,4,2,Phường Hoà Lạc,Tư pháp - Hộ tịch,Đăng ký khai sinh,Trực tiếp,3,9,2026-04-26,2026-05-02,2,Đã trả kết quả,Trễ hạn,2.0
HS2026001074,2026-04-23,4,2,Phường Hoà Lạc,Tư pháp - Hộ tịch,Đăng ký kết hôn,Trực tuyến,3,9,2026-04-26,2026-05-02,2,Đã trả kết quả,Trễ hạn,1.0
HS2026001075,2026-04-23,4,2,Phường Bình Minh,Tư pháp - Hộ tịch,Cấp bản sao trích lục hộ tịch,Bưu chính công ích,1,1,2026-04-24,2026-04-24,0,Đã trả kết quả,Đúng hạn,5.0
HS2026001076,2026-04-23,4,2,Phường Long Phú,Lao động - Xã hội,Trợ cấp xã hội hằng tháng,Trực tiếp,20,24,2026-05-13,2026-05-17,0,Đã trả kết quả,Trễ hạn,5.0
HS2026001077,2026-04-23,4,2,Phường Bình Minh,Kinh tế - Đăng ký KD,Đăng ký hộ kinh doanh,Trực tiếp,3,7,2026-04-26,2026-04-30,2,Đã trả kết quả,Trễ hạn,2.0
HS2026001078,2026-04-23,4,2,Phường Bình Minh,Tư pháp - Hộ tịch,Đăng ký khai sinh,Trực tiếp,3,3,2026-04-26,2026-04-26,0,Đã trả kết quả,Đúng hạn,5.0
HS2026001079,2026-04-24,4,2,Xã Mỹ Trạch,Tư pháp - Hộ tịch,Đăng ký kết hôn,Trực tuyến,3,5,2026-04-27,2026-04-29,2,Đã trả kết quả,Trễ hạn,2.0
HS2026001080,2026-04-24,4,2,Phường Long Phú,Tư pháp - Hộ tịch,Cấp phiếu lý lịch tư pháp số 1,Trực tuyến,10,11,2026-05-04,2026-05-05,1,Đã trả kết quả,Trễ hạn,4.0
HS2026001081,2026-04-24,4,2,Phường Hoà Lạc,Tư pháp - Hộ tịch,Cấp phiếu lý lịch tư pháp số 1,Trực tuyến,10,7,2026-05-04,2026-05-01,1,Đã trả kết quả,Đúng hạn,5.0
HS2026001082,2026-04-24,4,2,Phường Hoà Lạc,Kinh tế - Đăng ký KD,Đăng ký hộ kinh doanh,Bưu chính công ích,3,2,2026-04-27,2026-04-26,0,Đã trả kết quả,Đúng hạn,5.0
HS2026001083,2026-04-24,4,2,Xã Tân Phước,Tư pháp - Hộ tịch,Chứng thực bản sao từ bản chính,Trực tiếp,1,1,2026-04-25,2026-04-25,0,Đã trả kết quả,Đúng hạn,5.0
HS2026001084,2026-04-24,4,2,Xã Tân Phước,Tư pháp - Hộ tịch,Đăng ký kết hôn,Bưu chính công ích,3,3,2026-04-27,2026-04-27,0,Đã trả kết quả,Đúng hạn,5.0
HS2026001085,2026-04-25,4,2,Phường An Thịnh,Tư pháp - Hộ tịch,Đăng ký kết hôn,Trực tiếp,3,5,2026-04-28,2026-04-30,1,Đã trả kết quả,Trễ hạn,2.0
HS2026001086,2026-04-25,4,2,Phường An Thịnh,Kinh tế - Đăng ký KD,Đăng ký hộ kinh doanh,Trực tuyến,3,2,2026-04-28,2026-04-27,0,Đã trả kết quả,Đúng hạn,4.0
HS2026001087,2026-04-25,4,2,Phường An Thịnh,Tư pháp - Hộ tịch,Cấp phiếu lý lịch tư pháp số 1,Trực tuyến,10,5,2026-05-05,2026-04-30,0,Đã trả kết quả,Đúng hạn,4.0
HS2026001088,2026-04-25,4,2,Phường Kim Sơn,Tư pháp - Hộ tịch,Đăng ký khai tử,Trực tiếp,3,2,2026-04-28,2026-04-27,0,Đã trả kết quả,Đúng hạn,5.0
HS2026001089,2026-04-25,4,2,Xã Mỹ Trạch,Xây dựng - Đô thị,Cấp giấy phép xây dựng nhà ở riêng lẻ,Trực tiếp,15,9,2026-05-10,2026-05-04,0,Đã trả kết quả,Đúng hạn,5.0
HS2026001090,2026-04-25,4,2,Xã Tân Phước,Xây dựng - Đô thị,Cấp giấy phép xây dựng nhà ở riêng lẻ,Trực tuyến,15,12,2026-05-10,2026-05-07,0,Đã trả kết quả,Đúng hạn,4.0
HS2026001091,2026-04-25,4,2,Xã Nam Hải,Tư pháp - Hộ tịch,Đăng ký khai sinh,Trực tiếp,3,4,2026-04-28,2026-04-29,0,Đã trả kết quả,Trễ hạn,4.0
HS2026001092,2026-04-25,4,2,Phường Kim Sơn,Đất đai - Tài nguyên,Đăng ký biến động đất đai,Trực tuyến,10,6,2026-05-05,2026-05-01,0,Đã trả kết quả,Đúng hạn,5.0
HS2026001093,2026-04-25,4,2,Xã Tân Phước,Đất đai - Tài nguyên,Cấp giấy chứng nhận quyền sử dụng đất,Trực tiếp,30,23,2026-05-25,2026-05-18,0,Đã trả kết quả,Đúng hạn,4.0
HS2026001094,2026-04-26,4,2,Phường Long Phú,Tư pháp - Hộ tịch,Chứng thực bản sao từ bản chính,Trực tiếp,1,1,2026-04-27,2026-04-27,0,Đã trả kết quả,Đúng hạn,5.0
HS2026001095,2026-04-26,4,2,Phường An Thịnh,Lao động - Xã hội,Trợ cấp xã hội hằng tháng,Trực tiếp,20,14,2026-05-16,2026-05-10,0,Đã trả kết quả,Đúng hạn,5.0
HS2026001096,2026-04-26,4,2,Xã Nam Hải,Đất đai - Tài nguyên,Cấp giấy chứng nhận quyền sử dụng đất,Trực tuyến,30,19,2026-05-26,2026-05-15,0,Đã trả kết quả,Đúng hạn,5.0
HS2026001097,2026-04-26,4,2,Phường Long Phú,Lao động - Xã hội,Trợ cấp xã hội hằng tháng,Trực tuyến,20,12,2026-05-16,2026-05-08,0,Đã trả kết quả,Đúng hạn,5.0
HS2026001098,2026-04-26,4,2,Xã Nam Hải,Tư pháp - Hộ tịch,Đăng ký khai sinh,Trực tiếp,3,4,2026-04-29,2026-04-30,0,Đã trả kết quả,Trễ hạn,3.0
HS2026001099,2026-04-26,4,2,Phường Bình Minh,Tư pháp - Hộ tịch,Đăng ký khai sinh,Trực tiếp,3,2,2026-04-29,2026-04-28,0,Đã trả kết quả,Đúng hạn,5.0
HS2026001100,2026-04-26,4,2,Phường Kim Sơn,Kinh tế - Đăng ký KD,Đăng ký hộ kinh doanh,Trực tuyến,3,2,2026-04-29,2026-04-28,0,Đã trả kết quả,Đúng hạn,5.0
HS2026001101,2026-04-26,4,2,Phường Bình Minh,Tư pháp - Hộ tịch,Đăng ký khai sinh,Bưu chính công ích,3,3,2026-04-29,2026-04-29,0,Đã trả kết quả,Đúng hạn,5.0
HS2026001102,2026-04-27,4,2,Phường An Thịnh,Tư pháp - Hộ tịch,Đăng ký khai sinh,Bưu chính công ích,3,2,2026-04-30,2026-04-29,0,Đã trả kết quả,Đúng hạn,4.0
HS2026001103,2026-04-27,4,2,Phường An Thịnh,Đất đai - Tài nguyên,Cấp giấy chứng nhận quyền sử dụng đất,Trực tuyến,30,14,2026-05-27,2026-05-11,1,Đã trả kết quả,Đúng hạn,5.0
HS2026001104,2026-04-27,4,2,Xã Mỹ Trạch,Tư pháp - Hộ tịch,Đăng ký kết hôn,Trực tiếp,3,3,2026-04-30,2026-04-30,0,Đã trả kết quả,Đúng hạn,5.0
HS2026001105,2026-04-27,4,2,Phường Bình Minh,Đất đai - Tài nguyên,Đăng ký biến động đất đai,Trực tiếp,10,5,2026-05-07,2026-05-02,0,Đã trả kết quả,Đúng hạn,5.0
HS2026001106,2026-04-27,4,2,Phường Bình Minh,Tư pháp - Hộ tịch,Đăng ký khai sinh,Trực tiếp,3,2,2026-04-30,2026-04-29,0,Đã trả kết quả,Đúng hạn,5.0
HS2026001107,2026-04-27,4,2,Phường Long Phú,Tư pháp - Hộ tịch,Đăng ký khai tử,Trực tiếp,3,9,2026-04-30,2026-05-06,2,Đã trả kết quả,Trễ hạn,3.0
HS2026001108,2026-04-27,4,2,Xã Mỹ Trạch,Tư pháp - Hộ tịch,Đăng ký kết hôn,Trực tiếp,3,9,2026-04-30,2026-05-06,2,Đã trả kết quả,Trễ hạn,1.0
HS2026001109,2026-04-27,4,2,Phường An Thịnh,Xây dựng - Đô thị,Cấp giấy phép xây dựng nhà ở riêng lẻ,Trực tiếp,15,8,2026-05-12,2026-05-05,0,Đã trả kết quả,Đúng hạn,5.0
HS2026001110,2026-04-27,4,2,Phường Long Phú,Tư pháp - Hộ tịch,Cấp bản sao trích lục hộ tịch,Trực tiếp,1,3,2026-04-28,2026-04-30,1,Đã trả kết quả,Trễ hạn,4.0
HS2026001111,2026-04-27,4,2,Phường An Thịnh,Tư pháp - Hộ tịch,Chứng thực bản sao từ bản chính,Trực tiếp,1,1,2026-04-28,2026-04-28,0,Đã trả kết quả,Đúng hạn,5.0
HS2026001112,2026-04-27,4,2,Phường Kim Sơn,Xây dựng - Đô thị,Cấp giấy phép xây dựng nhà ở riêng lẻ,Trực tiếp,15,12,2026-05-12,2026-05-09,0,Đã trả kết quả,Đúng hạn,5.0
HS2026001113,2026-04-27,4,2,Phường Bình Minh,Tư pháp - Hộ tịch,Chứng thực bản sao từ bản chính,Trực tuyến,1,1,2026-04-28,2026-04-28,0,Đã trả kết quả,Đúng hạn,5.0
HS2026001114,2026-04-27,4,2,Phường Kim Sơn,Tư pháp - Hộ tịch,Cấp phiếu lý lịch tư pháp số 1,Trực tuyến,10,6,2026-05-07,2026-05-03,0,Đã trả kết quả,Đúng hạn,5.0
HS2026001115,2026-04-27,4,2,Xã Tân Phước,Lao động - Xã hội,Trợ cấp xã hội hằng tháng,Trực tiếp,20,18,2026-05-17,2026-05-15,0,Đã trả kết quả,Đúng hạn,4.0
HS2026001116,2026-04-27,4,2,Xã Mỹ Trạch,Tư pháp - Hộ tịch,Cấp bản sao trích lục hộ tịch,Trực tuyến,1,1,2026-04-28,2026-04-28,0,Đã trả kết quả,Đúng hạn,5.0
HS2026001117,2026-04-28,4,2,Xã Nam Hải,Tư pháp - Hộ tịch,Đăng ký khai sinh,Trực tuyến,3,2,2026-05-01,2026-04-30,0,Đã trả kết quả,Đúng hạn,5.0
HS2026001118,2026-04-28,4,2,Phường Bình Minh,Tư pháp - Hộ tịch,Chứng thực bản sao từ bản chính,Trực tiếp,1,1,2026-04-29,2026-04-29,0,Đã trả kết quả,Đúng hạn,5.0
HS2026001119,2026-04-28,4,2,Phường Long Phú,Tư pháp - Hộ tịch,Đăng ký khai tử,Trực tiếp,3,4,2026-05-01,2026-05-02,0,Đã trả kết quả,Trễ hạn,3.0
HS2026001120,2026-04-28,4,2,Phường Bình Minh,Tư pháp - Hộ tịch,Cấp phiếu lý lịch tư pháp số 1,Trực tiếp,10,7,2026-05-08,2026-05-05,0,Đã trả kết quả,Đúng hạn,5.0
HS2026001121,2026-04-28,4,2,Xã Nam Hải,Tư pháp - Hộ tịch,Cấp phiếu lý lịch tư pháp số 1,Trực tuyến,10,12,2026-05-08,2026-05-10,1,Đã trả kết quả,Trễ hạn,1.0
HS2026001122,2026-04-28,4,2,Phường An Thịnh,Tư pháp - Hộ tịch,Cấp phiếu lý lịch tư pháp số 1,Trực tuyến,10,5,2026-05-08,2026-05-03,0,Đã trả kết quả,Đúng hạn,5.0
HS2026001123,2026-04-28,4,2,Phường Hoà Lạc,Tư pháp - Hộ tịch,Đăng ký khai sinh,Trực tiếp,3,3,2026-05-01,2026-05-01,0,Đã trả kết quả,Đúng hạn,5.0
HS2026001124,2026-04-28,4,2,Xã Mỹ Trạch,Lao động - Xã hội,Trợ cấp xã hội hằng tháng,Trực tuyến,20,12,2026-05-18,2026-05-10,0,Đã trả kết quả,Đúng hạn,5.0
HS2026001125,2026-04-28,4,2,Phường Bình Minh,Tư pháp - Hộ tịch,Đăng ký kết hôn,Bưu chính công ích,3,5,2026-05-01,2026-05-03,1,Đã trả kết quả,Trễ hạn,2.0
HS2026001126,2026-04-29,4,2,Xã Tân Phước,Tư pháp - Hộ tịch,Chứng thực bản sao từ bản chính,Trực tiếp,1,1,2026-04-30,2026-04-30,0,Đã trả kết quả,Đúng hạn,5.0
HS2026001127,2026-04-29,4,2,Phường Bình Minh,Xây dựng - Đô thị,Cấp giấy phép xây dựng nhà ở riêng lẻ,Bưu chính công ích,15,16,2026-05-14,2026-05-15,2,Đã trả kết quả,Trễ hạn,2.0
HS2026001128,2026-04-29,4,2,Xã Mỹ Trạch,Tư pháp - Hộ tịch,Đăng ký khai sinh,Bưu chính công ích,3,9,2026-05-02,2026-05-08,2,Đã trả kết quả,Trễ hạn,1.0
HS2026001129,2026-04-29,4,2,Phường Bình Minh,Kinh tế - Đăng ký KD,Đăng ký hộ kinh doanh,Trực tuyến,3,2,2026-05-02,2026-05-01,0,Đã trả kết quả,Đúng hạn,5.0
HS2026001130,2026-04-29,4,2,Phường Hoà Lạc,Tư pháp - Hộ tịch,Cấp phiếu lý lịch tư pháp số 1,Trực tuyến,10,11,2026-05-09,2026-05-10,2,Đã trả kết quả,Trễ hạn,3.0
HS2026001131,2026-04-29,4,2,Phường Kim Sơn,Đất đai - Tài nguyên,Cấp giấy chứng nhận quyền sử dụng đất,Trực tiếp,30,31,2026-05-29,2026-05-30,0,Đã trả kết quả,Trễ hạn,4.0
HS2026001132,2026-04-29,4,2,Phường Hoà Lạc,Tư pháp - Hộ tịch,Chứng thực bản sao từ bản chính,Trực tiếp,1,1,2026-04-30,2026-04-30,0,Đã trả kết quả,Đúng hạn,5.0
HS2026001133,2026-04-29,4,2,Xã Mỹ Trạch,Tư pháp - Hộ tịch,Đăng ký khai tử,Trực tiếp,3,3,2026-05-02,2026-05-02,0,Đã trả kết quả,Đúng hạn,5.0
HS2026001134,2026-04-29,4,2,Phường Long Phú,Kinh tế - Đăng ký KD,Đăng ký hộ kinh doanh,Trực tuyến,3,7,2026-05-02,2026-05-06,2,Đã trả kết quả,Trễ hạn,2.0
HS2026001135,2026-04-29,4,2,Phường Long Phú,Đất đai - Tài nguyên,Đăng ký biến động đất đai,Trực tuyến,10,6,2026-05-09,2026-05-05,0,Đã trả kết quả,Đúng hạn,5.0
HS2026001136,2026-04-29,4,2,Xã Tân Phước,Tư pháp - Hộ tịch,Cấp bản sao trích lục hộ tịch,Trực tuyến,1,1,2026-04-30,2026-04-30,0,Đã trả kết quả,Đúng hạn,5.0
HS2026001137,2026-04-30,4,2,Phường An Thịnh,Xây dựng - Đô thị,Cấp giấy phép xây dựng nhà ở riêng lẻ,Trực tiếp,15,11,2026-05-15,2026-05-11,0,Đã trả kết quả,Đúng hạn,5.0
HS2026001138,2026-04-30,4,2,Phường Kim Sơn,Tư pháp - Hộ tịch,Đăng ký khai sinh,Trực tuyến,3,2,2026-05-03,2026-05-02,0,Đã trả kết quả,Đúng hạn,5.0
HS2026001139,2026-04-30,4,2,Phường Bình Minh,Tư pháp - Hộ tịch,Chứng thực bản sao từ bản chính,Trực tuyến,1,8,2026-05-01,2026-05-08,2,Đã trả kết quả,Trễ hạn,3.0
HS2026001140,2026-04-30,4,2,Phường Bình Minh,Tư pháp - Hộ tịch,Cấp phiếu lý lịch tư pháp số 1,Trực tuyến,10,7,2026-05-10,2026-05-07,0,Đã trả kết quả,Đúng hạn,5.0
HS2026001141,2026-04-30,4,2,Xã Nam Hải,Kinh tế - Đăng ký KD,Đăng ký hộ kinh doanh,Trực tiếp,3,3,2026-05-03,2026-05-03,0,Đã trả kết quả,Đúng hạn,5.0
HS2026001142,2026-04-30,4,2,Xã Nam Hải,Tư pháp - Hộ tịch,Cấp phiếu lý lịch tư pháp số 1,Trực tiếp,10,9,2026-05-10,2026-05-09,0,Đã trả kết quả,Đúng hạn,5.0
HS2026001143,2026-04-30,4,2,Phường Bình Minh,Tư pháp - Hộ tịch,Đăng ký khai tử,Trực tiếp,3,3,2026-05-03,2026-05-03,0,Đã trả kết quả,Đúng hạn,5.0
HS2026001144,2026-04-30,4,2,Phường An Thịnh,Tư pháp - Hộ tịch,Cấp phiếu lý lịch tư pháp số 1,Trực tuyến,10,5,2026-05-10,2026-05-05,0,Đã trả kết quả,Đúng hạn,5.0
HS2026001145,2026-04-30,4,2,Phường An Thịnh,Tư pháp - Hộ tịch,Cấp phiếu lý lịch tư pháp số 1,Trực tiếp,10,5,2026-05-10,2026-05-05,0,Đã trả kết quả,Đúng hạn,5.0
HS2026001146,2026-04-30,4,2,Phường Hoà Lạc,Tư pháp - Hộ tịch,Đăng ký khai sinh,Bưu chính công ích,3,3,2026-05-03,2026-05-03,0,Đã trả kết quả,Đúng hạn,5.0
HS2026001147,2026-05-01,5,2,Xã Mỹ Trạch,Kinh tế - Đăng ký KD,Đăng ký hộ kinh doanh,Bưu chính công ích,3,2,2026-05-04,2026-05-03,0,Đã trả kết quả,Đúng hạn,5.0
HS2026001148,2026-05-01,5,2,Xã Tân Phước,Đất đai - Tài nguyên,Cấp giấy chứng nhận quyền sử dụng đất,Trực tiếp,30,28,2026-05-31,2026-05-29,0,Đã trả kết quả,Đúng hạn,5.0
HS2026001149,2026-05-01,5,2,Xã Nam Hải,Tư pháp - Hộ tịch,Cấp phiếu lý lịch tư pháp số 1,Trực tuyến,10,7,2026-05-11,2026-05-08,0,Đã trả kết quả,Đúng hạn,5.0
HS2026001150,2026-05-01,5,2,Phường Hoà Lạc,Tư pháp - Hộ tịch,Cấp bản sao trích lục hộ tịch,Trực tuyến,1,1,2026-05-02,2026-05-02,0,Đã trả kết quả,Đúng hạn,5.0
HS2026001151,2026-05-01,5,2,Phường Bình Minh,Tư pháp - Hộ tịch,Đăng ký khai sinh,Trực tuyến,3,2,2026-05-04,2026-05-03,0,Đã trả kết quả,Đúng hạn,5.0
HS2026001152,2026-05-01,5,2,Phường Long Phú,Tư pháp - Hộ tịch,Cấp bản sao trích lục hộ tịch,Trực tuyến,1,1,2026-05-02,2026-05-02,0,Đã trả kết quả,Đúng hạn,5.0
HS2026001153,2026-05-01,5,2,Phường Long Phú,Tư pháp - Hộ tịch,Cấp phiếu lý lịch tư pháp số 1,Trực tuyến,10,7,2026-05-11,2026-05-08,0,Đã trả kết quả,Đúng hạn,4.0
HS2026001154,2026-05-01,5,2,Phường An Thịnh,Tư pháp - Hộ tịch,Cấp phiếu lý lịch tư pháp số 1,Trực tuyến,10,7,2026-05-11,2026-05-08,0,Đã trả kết quả,Đúng hạn,5.0
HS2026001155,2026-05-01,5,2,Phường Bình Minh,Tư pháp - Hộ tịch,Đăng ký kết hôn,Trực tuyến,3,2,2026-05-04,2026-05-03,0,Đã trả kết quả,Đúng hạn,5.0
HS2026001156,2026-05-01,5,2,Phường Hoà Lạc,Tư pháp - Hộ tịch,Cấp phiếu lý lịch tư pháp số 1,Trực tuyến,10,5,2026-05-11,2026-05-06,0,Đã trả kết quả,Đúng hạn,5.0
HS2026001157,2026-05-01,5,2,Xã Nam Hải,Tư pháp - Hộ tịch,Đăng ký khai sinh,Trực tiếp,3,4,2026-05-04,2026-05-05,0,Đã trả kết quả,Trễ hạn,3.0
HS2026001158,2026-05-01,5,2,Phường Long Phú,Tư pháp - Hộ tịch,Chứng thực bản sao từ bản chính,Trực tiếp,1,1,2026-05-02,2026-05-02,0,Đã trả kết quả,Đúng hạn,5.0
HS2026001159,2026-05-02,5,2,Phường An Thịnh,Tư pháp - Hộ tịch,Đăng ký khai sinh,Bưu chính công ích,3,3,2026-05-05,2026-05-05,0,Đã trả kết quả,Đúng hạn,5.0
HS2026001160,2026-05-02,5,2,Phường An Thịnh,Tư pháp - Hộ tịch,Cấp phiếu lý lịch tư pháp số 1,Trực tiếp,10,12,2026-05-12,2026-05-14,2,Đã trả kết quả,Trễ hạn,2.0
HS2026001161,2026-05-02,5,2,Phường Kim Sơn,Tư pháp - Hộ tịch,Đăng ký khai tử,Trực tiếp,3,3,2026-05-05,2026-05-05,0,Đã trả kết quả,Đúng hạn,5.0
HS2026001162,2026-05-02,5,2,Phường Bình Minh,Kinh tế - Đăng ký KD,Đăng ký hộ kinh doanh,Trực tuyến,3,3,2026-05-05,2026-05-05,0,Đã trả kết quả,Đúng hạn,5.0
HS2026001163,2026-05-02,5,2,Phường Bình Minh,Tư pháp - Hộ tịch,Đăng ký khai sinh,Trực tuyến,3,4,2026-05-05,2026-05-06,1,Đã trả kết quả,Trễ hạn,4.0
HS2026001164,2026-05-02,5,2,Phường Hoà Lạc,Kinh tế - Đăng ký KD,Đăng ký hộ kinh doanh,Trực tuyến,3,6,2026-05-05,2026-05-08,2,Đã trả kết quả,Trễ hạn,3.0
HS2026001165,2026-05-03,5,2,Xã Nam Hải,Kinh tế - Đăng ký KD,Đăng ký hộ kinh doanh,Trực tuyến,3,3,2026-05-06,2026-05-06,0,Đã trả kết quả,Đúng hạn,5.0
HS2026001166,2026-05-03,5,2,Xã Mỹ Trạch,Tư pháp - Hộ tịch,Đăng ký khai sinh,Trực tiếp,3,3,2026-05-06,2026-05-06,0,Đã trả kết quả,Đúng hạn,5.0
HS2026001167,2026-05-03,5,2,Xã Nam Hải,Tư pháp - Hộ tịch,Chứng thực bản sao từ bản chính,Trực tiếp,1,2,2026-05-04,2026-05-05,0,Đã trả kết quả,Trễ hạn,3.0
HS2026001168,2026-05-04,5,2,Phường Bình Minh,Tư pháp - Hộ tịch,Đăng ký khai tử,Trực tuyến,3,4,2026-05-07,2026-05-08,1,Đã trả kết quả,Trễ hạn,3.0
HS2026001169,2026-05-04,5,2,Xã Mỹ Trạch,Đất đai - Tài nguyên,Cấp giấy chứng nhận quyền sử dụng đất,Trực tiếp,30,28,2026-06-03,2026-06-01,0,Đã trả kết quả,Đúng hạn,5.0
HS2026001170,2026-05-04,5,2,Phường Kim Sơn,Tư pháp - Hộ tịch,Đăng ký khai sinh,Trực tuyến,3,2,2026-05-07,2026-05-06,0,Đã trả kết quả,Đúng hạn,5.0
HS2026001171,2026-05-04,5,2,Xã Tân Phước,Tư pháp - Hộ tịch,Chứng thực bản sao từ bản chính,Trực tuyến,1,5,2026-05-05,2026-05-09,2,Đã trả kết quả,Trễ hạn,2.0
HS2026001172,2026-05-04,5,2,Phường Hoà Lạc,Tư pháp - Hộ tịch,Chứng thực bản sao từ bản chính,Trực tiếp,1,1,2026-05-05,2026-05-05,0,Đã trả kết quả,Đúng hạn,5.0
HS2026001173,2026-05-04,5,2,Phường Kim Sơn,Tư pháp - Hộ tịch,Cấp phiếu lý lịch tư pháp số 1,Trực tuyến,10,6,2026-05-14,2026-05-10,0,Đã trả kết quả,Đúng hạn,5.0
HS2026001174,2026-05-04,5,2,Phường Kim Sơn,Đất đai - Tài nguyên,Đăng ký biến động đất đai,Trực tuyến,10,7,2026-05-14,2026-05-11,0,Đã trả kết quả,Đúng hạn,5.0
HS2026001175,2026-05-04,5,2,Xã Tân Phước,Tư pháp - Hộ tịch,Đăng ký kết hôn,Trực tuyến,3,5,2026-05-07,2026-05-09,1,Đã trả kết quả,Trễ hạn,3.0
HS2026001176,2026-05-05,5,2,Phường An Thịnh,Tư pháp - Hộ tịch,Đăng ký khai tử,Bưu chính công ích,3,3,2026-05-08,2026-05-08,0,Đã trả kết quả,Đúng hạn,4.0
HS2026001177,2026-05-05,5,2,Phường Hoà Lạc,Tư pháp - Hộ tịch,Chứng thực bản sao từ bản chính,Trực tiếp,1,4,2026-05-06,2026-05-09,1,Đã trả kết quả,Trễ hạn,3.0
HS2026001178,2026-05-05,5,2,Xã Mỹ Trạch,Tư pháp - Hộ tịch,Đăng ký kết hôn,Trực tuyến,3,3,2026-05-08,2026-05-08,0,Đã trả kết quả,Đúng hạn,5.0
HS2026001179,2026-05-05,5,2,Phường Bình Minh,Tư pháp - Hộ tịch,Chứng thực bản sao từ bản chính,Trực tiếp,1,1,2026-05-06,2026-05-06,0,Đã trả kết quả,Đúng hạn,5.0
HS2026001180,2026-05-05,5,2,Xã Mỹ Trạch,Tư pháp - Hộ tịch,Đăng ký kết hôn,Trực tiếp,3,3,2026-05-08,2026-05-08,0,Đã trả kết quả,Đúng hạn,5.0
HS2026001181,2026-05-05,5,2,Phường An Thịnh,Đất đai - Tài nguyên,Đăng ký biến động đất đai,Trực tuyến,10,7,2026-05-15,2026-05-12,0,Đã trả kết quả,Đúng hạn,5.0
HS2026001182,2026-05-05,5,2,Phường An Thịnh,Tư pháp - Hộ tịch,Chứng thực bản sao từ bản chính,Bưu chính công ích,1,1,2026-05-06,2026-05-06,0,Đã trả kết quả,Đúng hạn,5.0
HS2026001183,2026-05-05,5,2,Phường Kim Sơn,Xây dựng - Đô thị,Cấp giấy phép xây dựng nhà ở riêng lẻ,Trực tiếp,15,15,2026-05-20,2026-05-20,0,Đã trả kết quả,Đúng hạn,5.0
HS2026001184,2026-05-05,5,2,Xã Nam Hải,Kinh tế - Đăng ký KD,Đăng ký hộ kinh doanh,Trực tuyến,3,6,2026-05-08,2026-05-11,1,Đã trả kết quả,Trễ hạn,4.0
HS2026001185,2026-05-05,5,2,Phường An Thịnh,Đất đai - Tài nguyên,Đăng ký biến động đất đai,Trực tiếp,10,9,2026-05-15,2026-05-14,0,Đã trả kết quả,Đúng hạn,5.0
HS2026001186,2026-05-05,5,2,Phường Bình Minh,Tư pháp - Hộ tịch,Cấp phiếu lý lịch tư pháp số 1,Trực tuyến,10,9,2026-05-15,2026-05-14,1,Đã trả kết quả,Đúng hạn,4.0
HS2026001187,2026-05-05,5,2,Xã Tân Phước,Xây dựng - Đô thị,Cấp giấy phép xây dựng nhà ở riêng lẻ,Trực tiếp,15,11,2026-05-20,2026-05-16,0,Đã trả kết quả,Đúng hạn,5.0
HS2026001188,2026-05-06,5,2,Phường An Thịnh,Tư pháp - Hộ tịch,Cấp phiếu lý lịch tư pháp số 1,Trực tiếp,10,8,2026-05-16,2026-05-14,0,Đã trả kết quả,Đúng hạn,4.0
HS2026001189,2026-05-06,5,2,Phường Kim Sơn,Tư pháp - Hộ tịch,Đăng ký kết hôn,Trực tiếp,3,3,2026-05-09,2026-05-09,0,Đã trả kết quả,Đúng hạn,5.0
HS2026001190,2026-05-06,5,2,Phường Kim Sơn,Tư pháp - Hộ tịch,Đăng ký khai sinh,Trực tuyến,3,6,2026-05-09,2026-05-12,1,Đã trả kết quả,Trễ hạn,3.0
HS2026001191,2026-05-06,5,2,Phường Kim Sơn,Đất đai - Tài nguyên,Đăng ký biến động đất đai,Bưu chính công ích,10,9,2026-05-16,2026-05-15,0,Đã trả kết quả,Đúng hạn,5.0
HS2026001192,2026-05-06,5,2,Phường Hoà Lạc,Kinh tế - Đăng ký KD,Đăng ký hộ kinh doanh,Trực tuyến,3,6,2026-05-09,2026-05-12,1,Đã trả kết quả,Trễ hạn,3.0
HS2026001193,2026-05-06,5,2,Phường An Thịnh,Tư pháp - Hộ tịch,Đăng ký kết hôn,Bưu chính công ích,3,2,2026-05-09,2026-05-08,0,Đã trả kết quả,Đúng hạn,5.0
HS2026001194,2026-05-06,5,2,Phường Hoà Lạc,Tư pháp - Hộ tịch,Cấp bản sao trích lục hộ tịch,Bưu chính công ích,1,4,2026-05-07,2026-05-10,1,Đã trả kết quả,Trễ hạn,3.0
HS2026001195,2026-05-06,5,2,Xã Mỹ Trạch,Lao động - Xã hội,"Xác nhận hộ nghèo, cận nghèo",Trực tiếp,5,4,2026-05-11,2026-05-10,0,Đã trả kết quả,Đúng hạn,5.0
HS2026001196,2026-05-06,5,2,Xã Mỹ Trạch,Tư pháp - Hộ tịch,Đăng ký kết hôn,Trực tuyến,3,2,2026-05-09,2026-05-08,0,Đã trả kết quả,Đúng hạn,5.0
HS2026001197,2026-05-07,5,2,Phường Hoà Lạc,Tư pháp - Hộ tịch,Chứng thực bản sao từ bản chính,Trực tiếp,1,1,2026-05-08,2026-05-08,0,Đã trả kết quả,Đúng hạn,5.0
HS2026001198,2026-05-07,5,2,Xã Mỹ Trạch,Lao động - Xã hội,"Xác nhận hộ nghèo, cận nghèo",Trực tiếp,5,4,2026-05-12,2026-05-11,0,Đã trả kết quả,Đúng hạn,5.0
HS2026001199,2026-05-07,5,2,Phường Long Phú,Tư pháp - Hộ tịch,Đăng ký khai sinh,Bưu chính công ích,3,4,2026-05-10,2026-05-11,0,Đã trả kết quả,Trễ hạn,4.0
HS2026001200,2026-05-07,5,2,Xã Tân Phước,Kinh tế - Đăng ký KD,Đăng ký hộ kinh doanh,Trực tiếp,3,3,2026-05-10,2026-05-10,0,Đã trả kết quả,Đúng hạn,5.0
HS2026001201,2026-05-08,5,2,Phường Hoà Lạc,Xây dựng - Đô thị,Cấp giấy phép xây dựng nhà ở riêng lẻ,Trực tiếp,15,8,2026-05-23,2026-05-16,0,Đã trả kết quả,Đúng hạn,5.0
HS2026001202,2026-05-08,5,2,Xã Mỹ Trạch,Tư pháp - Hộ tịch,Đăng ký kết hôn,Trực tiếp,3,2,2026-05-11,2026-05-10,0,Đã trả kết quả,Đúng hạn,5.0
HS2026001203,2026-05-08,5,2,Phường Kim Sơn,Tư pháp - Hộ tịch,Cấp bản sao trích lục hộ tịch,Trực tiếp,1,1,2026-05-09,2026-05-09,0,Đã trả kết quả,Đúng hạn,5.0
HS2026001204,2026-05-08,5,2,Phường Hoà Lạc,Tư pháp - Hộ tịch,Cấp bản sao trích lục hộ tịch,Trực tiếp,1,1,2026-05-09,2026-05-09,0,Đã trả kết quả,Đúng hạn,5.0
HS2026001205,2026-05-08,5,2,Xã Nam Hải,Tư pháp - Hộ tịch,Đăng ký khai sinh,Trực tuyến,3,2,2026-05-11,2026-05-10,0,Đã trả kết quả,Đúng hạn,5.0
HS2026001206,2026-05-08,5,2,Xã Mỹ Trạch,Đất đai - Tài nguyên,Cấp giấy chứng nhận quyền sử dụng đất,Trực tuyến,30,22,2026-06-07,2026-05-30,0,Đã trả kết quả,Đúng hạn,5.0
HS2026001207,2026-05-09,5,2,Phường Kim Sơn,Tư pháp - Hộ tịch,Cấp bản sao trích lục hộ tịch,Trực tuyến,1,1,2026-05-10,2026-05-10,0,Đã trả kết quả,Đúng hạn,5.0
HS2026001208,2026-05-09,5,2,Phường An Thịnh,Tư pháp - Hộ tịch,Đăng ký kết hôn,Trực tiếp,3,2,2026-05-12,2026-05-11,0,Đã trả kết quả,Đúng hạn,5.0
HS2026001209,2026-05-09,5,2,Phường Bình Minh,Kinh tế - Đăng ký KD,Đăng ký hộ kinh doanh,Trực tuyến,3,7,2026-05-12,2026-05-16,2,Đã trả kết quả,Trễ hạn,2.0
HS2026001210,2026-05-09,5,2,Phường Bình Minh,Tư pháp - Hộ tịch,Cấp phiếu lý lịch tư pháp số 1,Trực tuyến,10,10,2026-05-19,2026-05-19,2,Đã trả kết quả,Đúng hạn,4.0
HS2026001211,2026-05-09,5,2,Phường Bình Minh,Tư pháp - Hộ tịch,Đăng ký khai sinh,Trực tiếp,3,3,2026-05-12,2026-05-12,0,Đã trả kết quả,Đúng hạn,5.0
HS2026001212,2026-05-09,5,2,Phường Bình Minh,Kinh tế - Đăng ký KD,Đăng ký hộ kinh doanh,Trực tiếp,3,6,2026-05-12,2026-05-15,1,Đã trả kết quả,Trễ hạn,3.0
HS2026001213,2026-05-09,5,2,Phường Hoà Lạc,Kinh tế - Đăng ký KD,Đăng ký hộ kinh doanh,Trực tuyến,3,3,2026-05-12,2026-05-12,0,Đã trả kết quả,Đúng hạn,5.0
HS2026001214,2026-05-09,5,2,Phường Long Phú,Tư pháp - Hộ tịch,Đăng ký khai sinh,Trực tuyến,3,3,2026-05-12,2026-05-12,0,Đã trả kết quả,Đúng hạn,5.0
HS2026001215,2026-05-09,5,2,Phường Bình Minh,Tư pháp - Hộ tịch,Chứng thực bản sao từ bản chính,Trực tiếp,1,1,2026-05-10,2026-05-10,0,Đã trả kết quả,Đúng hạn,5.0
HS2026001216,2026-05-10,5,2,Xã Nam Hải,Xây dựng - Đô thị,Cấp giấy phép xây dựng nhà ở riêng lẻ,Trực tuyến,15,11,2026-05-25,2026-05-21,0,Đã trả kết quả,Đúng hạn,5.0
HS2026001217,2026-05-10,5,2,Phường Hoà Lạc,Tư pháp - Hộ tịch,Đăng ký khai sinh,Trực tuyến,3,2,2026-05-13,2026-05-12,0,Đã trả kết quả,Đúng hạn,5.0
HS2026001218,2026-05-10,5,2,Phường Long Phú,Tư pháp - Hộ tịch,Đăng ký khai sinh,Trực tuyến,3,2,2026-05-13,2026-05-12,0,Đã trả kết quả,Đúng hạn,5.0
HS2026001219,2026-05-10,5,2,Xã Mỹ Trạch,Tư pháp - Hộ tịch,Đăng ký khai sinh,Trực tiếp,3,2,2026-05-13,2026-05-12,0,Đã trả kết quả,Đúng hạn,5.0
HS2026001220,2026-05-10,5,2,Phường Hoà Lạc,Lao động - Xã hội,"Xác nhận hộ nghèo, cận nghèo",Trực tiếp,5,4,2026-05-15,2026-05-14,0,Đã trả kết quả,Đúng hạn,5.0
HS2026001221,2026-05-10,5,2,Xã Tân Phước,Đất đai - Tài nguyên,Cấp giấy chứng nhận quyền sử dụng đất,Trực tiếp,30,28,2026-06-09,2026-06-07,1,Đã trả kết quả,Đúng hạn,4.0
HS2026001222,2026-05-10,5,2,Phường Kim Sơn,Tư pháp - Hộ tịch,Cấp bản sao trích lục hộ tịch,Trực tiếp,1,1,2026-05-11,2026-05-11,0,Đã trả kết quả,Đúng hạn,5.0
HS2026001223,2026-05-10,5,2,Phường An Thịnh,Tư pháp - Hộ tịch,Đăng ký khai sinh,Trực tuyến,3,2,2026-05-13,2026-05-12,0,Đã trả kết quả,Đúng hạn,5.0
HS2026001224,2026-05-10,5,2,Phường Long Phú,Tư pháp - Hộ tịch,Đăng ký khai sinh,Bưu chính công ích,3,9,2026-05-13,2026-05-19,2,Đã trả kết quả,Trễ hạn,4.0
HS2026001225,2026-05-10,5,2,Phường An Thịnh,Tư pháp - Hộ tịch,Đăng ký khai sinh,Trực tuyến,3,8,2026-05-13,2026-05-18,2,Đã trả kết quả,Trễ hạn,2.0
HS2026001226,2026-05-10,5,2,Xã Mỹ Trạch,Đất đai - Tài nguyên,Cấp giấy chứng nhận quyền sử dụng đất,Trực tiếp,30,16,2026-06-09,2026-05-26,0,Đã trả kết quả,Đúng hạn,5.0
HS2026001227,2026-05-10,5,2,Phường Long Phú,Tư pháp - Hộ tịch,Chứng thực bản sao từ bản chính,Trực tiếp,1,2,2026-05-11,2026-05-12,0,Đã trả kết quả,Trễ hạn,3.0
HS2026001228,2026-05-10,5,2,Phường An Thịnh,Tư pháp - Hộ tịch,Đăng ký khai sinh,Trực tiếp,3,2,2026-05-13,2026-05-12,0,Đã trả kết quả,Đúng hạn,5.0
HS2026001229,2026-05-11,5,2,Phường An Thịnh,Tư pháp - Hộ tịch,Chứng thực bản sao từ bản chính,Trực tiếp,1,1,2026-05-12,2026-05-12,0,Đã trả kết quả,Đúng hạn,5.0
HS2026001230,2026-05-11,5,2,Xã Mỹ Trạch,Đất đai - Tài nguyên,Cấp giấy chứng nhận quyền sử dụng đất,Trực tiếp,30,18,2026-06-10,2026-05-29,0,Đã trả kết quả,Đúng hạn,4.0
HS2026001231,2026-05-11,5,2,Xã Mỹ Trạch,Tư pháp - Hộ tịch,Đăng ký khai sinh,Trực tuyến,3,2,2026-05-14,2026-05-13,0,Đã trả kết quả,Đúng hạn,5.0
HS2026001232,2026-05-11,5,2,Phường Kim Sơn,Tư pháp - Hộ tịch,Đăng ký kết hôn,Trực tiếp,3,3,2026-05-14,2026-05-14,0,Đã trả kết quả,Đúng hạn,5.0
HS2026001233,2026-05-11,5,2,Phường An Thịnh,Tư pháp - Hộ tịch,Đăng ký kết hôn,Bưu chính công ích,3,6,2026-05-14,2026-05-17,1,Đã trả kết quả,Trễ hạn,3.0
HS2026001234,2026-05-11,5,2,Phường Hoà Lạc,Xây dựng - Đô thị,Cấp giấy phép xây dựng nhà ở riêng lẻ,Trực tuyến,15,7,2026-05-26,2026-05-18,0,Đã trả kết quả,Đúng hạn,5.0
HS2026001235,2026-05-11,5,2,Xã Nam Hải,Xây dựng - Đô thị,Cấp giấy phép xây dựng nhà ở riêng lẻ,Trực tiếp,15,15,2026-05-26,2026-05-26,0,Đã trả kết quả,Đúng hạn,5.0
HS2026001236,2026-05-12,5,2,Phường An Thịnh,Đất đai - Tài nguyên,Đăng ký biến động đất đai,Trực tuyến,10,5,2026-05-22,2026-05-17,0,Đã trả kết quả,Đúng hạn,4.0
HS2026001237,2026-05-12,5,2,Phường Kim Sơn,Tư pháp - Hộ tịch,Đăng ký kết hôn,Trực tuyến,3,5,2026-05-15,2026-05-17,1,Đã trả kết quả,Trễ hạn,4.0
HS2026001238,2026-05-12,5,2,Xã Tân Phước,Tư pháp - Hộ tịch,Cấp phiếu lý lịch tư pháp số 1,Trực tuyến,10,9,2026-05-22,2026-05-21,2,Đã trả kết quả,Đúng hạn,4.0
HS2026001239,2026-05-13,5,2,Phường Bình Minh,Tư pháp - Hộ tịch,Chứng thực bản sao từ bản chính,Trực tiếp,1,1,2026-05-14,2026-05-14,0,Đã trả kết quả,Đúng hạn,4.0
HS2026001240,2026-05-13,5,2,Phường Long Phú,Kinh tế - Đăng ký KD,Đăng ký hộ kinh doanh,Trực tuyến,3,2,2026-05-16,2026-05-15,0,Đã trả kết quả,Đúng hạn,5.0
HS2026001241,2026-05-13,5,2,Phường Hoà Lạc,Xây dựng - Đô thị,Cấp giấy phép xây dựng nhà ở riêng lẻ,Bưu chính công ích,15,14,2026-05-28,2026-05-27,0,Đã trả kết quả,Đúng hạn,5.0
HS2026001242,2026-05-13,5,2,Phường An Thịnh,Tư pháp - Hộ tịch,Đăng ký khai tử,Trực tiếp,3,7,2026-05-16,2026-05-20,2,Đã trả kết quả,Trễ hạn,3.0
HS2026001243,2026-05-13,5,2,Xã Tân Phước,Tư pháp - Hộ tịch,Cấp bản sao trích lục hộ tịch,Trực tuyến,1,1,2026-05-14,2026-05-14,0,Đã trả kết quả,Đúng hạn,5.0
HS2026001244,2026-05-13,5,2,Phường Hoà Lạc,Đất đai - Tài nguyên,Đăng ký biến động đất đai,Trực tuyến,10,7,2026-05-23,2026-05-20,0,Đã trả kết quả,Đúng hạn,5.0
HS2026001245,2026-05-14,5,2,Phường Bình Minh,Tư pháp - Hộ tịch,Đăng ký khai tử,Trực tuyến,3,2,2026-05-17,2026-05-16,0,Đã trả kết quả,Đúng hạn,5.0
HS2026001246,2026-05-14,5,2,Xã Nam Hải,Tư pháp - Hộ tịch,Đăng ký khai tử,Trực tuyến,3,9,2026-05-17,2026-05-23,2,Đã trả kết quả,Trễ hạn,1.0
HS2026001247,2026-05-14,5,2,Xã Tân Phước,Lao động - Xã hội,Trợ cấp xã hội hằng tháng,Bưu chính công ích,20,13,2026-06-03,2026-05-27,0,Đã trả kết quả,Đúng hạn,4.0
HS2026001248,2026-05-14,5,2,Xã Mỹ Trạch,Tư pháp - Hộ tịch,Cấp phiếu lý lịch tư pháp số 1,Trực tiếp,10,6,2026-05-24,2026-05-20,0,Đã trả kết quả,Đúng hạn,5.0
HS2026001249,2026-05-14,5,2,Phường Kim Sơn,Tư pháp - Hộ tịch,Chứng thực bản sao từ bản chính,Trực tuyến,1,1,2026-05-15,2026-05-15,0,Đã trả kết quả,Đúng hạn,5.0
HS2026001250,2026-05-14,5,2,Phường An Thịnh,Lao động - Xã hội,Trợ cấp xã hội hằng tháng,Trực tuyến,20,15,2026-06-03,2026-05-29,0,Đã trả kết quả,Đúng hạn,5.0
HS2026001251,2026-05-14,5,2,Phường Bình Minh,Tư pháp - Hộ tịch,Đăng ký khai sinh,Bưu chính công ích,3,3,2026-05-17,2026-05-17,0,Đã trả kết quả,Đúng hạn,5.0
HS2026001252,2026-05-14,5,2,Phường Bình Minh,Tư pháp - Hộ tịch,Cấp phiếu lý lịch tư pháp số 1,Trực tuyến,10,9,2026-05-24,2026-05-23,2,Đã trả kết quả,Đúng hạn,4.0
HS2026001253,2026-05-14,5,2,Xã Nam Hải,Xây dựng - Đô thị,Cấp giấy phép xây dựng nhà ở riêng lẻ,Trực tiếp,15,12,2026-05-29,2026-05-26,0,Đã trả kết quả,Đúng hạn,5.0
HS2026001254,2026-05-14,5,2,Phường Long Phú,Lao động - Xã hội,"Xác nhận hộ nghèo, cận nghèo",Bưu chính công ích,5,5,2026-05-19,2026-05-19,0,Đã trả kết quả,Đúng hạn,5.0
HS2026001255,2026-05-14,5,2,Phường Kim Sơn,Tư pháp - Hộ tịch,Cấp bản sao trích lục hộ tịch,Trực tuyến,1,1,2026-05-15,2026-05-15,0,Đã trả kết quả,Đúng hạn,5.0
HS2026001256,2026-05-15,5,2,Phường Kim Sơn,Đất đai - Tài nguyên,Đăng ký biến động đất đai,Trực tuyến,10,11,2026-05-25,2026-05-26,1,Đã trả kết quả,Trễ hạn,4.0
HS2026001257,2026-05-15,5,2,Phường Bình Minh,Tư pháp - Hộ tịch,Chứng thực bản sao từ bản chính,Bưu chính công ích,1,1,2026-05-16,2026-05-16,0,Đã trả kết quả,Đúng hạn,5.0
HS2026001258,2026-05-16,5,2,Xã Tân Phước,Lao động - Xã hội,Trợ cấp xã hội hằng tháng,Trực tiếp,20,14,2026-06-05,2026-05-30,0,Đã trả kết quả,Đúng hạn,5.0
HS2026001259,2026-05-16,5,2,Xã Tân Phước,Tư pháp - Hộ tịch,Cấp bản sao trích lục hộ tịch,Trực tiếp,1,5,2026-05-17,2026-05-21,2,Đã trả kết quả,Trễ hạn,3.0
HS2026001260,2026-05-16,5,2,Xã Nam Hải,Tư pháp - Hộ tịch,Cấp bản sao trích lục hộ tịch,Trực tiếp,1,1,2026-05-17,2026-05-17,0,Đã trả kết quả,Đúng hạn,5.0
HS2026001261,2026-05-16,5,2,Xã Nam Hải,Tư pháp - Hộ tịch,Cấp bản sao trích lục hộ tịch,Trực tuyến,1,1,2026-05-17,2026-05-17,0,Đã trả kết quả,Đúng hạn,4.0
HS2026001262,2026-05-16,5,2,Phường Bình Minh,Đất đai - Tài nguyên,Đăng ký biến động đất đai,Trực tiếp,10,7,2026-05-26,2026-05-23,0,Đã trả kết quả,Đúng hạn,4.0
HS2026001263,2026-05-17,5,2,Phường Long Phú,Đất đai - Tài nguyên,Đăng ký biến động đất đai,Trực tuyến,10,9,2026-05-27,2026-05-26,0,Đã trả kết quả,Đúng hạn,5.0
HS2026001264,2026-05-17,5,2,Xã Tân Phước,Tư pháp - Hộ tịch,Chứng thực bản sao từ bản chính,Trực tiếp,1,1,2026-05-18,2026-05-18,0,Đã trả kết quả,Đúng hạn,5.0
HS2026001265,2026-05-17,5,2,Phường Kim Sơn,Tư pháp - Hộ tịch,Đăng ký khai sinh,Trực tuyến,3,3,2026-05-20,2026-05-20,0,Đã trả kết quả,Đúng hạn,5.0
HS2026001266,2026-05-17,5,2,Xã Mỹ Trạch,Lao động - Xã hội,"Xác nhận hộ nghèo, cận nghèo",Trực tiếp,5,4,2026-05-22,2026-05-21,0,Đã trả kết quả,Đúng hạn,4.0
HS2026001267,2026-05-17,5,2,Xã Nam Hải,Tư pháp - Hộ tịch,Chứng thực bản sao từ bản chính,Trực tuyến,1,1,2026-05-18,2026-05-18,0,Đã trả kết quả,Đúng hạn,5.0
HS2026001268,2026-05-17,5,2,Xã Tân Phước,Tư pháp - Hộ tịch,Cấp phiếu lý lịch tư pháp số 1,Trực tuyến,10,8,2026-05-27,2026-05-25,0,Đã trả kết quả,Đúng hạn,5.0
HS2026001269,2026-05-17,5,2,Phường Hoà Lạc,Tư pháp - Hộ tịch,Cấp bản sao trích lục hộ tịch,Trực tiếp,1,1,2026-05-18,2026-05-18,0,Đã trả kết quả,Đúng hạn,4.0
HS2026001270,2026-05-18,5,2,Phường Kim Sơn,Lao động - Xã hội,Trợ cấp xã hội hằng tháng,Trực tuyến,20,9,2026-06-07,2026-05-27,0,Đã trả kết quả,Đúng hạn,5.0
HS2026001271,2026-05-18,5,2,Phường Bình Minh,Tư pháp - Hộ tịch,Đăng ký khai sinh,Trực tiếp,3,3,2026-05-21,2026-05-21,0,Đã trả kết quả,Đúng hạn,5.0
HS2026001272,2026-05-18,5,2,Phường An Thịnh,Tư pháp - Hộ tịch,Cấp phiếu lý lịch tư pháp số 1,Trực tuyến,10,7,2026-05-28,2026-05-25,0,Đã trả kết quả,Đúng hạn,5.0
HS2026001273,2026-05-18,5,2,Phường Kim Sơn,Đất đai - Tài nguyên,Cấp giấy chứng nhận quyền sử dụng đất,Trực tiếp,30,26,2026-06-17,2026-06-13,0,Đã trả kết quả,Đúng hạn,4.0
HS2026001274,2026-05-18,5,2,Phường An Thịnh,Xây dựng - Đô thị,Cấp giấy phép xây dựng nhà ở riêng lẻ,Bưu chính công ích,15,12,2026-06-02,2026-05-30,0,Đã trả kết quả,Đúng hạn,5.0
HS2026001275,2026-05-18,5,2,Phường Hoà Lạc,Lao động - Xã hội,"Xác nhận hộ nghèo, cận nghèo",Trực tiếp,5,4,2026-05-23,2026-05-22,0,Đã trả kết quả,Đúng hạn,5.0
HS2026001276,2026-05-18,5,2,Phường Bình Minh,Đất đai - Tài nguyên,Đăng ký biến động đất đai,Trực tiếp,10,7,2026-05-28,2026-05-25,0,Đã trả kết quả,Đúng hạn,5.0
HS2026001277,2026-05-18,5,2,Xã Mỹ Trạch,Tư pháp - Hộ tịch,Chứng thực bản sao từ bản chính,Trực tiếp,1,6,2026-05-19,2026-05-24,2,Đã trả kết quả,Trễ hạn,3.0
HS2026001278,2026-05-18,5,2,Phường An Thịnh,Tư pháp - Hộ tịch,Chứng thực bản sao từ bản chính,Bưu chính công ích,1,1,2026-05-19,2026-05-19,0,Đã trả kết quả,Đúng hạn,5.0
HS2026001279,2026-05-19,5,2,Phường An Thịnh,Tư pháp - Hộ tịch,Chứng thực bản sao từ bản chính,Trực tiếp,1,1,2026-05-20,2026-05-20,0,Đã trả kết quả,Đúng hạn,5.0
HS2026001280,2026-05-19,5,2,Phường An Thịnh,Tư pháp - Hộ tịch,Đăng ký khai tử,Trực tuyến,3,5,2026-05-22,2026-05-24,1,Đã trả kết quả,Trễ hạn,2.0
HS2026001281,2026-05-19,5,2,Phường Long Phú,Tư pháp - Hộ tịch,Cấp phiếu lý lịch tư pháp số 1,Trực tuyến,10,8,2026-05-29,2026-05-27,1,Đã trả kết quả,Đúng hạn,4.0
HS2026001282,2026-05-19,5,2,Phường Long Phú,Lao động - Xã hội,"Xác nhận hộ nghèo, cận nghèo",Trực tiếp,5,7,2026-05-24,2026-05-26,1,Đã trả kết quả,Trễ hạn,2.0
HS2026001283,2026-05-19,5,2,Phường Long Phú,Tư pháp - Hộ tịch,Cấp phiếu lý lịch tư pháp số 1,Trực tuyến,10,8,2026-05-29,2026-05-27,0,Đã trả kết quả,Đúng hạn,5.0
HS2026001284,2026-05-19,5,2,Xã Mỹ Trạch,Tư pháp - Hộ tịch,Cấp phiếu lý lịch tư pháp số 1,Trực tuyến,10,12,2026-05-29,2026-05-31,2,Đã trả kết quả,Trễ hạn,2.0
HS2026001285,2026-05-20,5,2,Phường Long Phú,Tư pháp - Hộ tịch,Cấp phiếu lý lịch tư pháp số 1,Trực tuyến,10,10,2026-05-30,2026-05-30,0,Đã trả kết quả,Đúng hạn,5.0
HS2026001286,2026-05-20,5,2,Phường Hoà Lạc,Tư pháp - Hộ tịch,Cấp bản sao trích lục hộ tịch,Trực tuyến,1,1,2026-05-21,2026-05-21,0,Đã trả kết quả,Đúng hạn,5.0
HS2026001287,2026-05-20,5,2,Phường An Thịnh,Tư pháp - Hộ tịch,Chứng thực bản sao từ bản chính,Trực tuyến,1,1,2026-05-21,2026-05-21,0,Đã trả kết quả,Đúng hạn,5.0
HS2026001288,2026-05-20,5,2,Xã Nam Hải,Tư pháp - Hộ tịch,Đăng ký khai sinh,Trực tuyến,3,2,2026-05-23,2026-05-22,0,Đã trả kết quả,Đúng hạn,5.0
HS2026001289,2026-05-20,5,2,Phường Kim Sơn,Tư pháp - Hộ tịch,Chứng thực bản sao từ bản chính,Trực tiếp,1,1,2026-05-21,2026-05-21,0,Đã trả kết quả,Đúng hạn,5.0
HS2026001290,2026-05-20,5,2,Phường Long Phú,Tư pháp - Hộ tịch,Đăng ký khai tử,Trực tuyến,3,9,2026-05-23,2026-05-29,2,Đã trả kết quả,Trễ hạn,2.0
HS2026001291,2026-05-20,5,2,Phường Long Phú,Đất đai - Tài nguyên,Đăng ký biến động đất đai,Trực tiếp,10,6,2026-05-30,2026-05-26,0,Đã trả kết quả,Đúng hạn,4.0
HS2026001292,2026-05-20,5,2,Phường Long Phú,Tư pháp - Hộ tịch,Cấp phiếu lý lịch tư pháp số 1,Trực tiếp,10,9,2026-05-30,2026-05-29,0,Đã trả kết quả,Đúng hạn,5.0
HS2026001293,2026-05-21,5,2,Phường Bình Minh,Lao động - Xã hội,"Xác nhận hộ nghèo, cận nghèo",Trực tiếp,5,6,2026-05-26,2026-05-27,1,Đã trả kết quả,Trễ hạn,3.0
HS2026001294,2026-05-21,5,2,Phường Long Phú,Tư pháp - Hộ tịch,Cấp bản sao trích lục hộ tịch,Bưu chính công ích,1,3,2026-05-22,2026-05-24,1,Đã trả kết quả,Trễ hạn,4.0
HS2026001295,2026-05-21,5,2,Phường Bình Minh,Xây dựng - Đô thị,Cấp giấy phép xây dựng nhà ở riêng lẻ,Trực tuyến,15,8,2026-06-05,2026-05-29,0,Đã trả kết quả,Đúng hạn,5.0
HS2026001296,2026-05-21,5,2,Phường An Thịnh,Tư pháp - Hộ tịch,Đăng ký khai tử,Trực tuyến,3,5,2026-05-24,2026-05-26,2,Đã trả kết quả,Trễ hạn,2.0
HS2026001297,2026-05-21,5,2,Phường Long Phú,Xây dựng - Đô thị,Cấp giấy phép xây dựng nhà ở riêng lẻ,Trực tiếp,15,18,2026-06-05,2026-06-08,0,Đã trả kết quả,Trễ hạn,3.0
HS2026001298,2026-05-22,5,2,Phường An Thịnh,Tư pháp - Hộ tịch,Cấp phiếu lý lịch tư pháp số 1,Trực tiếp,10,9,2026-06-01,2026-05-31,0,Đã trả kết quả,Đúng hạn,5.0
HS2026001299,2026-05-22,5,2,Phường Long Phú,Đất đai - Tài nguyên,Cấp giấy chứng nhận quyền sử dụng đất,Bưu chính công ích,30,30,2026-06-21,2026-06-21,1,Đã trả kết quả,Đúng hạn,4.0
HS2026001300,2026-05-22,5,2,Phường Kim Sơn,Lao động - Xã hội,"Xác nhận hộ nghèo, cận nghèo",Trực tiếp,5,5,2026-05-27,2026-05-27,0,Đã trả kết quả,Đúng hạn,5.0
HS2026001301,2026-05-22,5,2,Phường Long Phú,Tư pháp - Hộ tịch,Cấp phiếu lý lịch tư pháp số 1,Trực tiếp,10,12,2026-06-01,2026-06-03,0,Đã trả kết quả,Trễ hạn,4.0
HS2026001302,2026-05-22,5,2,Phường An Thịnh,Lao động - Xã hội,Trợ cấp xã hội hằng tháng,Trực tiếp,20,16,2026-06-11,2026-06-07,0,Đã trả kết quả,Đúng hạn,5.0
HS2026001303,2026-05-22,5,2,Xã Tân Phước,Kinh tế - Đăng ký KD,Đăng ký hộ kinh doanh,Trực tiếp,3,3,2026-05-25,2026-05-25,0,Đã trả kết quả,Đúng hạn,5.0
HS2026001304,2026-05-22,5,2,Phường An Thịnh,Lao động - Xã hội,Trợ cấp xã hội hằng tháng,Trực tiếp,20,17,2026-06-11,2026-06-08,0,Đã trả kết quả,Đúng hạn,5.0
HS2026001305,2026-05-22,5,2,Xã Mỹ Trạch,Tư pháp - Hộ tịch,Chứng thực bản sao từ bản chính,Trực tiếp,1,7,2026-05-23,2026-05-29,2,Đã trả kết quả,Trễ hạn,1.0
HS2026001306,2026-05-22,5,2,Xã Nam Hải,Tư pháp - Hộ tịch,Chứng thực bản sao từ bản chính,Trực tuyến,1,1,2026-05-23,2026-05-23,0,Đã trả kết quả,Đúng hạn,5.0
HS2026001307,2026-05-23,5,2,Phường Bình Minh,Tư pháp - Hộ tịch,Chứng thực bản sao từ bản chính,Trực tiếp,1,1,2026-05-24,2026-05-24,0,Đã trả kết quả,Đúng hạn,5.0
HS2026001308,2026-05-23,5,2,Phường Bình Minh,Xây dựng - Đô thị,Cấp giấy phép xây dựng nhà ở riêng lẻ,Bưu chính công ích,15,9,2026-06-07,2026-06-01,0,Đã trả kết quả,Đúng hạn,5.0
HS2026001309,2026-05-23,5,2,Xã Tân Phước,Tư pháp - Hộ tịch,Cấp phiếu lý lịch tư pháp số 1,Trực tuyến,10,7,2026-06-02,2026-05-30,0,Đã trả kết quả,Đúng hạn,5.0
HS2026001310,2026-05-23,5,2,Phường An Thịnh,Tư pháp - Hộ tịch,Chứng thực bản sao từ bản chính,Bưu chính công ích,1,1,2026-05-24,2026-05-24,0,Đã trả kết quả,Đúng hạn,5.0
HS2026001311,2026-05-24,5,2,Phường Long Phú,Tư pháp - Hộ tịch,Chứng thực bản sao từ bản chính,Trực tiếp,1,3,2026-05-25,2026-05-27,1,Đã trả kết quả,Trễ hạn,3.0
HS2026001312,2026-05-24,5,2,Phường Kim Sơn,Tư pháp - Hộ tịch,Chứng thực bản sao từ bản chính,Trực tuyến,1,1,2026-05-25,2026-05-25,0,Đã trả kết quả,Đúng hạn,5.0
HS2026001313,2026-05-24,5,2,Phường Long Phú,Tư pháp - Hộ tịch,Chứng thực bản sao từ bản chính,Trực tiếp,1,1,2026-05-25,2026-05-25,0,Đã trả kết quả,Đúng hạn,5.0
HS2026001314,2026-05-24,5,2,Phường Kim Sơn,Tư pháp - Hộ tịch,Chứng thực bản sao từ bản chính,Trực tiếp,1,1,2026-05-25,2026-05-25,0,Đã trả kết quả,Đúng hạn,5.0
HS2026001315,2026-05-24,5,2,Phường Bình Minh,Đất đai - Tài nguyên,Cấp giấy chứng nhận quyền sử dụng đất,Trực tuyến,30,16,2026-06-23,2026-06-09,0,Đã trả kết quả,Đúng hạn,5.0
HS2026001316,2026-05-24,5,2,Xã Nam Hải,Tư pháp - Hộ tịch,Đăng ký kết hôn,Trực tuyến,3,2,2026-05-27,2026-05-26,0,Đã trả kết quả,Đúng hạn,5.0
HS2026001317,2026-05-24,5,2,Phường An Thịnh,Lao động - Xã hội,Trợ cấp xã hội hằng tháng,Trực tiếp,20,14,2026-06-13,2026-06-07,0,Đã trả kết quả,Đúng hạn,5.0
HS2026001318,2026-05-24,5,2,Phường Kim Sơn,Tư pháp - Hộ tịch,Chứng thực bản sao từ bản chính,Trực tiếp,1,1,2026-05-25,2026-05-25,0,Đã trả kết quả,Đúng hạn,5.0
HS2026001319,2026-05-24,5,2,Phường Bình Minh,Tư pháp - Hộ tịch,Cấp phiếu lý lịch tư pháp số 1,Trực tuyến,10,5,2026-06-03,2026-05-29,0,Đã trả kết quả,Đúng hạn,5.0
HS2026001320,2026-05-25,5,2,Xã Nam Hải,Đất đai - Tài nguyên,Đăng ký biến động đất đai,Trực tiếp,10,16,2026-06-04,2026-06-10,2,Đã trả kết quả,Trễ hạn,4.0
HS2026001321,2026-05-25,5,2,Xã Mỹ Trạch,Tư pháp - Hộ tịch,Chứng thực bản sao từ bản chính,Trực tiếp,1,6,2026-05-26,2026-05-31,2,Đã trả kết quả,Trễ hạn,2.0
HS2026001322,2026-05-25,5,2,Phường Kim Sơn,Tư pháp - Hộ tịch,Chứng thực bản sao từ bản chính,Trực tuyến,1,1,2026-05-26,2026-05-26,0,Đã trả kết quả,Đúng hạn,5.0
HS2026001323,2026-05-25,5,2,Xã Nam Hải,Tư pháp - Hộ tịch,Đăng ký khai sinh,Trực tiếp,3,4,2026-05-28,2026-05-29,0,Đã trả kết quả,Trễ hạn,4.0
HS2026001324,2026-05-25,5,2,Xã Nam Hải,Tư pháp - Hộ tịch,Đăng ký khai sinh,Trực tiếp,3,4,2026-05-28,2026-05-29,0,Đã trả kết quả,Trễ hạn,4.0
HS2026001325,2026-05-25,5,2,Phường Kim Sơn,Tư pháp - Hộ tịch,Đăng ký khai sinh,Trực tuyến,3,2,2026-05-28,2026-05-27,0,Đã trả kết quả,Đúng hạn,5.0
HS2026001326,2026-05-26,5,2,Phường Bình Minh,Đất đai - Tài nguyên,Cấp giấy chứng nhận quyền sử dụng đất,Trực tuyến,30,14,2026-06-25,2026-06-09,0,Đã trả kết quả,Đúng hạn,5.0
HS2026001327,2026-05-26,5,2,Xã Nam Hải,Kinh tế - Đăng ký KD,Đăng ký hộ kinh doanh,Trực tiếp,3,4,2026-05-29,2026-05-30,0,Đã trả kết quả,Trễ hạn,5.0
HS2026001328,2026-05-26,5,2,Phường Long Phú,Tư pháp - Hộ tịch,Đăng ký khai sinh,Trực tuyến,3,2,2026-05-29,2026-05-28,0,Đã trả kết quả,Đúng hạn,5.0
HS2026001329,2026-05-26,5,2,Phường Long Phú,Tư pháp - Hộ tịch,Đăng ký khai sinh,Trực tuyến,3,7,2026-05-29,2026-06-02,2,Đã trả kết quả,Trễ hạn,3.0
HS2026001330,2026-05-26,5,2,Xã Nam Hải,Tư pháp - Hộ tịch,Chứng thực bản sao từ bản chính,Trực tiếp,1,2,2026-05-27,2026-05-28,0,Đã trả kết quả,Trễ hạn,3.0
HS2026001331,2026-05-26,5,2,Xã Nam Hải,Tư pháp - Hộ tịch,Đăng ký khai sinh,Trực tiếp,3,3,2026-05-29,2026-05-29,0,Đã trả kết quả,Đúng hạn,5.0
HS2026001332,2026-05-26,5,2,Xã Mỹ Trạch,Tư pháp - Hộ tịch,Cấp bản sao trích lục hộ tịch,Trực tuyến,1,1,2026-05-27,2026-05-27,0,Đã trả kết quả,Đúng hạn,5.0
HS2026001333,2026-05-27,5,2,Xã Nam Hải,Tư pháp - Hộ tịch,Đăng ký khai sinh,Trực tuyến,3,7,2026-05-30,2026-06-03,2,Đã trả kết quả,Trễ hạn,3.0
HS2026001334,2026-05-27,5,2,Phường Hoà Lạc,Tư pháp - Hộ tịch,Đăng ký kết hôn,Trực tiếp,3,3,2026-05-30,2026-05-30,0,Đã trả kết quả,Đúng hạn,5.0
HS2026001335,2026-05-27,5,2,Xã Nam Hải,Tư pháp - Hộ tịch,Chứng thực bản sao từ bản chính,Trực tiếp,1,1,2026-05-28,2026-05-28,0,Đã trả kết quả,Đúng hạn,5.0
HS2026001336,2026-05-27,5,2,Phường An Thịnh,Tư pháp - Hộ tịch,Đăng ký khai tử,Trực tuyến,3,5,2026-05-30,2026-06-01,1,Đã trả kết quả,Trễ hạn,3.0
HS2026001337,2026-05-27,5,2,Phường Long Phú,Kinh tế - Đăng ký KD,Đăng ký hộ kinh doanh,Trực tiếp,3,3,2026-05-30,2026-05-30,0,Đã trả kết quả,Đúng hạn,5.0
HS2026001338,2026-05-27,5,2,Phường Bình Minh,Đất đai - Tài nguyên,Đăng ký biến động đất đai,Bưu chính công ích,10,8,2026-06-06,2026-06-04,0,Đã trả kết quả,Đúng hạn,5.0
HS2026001339,2026-05-27,5,2,Phường Hoà Lạc,Tư pháp - Hộ tịch,Cấp bản sao trích lục hộ tịch,Trực tuyến,1,1,2026-05-28,2026-05-28,0,Đã trả kết quả,Đúng hạn,5.0
HS2026001340,2026-05-27,5,2,Phường Hoà Lạc,Tư pháp - Hộ tịch,Chứng thực bản sao từ bản chính,Trực tiếp,1,1,2026-05-28,2026-05-28,0,Đã trả kết quả,Đúng hạn,5.0
HS2026001341,2026-05-27,5,2,Phường An Thịnh,Tư pháp - Hộ tịch,Đăng ký khai sinh,Trực tiếp,3,3,2026-05-30,2026-05-30,0,Đã trả kết quả,Đúng hạn,5.0
HS2026001342,2026-05-28,5,2,Xã Tân Phước,Kinh tế - Đăng ký KD,Đăng ký hộ kinh doanh,Trực tiếp,3,3,2026-05-31,2026-05-31,0,Đã trả kết quả,Đúng hạn,5.0
HS2026001343,2026-05-28,5,2,Phường An Thịnh,Tư pháp - Hộ tịch,Đăng ký khai sinh,Trực tuyến,3,2,2026-05-31,2026-05-30,0,Đã trả kết quả,Đúng hạn,5.0
HS2026001344,2026-05-28,5,2,Xã Tân Phước,Xây dựng - Đô thị,Cấp giấy phép xây dựng nhà ở riêng lẻ,Trực tiếp,15,15,2026-06-12,2026-06-12,0,Đã trả kết quả,Đúng hạn,5.0
HS2026001345,2026-05-28,5,2,Phường Hoà Lạc,Lao động - Xã hội,Trợ cấp xã hội hằng tháng,Trực tiếp,20,20,2026-06-17,2026-06-17,1,Đã trả kết quả,Đúng hạn,5.0
HS2026001346,2026-05-28,5,2,Phường Kim Sơn,Lao động - Xã hội,Trợ cấp xã hội hằng tháng,Bưu chính công ích,20,20,2026-06-17,2026-06-17,0,Đã trả kết quả,Đúng hạn,5.0
HS2026001347,2026-05-29,5,2,Phường Bình Minh,Tư pháp - Hộ tịch,Đăng ký kết hôn,Trực tuyến,3,2,2026-06-01,2026-05-31,0,Đã trả kết quả,Đúng hạn,5.0
HS2026001348,2026-05-29,5,2,Phường Kim Sơn,Tư pháp - Hộ tịch,Cấp phiếu lý lịch tư pháp số 1,Trực tuyến,10,10,2026-06-08,2026-06-08,2,Đã trả kết quả,Đúng hạn,3.0
HS2026001349,2026-05-29,5,2,Phường Long Phú,Lao động - Xã hội,Trợ cấp xã hội hằng tháng,Trực tiếp,20,22,2026-06-18,2026-06-20,1,Đã trả kết quả,Trễ hạn,4.0
HS2026001350,2026-05-29,5,2,Phường Long Phú,Tư pháp - Hộ tịch,Đăng ký khai sinh,Trực tuyến,3,3,2026-06-01,2026-06-01,0,Đã trả kết quả,Đúng hạn,5.0
HS2026001351,2026-05-30,5,2,Phường Bình Minh,Tư pháp - Hộ tịch,Chứng thực bản sao từ bản chính,Trực tuyến,1,1,2026-05-31,2026-05-31,0,Đã trả kết quả,Đúng hạn,5.0
HS2026001352,2026-05-30,5,2,Phường An Thịnh,Xây dựng - Đô thị,Cấp giấy phép xây dựng nhà ở riêng lẻ,Trực tiếp,15,10,2026-06-14,2026-06-09,0,Đã trả kết quả,Đúng hạn,4.0
HS2026001353,2026-05-30,5,2,Phường Bình Minh,Tư pháp - Hộ tịch,Chứng thực bản sao từ bản chính,Trực tuyến,1,1,2026-05-31,2026-05-31,0,Đã trả kết quả,Đúng hạn,5.0
HS2026001354,2026-05-30,5,2,Phường Long Phú,Lao động - Xã hội,"Xác nhận hộ nghèo, cận nghèo",Trực tiếp,5,6,2026-06-04,2026-06-05,0,Đã trả kết quả,Trễ hạn,4.0
HS2026001355,2026-05-30,5,2,Phường Hoà Lạc,Tư pháp - Hộ tịch,Đăng ký khai sinh,Trực tiếp,3,5,2026-06-02,2026-06-04,1,Đã trả kết quả,Trễ hạn,3.0
HS2026001356,2026-05-30,5,2,Xã Nam Hải,Tư pháp - Hộ tịch,Đăng ký khai sinh,Trực tiếp,3,4,2026-06-02,2026-06-03,0,Đã trả kết quả,Trễ hạn,3.0
HS2026001357,2026-05-30,5,2,Phường Kim Sơn,Tư pháp - Hộ tịch,Cấp bản sao trích lục hộ tịch,Trực tiếp,1,1,2026-05-31,2026-05-31,0,Đã trả kết quả,Đúng hạn,5.0
HS2026001358,2026-05-30,5,2,Phường Hoà Lạc,Tư pháp - Hộ tịch,Chứng thực bản sao từ bản chính,Trực tiếp,1,4,2026-05-31,2026-06-03,1,Đã trả kết quả,Trễ hạn,2.0
HS2026001359,2026-05-31,5,2,Phường Bình Minh,Tư pháp - Hộ tịch,Đăng ký khai sinh,Trực tiếp,3,2,2026-06-03,2026-06-02,0,Đã trả kết quả,Đúng hạn,5.0
HS2026001360,2026-05-31,5,2,Phường Kim Sơn,Tư pháp - Hộ tịch,Chứng thực bản sao từ bản chính,Bưu chính công ích,1,2,2026-06-01,2026-06-02,0,Đã trả kết quả,Trễ hạn,3.0
HS2026001361,2026-05-31,5,2,Phường Long Phú,Đất đai - Tài nguyên,Đăng ký biến động đất đai,Trực tuyến,10,9,2026-06-10,2026-06-09,0,Đã trả kết quả,Đúng hạn,5.0
HS2026001362,2026-05-31,5,2,Phường Kim Sơn,Tư pháp - Hộ tịch,Chứng thực bản sao từ bản chính,Trực tiếp,1,6,2026-06-01,2026-06-06,2,Đã trả kết quả,Trễ hạn,4.0
HS2026001363,2026-05-31,5,2,Phường Long Phú,Đất đai - Tài nguyên,Đăng ký biến động đất đai,Bưu chính công ích,10,13,2026-06-10,2026-06-13,0,Đã trả kết quả,Trễ hạn,5.0
HS2026001364,2026-05-31,5,2,Phường Hoà Lạc,Tư pháp - Hộ tịch,Cấp bản sao trích lục hộ tịch,Trực tuyến,1,1,2026-06-01,2026-06-01,0,Đã trả kết quả,Đúng hạn,5.0
HS2026001365,2026-05-31,5,2,Xã Tân Phước,Lao động - Xã hội,"Xác nhận hộ nghèo, cận nghèo",Trực tuyến,5,4,2026-06-05,2026-06-04,0,Đã trả kết quả,Đúng hạn,5.0
HS2026001366,2026-05-31,5,2,Phường Kim Sơn,Xây dựng - Đô thị,Cấp giấy phép xây dựng nhà ở riêng lẻ,Trực tuyến,15,8,2026-06-15,2026-06-08,0,Đã trả kết quả,Đúng hạn,5.0
HS2026001367,2026-05-31,5,2,Xã Nam Hải,Tư pháp - Hộ tịch,Cấp phiếu lý lịch tư pháp số 1,Trực tiếp,10,12,2026-06-10,2026-06-12,0,Đã trả kết quả,Trễ hạn,4.0
HS2026001368,2026-05-31,5,2,Phường Long Phú,Tư pháp - Hộ tịch,Đăng ký kết hôn,Trực tuyến,3,3,2026-06-03,2026-06-03,0,Đã trả kết quả,Đúng hạn,5.0
HS2026001369,2026-05-31,5,2,Phường An Thịnh,Đất đai - Tài nguyên,Đăng ký biến động đất đai,Trực tuyến,10,11,2026-06-10,2026-06-11,2,Đã trả kết quả,Trễ hạn,2.0
HS2026001370,2026-05-31,5,2,Xã Nam Hải,Lao động - Xã hội,"Xác nhận hộ nghèo, cận nghèo",Trực tiếp,5,4,2026-06-05,2026-06-04,0,Đã trả kết quả,Đúng hạn,4.0
HS2026001371,2026-05-31,5,2,Xã Tân Phước,Tư pháp - Hộ tịch,Cấp bản sao trích lục hộ tịch,Trực tuyến,1,1,2026-06-01,2026-06-01,0,Đã trả kết quả,Đúng hạn,5.0
HS2026001372,2026-06-01,6,2,Phường Long Phú,Tư pháp - Hộ tịch,Cấp phiếu lý lịch tư pháp số 1,Trực tuyến,10,8,2026-06-11,2026-06-09,0,Đã trả kết quả,Đúng hạn,5.0
HS2026001373,2026-06-01,6,2,Phường Long Phú,Tư pháp - Hộ tịch,Đăng ký khai tử,Trực tuyến,3,4,2026-06-04,2026-06-05,0,Đã trả kết quả,Trễ hạn,4.0
HS2026001374,2026-06-01,6,2,Phường Bình Minh,Tư pháp - Hộ tịch,Đăng ký khai sinh,Trực tiếp,3,3,2026-06-04,2026-06-04,0,Đã trả kết quả,Đúng hạn,5.0
HS2026001375,2026-06-01,6,2,Phường An Thịnh,Tư pháp - Hộ tịch,Đăng ký khai sinh,Bưu chính công ích,3,2,2026-06-04,2026-06-03,0,Đã trả kết quả,Đúng hạn,5.0
HS2026001376,2026-06-01,6,2,Xã Nam Hải,Đất đai - Tài nguyên,Đăng ký biến động đất đai,Trực tuyến,10,7,2026-06-11,2026-06-08,0,Đã trả kết quả,Đúng hạn,4.0
HS2026001377,2026-06-01,6,2,Phường Bình Minh,Tư pháp - Hộ tịch,Cấp bản sao trích lục hộ tịch,Trực tuyến,1,3,2026-06-02,2026-06-04,1,Đã trả kết quả,Trễ hạn,4.0
HS2026001378,2026-06-01,6,2,Xã Nam Hải,Lao động - Xã hội,Trợ cấp xã hội hằng tháng,Trực tiếp,20,23,2026-06-21,2026-06-24,0,Đã trả kết quả,Trễ hạn,3.0
HS2026001379,2026-06-01,6,2,Phường Long Phú,Đất đai - Tài nguyên,Cấp giấy chứng nhận quyền sử dụng đất,Trực tuyến,30,24,2026-07-01,2026-06-25,0,Đã trả kết quả,Đúng hạn,5.0
HS2026001380,2026-06-01,6,2,Phường Hoà Lạc,Tư pháp - Hộ tịch,Cấp phiếu lý lịch tư pháp số 1,Trực tuyến,10,8,2026-06-11,2026-06-09,0,Đã trả kết quả,Đúng hạn,4.0
HS2026001381,2026-06-02,6,2,Phường An Thịnh,Tư pháp - Hộ tịch,Đăng ký khai sinh,Trực tuyến,3,2,2026-06-05,2026-06-04,0,Đã trả kết quả,Đúng hạn,5.0
HS2026001382,2026-06-02,6,2,Phường An Thịnh,Đất đai - Tài nguyên,Cấp giấy chứng nhận quyền sử dụng đất,Trực tuyến,30,14,2026-07-02,2026-06-16,0,Đã trả kết quả,Đúng hạn,5.0
HS2026001383,2026-06-02,6,2,Phường Kim Sơn,Tư pháp - Hộ tịch,Đăng ký khai tử,Trực tuyến,3,3,2026-06-05,2026-06-05,0,Đã trả kết quả,Đúng hạn,5.0
HS2026001384,2026-06-02,6,2,Xã Nam Hải,Tư pháp - Hộ tịch,Đăng ký khai sinh,Bưu chính công ích,3,4,2026-06-05,2026-06-06,0,Đã trả kết quả,Trễ hạn,4.0
HS2026001385,2026-06-02,6,2,Xã Nam Hải,Tư pháp - Hộ tịch,Cấp bản sao trích lục hộ tịch,Trực tiếp,1,7,2026-06-03,2026-06-09,2,Đã trả kết quả,Trễ hạn,3.0
HS2026001386,2026-06-02,6,2,Phường Bình Minh,Tư pháp - Hộ tịch,Chứng thực bản sao từ bản chính,Trực tuyến,1,1,2026-06-03,2026-06-03,0,Đã trả kết quả,Đúng hạn,4.0
HS2026001387,2026-06-02,6,2,Xã Tân Phước,Tư pháp - Hộ tịch,Cấp bản sao trích lục hộ tịch,Trực tuyến,1,1,2026-06-03,2026-06-03,0,Đã trả kết quả,Đúng hạn,5.0
HS2026001388,2026-06-02,6,2,Phường Kim Sơn,Tư pháp - Hộ tịch,Cấp bản sao trích lục hộ tịch,Trực tuyến,1,1,2026-06-03,2026-06-03,0,Đã trả kết quả,Đúng hạn,5.0
HS2026001389,2026-06-03,6,2,Xã Tân Phước,Kinh tế - Đăng ký KD,Đăng ký hộ kinh doanh,Trực tuyến,3,2,2026-06-06,2026-06-05,0,Đã trả kết quả,Đúng hạn,5.0
HS2026001390,2026-06-03,6,2,Phường Kim Sơn,Đất đai - Tài nguyên,Đăng ký biến động đất đai,Trực tiếp,10,6,2026-06-13,2026-06-09,0,Đã trả kết quả,Đúng hạn,4.0
HS2026001391,2026-06-03,6,2,Xã Nam Hải,Lao động - Xã hội,"Xác nhận hộ nghèo, cận nghèo",Bưu chính công ích,5,6,2026-06-08,2026-06-09,0,Đã trả kết quả,Trễ hạn,4.0
HS2026001392,2026-06-03,6,2,Phường Bình Minh,Lao động - Xã hội,"Xác nhận hộ nghèo, cận nghèo",Trực tuyến,5,6,2026-06-08,2026-06-09,1,Đã trả kết quả,Trễ hạn,2.0
HS2026001393,2026-06-03,6,2,Xã Nam Hải,Tư pháp - Hộ tịch,Cấp phiếu lý lịch tư pháp số 1,Trực tuyến,10,8,2026-06-13,2026-06-11,0,Đã trả kết quả,Đúng hạn,5.0
HS2026001394,2026-06-03,6,2,Phường An Thịnh,Tư pháp - Hộ tịch,Đăng ký khai tử,Trực tuyến,3,5,2026-06-06,2026-06-08,1,Đã trả kết quả,Trễ hạn,3.0
HS2026001395,2026-06-04,6,2,Xã Nam Hải,Kinh tế - Đăng ký KD,Đăng ký hộ kinh doanh,Trực tuyến,3,6,2026-06-07,2026-06-10,2,Đã trả kết quả,Trễ hạn,2.0
HS2026001396,2026-06-04,6,2,Xã Tân Phước,Xây dựng - Đô thị,Cấp giấy phép xây dựng nhà ở riêng lẻ,Trực tiếp,15,9,2026-06-19,2026-06-13,0,Đã trả kết quả,Đúng hạn,5.0
HS2026001397,2026-06-04,6,2,Phường Long Phú,Tư pháp - Hộ tịch,Đăng ký khai tử,Trực tiếp,3,3,2026-06-07,2026-06-07,0,Đã trả kết quả,Đúng hạn,5.0
HS2026001398,2026-06-04,6,2,Phường Bình Minh,Tư pháp - Hộ tịch,Đăng ký khai sinh,Trực tuyến,3,2,2026-06-07,2026-06-06,0,Đã trả kết quả,Đúng hạn,5.0
HS2026001399,2026-06-04,6,2,Phường An Thịnh,Đất đai - Tài nguyên,Đăng ký biến động đất đai,Trực tuyến,10,5,2026-06-14,2026-06-09,0,Đã trả kết quả,Đúng hạn,5.0
HS2026001400,2026-06-04,6,2,Phường An Thịnh,Tư pháp - Hộ tịch,Cấp bản sao trích lục hộ tịch,Bưu chính công ích,1,1,2026-06-05,2026-06-05,0,Đã trả kết quả,Đúng hạn,5.0
HS2026001401,2026-06-04,6,2,Xã Mỹ Trạch,Đất đai - Tài nguyên,Cấp giấy chứng nhận quyền sử dụng đất,Bưu chính công ích,30,15,2026-07-04,2026-06-19,0,Đã trả kết quả,Đúng hạn,5.0
HS2026001402,2026-06-04,6,2,Phường An Thịnh,Kinh tế - Đăng ký KD,Đăng ký hộ kinh doanh,Trực tuyến,3,4,2026-06-07,2026-06-08,1,Đã trả kết quả,Trễ hạn,2.0
HS2026001403,2026-06-04,6,2,Phường Hoà Lạc,Tư pháp - Hộ tịch,Đăng ký khai tử,Trực tiếp,3,3,2026-06-07,2026-06-07,0,Đã trả kết quả,Đúng hạn,5.0
HS2026001404,2026-06-04,6,2,Xã Nam Hải,Tư pháp - Hộ tịch,Đăng ký kết hôn,Trực tiếp,3,3,2026-06-07,2026-06-07,0,Đã trả kết quả,Đúng hạn,5.0
HS2026001405,2026-06-04,6,2,Phường Kim Sơn,Tư pháp - Hộ tịch,Đăng ký khai sinh,Trực tuyến,3,3,2026-06-07,2026-06-07,0,Đã trả kết quả,Đúng hạn,5.0
HS2026001406,2026-06-05,6,2,Xã Tân Phước,Đất đai - Tài nguyên,Cấp giấy chứng nhận quyền sử dụng đất,Trực tiếp,30,16,2026-07-05,2026-06-21,0,Đã trả kết quả,Đúng hạn,5.0
HS2026001407,2026-06-05,6,2,Phường Hoà Lạc,Tư pháp - Hộ tịch,Đăng ký khai sinh,Trực tiếp,3,3,2026-06-08,2026-06-08,0,Đã trả kết quả,Đúng hạn,5.0
HS2026001408,2026-06-05,6,2,Phường Bình Minh,Tư pháp - Hộ tịch,Chứng thực bản sao từ bản chính,Trực tiếp,1,6,2026-06-06,2026-06-11,2,Đã trả kết quả,Trễ hạn,2.0
HS2026001409,2026-06-05,6,2,Phường Kim Sơn,Tư pháp - Hộ tịch,Cấp bản sao trích lục hộ tịch,Trực tiếp,1,1,2026-06-06,2026-06-06,0,Đã trả kết quả,Đúng hạn,5.0
HS2026001410,2026-06-05,6,2,Xã Tân Phước,Xây dựng - Đô thị,Cấp giấy phép xây dựng nhà ở riêng lẻ,Trực tuyến,15,11,2026-06-20,2026-06-16,1,Đã trả kết quả,Đúng hạn,4.0
HS2026001411,2026-06-05,6,2,Xã Mỹ Trạch,Kinh tế - Đăng ký KD,Đăng ký hộ kinh doanh,Trực tuyến,3,2,2026-06-08,2026-06-07,0,Đã trả kết quả,Đúng hạn,5.0
HS2026001412,2026-06-05,6,2,Phường Hoà Lạc,Tư pháp - Hộ tịch,Đăng ký khai sinh,Trực tiếp,3,2,2026-06-08,2026-06-07,0,Đã trả kết quả,Đúng hạn,5.0
HS2026001413,2026-06-05,6,2,Xã Tân Phước,Đất đai - Tài nguyên,Đăng ký biến động đất đai,Trực tuyến,10,8,2026-06-15,2026-06-13,0,Đã trả kết quả,Đúng hạn,5.0
HS2026001414,2026-06-05,6,2,Xã Mỹ Trạch,Tư pháp - Hộ tịch,Chứng thực bản sao từ bản chính,Trực tiếp,1,1,2026-06-06,2026-06-06,0,Đã trả kết quả,Đúng hạn,5.0
HS2026001415,2026-06-05,6,2,Xã Tân Phước,Đất đai - Tài nguyên,Đăng ký biến động đất đai,Trực tuyến,10,5,2026-06-15,2026-06-10,0,Đã trả kết quả,Đúng hạn,5.0
HS2026001416,2026-06-05,6,2,Phường Bình Minh,Tư pháp - Hộ tịch,Cấp bản sao trích lục hộ tịch,Trực tuyến,1,1,2026-06-06,2026-06-06,0,Đã trả kết quả,Đúng hạn,5.0
HS2026001417,2026-06-06,6,2,Phường An Thịnh,Xây dựng - Đô thị,Cấp giấy phép xây dựng nhà ở riêng lẻ,Trực tuyến,15,12,2026-06-21,2026-06-18,1,Đã trả kết quả,Đúng hạn,5.0
HS2026001418,2026-06-06,6,2,Phường Hoà Lạc,Tư pháp - Hộ tịch,Đăng ký kết hôn,Trực tiếp,3,2,2026-06-09,2026-06-08,0,Đã trả kết quả,Đúng hạn,4.0
HS2026001419,2026-06-06,6,2,Phường An Thịnh,Tư pháp - Hộ tịch,Chứng thực bản sao từ bản chính,Trực tuyến,1,1,2026-06-07,2026-06-07,0,Đã trả kết quả,Đúng hạn,5.0
HS2026001420,2026-06-06,6,2,Phường An Thịnh,Tư pháp - Hộ tịch,Cấp phiếu lý lịch tư pháp số 1,Trực tuyến,10,9,2026-06-16,2026-06-15,2,Đã trả kết quả,Đúng hạn,4.0
HS2026001421,2026-06-06,6,2,Phường Long Phú,Đất đai - Tài nguyên,Cấp giấy chứng nhận quyền sử dụng đất,Trực tiếp,30,27,2026-07-06,2026-07-03,0,Đã trả kết quả,Đúng hạn,5.0
HS2026001422,2026-06-06,6,2,Xã Tân Phước,Xây dựng - Đô thị,Cấp giấy phép xây dựng nhà ở riêng lẻ,Trực tiếp,15,8,2026-06-21,2026-06-14,0,Đã trả kết quả,Đúng hạn,4.0
HS2026001423,2026-06-06,6,2,Xã Mỹ Trạch,Đất đai - Tài nguyên,Cấp giấy chứng nhận quyền sử dụng đất,Trực tuyến,30,17,2026-07-06,2026-06-23,2,Đã trả kết quả,Đúng hạn,4.0
HS2026001424,2026-06-06,6,2,Xã Mỹ Trạch,Xây dựng - Đô thị,Cấp giấy phép xây dựng nhà ở riêng lẻ,Trực tuyến,15,8,2026-06-21,2026-06-14,0,Đã trả kết quả,Đúng hạn,5.0
HS2026001425,2026-06-07,6,2,Phường An Thịnh,Lao động - Xã hội,"Xác nhận hộ nghèo, cận nghèo",Trực tiếp,5,4,2026-06-12,2026-06-11,0,Đã trả kết quả,Đúng hạn,5.0
HS2026001426,2026-06-07,6,2,Xã Mỹ Trạch,Tư pháp - Hộ tịch,Chứng thực bản sao từ bản chính,Trực tiếp,1,1,2026-06-08,2026-06-08,0,Đã trả kết quả,Đúng hạn,5.0
HS2026001427,2026-06-07,6,2,Phường An Thịnh,Tư pháp - Hộ tịch,Chứng thực bản sao từ bản chính,Bưu chính công ích,1,1,2026-06-08,2026-06-08,0,Đã trả kết quả,Đúng hạn,5.0
HS2026001428,2026-06-07,6,2,Xã Nam Hải,Tư pháp - Hộ tịch,Đăng ký kết hôn,Trực tiếp,3,4,2026-06-10,2026-06-11,0,Đã trả kết quả,Trễ hạn,4.0
HS2026001429,2026-06-08,6,2,Xã Mỹ Trạch,Tư pháp - Hộ tịch,Chứng thực bản sao từ bản chính,Trực tuyến,1,1,2026-06-09,2026-06-09,0,Đã trả kết quả,Đúng hạn,5.0
HS2026001430,2026-06-08,6,2,Phường Bình Minh,Tư pháp - Hộ tịch,Cấp phiếu lý lịch tư pháp số 1,Trực tiếp,10,8,2026-06-18,2026-06-16,0,Đã trả kết quả,Đúng hạn,5.0
HS2026001431,2026-06-08,6,2,Phường Bình Minh,Đất đai - Tài nguyên,Cấp giấy chứng nhận quyền sử dụng đất,Trực tuyến,30,23,2026-07-08,2026-07-01,2,Đã trả kết quả,Đúng hạn,3.0
HS2026001432,2026-06-08,6,2,Phường Kim Sơn,Lao động - Xã hội,Trợ cấp xã hội hằng tháng,Trực tiếp,20,20,2026-06-28,2026-06-28,2,Đã trả kết quả,Đúng hạn,4.0
HS2026001433,2026-06-08,6,2,Xã Tân Phước,Lao động - Xã hội,Trợ cấp xã hội hằng tháng,Trực tuyến,20,15,2026-06-28,2026-06-23,0,Đã trả kết quả,Đúng hạn,5.0
HS2026001434,2026-06-08,6,2,Phường Kim Sơn,Đất đai - Tài nguyên,Cấp giấy chứng nhận quyền sử dụng đất,Trực tuyến,30,13,2026-07-08,2026-06-21,0,Đã trả kết quả,Đúng hạn,5.0
HS2026001435,2026-06-08,6,2,Phường Long Phú,Tư pháp - Hộ tịch,Đăng ký khai sinh,Trực tiếp,3,4,2026-06-11,2026-06-12,0,Đã trả kết quả,Trễ hạn,3.0
HS2026001436,2026-06-08,6,2,Xã Nam Hải,Tư pháp - Hộ tịch,Đăng ký khai tử,Trực tuyến,3,3,2026-06-11,2026-06-11,0,Đã trả kết quả,Đúng hạn,5.0
HS2026001437,2026-06-08,6,2,Phường An Thịnh,Kinh tế - Đăng ký KD,Đăng ký hộ kinh doanh,Trực tuyến,3,2,2026-06-11,2026-06-10,0,Đã trả kết quả,Đúng hạn,5.0
HS2026001438,2026-06-08,6,2,Phường Hoà Lạc,Tư pháp - Hộ tịch,Cấp phiếu lý lịch tư pháp số 1,Trực tuyến,10,5,2026-06-18,2026-06-13,0,Đã trả kết quả,Đúng hạn,5.0
HS2026001439,2026-06-09,6,2,Phường Long Phú,Lao động - Xã hội,"Xác nhận hộ nghèo, cận nghèo",Trực tiếp,5,9,2026-06-14,2026-06-18,2,Đã trả kết quả,Trễ hạn,1.0
HS2026001440,2026-06-09,6,2,Xã Tân Phước,Tư pháp - Hộ tịch,Đăng ký khai sinh,Trực tuyến,3,2,2026-06-12,2026-06-11,0,Đã trả kết quả,Đúng hạn,5.0
HS2026001441,2026-06-09,6,2,Xã Nam Hải,Lao động - Xã hội,"Xác nhận hộ nghèo, cận nghèo",Trực tiếp,5,4,2026-06-14,2026-06-13,0,Đã trả kết quả,Đúng hạn,5.0
HS2026001442,2026-06-09,6,2,Xã Nam Hải,Đất đai - Tài nguyên,Đăng ký biến động đất đai,Trực tuyến,10,10,2026-06-19,2026-06-19,0,Đã trả kết quả,Đúng hạn,5.0
HS2026001443,2026-06-09,6,2,Phường Kim Sơn,Lao động - Xã hội,"Xác nhận hộ nghèo, cận nghèo",Trực tiếp,5,3,2026-06-14,2026-06-12,0,Đã trả kết quả,Đúng hạn,5.0
HS2026001444,2026-06-09,6,2,Xã Nam Hải,Lao động - Xã hội,Trợ cấp xã hội hằng tháng,Trực tuyến,20,13,2026-06-29,2026-06-22,0,Đã trả kết quả,Đúng hạn,5.0
HS2026001445,2026-06-09,6,2,Phường Kim Sơn,Kinh tế - Đăng ký KD,Đăng ký hộ kinh doanh,Trực tiếp,3,2,2026-06-12,2026-06-11,0,Đã trả kết quả,Đúng hạn,5.0
HS2026001446,2026-06-10,6,2,Phường An Thịnh,Xây dựng - Đô thị,Cấp giấy phép xây dựng nhà ở riêng lẻ,Trực tiếp,15,8,2026-06-25,2026-06-18,0,Đã trả kết quả,Đúng hạn,5.0
HS2026001447,2026-06-10,6,2,Phường Long Phú,Tư pháp - Hộ tịch,Cấp bản sao trích lục hộ tịch,Trực tuyến,1,1,2026-06-11,2026-06-11,0,Đã trả kết quả,Đúng hạn,5.0
HS2026001448,2026-06-11,6,2,Phường Long Phú,Đất đai - Tài nguyên,Cấp giấy chứng nhận quyền sử dụng đất,Bưu chính công ích,30,29,2026-07-11,2026-07-10,1,Đã trả kết quả,Đúng hạn,4.0
HS2026001449,2026-06-11,6,2,Phường An Thịnh,Tư pháp - Hộ tịch,Cấp bản sao trích lục hộ tịch,Trực tiếp,1,1,2026-06-12,2026-06-12,0,Đã trả kết quả,Đúng hạn,5.0
HS2026001450,2026-06-11,6,2,Xã Nam Hải,Tư pháp - Hộ tịch,Cấp bản sao trích lục hộ tịch,Bưu chính công ích,1,5,2026-06-12,2026-06-16,1,Đã trả kết quả,Trễ hạn,3.0
HS2026001451,2026-06-11,6,2,Phường Hoà Lạc,Tư pháp - Hộ tịch,Cấp phiếu lý lịch tư pháp số 1,Trực tiếp,10,9,2026-06-21,2026-06-20,0,Đã trả kết quả,Đúng hạn,5.0
HS2026001452,2026-06-11,6,2,Phường Bình Minh,Đất đai - Tài nguyên,Đăng ký biến động đất đai,Trực tiếp,10,10,2026-06-21,2026-06-21,0,Đã trả kết quả,Đúng hạn,5.0
HS2026001453,2026-06-11,6,2,Phường Long Phú,Tư pháp - Hộ tịch,Cấp phiếu lý lịch tư pháp số 1,Trực tuyến,10,7,2026-06-21,2026-06-18,0,Đã trả kết quả,Đúng hạn,5.0
HS2026001454,2026-06-11,6,2,Phường Long Phú,Xây dựng - Đô thị,Cấp giấy phép xây dựng nhà ở riêng lẻ,Trực tiếp,15,10,2026-06-26,2026-06-21,0,Đã trả kết quả,Đúng hạn,5.0
HS2026001455,2026-06-11,6,2,Phường Hoà Lạc,Tư pháp - Hộ tịch,Đăng ký khai sinh,Trực tuyến,3,3,2026-06-14,2026-06-14,0,Đã trả kết quả,Đúng hạn,5.0
HS2026001456,2026-06-12,6,2,Phường Bình Minh,Xây dựng - Đô thị,Cấp giấy phép xây dựng nhà ở riêng lẻ,Trực tiếp,15,14,2026-06-27,2026-06-26,0,Đã trả kết quả,Đúng hạn,5.0
HS2026001457,2026-06-12,6,2,Phường An Thịnh,Tư pháp - Hộ tịch,Cấp phiếu lý lịch tư pháp số 1,Trực tuyến,10,6,2026-06-22,2026-06-18,0,Đã trả kết quả,Đúng hạn,5.0
HS2026001458,2026-06-12,6,2,Phường Hoà Lạc,Tư pháp - Hộ tịch,Chứng thực bản sao từ bản chính,Trực tiếp,1,1,2026-06-13,2026-06-13,0,Đã trả kết quả,Đúng hạn,5.0
HS2026001459,2026-06-12,6,2,Xã Mỹ Trạch,Tư pháp - Hộ tịch,Đăng ký khai sinh,Trực tuyến,3,5,2026-06-15,2026-06-17,1,Đã trả kết quả,Trễ hạn,3.0
HS2026001460,2026-06-12,6,2,Xã Tân Phước,Tư pháp - Hộ tịch,Chứng thực bản sao từ bản chính,Trực tiếp,1,1,2026-06-13,2026-06-13,0,Đã trả kết quả,Đúng hạn,5.0
HS2026001461,2026-06-12,6,2,Phường Bình Minh,Đất đai - Tài nguyên,Đăng ký biến động đất đai,Trực tiếp,10,13,2026-06-22,2026-06-25,2,Đã trả kết quả,Trễ hạn,4.0
HS2026001462,2026-06-12,6,2,Phường Hoà Lạc,Tư pháp - Hộ tịch,Đăng ký khai sinh,Trực tuyến,3,2,2026-06-15,2026-06-14,0,Đã trả kết quả,Đúng hạn,5.0
HS2026001463,2026-06-13,6,2,Phường Long Phú,Tư pháp - Hộ tịch,Đăng ký khai sinh,Trực tuyến,3,4,2026-06-16,2026-06-17,1,Đã trả kết quả,Trễ hạn,3.0
HS2026001464,2026-06-13,6,2,Phường Hoà Lạc,Lao động - Xã hội,"Xác nhận hộ nghèo, cận nghèo",Trực tiếp,5,3,2026-06-18,2026-06-16,0,Đã trả kết quả,Đúng hạn,5.0
HS2026001465,2026-06-13,6,2,Phường An Thịnh,Tư pháp - Hộ tịch,Cấp bản sao trích lục hộ tịch,Trực tiếp,1,4,2026-06-14,2026-06-17,1,Đã trả kết quả,Trễ hạn,4.0
HS2026001466,2026-06-13,6,2,Xã Mỹ Trạch,Xây dựng - Đô thị,Cấp giấy phép xây dựng nhà ở riêng lẻ,Trực tiếp,15,9,2026-06-28,2026-06-22,0,Đã trả kết quả,Đúng hạn,5.0
HS2026001467,2026-06-13,6,2,Phường Hoà Lạc,Kinh tế - Đăng ký KD,Đăng ký hộ kinh doanh,Bưu chính công ích,3,2,2026-06-16,2026-06-15,0,Đã trả kết quả,Đúng hạn,5.0
HS2026001468,2026-06-13,6,2,Phường Bình Minh,Tư pháp - Hộ tịch,Đăng ký khai sinh,Trực tuyến,3,3,2026-06-16,2026-06-16,0,Đã trả kết quả,Đúng hạn,5.0
HS2026001469,2026-06-13,6,2,Phường Bình Minh,Lao động - Xã hội,"Xác nhận hộ nghèo, cận nghèo",Trực tiếp,5,3,2026-06-18,2026-06-16,0,Đã trả kết quả,Đúng hạn,5.0
HS2026001470,2026-06-14,6,2,Xã Nam Hải,Lao động - Xã hội,"Xác nhận hộ nghèo, cận nghèo",Trực tiếp,5,5,2026-06-19,2026-06-19,0,Đã trả kết quả,Đúng hạn,5.0
HS2026001471,2026-06-14,6,2,Xã Mỹ Trạch,Tư pháp - Hộ tịch,Cấp bản sao trích lục hộ tịch,Trực tuyến,1,1,2026-06-15,2026-06-15,0,Đã trả kết quả,Đúng hạn,5.0
HS2026001472,2026-06-14,6,2,Xã Mỹ Trạch,Tư pháp - Hộ tịch,Đăng ký kết hôn,Trực tiếp,3,3,2026-06-17,2026-06-17,0,Đã trả kết quả,Đúng hạn,4.0
HS2026001473,2026-06-14,6,2,Xã Mỹ Trạch,Tư pháp - Hộ tịch,Đăng ký khai sinh,Bưu chính công ích,3,3,2026-06-17,2026-06-17,0,Đã trả kết quả,Đúng hạn,5.0
HS2026001474,2026-06-14,6,2,Xã Tân Phước,Tư pháp - Hộ tịch,Chứng thực bản sao từ bản chính,Trực tiếp,1,1,2026-06-15,2026-06-15,0,Đã trả kết quả,Đúng hạn,5.0
HS2026001475,2026-06-14,6,2,Phường Long Phú,Tư pháp - Hộ tịch,Chứng thực bản sao từ bản chính,Trực tuyến,1,1,2026-06-15,2026-06-15,0,Đã trả kết quả,Đúng hạn,5.0
HS2026001476,2026-06-14,6,2,Xã Nam Hải,Tư pháp - Hộ tịch,Đăng ký khai sinh,Trực tiếp,3,3,2026-06-17,2026-06-17,0,Đã trả kết quả,Đúng hạn,5.0
HS2026001477,2026-06-15,6,2,Phường Long Phú,Tư pháp - Hộ tịch,Đăng ký khai tử,Trực tuyến,3,3,2026-06-18,2026-06-18,0,Đã trả kết quả,Đúng hạn,5.0
HS2026001478,2026-06-15,6,2,Phường An Thịnh,Lao động - Xã hội,"Xác nhận hộ nghèo, cận nghèo",Trực tuyến,5,8,2026-06-20,2026-06-23,2,Đã trả kết quả,Trễ hạn,2.0
HS2026001479,2026-06-15,6,2,Xã Nam Hải,Xây dựng - Đô thị,Cấp giấy phép xây dựng nhà ở riêng lẻ,Trực tuyến,15,12,2026-06-30,2026-06-27,0,Đã trả kết quả,Đúng hạn,5.0
HS2026001480,2026-06-15,6,2,Xã Nam Hải,Tư pháp - Hộ tịch,Chứng thực bản sao từ bản chính,Trực tiếp,1,1,2026-06-16,2026-06-16,0,Đã trả kết quả,Đúng hạn,5.0
HS2026001481,2026-06-15,6,2,Phường Bình Minh,Tư pháp - Hộ tịch,Cấp phiếu lý lịch tư pháp số 1,Trực tiếp,10,15,2026-06-25,2026-06-30,2,Đã trả kết quả,Trễ hạn,2.0
HS2026001482,2026-06-15,6,2,Xã Tân Phước,Tư pháp - Hộ tịch,Chứng thực bản sao từ bản chính,Trực tiếp,1,1,2026-06-16,2026-06-16,0,Đã trả kết quả,Đúng hạn,5.0
HS2026001483,2026-06-15,6,2,Phường Long Phú,Tư pháp - Hộ tịch,Chứng thực bản sao từ bản chính,Trực tiếp,1,1,2026-06-16,2026-06-16,0,Đã trả kết quả,Đúng hạn,5.0
HS2026001484,2026-06-15,6,2,Phường Kim Sơn,Tư pháp - Hộ tịch,Đăng ký khai sinh,Bưu chính công ích,3,2,2026-06-18,2026-06-17,0,Đã trả kết quả,Đúng hạn,5.0
HS2026001485,2026-06-15,6,2,Phường Hoà Lạc,Tư pháp - Hộ tịch,Cấp phiếu lý lịch tư pháp số 1,Trực tuyến,10,6,2026-06-25,2026-06-21,0,Đã trả kết quả,Đúng hạn,5.0
HS2026001486,2026-06-16,6,2,Phường Kim Sơn,Kinh tế - Đăng ký KD,Đăng ký hộ kinh doanh,Trực tiếp,3,3,2026-06-19,2026-06-19,0,Đã trả kết quả,Đúng hạn,5.0
HS2026001487,2026-06-16,6,2,Phường Long Phú,Tư pháp - Hộ tịch,Cấp phiếu lý lịch tư pháp số 1,Trực tuyến,10,10,2026-06-26,2026-06-26,1,Đã trả kết quả,Đúng hạn,4.0
HS2026001488,2026-06-16,6,2,Phường Long Phú,Tư pháp - Hộ tịch,Đăng ký kết hôn,Bưu chính công ích,3,3,2026-06-19,2026-06-19,0,Đã trả kết quả,Đúng hạn,5.0
HS2026001489,2026-06-16,6,2,Xã Mỹ Trạch,Tư pháp - Hộ tịch,Đăng ký khai sinh,Trực tuyến,3,5,2026-06-19,2026-06-21,1,Đã trả kết quả,Trễ hạn,2.0
HS2026001490,2026-06-16,6,2,Phường Hoà Lạc,Tư pháp - Hộ tịch,Cấp phiếu lý lịch tư pháp số 1,Trực tiếp,10,10,2026-06-26,2026-06-26,0,Đã trả kết quả,Đúng hạn,5.0
HS2026001491,2026-06-16,6,2,Phường An Thịnh,Tư pháp - Hộ tịch,Đăng ký khai sinh,Trực tuyến,3,2,2026-06-19,2026-06-18,0,Đã trả kết quả,Đúng hạn,5.0
HS2026001492,2026-06-16,6,2,Phường Bình Minh,Kinh tế - Đăng ký KD,Đăng ký hộ kinh doanh,Trực tuyến,3,5,2026-06-19,2026-06-21,1,Đã trả kết quả,Trễ hạn,2.0
HS2026001493,2026-06-17,6,2,Phường Long Phú,Tư pháp - Hộ tịch,Chứng thực bản sao từ bản chính,Bưu chính công ích,1,2,2026-06-18,2026-06-19,0,Đã trả kết quả,Trễ hạn,4.0
HS2026001494,2026-06-17,6,2,Phường Long Phú,Tư pháp - Hộ tịch,Đăng ký khai tử,Bưu chính công ích,3,8,2026-06-20,2026-06-25,2,Đã trả kết quả,Trễ hạn,2.0
HS2026001495,2026-06-17,6,2,Xã Nam Hải,Tư pháp - Hộ tịch,Cấp phiếu lý lịch tư pháp số 1,Trực tuyến,10,10,2026-06-27,2026-06-27,1,Đã trả kết quả,Đúng hạn,5.0
HS2026001496,2026-06-17,6,2,Phường An Thịnh,Lao động - Xã hội,Trợ cấp xã hội hằng tháng,Trực tiếp,20,14,2026-07-07,2026-07-01,0,Đã trả kết quả,Đúng hạn,5.0
HS2026001497,2026-06-17,6,2,Phường Kim Sơn,Tư pháp - Hộ tịch,Cấp bản sao trích lục hộ tịch,Trực tiếp,1,1,2026-06-18,2026-06-18,0,Đã trả kết quả,Đúng hạn,5.0
HS2026001498,2026-06-17,6,2,Xã Mỹ Trạch,Lao động - Xã hội,Trợ cấp xã hội hằng tháng,Trực tuyến,20,10,2026-07-07,2026-06-27,0,Đã trả kết quả,Đúng hạn,4.0
HS2026001499,2026-06-17,6,2,Phường Kim Sơn,Xây dựng - Đô thị,Cấp giấy phép xây dựng nhà ở riêng lẻ,Trực tiếp,15,12,2026-07-02,2026-06-29,2,Đã trả kết quả,Đúng hạn,4.0
HS2026001500,2026-06-17,6,2,Phường Bình Minh,Tư pháp - Hộ tịch,Cấp phiếu lý lịch tư pháp số 1,Trực tuyến,10,8,2026-06-27,2026-06-25,0,Đã trả kết quả,Đúng hạn,5.0
HS2026001501,2026-06-17,6,2,Phường Hoà Lạc,Đất đai - Tài nguyên,Đăng ký biến động đất đai,Trực tiếp,10,6,2026-06-27,2026-06-23,0,Đã trả kết quả,Đúng hạn,5.0
HS2026001502,2026-06-17,6,2,Phường Bình Minh,Xây dựng - Đô thị,Cấp giấy phép xây dựng nhà ở riêng lẻ,Trực tuyến,15,9,2026-07-02,2026-06-26,0,Đã trả kết quả,Đúng hạn,5.0
HS2026001503,2026-06-17,6,2,Phường Hoà Lạc,Tư pháp - Hộ tịch,Đăng ký khai tử,Trực tiếp,3,3,2026-06-20,2026-06-20,0,Đã trả kết quả,Đúng hạn,5.0
HS2026001504,2026-06-17,6,2,Phường An Thịnh,Tư pháp - Hộ tịch,Đăng ký khai sinh,Trực tiếp,3,2,2026-06-20,2026-06-19,0,Đã trả kết quả,Đúng hạn,5.0
HS2026001505,2026-06-18,6,2,Phường An Thịnh,Tư pháp - Hộ tịch,Đăng ký khai sinh,Trực tuyến,3,3,2026-06-21,2026-06-21,0,Đã trả kết quả,Đúng hạn,5.0
HS2026001506,2026-06-18,6,2,Phường An Thịnh,Xây dựng - Đô thị,Cấp giấy phép xây dựng nhà ở riêng lẻ,Bưu chính công ích,15,9,2026-07-03,2026-06-27,0,Đã trả kết quả,Đúng hạn,5.0
HS2026001507,2026-06-18,6,2,Phường An Thịnh,Tư pháp - Hộ tịch,Chứng thực bản sao từ bản chính,Trực tuyến,1,1,2026-06-19,2026-06-19,0,Đã trả kết quả,Đúng hạn,5.0
HS2026001508,2026-06-18,6,2,Phường Bình Minh,Tư pháp - Hộ tịch,Cấp bản sao trích lục hộ tịch,Trực tiếp,1,1,2026-06-19,2026-06-19,0,Đã trả kết quả,Đúng hạn,5.0
HS2026001509,2026-06-18,6,2,Xã Mỹ Trạch,Kinh tế - Đăng ký KD,Đăng ký hộ kinh doanh,Trực tuyến,3,7,2026-06-21,2026-06-25,2,Đã trả kết quả,Trễ hạn,1.0
HS2026001510,2026-06-18,6,2,Phường Kim Sơn,Lao động - Xã hội,"Xác nhận hộ nghèo, cận nghèo",Bưu chính công ích,5,3,2026-06-23,2026-06-21,0,Đã trả kết quả,Đúng hạn,5.0
HS2026001511,2026-06-18,6,2,Phường An Thịnh,Tư pháp - Hộ tịch,Đăng ký khai sinh,Trực tuyến,3,5,2026-06-21,2026-06-23,1,Đã trả kết quả,Trễ hạn,3.0
HS2026001512,2026-06-18,6,2,Phường Hoà Lạc,Tư pháp - Hộ tịch,Đăng ký khai tử,Trực tiếp,3,3,2026-06-21,2026-06-21,0,Đã trả kết quả,Đúng hạn,5.0
HS2026001513,2026-06-18,6,2,Phường An Thịnh,Tư pháp - Hộ tịch,Đăng ký khai sinh,Trực tuyến,3,6,2026-06-21,2026-06-24,2,Đã trả kết quả,Trễ hạn,1.0
HS2026001514,2026-06-18,6,2,Xã Mỹ Trạch,Đất đai - Tài nguyên,Đăng ký biến động đất đai,Trực tiếp,10,12,2026-06-28,2026-06-30,2,Đã trả kết quả,Trễ hạn,3.0
HS2026001515,2026-06-18,6,2,Xã Tân Phước,Xây dựng - Đô thị,Cấp giấy phép xây dựng nhà ở riêng lẻ,Trực tiếp,15,12,2026-07-03,2026-06-30,0,Đã trả kết quả,Đúng hạn,5.0
HS2026001516,2026-06-19,6,2,Phường Hoà Lạc,Lao động - Xã hội,Trợ cấp xã hội hằng tháng,Trực tiếp,20,14,2026-07-09,2026-07-03,0,Đã trả kết quả,Đúng hạn,5.0
HS2026001517,2026-06-19,6,2,Phường Kim Sơn,Tư pháp - Hộ tịch,Chứng thực bản sao từ bản chính,Trực tiếp,1,2,2026-06-20,2026-06-21,0,Đã trả kết quả,Trễ hạn,2.0
HS2026001518,2026-06-19,6,2,Xã Tân Phước,Tư pháp - Hộ tịch,Đăng ký khai sinh,Trực tiếp,3,3,2026-06-22,2026-06-22,0,Đã trả kết quả,Đúng hạn,5.0
HS2026001519,2026-06-19,6,2,Phường An Thịnh,Tư pháp - Hộ tịch,Chứng thực bản sao từ bản chính,Trực tiếp,1,1,2026-06-20,2026-06-20,0,Đã trả kết quả,Đúng hạn,5.0
HS2026001520,2026-06-19,6,2,Phường Hoà Lạc,Tư pháp - Hộ tịch,Đăng ký khai sinh,Trực tuyến,3,2,2026-06-22,2026-06-21,0,Đã trả kết quả,Đúng hạn,5.0
HS2026001521,2026-06-19,6,2,Phường An Thịnh,Tư pháp - Hộ tịch,Cấp phiếu lý lịch tư pháp số 1,Trực tiếp,10,6,2026-06-29,2026-06-25,0,Đã trả kết quả,Đúng hạn,5.0
HS2026001522,2026-06-19,6,2,Phường Bình Minh,Tư pháp - Hộ tịch,Cấp phiếu lý lịch tư pháp số 1,Trực tiếp,10,8,2026-06-29,2026-06-27,0,Đã trả kết quả,Đúng hạn,4.0
HS2026001523,2026-06-19,6,2,Phường Kim Sơn,Tư pháp - Hộ tịch,Cấp phiếu lý lịch tư pháp số 1,Trực tuyến,10,8,2026-06-29,2026-06-27,0,Đã trả kết quả,Đúng hạn,5.0
HS2026001524,2026-06-19,6,2,Phường Long Phú,Tư pháp - Hộ tịch,Đăng ký kết hôn,Trực tuyến,3,5,2026-06-22,2026-06-24,1,Đã trả kết quả,Trễ hạn,4.0
HS2026001525,2026-06-20,6,2,Phường An Thịnh,Kinh tế - Đăng ký KD,Đăng ký hộ kinh doanh,Trực tuyến,3,3,2026-06-23,2026-06-23,0,Đã trả kết quả,Đúng hạn,5.0
HS2026001526,2026-06-20,6,2,Xã Nam Hải,Tư pháp - Hộ tịch,Chứng thực bản sao từ bản chính,Bưu chính công ích,1,1,2026-06-21,2026-06-21,0,Đã trả kết quả,Đúng hạn,5.0
HS2026001527,2026-06-20,6,2,Phường An Thịnh,Tư pháp - Hộ tịch,Đăng ký khai sinh,Trực tiếp,3,3,2026-06-23,2026-06-23,0,Đã trả kết quả,Đúng hạn,5.0
HS2026001528,2026-06-20,6,2,Phường Bình Minh,Đất đai - Tài nguyên,Cấp giấy chứng nhận quyền sử dụng đất,Trực tuyến,30,24,2026-07-20,2026-07-14,0,Đã trả kết quả,Đúng hạn,5.0
HS2026001529,2026-06-20,6,2,Phường Hoà Lạc,Kinh tế - Đăng ký KD,Đăng ký hộ kinh doanh,Trực tuyến,3,2,2026-06-23,2026-06-22,0,Đã trả kết quả,Đúng hạn,5.0
HS2026001530,2026-06-20,6,2,Phường An Thịnh,Kinh tế - Đăng ký KD,Đăng ký hộ kinh doanh,Trực tiếp,3,3,2026-06-23,2026-06-23,0,Đã trả kết quả,Đúng hạn,4.0
HS2026001531,2026-06-20,6,2,Phường Kim Sơn,Tư pháp - Hộ tịch,Chứng thực bản sao từ bản chính,Trực tuyến,1,1,2026-06-21,2026-06-21,0,Đã trả kết quả,Đúng hạn,4.0
HS2026001532,2026-06-20,6,2,Phường Kim Sơn,Tư pháp - Hộ tịch,Đăng ký khai sinh,Trực tuyến,3,7,2026-06-23,2026-06-27,2,Đã trả kết quả,Trễ hạn,3.0
HS2026001533,2026-06-20,6,2,Phường Hoà Lạc,Đất đai - Tài nguyên,Đăng ký biến động đất đai,Bưu chính công ích,10,6,2026-06-30,2026-06-26,0,Đã trả kết quả,Đúng hạn,4.0
HS2026001534,2026-06-20,6,2,Phường Kim Sơn,Tư pháp - Hộ tịch,Đăng ký khai sinh,Trực tuyến,3,3,2026-06-23,2026-06-23,0,Đã trả kết quả,Đúng hạn,4.0
HS2026001535,2026-06-20,6,2,Phường Kim Sơn,Tư pháp - Hộ tịch,Chứng thực bản sao từ bản chính,Trực tiếp,1,1,2026-06-21,2026-06-21,0,Đã trả kết quả,Đúng hạn,5.0
HS2026001536,2026-06-20,6,2,Xã Mỹ Trạch,Đất đai - Tài nguyên,Cấp giấy chứng nhận quyền sử dụng đất,Bưu chính công ích,30,22,2026-07-20,2026-07-12,0,Đã trả kết quả,Đúng hạn,4.0
HS2026001537,2026-06-21,6,2,Phường Kim Sơn,Đất đai - Tài nguyên,Đăng ký biến động đất đai,Trực tiếp,10,11,2026-07-01,2026-07-02,0,Đã trả kết quả,Trễ hạn,4.0
HS2026001538,2026-06-21,6,2,Phường An Thịnh,Lao động - Xã hội,"Xác nhận hộ nghèo, cận nghèo",Trực tuyến,5,4,2026-06-26,2026-06-25,0,Đã trả kết quả,Đúng hạn,5.0
HS2026001539,2026-06-21,6,2,Xã Nam Hải,Tư pháp - Hộ tịch,Đăng ký khai sinh,Trực tuyến,3,2,2026-06-24,2026-06-23,0,Đã trả kết quả,Đúng hạn,5.0
HS2026001540,2026-06-21,6,2,Phường Kim Sơn,Tư pháp - Hộ tịch,Cấp phiếu lý lịch tư pháp số 1,Trực tuyến,10,11,2026-07-01,2026-07-02,1,Đã trả kết quả,Trễ hạn,2.0
HS2026001541,2026-06-21,6,2,Xã Nam Hải,Tư pháp - Hộ tịch,Cấp bản sao trích lục hộ tịch,Trực tiếp,1,6,2026-06-22,2026-06-27,2,Đã trả kết quả,Trễ hạn,1.0
HS2026001542,2026-06-21,6,2,Phường Hoà Lạc,Đất đai - Tài nguyên,Đăng ký biến động đất đai,Trực tuyến,10,6,2026-07-01,2026-06-27,0,Đã trả kết quả,Đúng hạn,5.0
HS2026001543,2026-06-21,6,2,Phường Hoà Lạc,Xây dựng - Đô thị,Cấp giấy phép xây dựng nhà ở riêng lẻ,Trực tuyến,15,12,2026-07-06,2026-07-03,0,Đã trả kết quả,Đúng hạn,5.0
HS2026001544,2026-06-21,6,2,Phường Long Phú,Kinh tế - Đăng ký KD,Đăng ký hộ kinh doanh,Bưu chính công ích,3,5,2026-06-24,2026-06-26,1,Đã trả kết quả,Trễ hạn,3.0
HS2026001545,2026-06-21,6,2,Xã Tân Phước,Tư pháp - Hộ tịch,Đăng ký khai sinh,Trực tiếp,3,5,2026-06-24,2026-06-26,1,Đã trả kết quả,Trễ hạn,3.0
HS2026001546,2026-06-21,6,2,Phường Bình Minh,Tư pháp - Hộ tịch,Đăng ký khai sinh,Trực tuyến,3,6,2026-06-24,2026-06-27,2,Đã trả kết quả,Trễ hạn,3.0
HS2026001547,2026-06-21,6,2,Xã Nam Hải,Tư pháp - Hộ tịch,Đăng ký khai sinh,Trực tiếp,3,2,2026-06-24,2026-06-23,0,Đã trả kết quả,Đúng hạn,5.0
HS2026001548,2026-06-22,6,2,Phường Hoà Lạc,Tư pháp - Hộ tịch,Cấp phiếu lý lịch tư pháp số 1,Bưu chính công ích,10,10,2026-07-02,2026-07-02,0,Đã trả kết quả,Đúng hạn,5.0
HS2026001549,2026-06-22,6,2,Phường Long Phú,Tư pháp - Hộ tịch,Đăng ký khai sinh,Trực tuyến,3,3,2026-06-25,2026-06-25,0,Đã trả kết quả,Đúng hạn,5.0
HS2026001550,2026-06-22,6,2,Phường Hoà Lạc,Kinh tế - Đăng ký KD,Đăng ký hộ kinh doanh,Trực tuyến,3,2,2026-06-25,2026-06-24,0,Đã trả kết quả,Đúng hạn,4.0
HS2026001551,2026-06-22,6,2,Phường Kim Sơn,Tư pháp - Hộ tịch,Chứng thực bản sao từ bản chính,Trực tiếp,1,4,2026-06-23,2026-06-26,1,Đã trả kết quả,Trễ hạn,4.0
HS2026001552,2026-06-22,6,2,Xã Nam Hải,Tư pháp - Hộ tịch,Chứng thực bản sao từ bản chính,Trực tiếp,1,7,2026-06-23,2026-06-29,2,Đã trả kết quả,Trễ hạn,3.0
HS2026001553,2026-06-22,6,2,Phường Long Phú,Lao động - Xã hội,Trợ cấp xã hội hằng tháng,Bưu chính công ích,20,13,2026-07-12,2026-07-05,0,Đã trả kết quả,Đúng hạn,5.0
HS2026001554,2026-06-23,6,2,Phường An Thịnh,Tư pháp - Hộ tịch,Cấp phiếu lý lịch tư pháp số 1,Trực tuyến,10,7,2026-07-03,2026-06-30,0,Đã trả kết quả,Đúng hạn,5.0
HS2026001555,2026-06-23,6,2,Xã Tân Phước,Đất đai - Tài nguyên,Cấp giấy chứng nhận quyền sử dụng đất,Trực tuyến,30,24,2026-07-23,2026-07-17,0,Đã trả kết quả,Đúng hạn,4.0
HS2026001556,2026-06-23,6,2,Phường Kim Sơn,Xây dựng - Đô thị,Cấp giấy phép xây dựng nhà ở riêng lẻ,Bưu chính công ích,15,10,2026-07-08,2026-07-03,0,Đã trả kết quả,Đúng hạn,5.0
HS2026001557,2026-06-23,6,2,Phường An Thịnh,Tư pháp - Hộ tịch,Chứng thực bản sao từ bản chính,Trực tiếp,1,1,2026-06-24,2026-06-24,0,Đã trả kết quả,Đúng hạn,5.0
HS2026001558,2026-06-23,6,2,Phường Hoà Lạc,Tư pháp - Hộ tịch,Đăng ký khai sinh,Trực tiếp,3,2,2026-06-26,2026-06-25,0,Đã trả kết quả,Đúng hạn,4.0
HS2026001559,2026-06-23,6,2,Xã Mỹ Trạch,Đất đai - Tài nguyên,Đăng ký biến động đất đai,Trực tiếp,10,5,2026-07-03,2026-06-28,0,Đã trả kết quả,Đúng hạn,5.0
HS2026001560,2026-06-23,6,2,Xã Tân Phước,Xây dựng - Đô thị,Cấp giấy phép xây dựng nhà ở riêng lẻ,Bưu chính công ích,15,13,2026-07-08,2026-07-06,0,Đã trả kết quả,Đúng hạn,5.0
HS2026001561,2026-06-23,6,2,Phường Long Phú,Kinh tế - Đăng ký KD,Đăng ký hộ kinh doanh,Trực tuyến,3,3,2026-06-26,2026-06-26,0,Đã trả kết quả,Đúng hạn,5.0
HS2026001562,2026-06-23,6,2,Phường Long Phú,Tư pháp - Hộ tịch,Chứng thực bản sao từ bản chính,Trực tiếp,1,2,2026-06-24,2026-06-25,0,Đã trả kết quả,Trễ hạn,3.0
HS2026001563,2026-06-23,6,2,Xã Tân Phước,Tư pháp - Hộ tịch,Đăng ký khai sinh,Trực tiếp,3,2,2026-06-26,2026-06-25,0,Đã trả kết quả,Đúng hạn,4.0
HS2026001564,2026-06-23,6,2,Xã Tân Phước,Tư pháp - Hộ tịch,Cấp bản sao trích lục hộ tịch,Trực tuyến,1,1,2026-06-24,2026-06-24,0,Đã trả kết quả,Đúng hạn,4.0
HS2026001565,2026-06-24,6,2,Phường Kim Sơn,Kinh tế - Đăng ký KD,Đăng ký hộ kinh doanh,Trực tiếp,3,3,2026-06-27,2026-06-27,0,Đã trả kết quả,Đúng hạn,4.0
HS2026001566,2026-06-24,6,2,Xã Mỹ Trạch,Đất đai - Tài nguyên,Cấp giấy chứng nhận quyền sử dụng đất,Trực tuyến,30,11,2026-07-24,2026-07-05,0,Đã trả kết quả,Đúng hạn,5.0
HS2026001567,2026-06-24,6,2,Phường Bình Minh,Tư pháp - Hộ tịch,Đăng ký khai sinh,Trực tiếp,3,2,2026-06-27,2026-06-26,0,Đã trả kết quả,Đúng hạn,5.0
HS2026001568,2026-06-24,6,2,Phường Bình Minh,Tư pháp - Hộ tịch,Đăng ký khai tử,Trực tiếp,3,2,2026-06-27,2026-06-26,0,Đã trả kết quả,Đúng hạn,5.0
HS2026001569,2026-06-24,6,2,Phường Hoà Lạc,Tư pháp - Hộ tịch,Đăng ký kết hôn,Trực tiếp,3,2,2026-06-27,2026-06-26,0,Đã trả kết quả,Đúng hạn,5.0
HS2026001570,2026-06-24,6,2,Phường Kim Sơn,Tư pháp - Hộ tịch,Cấp bản sao trích lục hộ tịch,Trực tuyến,1,1,2026-06-25,2026-06-25,0,Đã trả kết quả,Đúng hạn,4.0
HS2026001571,2026-06-24,6,2,Phường An Thịnh,Kinh tế - Đăng ký KD,Đăng ký hộ kinh doanh,Trực tuyến,3,2,2026-06-27,2026-06-26,0,Đã trả kết quả,Đúng hạn,5.0
HS2026001572,2026-06-24,6,2,Phường An Thịnh,Tư pháp - Hộ tịch,Đăng ký khai sinh,Trực tiếp,3,3,2026-06-27,2026-06-27,0,Đã trả kết quả,Đúng hạn,5.0
HS2026001573,2026-06-24,6,2,Phường An Thịnh,Đất đai - Tài nguyên,Cấp giấy chứng nhận quyền sử dụng đất,Trực tiếp,30,22,2026-07-24,2026-07-16,2,Đã trả kết quả,Đúng hạn,4.0
HS2026001574,2026-06-24,6,2,Xã Nam Hải,Đất đai - Tài nguyên,Đăng ký biến động đất đai,Trực tuyến,10,8,2026-07-04,2026-07-02,1,Đã trả kết quả,Đúng hạn,4.0
HS2026001575,2026-06-24,6,2,Phường Bình Minh,Tư pháp - Hộ tịch,Chứng thực bản sao từ bản chính,Trực tuyến,1,3,2026-06-25,2026-06-27,1,Đã trả kết quả,Trễ hạn,2.0
HS2026001576,2026-06-24,6,2,Phường Long Phú,Tư pháp - Hộ tịch,Cấp phiếu lý lịch tư pháp số 1,Trực tuyến,10,10,2026-07-04,2026-07-04,1,Đã trả kết quả,Đúng hạn,5.0
HS2026001577,2026-06-25,6,2,Phường Bình Minh,Đất đai - Tài nguyên,Đăng ký biến động đất đai,Bưu chính công ích,10,6,2026-07-05,2026-07-01,0,Đã trả kết quả,Đúng hạn,5.0
HS2026001578,2026-06-25,6,2,Phường An Thịnh,Lao động - Xã hội,"Xác nhận hộ nghèo, cận nghèo",Trực tuyến,5,3,2026-06-30,2026-06-28,0,Đã trả kết quả,Đúng hạn,5.0
HS2026001579,2026-06-25,6,2,Phường Long Phú,Tư pháp - Hộ tịch,Đăng ký khai sinh,Trực tiếp,3,2,2026-06-28,2026-06-27,0,Đã trả kết quả,Đúng hạn,5.0
HS2026001580,2026-06-25,6,2,Phường Kim Sơn,Xây dựng - Đô thị,Cấp giấy phép xây dựng nhà ở riêng lẻ,Trực tiếp,15,8,2026-07-10,2026-07-03,0,Đã trả kết quả,Đúng hạn,4.0
HS2026001581,2026-06-25,6,2,Xã Nam Hải,Đất đai - Tài nguyên,Đăng ký biến động đất đai,Trực tiếp,10,8,2026-07-05,2026-07-03,0,Đã trả kết quả,Đúng hạn,5.0
HS2026001582,2026-06-25,6,2,Phường Kim Sơn,Đất đai - Tài nguyên,Cấp giấy chứng nhận quyền sử dụng đất,Bưu chính công ích,30,32,2026-07-25,2026-07-27,0,Đã trả kết quả,Trễ hạn,3.0
HS2026001583,2026-06-25,6,2,Phường Long Phú,Tư pháp - Hộ tịch,Cấp bản sao trích lục hộ tịch,Trực tuyến,1,3,2026-06-26,2026-06-28,1,Đã trả kết quả,Trễ hạn,3.0
HS2026001584,2026-06-25,6,2,Phường Hoà Lạc,Tư pháp - Hộ tịch,Chứng thực bản sao từ bản chính,Trực tiếp,1,1,2026-06-26,2026-06-26,0,Đã trả kết quả,Đúng hạn,4.0
HS2026001585,2026-06-25,6,2,Phường Hoà Lạc,Tư pháp - Hộ tịch,Cấp bản sao trích lục hộ tịch,Trực tiếp,1,1,2026-06-26,2026-06-26,0,Đã trả kết quả,Đúng hạn,5.0
HS2026001586,2026-06-25,6,2,Phường Bình Minh,Tư pháp - Hộ tịch,Đăng ký kết hôn,Bưu chính công ích,3,2,2026-06-28,2026-06-27,0,Đã trả kết quả,Đúng hạn,5.0
HS2026001587,2026-06-25,6,2,Phường Kim Sơn,Xây dựng - Đô thị,Cấp giấy phép xây dựng nhà ở riêng lẻ,Trực tiếp,15,15,2026-07-10,2026-07-10,0,Đã trả kết quả,Đúng hạn,5.0
HS2026001588,2026-06-25,6,2,Phường An Thịnh,Đất đai - Tài nguyên,Cấp giấy chứng nhận quyền sử dụng đất,Bưu chính công ích,30,14,2026-07-25,2026-07-09,0,Đã trả kết quả,Đúng hạn,5.0
HS2026001589,2026-06-26,6,2,Phường Long Phú,Tư pháp - Hộ tịch,Đăng ký kết hôn,Trực tiếp,3,7,2026-06-29,2026-07-03,2,Đã trả kết quả,Trễ hạn,2.0
HS2026001590,2026-06-26,6,2,Xã Tân Phước,Tư pháp - Hộ tịch,Đăng ký khai sinh,Trực tiếp,3,3,2026-06-29,2026-06-29,0,Đã trả kết quả,Đúng hạn,5.0
HS2026001591,2026-06-26,6,2,Xã Nam Hải,Tư pháp - Hộ tịch,Đăng ký kết hôn,Trực tuyến,3,2,2026-06-29,2026-06-28,0,Đã trả kết quả,Đúng hạn,5.0
HS2026001592,2026-06-26,6,2,Phường Kim Sơn,Tư pháp - Hộ tịch,Đăng ký khai sinh,Trực tiếp,3,2,2026-06-29,2026-06-28,0,Đã trả kết quả,Đúng hạn,5.0
HS2026001593,2026-06-26,6,2,Xã Nam Hải,Đất đai - Tài nguyên,Đăng ký biến động đất đai,Bưu chính công ích,10,9,2026-07-06,2026-07-05,0,Đã trả kết quả,Đúng hạn,5.0
HS2026001594,2026-06-26,6,2,Phường An Thịnh,Lao động - Xã hội,Trợ cấp xã hội hằng tháng,Trực tiếp,20,15,2026-07-16,2026-07-11,0,Đã trả kết quả,Đúng hạn,5.0
HS2026001595,2026-06-26,6,2,Phường Hoà Lạc,Kinh tế - Đăng ký KD,Đăng ký hộ kinh doanh,Trực tiếp,3,6,2026-06-29,2026-07-02,1,Đã trả kết quả,Trễ hạn,3.0
HS2026001596,2026-06-26,6,2,Xã Mỹ Trạch,Tư pháp - Hộ tịch,Đăng ký khai sinh,Trực tiếp,3,3,2026-06-29,2026-06-29,0,Đã trả kết quả,Đúng hạn,5.0
HS2026001597,2026-06-26,6,2,Phường Kim Sơn,Tư pháp - Hộ tịch,Cấp phiếu lý lịch tư pháp số 1,Trực tuyến,10,9,2026-07-06,2026-07-05,0,Đã trả kết quả,Đúng hạn,5.0
HS2026001598,2026-06-26,6,2,Phường Long Phú,Kinh tế - Đăng ký KD,Đăng ký hộ kinh doanh,Trực tuyến,3,4,2026-06-29,2026-06-30,0,Đã trả kết quả,Trễ hạn,4.0
HS2026001599,2026-06-26,6,2,Phường Hoà Lạc,Tư pháp - Hộ tịch,Cấp bản sao trích lục hộ tịch,Trực tuyến,1,5,2026-06-27,2026-07-01,2,Đã trả kết quả,Trễ hạn,3.0
HS2026001600,2026-06-26,6,2,Phường Kim Sơn,Tư pháp - Hộ tịch,Đăng ký khai tử,Trực tuyến,3,2,2026-06-29,2026-06-28,0,Đã trả kết quả,Đúng hạn,4.0
HS2026001601,2026-06-26,6,2,Phường Hoà Lạc,Kinh tế - Đăng ký KD,Đăng ký hộ kinh doanh,Trực tuyến,3,2,2026-06-29,2026-06-28,0,Đã trả kết quả,Đúng hạn,4.0
HS2026001602,2026-06-26,6,2,Xã Mỹ Trạch,Tư pháp - Hộ tịch,Chứng thực bản sao từ bản chính,Trực tiếp,1,1,2026-06-27,2026-06-27,0,Đã trả kết quả,Đúng hạn,5.0
HS2026001603,2026-06-26,6,2,Xã Nam Hải,Tư pháp - Hộ tịch,Đăng ký khai sinh,Trực tuyến,3,7,2026-06-29,2026-07-03,2,Đã trả kết quả,Trễ hạn,2.0
HS2026001604,2026-06-27,6,2,Phường Long Phú,Kinh tế - Đăng ký KD,Đăng ký hộ kinh doanh,Trực tiếp,3,4,2026-06-30,2026-07-01,0,Đã trả kết quả,Trễ hạn,4.0
HS2026001605,2026-06-27,6,2,Phường Kim Sơn,Tư pháp - Hộ tịch,Cấp phiếu lý lịch tư pháp số 1,Bưu chính công ích,10,7,2026-07-07,2026-07-04,0,Đã trả kết quả,Đúng hạn,5.0
HS2026001606,2026-06-27,6,2,Xã Nam Hải,Tư pháp - Hộ tịch,Chứng thực bản sao từ bản chính,Trực tiếp,1,2,2026-06-28,2026-06-29,0,Đã trả kết quả,Trễ hạn,4.0
HS2026001607,2026-06-27,6,2,Xã Mỹ Trạch,Tư pháp - Hộ tịch,Đăng ký khai sinh,Trực tuyến,3,2,2026-06-30,2026-06-29,0,Đã trả kết quả,Đúng hạn,5.0
HS2026001608,2026-06-27,6,2,Phường Long Phú,Tư pháp - Hộ tịch,Cấp phiếu lý lịch tư pháp số 1,Trực tuyến,10,8,2026-07-07,2026-07-05,0,Đã trả kết quả,Đúng hạn,5.0
HS2026001609,2026-06-27,6,2,Phường Bình Minh,Tư pháp - Hộ tịch,Đăng ký khai sinh,Bưu chính công ích,3,2,2026-06-30,2026-06-29,0,Đã trả kết quả,Đúng hạn,5.0
HS2026001610,2026-06-27,6,2,Phường Bình Minh,Đất đai - Tài nguyên,Đăng ký biến động đất đai,Trực tiếp,10,7,2026-07-07,2026-07-04,0,Đã trả kết quả,Đúng hạn,5.0
HS2026001611,2026-06-28,6,2,Phường Long Phú,Tư pháp - Hộ tịch,Đăng ký khai tử,Trực tiếp,3,6,2026-07-01,2026-07-04,2,Đã trả kết quả,Trễ hạn,3.0
HS2026001612,2026-06-28,6,2,Xã Mỹ Trạch,Tư pháp - Hộ tịch,Cấp phiếu lý lịch tư pháp số 1,Trực tuyến,10,4,2026-07-08,2026-07-02,0,Đã trả kết quả,Đúng hạn,5.0
HS2026001613,2026-06-28,6,2,Phường Bình Minh,Đất đai - Tài nguyên,Cấp giấy chứng nhận quyền sử dụng đất,Trực tuyến,30,13,2026-07-28,2026-07-11,0,Đã trả kết quả,Đúng hạn,5.0
HS2026001614,2026-06-28,6,2,Xã Nam Hải,Tư pháp - Hộ tịch,Chứng thực bản sao từ bản chính,Trực tiếp,1,1,2026-06-29,2026-06-29,0,Đã trả kết quả,Đúng hạn,5.0
HS2026001615,2026-06-28,6,2,Xã Mỹ Trạch,Tư pháp - Hộ tịch,Đăng ký khai sinh,Trực tiếp,3,2,2026-07-01,2026-06-30,0,Đã trả kết quả,Đúng hạn,4.0
HS2026001616,2026-06-29,6,2,Xã Mỹ Trạch,Tư pháp - Hộ tịch,Cấp bản sao trích lục hộ tịch,Trực tuyến,1,4,2026-06-30,2026-07-03,1,Đã trả kết quả,Trễ hạn,4.0
HS2026001617,2026-06-29,6,2,Phường Bình Minh,Tư pháp - Hộ tịch,Đăng ký khai sinh,Bưu chính công ích,3,2,2026-07-02,2026-07-01,0,Đã trả kết quả,Đúng hạn,5.0
HS2026001618,2026-06-29,6,2,Phường Hoà Lạc,Tư pháp - Hộ tịch,Cấp phiếu lý lịch tư pháp số 1,Trực tuyến,10,7,2026-07-09,2026-07-06,0,Đã trả kết quả,Đúng hạn,5.0
HS2026001619,2026-06-29,6,2,Phường Long Phú,Tư pháp - Hộ tịch,Chứng thực bản sao từ bản chính,Trực tuyến,1,1,2026-06-30,2026-06-30,0,Đã trả kết quả,Đúng hạn,5.0
HS2026001620,2026-06-29,6,2,Xã Nam Hải,Tư pháp - Hộ tịch,Chứng thực bản sao từ bản chính,Trực tiếp,1,1,2026-06-30,2026-06-30,0,Đã trả kết quả,Đúng hạn,4.0
HS2026001621,2026-06-30,6,2,Xã Nam Hải,Lao động - Xã hội,Trợ cấp xã hội hằng tháng,Trực tiếp,20,23,2026-07-20,2026-07-23,0,Đã trả kết quả,Trễ hạn,3.0
HS2026001622,2026-06-30,6,2,Phường An Thịnh,Tư pháp - Hộ tịch,Đăng ký kết hôn,Trực tuyến,3,2,2026-07-03,2026-07-02,0,Đã trả kết quả,Đúng hạn,5.0
HS2026001623,2026-06-30,6,2,Xã Nam Hải,Tư pháp - Hộ tịch,Chứng thực bản sao từ bản chính,Trực tuyến,1,1,2026-07-01,2026-07-01,0,Đã trả kết quả,Đúng hạn,5.0
HS2026001624,2026-06-30,6,2,Phường An Thịnh,Tư pháp - Hộ tịch,Chứng thực bản sao từ bản chính,Trực tiếp,1,1,2026-07-01,2026-07-01,0,Đã trả kết quả,Đúng hạn,5.0
HS2026001625,2026-06-30,6,2,Xã Mỹ Trạch,Tư pháp - Hộ tịch,Cấp phiếu lý lịch tư pháp số 1,Trực tiếp,10,5,2026-07-10,2026-07-05,0,Đã trả kết quả,Đúng hạn,5.0
HS2026001626,2026-06-30,6,2,Xã Mỹ Trạch,Tư pháp - Hộ tịch,Cấp phiếu lý lịch tư pháp số 1,Bưu chính công ích,10,8,2026-07-10,2026-07-08,0,Đã trả kết quả,Đúng hạn,5.0
HS2026001627,2026-06-30,6,2,Phường An Thịnh,Tư pháp - Hộ tịch,Đăng ký khai sinh,Trực tuyến,3,2,2026-07-03,2026-07-02,0,Đã trả kết quả,Đúng hạn,5.0
HS2026001628,2026-07-01,7,3,Xã Mỹ Trạch,Tư pháp - Hộ tịch,Cấp phiếu lý lịch tư pháp số 1,Trực tuyến,10,4,2026-07-11,2026-07-05,0,Đã trả kết quả,Đúng hạn,5.0
HS2026001629,2026-07-01,7,3,Phường Long Phú,Tư pháp - Hộ tịch,Cấp bản sao trích lục hộ tịch,Trực tuyến,1,1,2026-07-02,2026-07-02,0,Đã trả kết quả,Đúng hạn,5.0
HS2026001630,2026-07-01,7,3,Phường Kim Sơn,Tư pháp - Hộ tịch,Cấp phiếu lý lịch tư pháp số 1,Trực tuyến,10,9,2026-07-11,2026-07-10,2,Đã trả kết quả,Đúng hạn,5.0
HS2026001631,2026-07-01,7,3,Phường Long Phú,Tư pháp - Hộ tịch,Cấp phiếu lý lịch tư pháp số 1,Trực tiếp,10,8,2026-07-11,2026-07-09,0,Đã trả kết quả,Đúng hạn,5.0
HS2026001632,2026-07-02,7,3,Phường Bình Minh,Tư pháp - Hộ tịch,Chứng thực bản sao từ bản chính,Trực tiếp,1,1,2026-07-03,2026-07-03,0,Đã trả kết quả,Đúng hạn,5.0
HS2026001633,2026-07-02,7,3,Xã Tân Phước,Tư pháp - Hộ tịch,Cấp phiếu lý lịch tư pháp số 1,Trực tuyến,10,6,2026-07-12,2026-07-08,0,Đã trả kết quả,Đúng hạn,5.0
HS2026001634,2026-07-02,7,3,Xã Nam Hải,Tư pháp - Hộ tịch,Cấp bản sao trích lục hộ tịch,Trực tiếp,1,2,2026-07-03,2026-07-04,0,Đã trả kết quả,Trễ hạn,3.0
HS2026001635,2026-07-02,7,3,Xã Mỹ Trạch,Tư pháp - Hộ tịch,Đăng ký khai sinh,Trực tuyến,3,2,2026-07-05,2026-07-04,0,Đã trả kết quả,Đúng hạn,5.0
HS2026001636,2026-07-02,7,3,Xã Tân Phước,Kinh tế - Đăng ký KD,Đăng ký hộ kinh doanh,Trực tuyến,3,9,2026-07-05,2026-07-11,2,Đã trả kết quả,Trễ hạn,3.0
HS2026001637,2026-07-02,7,3,Phường Bình Minh,Lao động - Xã hội,Trợ cấp xã hội hằng tháng,Trực tuyến,20,14,2026-07-22,2026-07-16,0,Đã trả kết quả,Đúng hạn,4.0
HS2026001638,2026-07-02,7,3,Phường Hoà Lạc,Tư pháp - Hộ tịch,Cấp phiếu lý lịch tư pháp số 1,Trực tuyến,10,6,2026-07-12,2026-07-08,0,Đã trả kết quả,Đúng hạn,5.0
HS2026001639,2026-07-03,7,3,Xã Nam Hải,Tư pháp - Hộ tịch,Cấp bản sao trích lục hộ tịch,Trực tiếp,1,4,2026-07-04,2026-07-07,1,Đã trả kết quả,Trễ hạn,4.0
HS2026001640,2026-07-03,7,3,Xã Tân Phước,Tư pháp - Hộ tịch,Cấp phiếu lý lịch tư pháp số 1,Trực tuyến,10,8,2026-07-13,2026-07-11,1,Đã trả kết quả,Đúng hạn,4.0
HS2026001641,2026-07-03,7,3,Phường Kim Sơn,Lao động - Xã hội,Trợ cấp xã hội hằng tháng,Trực tiếp,20,14,2026-07-23,2026-07-17,0,Đã trả kết quả,Đúng hạn,5.0
HS2026001642,2026-07-03,7,3,Phường Bình Minh,Tư pháp - Hộ tịch,Đăng ký khai sinh,Trực tuyến,3,2,2026-07-06,2026-07-05,0,Đã trả kết quả,Đúng hạn,4.0
HS2026001643,2026-07-03,7,3,Phường Bình Minh,Tư pháp - Hộ tịch,Chứng thực bản sao từ bản chính,Trực tiếp,1,1,2026-07-04,2026-07-04,0,Đã trả kết quả,Đúng hạn,5.0
HS2026001644,2026-07-03,7,3,Phường Hoà Lạc,Tư pháp - Hộ tịch,Đăng ký khai sinh,Bưu chính công ích,3,3,2026-07-06,2026-07-06,0,Đã trả kết quả,Đúng hạn,5.0
HS2026001645,2026-07-03,7,3,Xã Nam Hải,Tư pháp - Hộ tịch,Cấp bản sao trích lục hộ tịch,Trực tiếp,1,2,2026-07-04,2026-07-05,0,Đã trả kết quả,Trễ hạn,3.0
HS2026001646,2026-07-03,7,3,Phường Hoà Lạc,Tư pháp - Hộ tịch,Đăng ký khai sinh,Trực tiếp,3,5,2026-07-06,2026-07-08,1,Đã trả kết quả,Trễ hạn,3.0
HS2026001647,2026-07-03,7,3,Phường An Thịnh,Tư pháp - Hộ tịch,Đăng ký khai sinh,Trực tuyến,3,5,2026-07-06,2026-07-08,1,Đã trả kết quả,Trễ hạn,2.0
HS2026001648,2026-07-03,7,3,Xã Nam Hải,Lao động - Xã hội,Trợ cấp xã hội hằng tháng,Trực tuyến,20,23,2026-07-23,2026-07-26,2,Đã trả kết quả,Trễ hạn,3.0
HS2026001649,2026-07-03,7,3,Xã Mỹ Trạch,Tư pháp - Hộ tịch,Đăng ký khai sinh,Trực tuyến,3,2,2026-07-06,2026-07-05,0,Đã trả kết quả,Đúng hạn,5.0
HS2026001650,2026-07-03,7,3,Xã Mỹ Trạch,Kinh tế - Đăng ký KD,Đăng ký hộ kinh doanh,Trực tuyến,3,2,2026-07-06,2026-07-05,0,Đã trả kết quả,Đúng hạn,5.0
HS2026001651,2026-07-03,7,3,Phường Hoà Lạc,Tư pháp - Hộ tịch,Đăng ký khai tử,Trực tiếp,3,3,2026-07-06,2026-07-06,0,Đã trả kết quả,Đúng hạn,5.0
HS2026001652,2026-07-04,7,3,Xã Nam Hải,Tư pháp - Hộ tịch,Đăng ký khai sinh,Trực tiếp,3,3,2026-07-07,2026-07-07,0,Đã trả kết quả,Đúng hạn,4.0
HS2026001653,2026-07-04,7,3,Xã Mỹ Trạch,Đất đai - Tài nguyên,Cấp giấy chứng nhận quyền sử dụng đất,Trực tiếp,30,22,2026-08-03,2026-07-26,0,Đã trả kết quả,Đúng hạn,4.0
HS2026001654,2026-07-04,7,3,Phường Hoà Lạc,Tư pháp - Hộ tịch,Cấp bản sao trích lục hộ tịch,Trực tiếp,1,1,2026-07-05,2026-07-05,0,Đã trả kết quả,Đúng hạn,5.0
HS2026001655,2026-07-04,7,3,Xã Tân Phước,Tư pháp - Hộ tịch,Cấp bản sao trích lục hộ tịch,Trực tuyến,1,1,2026-07-05,2026-07-05,0,Đã trả kết quả,Đúng hạn,5.0
HS2026001656,2026-07-04,7,3,Phường Bình Minh,Tư pháp - Hộ tịch,Cấp bản sao trích lục hộ tịch,Trực tuyến,1,5,2026-07-05,2026-07-09,2,Đã trả kết quả,Trễ hạn,2.0
HS2026001657,2026-07-04,7,3,Xã Mỹ Trạch,Lao động - Xã hội,"Xác nhận hộ nghèo, cận nghèo",Trực tiếp,5,4,2026-07-09,2026-07-08,0,Đã trả kết quả,Đúng hạn,5.0
HS2026001658,2026-07-04,7,3,Xã Tân Phước,Tư pháp - Hộ tịch,Chứng thực bản sao từ bản chính,Trực tuyến,1,8,2026-07-05,2026-07-12,2,Đã trả kết quả,Trễ hạn,2.0
HS2026001659,2026-07-05,7,3,Phường An Thịnh,Đất đai - Tài nguyên,Đăng ký biến động đất đai,Trực tuyến,10,6,2026-07-15,2026-07-11,0,Đã trả kết quả,Đúng hạn,4.0
HS2026001660,2026-07-05,7,3,Phường Long Phú,Lao động - Xã hội,Trợ cấp xã hội hằng tháng,Trực tuyến,20,18,2026-07-25,2026-07-23,0,Đã trả kết quả,Đúng hạn,5.0
HS2026001661,2026-07-05,7,3,Phường Long Phú,Tư pháp - Hộ tịch,Cấp phiếu lý lịch tư pháp số 1,Trực tuyến,10,8,2026-07-15,2026-07-13,0,Đã trả kết quả,Đúng hạn,5.0
HS2026001662,2026-07-05,7,3,Xã Mỹ Trạch,Tư pháp - Hộ tịch,Chứng thực bản sao từ bản chính,Trực tuyến,1,1,2026-07-06,2026-07-06,0,Đã trả kết quả,Đúng hạn,5.0
HS2026001663,2026-07-05,7,3,Phường Long Phú,Lao động - Xã hội,Trợ cấp xã hội hằng tháng,Trực tiếp,20,18,2026-07-25,2026-07-23,1,Đã trả kết quả,Đúng hạn,5.0
HS2026001664,2026-07-05,7,3,Phường Hoà Lạc,Lao động - Xã hội,"Xác nhận hộ nghèo, cận nghèo",Trực tiếp,5,5,2026-07-10,2026-07-10,0,Đã trả kết quả,Đúng hạn,5.0
HS2026001665,2026-07-05,7,3,Phường Kim Sơn,Tư pháp - Hộ tịch,Cấp phiếu lý lịch tư pháp số 1,Trực tiếp,10,9,2026-07-15,2026-07-14,0,Đã trả kết quả,Đúng hạn,5.0
HS2026001666,2026-07-05,7,3,Phường Kim Sơn,Tư pháp - Hộ tịch,Cấp bản sao trích lục hộ tịch,Trực tuyến,1,1,2026-07-06,2026-07-06,0,Đã trả kết quả,Đúng hạn,5.0
HS2026001667,2026-07-05,7,3,Xã Nam Hải,Đất đai - Tài nguyên,Đăng ký biến động đất đai,Trực tuyến,10,7,2026-07-15,2026-07-12,0,Đã trả kết quả,Đúng hạn,5.0
HS2026001668,2026-07-06,7,3,Xã Mỹ Trạch,Tư pháp - Hộ tịch,Cấp phiếu lý lịch tư pháp số 1,Trực tuyến,10,7,2026-07-16,2026-07-13,0,Đã trả kết quả,Đúng hạn,5.0
HS2026001669,2026-07-06,7,3,Phường Kim Sơn,Tư pháp - Hộ tịch,Đăng ký khai sinh,Trực tuyến,3,2,2026-07-09,2026-07-08,0,Đã trả kết quả,Đúng hạn,5.0
HS2026001670,2026-07-06,7,3,Phường An Thịnh,Tư pháp - Hộ tịch,Cấp bản sao trích lục hộ tịch,Trực tuyến,1,1,2026-07-07,2026-07-07,0,Đã trả kết quả,Đúng hạn,5.0
HS2026001671,2026-07-06,7,3,Phường Hoà Lạc,Lao động - Xã hội,"Xác nhận hộ nghèo, cận nghèo",Trực tiếp,5,3,2026-07-11,2026-07-09,0,Đã trả kết quả,Đúng hạn,5.0
HS2026001672,2026-07-06,7,3,Phường Hoà Lạc,Tư pháp - Hộ tịch,Cấp phiếu lý lịch tư pháp số 1,Trực tuyến,10,6,2026-07-16,2026-07-12,0,Đã trả kết quả,Đúng hạn,5.0
HS2026001673,2026-07-06,7,3,Phường Kim Sơn,Tư pháp - Hộ tịch,Đăng ký khai sinh,Trực tiếp,3,4,2026-07-09,2026-07-10,0,Đã trả kết quả,Trễ hạn,4.0
HS2026001674,2026-07-06,7,3,Xã Tân Phước,Kinh tế - Đăng ký KD,Đăng ký hộ kinh doanh,Trực tuyến,3,2,2026-07-09,2026-07-08,0,Đã trả kết quả,Đúng hạn,4.0
HS2026001675,2026-07-06,7,3,Xã Mỹ Trạch,Tư pháp - Hộ tịch,Đăng ký khai sinh,Trực tiếp,3,3,2026-07-09,2026-07-09,0,Đã trả kết quả,Đúng hạn,5.0
HS2026001676,2026-07-06,7,3,Phường Long Phú,Đất đai - Tài nguyên,Đăng ký biến động đất đai,Trực tiếp,10,10,2026-07-16,2026-07-16,0,Đã trả kết quả,Đúng hạn,4.0
HS2026001677,2026-07-07,7,3,Phường Kim Sơn,Tư pháp - Hộ tịch,Đăng ký kết hôn,Trực tuyến,3,3,2026-07-10,2026-07-10,0,Đã trả kết quả,Đúng hạn,5.0
HS2026001678,2026-07-07,7,3,Phường An Thịnh,Đất đai - Tài nguyên,Đăng ký biến động đất đai,Trực tuyến,10,5,2026-07-17,2026-07-12,0,Đã trả kết quả,Đúng hạn,4.0
HS2026001679,2026-07-07,7,3,Xã Tân Phước,Tư pháp - Hộ tịch,Đăng ký kết hôn,Trực tiếp,3,3,2026-07-10,2026-07-10,0,Đã trả kết quả,Đúng hạn,5.0
HS2026001680,2026-07-07,7,3,Phường An Thịnh,Tư pháp - Hộ tịch,Đăng ký khai sinh,Trực tuyến,3,2,2026-07-10,2026-07-09,0,Đã trả kết quả,Đúng hạn,4.0
HS2026001681,2026-07-07,7,3,Phường Long Phú,Đất đai - Tài nguyên,Đăng ký biến động đất đai,Trực tuyến,10,7,2026-07-17,2026-07-14,0,Đã trả kết quả,Đúng hạn,5.0
HS2026001682,2026-07-07,7,3,Xã Tân Phước,Xây dựng - Đô thị,Cấp giấy phép xây dựng nhà ở riêng lẻ,Trực tuyến,15,9,2026-07-22,2026-07-16,1,Đã trả kết quả,Đúng hạn,4.0
HS2026001683,2026-07-07,7,3,Phường An Thịnh,Tư pháp - Hộ tịch,Chứng thực bản sao từ bản chính,Trực tiếp,1,1,2026-07-08,2026-07-08,0,Đã trả kết quả,Đúng hạn,5.0
HS2026001684,2026-07-07,7,3,Xã Nam Hải,Tư pháp - Hộ tịch,Chứng thực bản sao từ bản chính,Trực tuyến,1,5,2026-07-08,2026-07-12,2,Đã trả kết quả,Trễ hạn,1.0
HS2026001685,2026-07-07,7,3,Phường Hoà Lạc,Xây dựng - Đô thị,Cấp giấy phép xây dựng nhà ở riêng lẻ,Trực tuyến,15,9,2026-07-22,2026-07-16,0,Đã trả kết quả,Đúng hạn,4.0
HS2026001686,2026-07-08,7,3,Phường Hoà Lạc,Tư pháp - Hộ tịch,Đăng ký kết hôn,Trực tiếp,3,3,2026-07-11,2026-07-11,0,Đã trả kết quả,Đúng hạn,5.0
HS2026001687,2026-07-08,7,3,Phường An Thịnh,Tư pháp - Hộ tịch,Cấp phiếu lý lịch tư pháp số 1,Trực tuyến,10,10,2026-07-18,2026-07-18,2,Đã trả kết quả,Đúng hạn,4.0
HS2026001688,2026-07-08,7,3,Phường An Thịnh,Tư pháp - Hộ tịch,Chứng thực bản sao từ bản chính,Trực tiếp,1,1,2026-07-09,2026-07-09,0,Đã trả kết quả,Đúng hạn,5.0
HS2026001689,2026-07-08,7,3,Xã Nam Hải,Tư pháp - Hộ tịch,Đăng ký khai tử,Trực tiếp,3,4,2026-07-11,2026-07-12,0,Đã trả kết quả,Trễ hạn,4.0
HS2026001690,2026-07-08,7,3,Xã Nam Hải,Tư pháp - Hộ tịch,Đăng ký khai sinh,Trực tiếp,3,3,2026-07-11,2026-07-11,0,Đã trả kết quả,Đúng hạn,5.0
HS2026001691,2026-07-08,7,3,Phường Bình Minh,Xây dựng - Đô thị,Cấp giấy phép xây dựng nhà ở riêng lẻ,Trực tiếp,15,13,2026-07-23,2026-07-21,0,Đã trả kết quả,Đúng hạn,5.0
HS2026001692,2026-07-08,7,3,Phường An Thịnh,Tư pháp - Hộ tịch,Chứng thực bản sao từ bản chính,Trực tiếp,1,1,2026-07-09,2026-07-09,0,Đã trả kết quả,Đúng hạn,5.0
HS2026001693,2026-07-09,7,3,Phường Kim Sơn,Lao động - Xã hội,Trợ cấp xã hội hằng tháng,Trực tiếp,20,14,2026-07-29,2026-07-23,0,Đã trả kết quả,Đúng hạn,5.0
HS2026001694,2026-07-09,7,3,Phường An Thịnh,Tư pháp - Hộ tịch,Cấp phiếu lý lịch tư pháp số 1,Trực tuyến,10,5,2026-07-19,2026-07-14,0,Đã trả kết quả,Đúng hạn,5.0
HS2026001695,2026-07-09,7,3,Phường Hoà Lạc,Tư pháp - Hộ tịch,Cấp phiếu lý lịch tư pháp số 1,Trực tuyến,10,7,2026-07-19,2026-07-16,0,Đã trả kết quả,Đúng hạn,5.0
HS2026001696,2026-07-09,7,3,Phường An Thịnh,Đất đai - Tài nguyên,Đăng ký biến động đất đai,Trực tuyến,10,7,2026-07-19,2026-07-16,0,Đã trả kết quả,Đúng hạn,4.0
HS2026001697,2026-07-09,7,3,Phường An Thịnh,Tư pháp - Hộ tịch,Đăng ký khai sinh,Trực tiếp,3,3,2026-07-12,2026-07-12,0,Đã trả kết quả,Đúng hạn,5.0
HS2026001698,2026-07-09,7,3,Phường An Thịnh,Xây dựng - Đô thị,Cấp giấy phép xây dựng nhà ở riêng lẻ,Trực tiếp,15,8,2026-07-24,2026-07-17,0,Đã trả kết quả,Đúng hạn,4.0
HS2026001699,2026-07-09,7,3,Xã Tân Phước,Tư pháp - Hộ tịch,Đăng ký khai sinh,Trực tuyến,3,3,2026-07-12,2026-07-12,0,Đã trả kết quả,Đúng hạn,5.0
HS2026001700,2026-07-09,7,3,Phường Hoà Lạc,Tư pháp - Hộ tịch,Đăng ký kết hôn,Trực tiếp,3,3,2026-07-12,2026-07-12,0,Đã trả kết quả,Đúng hạn,4.0
HS2026001701,2026-07-09,7,3,Phường Kim Sơn,Đất đai - Tài nguyên,Đăng ký biến động đất đai,Trực tiếp,10,11,2026-07-19,2026-07-20,0,Đã trả kết quả,Trễ hạn,3.0
HS2026001702,2026-07-09,7,3,Phường Bình Minh,Kinh tế - Đăng ký KD,Đăng ký hộ kinh doanh,Trực tiếp,3,3,2026-07-12,2026-07-12,0,Đã trả kết quả,Đúng hạn,5.0
HS2026001703,2026-07-09,7,3,Phường Hoà Lạc,Tư pháp - Hộ tịch,Đăng ký kết hôn,Trực tiếp,3,2,2026-07-12,2026-07-11,0,Đã trả kết quả,Đúng hạn,5.0
HS2026001704,2026-07-10,7,3,Xã Mỹ Trạch,Kinh tế - Đăng ký KD,Đăng ký hộ kinh doanh,Trực tuyến,3,2,2026-07-13,2026-07-12,0,Đã trả kết quả,Đúng hạn,5.0
HS2026001705,2026-07-10,7,3,Phường Hoà Lạc,Kinh tế - Đăng ký KD,Đăng ký hộ kinh doanh,Trực tiếp,3,2,2026-07-13,2026-07-12,0,Đã trả kết quả,Đúng hạn,5.0
HS2026001706,2026-07-10,7,3,Phường Hoà Lạc,Tư pháp - Hộ tịch,Đăng ký khai sinh,Trực tiếp,3,3,2026-07-13,2026-07-13,0,Đã trả kết quả,Đúng hạn,5.0
HS2026001707,2026-07-10,7,3,Phường Long Phú,Đất đai - Tài nguyên,Đăng ký biến động đất đai,Trực tiếp,10,9,2026-07-20,2026-07-19,0,Đã trả kết quả,Đúng hạn,5.0
HS2026001708,2026-07-10,7,3,Xã Nam Hải,Tư pháp - Hộ tịch,Cấp phiếu lý lịch tư pháp số 1,Trực tuyến,10,6,2026-07-20,2026-07-16,0,Đã trả kết quả,Đúng hạn,5.0
HS2026001709,2026-07-10,7,3,Xã Nam Hải,Kinh tế - Đăng ký KD,Đăng ký hộ kinh doanh,Trực tuyến,3,7,2026-07-13,2026-07-17,2,Đã trả kết quả,Trễ hạn,2.0
HS2026001710,2026-07-10,7,3,Xã Tân Phước,Kinh tế - Đăng ký KD,Đăng ký hộ kinh doanh,Trực tuyến,3,2,2026-07-13,2026-07-12,0,Đã trả kết quả,Đúng hạn,4.0
HS2026001711,2026-07-10,7,3,Phường An Thịnh,Tư pháp - Hộ tịch,Chứng thực bản sao từ bản chính,Trực tuyến,1,1,2026-07-11,2026-07-11,0,Đã trả kết quả,Đúng hạn,5.0
HS2026001712,2026-07-11,7,3,Xã Mỹ Trạch,Tư pháp - Hộ tịch,Cấp bản sao trích lục hộ tịch,Trực tiếp,1,1,2026-07-12,2026-07-12,0,Đã trả kết quả,Đúng hạn,4.0
HS2026001713,2026-07-11,7,3,Phường Bình Minh,Tư pháp - Hộ tịch,Chứng thực bản sao từ bản chính,Trực tiếp,1,1,2026-07-12,2026-07-12,0,Đã trả kết quả,Đúng hạn,5.0
HS2026001714,2026-07-11,7,3,Phường An Thịnh,Tư pháp - Hộ tịch,Chứng thực bản sao từ bản chính,Trực tiếp,1,8,2026-07-12,2026-07-19,2,Đã trả kết quả,Trễ hạn,3.0
HS2026001715,2026-07-11,7,3,Phường Bình Minh,Tư pháp - Hộ tịch,Đăng ký khai sinh,Trực tuyến,3,2,2026-07-14,2026-07-13,0,Đã trả kết quả,Đúng hạn,5.0
HS2026001716,2026-07-11,7,3,Phường Bình Minh,Tư pháp - Hộ tịch,Cấp bản sao trích lục hộ tịch,Trực tuyến,1,1,2026-07-12,2026-07-12,0,Đã trả kết quả,Đúng hạn,5.0
HS2026001717,2026-07-11,7,3,Xã Nam Hải,Tư pháp - Hộ tịch,Đăng ký khai sinh,Trực tuyến,3,2,2026-07-14,2026-07-13,0,Đã trả kết quả,Đúng hạn,4.0
HS2026001718,2026-07-11,7,3,Phường Bình Minh,Tư pháp - Hộ tịch,Cấp phiếu lý lịch tư pháp số 1,Trực tuyến,10,5,2026-07-21,2026-07-16,0,Đã trả kết quả,Đúng hạn,5.0
HS2026001719,2026-07-11,7,3,Xã Nam Hải,Tư pháp - Hộ tịch,Cấp phiếu lý lịch tư pháp số 1,Trực tuyến,10,8,2026-07-21,2026-07-19,0,Đã trả kết quả,Đúng hạn,4.0
HS2026001720,2026-07-11,7,3,Xã Nam Hải,Tư pháp - Hộ tịch,Đăng ký khai tử,Trực tuyến,3,8,2026-07-14,2026-07-19,2,Đã trả kết quả,Trễ hạn,3.0
HS2026001721,2026-07-11,7,3,Xã Nam Hải,Lao động - Xã hội,Trợ cấp xã hội hằng tháng,Trực tiếp,20,30,2026-07-31,2026-08-10,2,Đã trả kết quả,Trễ hạn,2.0
HS2026001722,2026-07-12,7,3,Phường Bình Minh,Lao động - Xã hội,Trợ cấp xã hội hằng tháng,Trực tuyến,20,15,2026-08-01,2026-07-27,0,Đã trả kết quả,Đúng hạn,5.0
HS2026001723,2026-07-12,7,3,Phường Kim Sơn,Xây dựng - Đô thị,Cấp giấy phép xây dựng nhà ở riêng lẻ,Trực tiếp,15,13,2026-07-27,2026-07-25,0,Đã trả kết quả,Đúng hạn,5.0
HS2026001724,2026-07-12,7,3,Phường Kim Sơn,Kinh tế - Đăng ký KD,Đăng ký hộ kinh doanh,Trực tuyến,3,3,2026-07-15,2026-07-15,0,Đã trả kết quả,Đúng hạn,5.0
HS2026001725,2026-07-12,7,3,Phường An Thịnh,Đất đai - Tài nguyên,Cấp giấy chứng nhận quyền sử dụng đất,Trực tuyến,30,20,2026-08-11,2026-08-01,0,Đã trả kết quả,Đúng hạn,4.0
HS2026001726,2026-07-12,7,3,Phường Bình Minh,Tư pháp - Hộ tịch,Chứng thực bản sao từ bản chính,Trực tiếp,1,1,2026-07-13,2026-07-13,0,Đã trả kết quả,Đúng hạn,5.0
HS2026001727,2026-07-12,7,3,Phường Kim Sơn,Đất đai - Tài nguyên,Đăng ký biến động đất đai,Trực tuyến,10,10,2026-07-22,2026-07-22,1,Đã trả kết quả,Đúng hạn,4.0
HS2026001728,2026-07-12,7,3,Phường Hoà Lạc,Tư pháp - Hộ tịch,Cấp bản sao trích lục hộ tịch,Trực tiếp,1,1,2026-07-13,2026-07-13,0,Đã trả kết quả,Đúng hạn,5.0
HS2026001729,2026-07-12,7,3,Phường Bình Minh,Tư pháp - Hộ tịch,Cấp phiếu lý lịch tư pháp số 1,Trực tuyến,10,7,2026-07-22,2026-07-19,0,Đã trả kết quả,Đúng hạn,5.0
HS2026001730,2026-07-12,7,3,Phường An Thịnh,Tư pháp - Hộ tịch,Đăng ký khai sinh,Trực tuyến,3,2,2026-07-15,2026-07-14,0,Đã trả kết quả,Đúng hạn,5.0
HS2026001731,2026-07-12,7,3,Phường An Thịnh,Tư pháp - Hộ tịch,Đăng ký khai sinh,Trực tuyến,3,2,2026-07-15,2026-07-14,0,Đã trả kết quả,Đúng hạn,4.0
HS2026001732,2026-07-12,7,3,Xã Mỹ Trạch,Đất đai - Tài nguyên,Đăng ký biến động đất đai,Trực tiếp,10,9,2026-07-22,2026-07-21,0,Đã trả kết quả,Đúng hạn,4.0
HS2026001733,2026-07-12,7,3,Phường Bình Minh,Tư pháp - Hộ tịch,Chứng thực bản sao từ bản chính,Trực tuyến,1,1,2026-07-13,2026-07-13,0,Đã trả kết quả,Đúng hạn,5.0
HS2026001734,2026-07-12,7,3,Xã Tân Phước,Tư pháp - Hộ tịch,Đăng ký khai sinh,Trực tuyến,3,2,2026-07-15,2026-07-14,0,Đã trả kết quả,Đúng hạn,5.0
HS2026001735,2026-07-12,7,3,Phường Bình Minh,Đất đai - Tài nguyên,Cấp giấy chứng nhận quyền sử dụng đất,Trực tuyến,30,23,2026-08-11,2026-08-04,1,Đã trả kết quả,Đúng hạn,5.0
HS2026001736,2026-07-13,7,3,Phường Kim Sơn,Đất đai - Tài nguyên,Đăng ký biến động đất đai,Trực tuyến,10,8,2026-07-23,2026-07-21,0,Đã trả kết quả,Đúng hạn,5.0
HS2026001737,2026-07-13,7,3,Phường Hoà Lạc,Kinh tế - Đăng ký KD,Đăng ký hộ kinh doanh,Trực tuyến,3,3,2026-07-16,2026-07-16,0,Đã trả kết quả,Đúng hạn,5.0
HS2026001738,2026-07-13,7,3,Phường An Thịnh,Tư pháp - Hộ tịch,Đăng ký khai sinh,Trực tiếp,3,3,2026-07-16,2026-07-16,0,Đã trả kết quả,Đúng hạn,5.0
HS2026001739,2026-07-13,7,3,Xã Nam Hải,Tư pháp - Hộ tịch,Đăng ký kết hôn,Trực tuyến,3,3,2026-07-16,2026-07-16,0,Đã trả kết quả,Đúng hạn,5.0
HS2026001740,2026-07-13,7,3,Phường Kim Sơn,Tư pháp - Hộ tịch,Chứng thực bản sao từ bản chính,Trực tiếp,1,4,2026-07-14,2026-07-17,1,Đã trả kết quả,Trễ hạn,2.0
HS2026001741,2026-07-13,7,3,Phường Long Phú,Tư pháp - Hộ tịch,Đăng ký kết hôn,Trực tiếp,3,4,2026-07-16,2026-07-17,0,Đã trả kết quả,Trễ hạn,5.0
HS2026001742,2026-07-13,7,3,Xã Nam Hải,Tư pháp - Hộ tịch,Đăng ký khai tử,Trực tiếp,3,2,2026-07-16,2026-07-15,0,Đã trả kết quả,Đúng hạn,5.0
HS2026001743,2026-07-13,7,3,Phường Bình Minh,Tư pháp - Hộ tịch,Chứng thực bản sao từ bản chính,Trực tuyến,1,1,2026-07-14,2026-07-14,0,Đã trả kết quả,Đúng hạn,4.0
HS2026001744,2026-07-13,7,3,Phường Long Phú,Lao động - Xã hội,"Xác nhận hộ nghèo, cận nghèo",Trực tuyến,5,5,2026-07-18,2026-07-18,0,Đã trả kết quả,Đúng hạn,5.0
HS2026001745,2026-07-13,7,3,Phường Bình Minh,Tư pháp - Hộ tịch,Cấp phiếu lý lịch tư pháp số 1,Bưu chính công ích,10,10,2026-07-23,2026-07-23,0,Đã trả kết quả,Đúng hạn,5.0
HS2026001746,2026-07-14,7,3,Phường Kim Sơn,Tư pháp - Hộ tịch,Cấp phiếu lý lịch tư pháp số 1,Trực tuyến,10,8,2026-07-24,2026-07-22,0,Đã trả kết quả,Đúng hạn,5.0
HS2026001747,2026-07-14,7,3,Phường Long Phú,Tư pháp - Hộ tịch,Chứng thực bản sao từ bản chính,Trực tiếp,1,2,2026-07-15,2026-07-16,0,Đã trả kết quả,Trễ hạn,5.0
HS2026001748,2026-07-14,7,3,Phường Long Phú,Tư pháp - Hộ tịch,Chứng thực bản sao từ bản chính,Bưu chính công ích,1,2,2026-07-15,2026-07-16,0,Đã trả kết quả,Trễ hạn,3.0
HS2026001749,2026-07-14,7,3,Xã Nam Hải,Tư pháp - Hộ tịch,Cấp phiếu lý lịch tư pháp số 1,Trực tiếp,10,8,2026-07-24,2026-07-22,0,Đã trả kết quả,Đúng hạn,5.0
HS2026001750,2026-07-14,7,3,Xã Mỹ Trạch,Tư pháp - Hộ tịch,Đăng ký kết hôn,Bưu chính công ích,3,3,2026-07-17,2026-07-17,0,Đã trả kết quả,Đúng hạn,5.0
HS2026001751,2026-07-14,7,3,Phường An Thịnh,Đất đai - Tài nguyên,Cấp giấy chứng nhận quyền sử dụng đất,Trực tuyến,30,13,2026-08-13,2026-07-27,0,Đã trả kết quả,Đúng hạn,5.0
HS2026001752,2026-07-14,7,3,Xã Nam Hải,Tư pháp - Hộ tịch,Cấp phiếu lý lịch tư pháp số 1,Trực tuyến,10,6,2026-07-24,2026-07-20,0,Đã trả kết quả,Đúng hạn,4.0
HS2026001753,2026-07-14,7,3,Phường Long Phú,Tư pháp - Hộ tịch,Chứng thực bản sao từ bản chính,Bưu chính công ích,1,4,2026-07-15,2026-07-18,1,Đã trả kết quả,Trễ hạn,4.0
HS2026001754,2026-07-14,7,3,Phường Bình Minh,Lao động - Xã hội,Trợ cấp xã hội hằng tháng,Trực tuyến,20,12,2026-08-03,2026-07-26,0,Đã trả kết quả,Đúng hạn,5.0
HS2026001755,2026-07-14,7,3,Phường An Thịnh,Tư pháp - Hộ tịch,Đăng ký kết hôn,Trực tiếp,3,2,2026-07-17,2026-07-16,0,Đã trả kết quả,Đúng hạn,5.0
HS2026001756,2026-07-15,7,3,Phường Long Phú,Kinh tế - Đăng ký KD,Đăng ký hộ kinh doanh,Trực tiếp,3,3,2026-07-18,2026-07-18,0,Đã trả kết quả,Đúng hạn,5.0
HS2026001757,2026-07-15,7,3,Phường Kim Sơn,Tư pháp - Hộ tịch,Đăng ký khai sinh,Trực tuyến,3,2,2026-07-18,2026-07-17,0,Đã trả kết quả,Đúng hạn,5.0
HS2026001758,2026-07-15,7,3,Xã Mỹ Trạch,Tư pháp - Hộ tịch,Đăng ký khai tử,Trực tiếp,3,2,2026-07-18,2026-07-17,0,Đã trả kết quả,Đúng hạn,4.0
HS2026001759,2026-07-15,7,3,Xã Mỹ Trạch,Lao động - Xã hội,Trợ cấp xã hội hằng tháng,Trực tiếp,20,18,2026-08-04,2026-08-02,0,Đã trả kết quả,Đúng hạn,5.0
HS2026001760,2026-07-15,7,3,Xã Nam Hải,Đất đai - Tài nguyên,Đăng ký biến động đất đai,Trực tuyến,10,9,2026-07-25,2026-07-24,0,Đã trả kết quả,Đúng hạn,5.0
HS2026001761,2026-07-15,7,3,Xã Nam Hải,Lao động - Xã hội,"Xác nhận hộ nghèo, cận nghèo",Trực tuyến,5,4,2026-07-20,2026-07-19,0,Đã trả kết quả,Đúng hạn,5.0
HS2026001762,2026-07-15,7,3,Phường Kim Sơn,Lao động - Xã hội,Trợ cấp xã hội hằng tháng,Trực tuyến,20,10,2026-08-04,2026-07-25,0,Đã trả kết quả,Đúng hạn,5.0
HS2026001763,2026-07-15,7,3,Xã Nam Hải,Tư pháp - Hộ tịch,Chứng thực bản sao từ bản chính,Trực tiếp,1,2,2026-07-16,2026-07-17,0,Đã trả kết quả,Trễ hạn,3.0
HS2026001764,2026-07-15,7,3,Phường Bình Minh,Tư pháp - Hộ tịch,Đăng ký khai sinh,Trực tuyến,3,3,2026-07-18,2026-07-18,0,Đã trả kết quả,Đúng hạn,5.0
HS2026001765,2026-07-15,7,3,Xã Mỹ Trạch,Tư pháp - Hộ tịch,Chứng thực bản sao từ bản chính,Trực tiếp,1,7,2026-07-16,2026-07-22,2,Đã trả kết quả,Trễ hạn,2.0
HS2026001766,2026-07-15,7,3,Xã Tân Phước,Tư pháp - Hộ tịch,Đăng ký khai sinh,Trực tiếp,3,10,2026-07-18,2026-07-25,2,Đã trả kết quả,Trễ hạn,2.0
HS2026001767,2026-07-15,7,3,Phường An Thịnh,Lao động - Xã hội,Trợ cấp xã hội hằng tháng,Bưu chính công ích,20,10,2026-08-04,2026-07-25,0,Đã trả kết quả,Đúng hạn,5.0
HS2026001768,2026-07-15,7,3,Phường Kim Sơn,Lao động - Xã hội,"Xác nhận hộ nghèo, cận nghèo",Trực tuyến,5,3,2026-07-20,2026-07-18,0,Đã trả kết quả,Đúng hạn,5.0
HS2026001769,2026-07-15,7,3,Xã Nam Hải,Kinh tế - Đăng ký KD,Đăng ký hộ kinh doanh,Trực tuyến,3,3,2026-07-18,2026-07-18,0,Đã trả kết quả,Đúng hạn,5.0
HS2026001770,2026-07-16,7,3,Phường Kim Sơn,Tư pháp - Hộ tịch,Đăng ký khai sinh,Trực tiếp,3,3,2026-07-19,2026-07-19,0,Đã trả kết quả,Đúng hạn,4.0
HS2026001771,2026-07-16,7,3,Phường An Thịnh,Tư pháp - Hộ tịch,Cấp phiếu lý lịch tư pháp số 1,Trực tuyến,10,8,2026-07-26,2026-07-24,2,Đã trả kết quả,Đúng hạn,4.0
HS2026001772,2026-07-16,7,3,Xã Nam Hải,Tư pháp - Hộ tịch,Đăng ký khai tử,Trực tuyến,3,3,2026-07-19,2026-07-19,0,Đã trả kết quả,Đúng hạn,5.0
HS2026001773,2026-07-16,7,3,Phường Bình Minh,Tư pháp - Hộ tịch,Đăng ký khai tử,Trực tuyến,3,5,2026-07-19,2026-07-21,1,Đã trả kết quả,Trễ hạn,2.0
HS2026001774,2026-07-16,7,3,Phường Hoà Lạc,Xây dựng - Đô thị,Cấp giấy phép xây dựng nhà ở riêng lẻ,Trực tiếp,15,12,2026-07-31,2026-07-28,0,Đã trả kết quả,Đúng hạn,5.0
HS2026001775,2026-07-16,7,3,Phường Hoà Lạc,Đất đai - Tài nguyên,Đăng ký biến động đất đai,Trực tiếp,10,8,2026-07-26,2026-07-24,1,Đã trả kết quả,Đúng hạn,5.0
HS2026001776,2026-07-16,7,3,Phường An Thịnh,Xây dựng - Đô thị,Cấp giấy phép xây dựng nhà ở riêng lẻ,Trực tiếp,15,9,2026-07-31,2026-07-25,0,Đã trả kết quả,Đúng hạn,5.0
HS2026001777,2026-07-16,7,3,Phường An Thịnh,Tư pháp - Hộ tịch,Cấp phiếu lý lịch tư pháp số 1,Trực tuyến,10,7,2026-07-26,2026-07-23,0,Đã trả kết quả,Đúng hạn,5.0
HS2026001778,2026-07-16,7,3,Phường Hoà Lạc,Tư pháp - Hộ tịch,Đăng ký khai sinh,Trực tiếp,3,2,2026-07-19,2026-07-18,0,Đã trả kết quả,Đúng hạn,5.0
HS2026001779,2026-07-16,7,3,Xã Nam Hải,Tư pháp - Hộ tịch,Chứng thực bản sao từ bản chính,Trực tiếp,1,1,2026-07-17,2026-07-17,0,Đã trả kết quả,Đúng hạn,4.0
HS2026001780,2026-07-17,7,3,Phường Bình Minh,Tư pháp - Hộ tịch,Chứng thực bản sao từ bản chính,Trực tiếp,1,7,2026-07-18,2026-07-24,2,Đã trả kết quả,Trễ hạn,3.0
HS2026001781,2026-07-17,7,3,Xã Nam Hải,Lao động - Xã hội,Trợ cấp xã hội hằng tháng,Bưu chính công ích,20,22,2026-08-06,2026-08-08,0,Đã trả kết quả,Trễ hạn,4.0
HS2026001782,2026-07-17,7,3,Phường Hoà Lạc,Tư pháp - Hộ tịch,Đăng ký khai sinh,Trực tuyến,3,8,2026-07-20,2026-07-25,2,Đã trả kết quả,Trễ hạn,3.0
HS2026001783,2026-07-17,7,3,Xã Tân Phước,Tư pháp - Hộ tịch,Chứng thực bản sao từ bản chính,Trực tuyến,1,1,2026-07-18,2026-07-18,0,Đã trả kết quả,Đúng hạn,5.0
HS2026001784,2026-07-17,7,3,Phường An Thịnh,Tư pháp - Hộ tịch,Cấp phiếu lý lịch tư pháp số 1,Trực tuyến,10,5,2026-07-27,2026-07-22,0,Đã trả kết quả,Đúng hạn,4.0
HS2026001785,2026-07-17,7,3,Phường Hoà Lạc,Tư pháp - Hộ tịch,Chứng thực bản sao từ bản chính,Trực tiếp,1,1,2026-07-18,2026-07-18,0,Đã trả kết quả,Đúng hạn,5.0
HS2026001786,2026-07-17,7,3,Xã Tân Phước,Tư pháp - Hộ tịch,Cấp phiếu lý lịch tư pháp số 1,Trực tuyến,10,7,2026-07-27,2026-07-24,0,Đã trả kết quả,Đúng hạn,4.0
HS2026001787,2026-07-17,7,3,Xã Tân Phước,Tư pháp - Hộ tịch,Đăng ký khai sinh,Trực tuyến,3,2,2026-07-20,2026-07-19,0,Đã trả kết quả,Đúng hạn,5.0
HS2026001788,2026-07-17,7,3,Xã Mỹ Trạch,Tư pháp - Hộ tịch,Đăng ký khai tử,Trực tiếp,3,3,2026-07-20,2026-07-20,0,Đã trả kết quả,Đúng hạn,5.0
HS2026001789,2026-07-17,7,3,Xã Tân Phước,Đất đai - Tài nguyên,Đăng ký biến động đất đai,Trực tiếp,10,6,2026-07-27,2026-07-23,0,Đã trả kết quả,Đúng hạn,5.0
HS2026001790,2026-07-17,7,3,Xã Mỹ Trạch,Lao động - Xã hội,"Xác nhận hộ nghèo, cận nghèo",Trực tuyến,5,4,2026-07-22,2026-07-21,0,Đã trả kết quả,Đúng hạn,5.0
HS2026001791,2026-07-18,7,3,Xã Nam Hải,Tư pháp - Hộ tịch,Đăng ký khai sinh,Trực tuyến,3,7,2026-07-21,2026-07-25,2,Đã trả kết quả,Trễ hạn,2.0
HS2026001792,2026-07-18,7,3,Phường Long Phú,Tư pháp - Hộ tịch,Đăng ký kết hôn,Trực tiếp,3,4,2026-07-21,2026-07-22,0,Đã trả kết quả,Trễ hạn,3.0
HS2026001793,2026-07-18,7,3,Phường Hoà Lạc,Tư pháp - Hộ tịch,Cấp bản sao trích lục hộ tịch,Trực tiếp,1,1,2026-07-19,2026-07-19,0,Đã trả kết quả,Đúng hạn,5.0
HS2026001794,2026-07-18,7,3,Phường An Thịnh,Xây dựng - Đô thị,Cấp giấy phép xây dựng nhà ở riêng lẻ,Trực tiếp,15,14,2026-08-02,2026-08-01,1,Đã trả kết quả,Đúng hạn,5.0
HS2026001795,2026-07-18,7,3,Xã Tân Phước,Tư pháp - Hộ tịch,Cấp phiếu lý lịch tư pháp số 1,Trực tiếp,10,7,2026-07-28,2026-07-25,0,Đã trả kết quả,Đúng hạn,4.0
HS2026001796,2026-07-18,7,3,Phường Hoà Lạc,Tư pháp - Hộ tịch,Cấp phiếu lý lịch tư pháp số 1,Trực tuyến,10,6,2026-07-28,2026-07-24,1,Đã trả kết quả,Đúng hạn,5.0
HS2026001797,2026-07-18,7,3,Phường Long Phú,Tư pháp - Hộ tịch,Đăng ký khai tử,Trực tiếp,3,4,2026-07-21,2026-07-22,0,Đã trả kết quả,Trễ hạn,3.0
HS2026001798,2026-07-18,7,3,Phường Kim Sơn,Kinh tế - Đăng ký KD,Đăng ký hộ kinh doanh,Trực tuyến,3,2,2026-07-21,2026-07-20,0,Đã trả kết quả,Đúng hạn,5.0
HS2026001799,2026-07-18,7,3,Xã Mỹ Trạch,Tư pháp - Hộ tịch,Đăng ký khai sinh,Trực tiếp,3,5,2026-07-21,2026-07-23,1,Đã trả kết quả,Trễ hạn,3.0
HS2026001800,2026-07-18,7,3,Phường An Thịnh,Tư pháp - Hộ tịch,Cấp phiếu lý lịch tư pháp số 1,Trực tuyến,10,6,2026-07-28,2026-07-24,0,Đã trả kết quả,Đúng hạn,5.0
HS2026001801,2026-07-18,7,3,Phường Long Phú,Tư pháp - Hộ tịch,Cấp phiếu lý lịch tư pháp số 1,Trực tiếp,10,9,2026-07-28,2026-07-27,0,Đã trả kết quả,Đúng hạn,5.0
HS2026001802,2026-07-18,7,3,Xã Tân Phước,Tư pháp - Hộ tịch,Đăng ký khai sinh,Bưu chính công ích,3,3,2026-07-21,2026-07-21,0,Đã trả kết quả,Đúng hạn,4.0
HS2026001803,2026-07-18,7,3,Xã Mỹ Trạch,Xây dựng - Đô thị,Cấp giấy phép xây dựng nhà ở riêng lẻ,Trực tiếp,15,13,2026-08-02,2026-07-31,0,Đã trả kết quả,Đúng hạn,5.0
HS2026001804,2026-07-18,7,3,Phường Hoà Lạc,Tư pháp - Hộ tịch,Chứng thực bản sao từ bản chính,Trực tiếp,1,1,2026-07-19,2026-07-19,0,Đã trả kết quả,Đúng hạn,5.0
HS2026001805,2026-07-18,7,3,Xã Mỹ Trạch,Tư pháp - Hộ tịch,Đăng ký kết hôn,Trực tiếp,3,9,2026-07-21,2026-07-27,2,Đã trả kết quả,Trễ hạn,2.0
HS2026001806,2026-07-18,7,3,Phường An Thịnh,Xây dựng - Đô thị,Cấp giấy phép xây dựng nhà ở riêng lẻ,Bưu chính công ích,15,9,2026-08-02,2026-07-27,0,Đã trả kết quả,Đúng hạn,5.0
HS2026001807,2026-07-19,7,3,Phường Kim Sơn,Đất đai - Tài nguyên,Đăng ký biến động đất đai,Trực tiếp,10,6,2026-07-29,2026-07-25,0,Đã trả kết quả,Đúng hạn,5.0
HS2026001808,2026-07-19,7,3,Xã Nam Hải,Lao động - Xã hội,"Xác nhận hộ nghèo, cận nghèo",Trực tiếp,5,4,2026-07-24,2026-07-23,0,Đã trả kết quả,Đúng hạn,4.0
HS2026001809,2026-07-19,7,3,Phường Bình Minh,Kinh tế - Đăng ký KD,Đăng ký hộ kinh doanh,Bưu chính công ích,3,6,2026-07-22,2026-07-25,2,Đã trả kết quả,Trễ hạn,2.0
HS2026001810,2026-07-19,7,3,Phường Hoà Lạc,Kinh tế - Đăng ký KD,Đăng ký hộ kinh doanh,Trực tuyến,3,2,2026-07-22,2026-07-21,0,Đã trả kết quả,Đúng hạn,4.0
HS2026001811,2026-07-19,7,3,Phường Bình Minh,Đất đai - Tài nguyên,Đăng ký biến động đất đai,Trực tuyến,10,6,2026-07-29,2026-07-25,0,Đã trả kết quả,Đúng hạn,5.0
HS2026001812,2026-07-19,7,3,Phường An Thịnh,Tư pháp - Hộ tịch,Chứng thực bản sao từ bản chính,Trực tuyến,1,1,2026-07-20,2026-07-20,0,Đã trả kết quả,Đúng hạn,4.0
HS2026001813,2026-07-19,7,3,Xã Tân Phước,Tư pháp - Hộ tịch,Đăng ký kết hôn,Trực tiếp,3,3,2026-07-22,2026-07-22,0,Đã trả kết quả,Đúng hạn,5.0
HS2026001814,2026-07-19,7,3,Xã Nam Hải,Tư pháp - Hộ tịch,Cấp bản sao trích lục hộ tịch,Trực tuyến,1,1,2026-07-20,2026-07-20,0,Đã trả kết quả,Đúng hạn,5.0
HS2026001815,2026-07-19,7,3,Phường Long Phú,Tư pháp - Hộ tịch,Cấp phiếu lý lịch tư pháp số 1,Trực tiếp,10,8,2026-07-29,2026-07-27,0,Đã trả kết quả,Đúng hạn,5.0
HS2026001816,2026-07-19,7,3,Phường An Thịnh,Đất đai - Tài nguyên,Đăng ký biến động đất đai,Trực tuyến,10,7,2026-07-29,2026-07-26,0,Đã trả kết quả,Đúng hạn,5.0
HS2026001817,2026-07-19,7,3,Phường An Thịnh,Tư pháp - Hộ tịch,Chứng thực bản sao từ bản chính,Trực tiếp,1,1,2026-07-20,2026-07-20,0,Đã trả kết quả,Đúng hạn,5.0
HS2026001818,2026-07-20,7,3,Phường Kim Sơn,Kinh tế - Đăng ký KD,Đăng ký hộ kinh doanh,Trực tuyến,3,2,2026-07-23,2026-07-22,0,Đã trả kết quả,Đúng hạn,5.0
HS2026001819,2026-07-20,7,3,Phường Long Phú,Xây dựng - Đô thị,Cấp giấy phép xây dựng nhà ở riêng lẻ,Trực tiếp,15,11,2026-08-04,2026-07-31,0,Đã trả kết quả,Đúng hạn,5.0
HS2026001820,2026-07-20,7,3,Phường Long Phú,Tư pháp - Hộ tịch,Đăng ký khai sinh,Trực tiếp,3,4,2026-07-23,2026-07-24,0,Đã trả kết quả,Trễ hạn,4.0
HS2026001821,2026-07-20,7,3,Xã Nam Hải,Tư pháp - Hộ tịch,Cấp phiếu lý lịch tư pháp số 1,Trực tuyến,10,8,2026-07-30,2026-07-28,0,Đã trả kết quả,Đúng hạn,5.0
HS2026001822,2026-07-20,7,3,Phường Bình Minh,Đất đai - Tài nguyên,Đăng ký biến động đất đai,Trực tuyến,10,6,2026-07-30,2026-07-26,0,Đã trả kết quả,Đúng hạn,5.0
HS2026001823,2026-07-20,7,3,Phường Kim Sơn,Đất đai - Tài nguyên,Đăng ký biến động đất đai,Trực tiếp,10,10,2026-07-30,2026-07-30,0,Đã trả kết quả,Đúng hạn,5.0
HS2026001824,2026-07-20,7,3,Phường An Thịnh,Tư pháp - Hộ tịch,Cấp bản sao trích lục hộ tịch,Trực tuyến,1,1,2026-07-21,2026-07-21,0,Đã trả kết quả,Đúng hạn,5.0
HS2026001825,2026-07-21,7,3,Xã Nam Hải,Tư pháp - Hộ tịch,Đăng ký kết hôn,Trực tiếp,3,3,2026-07-24,2026-07-24,0,Đã trả kết quả,Đúng hạn,5.0
HS2026001826,2026-07-21,7,3,Xã Mỹ Trạch,Xây dựng - Đô thị,Cấp giấy phép xây dựng nhà ở riêng lẻ,Trực tuyến,15,10,2026-08-05,2026-07-31,0,Đã trả kết quả,Đúng hạn,5.0
HS2026001827,2026-07-21,7,3,Phường Hoà Lạc,Lao động - Xã hội,Trợ cấp xã hội hằng tháng,Trực tiếp,20,20,2026-08-10,2026-08-10,0,Đã trả kết quả,Đúng hạn,5.0
HS2026001828,2026-07-22,7,3,Xã Mỹ Trạch,Lao động - Xã hội,"Xác nhận hộ nghèo, cận nghèo",Bưu chính công ích,5,10,2026-07-27,2026-08-01,2,Đã trả kết quả,Trễ hạn,2.0
HS2026001829,2026-07-22,7,3,Phường An Thịnh,Đất đai - Tài nguyên,Đăng ký biến động đất đai,Trực tiếp,10,12,2026-08-01,2026-08-03,2,Đã trả kết quả,Trễ hạn,2.0
HS2026001830,2026-07-22,7,3,Phường An Thịnh,Xây dựng - Đô thị,Cấp giấy phép xây dựng nhà ở riêng lẻ,Trực tiếp,15,13,2026-08-06,2026-08-04,0,Đã trả kết quả,Đúng hạn,5.0
HS2026001831,2026-07-22,7,3,Xã Nam Hải,Tư pháp - Hộ tịch,Cấp bản sao trích lục hộ tịch,Trực tuyến,1,1,2026-07-23,2026-07-23,0,Đã trả kết quả,Đúng hạn,5.0
HS2026001832,2026-07-22,7,3,Xã Mỹ Trạch,Tư pháp - Hộ tịch,Cấp phiếu lý lịch tư pháp số 1,Trực tuyến,10,7,2026-08-01,2026-07-29,0,Đã trả kết quả,Đúng hạn,4.0
HS2026001833,2026-07-22,7,3,Xã Nam Hải,Tư pháp - Hộ tịch,Cấp phiếu lý lịch tư pháp số 1,Trực tuyến,10,7,2026-08-01,2026-07-29,0,Đã trả kết quả,Đúng hạn,4.0
HS2026001834,2026-07-22,7,3,Phường An Thịnh,Xây dựng - Đô thị,Cấp giấy phép xây dựng nhà ở riêng lẻ,Trực tuyến,15,10,2026-08-06,2026-08-01,0,Đã trả kết quả,Đúng hạn,4.0
HS2026001835,2026-07-22,7,3,Xã Mỹ Trạch,Tư pháp - Hộ tịch,Đăng ký kết hôn,Trực tuyến,3,3,2026-07-25,2026-07-25,0,Đã trả kết quả,Đúng hạn,4.0
HS2026001836,2026-07-22,7,3,Phường Kim Sơn,Tư pháp - Hộ tịch,Chứng thực bản sao từ bản chính,Bưu chính công ích,1,1,2026-07-23,2026-07-23,0,Đã trả kết quả,Đúng hạn,5.0
HS2026001837,2026-07-22,7,3,Xã Tân Phước,Tư pháp - Hộ tịch,Cấp bản sao trích lục hộ tịch,Trực tuyến,1,4,2026-07-23,2026-07-26,1,Đã trả kết quả,Trễ hạn,4.0
HS2026001838,2026-07-22,7,3,Phường Bình Minh,Tư pháp - Hộ tịch,Cấp phiếu lý lịch tư pháp số 1,Trực tuyến,10,7,2026-08-01,2026-07-29,0,Đã trả kết quả,Đúng hạn,5.0
HS2026001839,2026-07-22,7,3,Phường Hoà Lạc,Tư pháp - Hộ tịch,Chứng thực bản sao từ bản chính,Trực tiếp,1,1,2026-07-23,2026-07-23,0,Đã trả kết quả,Đúng hạn,5.0
HS2026001840,2026-07-22,7,3,Phường Hoà Lạc,Tư pháp - Hộ tịch,Cấp bản sao trích lục hộ tịch,Trực tuyến,1,1,2026-07-23,2026-07-23,0,Đã trả kết quả,Đúng hạn,5.0
HS2026001841,2026-07-23,7,3,Phường Bình Minh,Tư pháp - Hộ tịch,Cấp phiếu lý lịch tư pháp số 1,Trực tuyến,10,8,2026-08-02,2026-07-31,0,Đã trả kết quả,Đúng hạn,5.0
HS2026001842,2026-07-23,7,3,Phường Kim Sơn,Lao động - Xã hội,"Xác nhận hộ nghèo, cận nghèo",Trực tuyến,5,3,2026-07-28,2026-07-26,0,Đã trả kết quả,Đúng hạn,5.0
HS2026001843,2026-07-23,7,3,Xã Nam Hải,Kinh tế - Đăng ký KD,Đăng ký hộ kinh doanh,Trực tiếp,3,2,2026-07-26,2026-07-25,0,Đã trả kết quả,Đúng hạn,5.0
HS2026001844,2026-07-23,7,3,Phường Kim Sơn,Tư pháp - Hộ tịch,Cấp phiếu lý lịch tư pháp số 1,Trực tuyến,10,5,2026-08-02,2026-07-28,0,Đã trả kết quả,Đúng hạn,5.0
HS2026001845,2026-07-23,7,3,Phường Bình Minh,Tư pháp - Hộ tịch,Đăng ký kết hôn,Trực tuyến,3,2,2026-07-26,2026-07-25,0,Đã trả kết quả,Đúng hạn,5.0
HS2026001846,2026-07-23,7,3,Phường Hoà Lạc,Tư pháp - Hộ tịch,Đăng ký khai tử,Trực tiếp,3,3,2026-07-26,2026-07-26,0,Đã trả kết quả,Đúng hạn,5.0
HS2026001847,2026-07-23,7,3,Phường Kim Sơn,Tư pháp - Hộ tịch,Chứng thực bản sao từ bản chính,Trực tuyến,1,1,2026-07-24,2026-07-24,0,Đã trả kết quả,Đúng hạn,5.0
HS2026001848,2026-07-23,7,3,Xã Tân Phước,Tư pháp - Hộ tịch,Đăng ký kết hôn,Trực tiếp,3,3,2026-07-26,2026-07-26,0,Đã trả kết quả,Đúng hạn,5.0
HS2026001849,2026-07-23,7,3,Phường Bình Minh,Kinh tế - Đăng ký KD,Đăng ký hộ kinh doanh,Trực tuyến,3,2,2026-07-26,2026-07-25,0,Đã trả kết quả,Đúng hạn,5.0
HS2026001850,2026-07-23,7,3,Phường Bình Minh,Kinh tế - Đăng ký KD,Đăng ký hộ kinh doanh,Trực tiếp,3,3,2026-07-26,2026-07-26,0,Đã trả kết quả,Đúng hạn,5.0
HS2026001851,2026-07-23,7,3,Phường Hoà Lạc,Lao động - Xã hội,Trợ cấp xã hội hằng tháng,Trực tiếp,20,14,2026-08-12,2026-08-06,0,Đã trả kết quả,Đúng hạn,5.0
HS2026001852,2026-07-24,7,3,Phường Long Phú,Tư pháp - Hộ tịch,Đăng ký khai sinh,Trực tuyến,3,3,2026-07-27,2026-07-27,0,Đã trả kết quả,Đúng hạn,5.0
HS2026001853,2026-07-24,7,3,Phường Bình Minh,Tư pháp - Hộ tịch,Chứng thực bản sao từ bản chính,Bưu chính công ích,1,1,2026-07-25,2026-07-25,0,Đã trả kết quả,Đúng hạn,4.0
HS2026001854,2026-07-24,7,3,Xã Tân Phước,Tư pháp - Hộ tịch,Đăng ký khai sinh,Trực tuyến,3,5,2026-07-27,2026-07-29,1,Đã trả kết quả,Trễ hạn,3.0
HS2026001855,2026-07-24,7,3,Phường Long Phú,Tư pháp - Hộ tịch,Cấp bản sao trích lục hộ tịch,Trực tuyến,1,7,2026-07-25,2026-07-31,2,Đã trả kết quả,Trễ hạn,2.0
HS2026001856,2026-07-24,7,3,Xã Tân Phước,Tư pháp - Hộ tịch,Đăng ký kết hôn,Trực tuyến,3,3,2026-07-27,2026-07-27,0,Đã trả kết quả,Đúng hạn,5.0
HS2026001857,2026-07-24,7,3,Phường An Thịnh,Lao động - Xã hội,Trợ cấp xã hội hằng tháng,Trực tiếp,20,15,2026-08-13,2026-08-08,0,Đã trả kết quả,Đúng hạn,5.0
HS2026001858,2026-07-24,7,3,Phường Bình Minh,Tư pháp - Hộ tịch,Đăng ký khai sinh,Trực tuyến,3,3,2026-07-27,2026-07-27,0,Đã trả kết quả,Đúng hạn,5.0
HS2026001859,2026-07-24,7,3,Phường Bình Minh,Đất đai - Tài nguyên,Đăng ký biến động đất đai,Bưu chính công ích,10,6,2026-08-03,2026-07-30,0,Đã trả kết quả,Đúng hạn,5.0
HS2026001860,2026-07-24,7,3,Xã Tân Phước,Kinh tế - Đăng ký KD,Đăng ký hộ kinh doanh,Trực tuyến,3,2,2026-07-27,2026-07-26,0,Đã trả kết quả,Đúng hạn,5.0
HS2026001861,2026-07-24,7,3,Xã Nam Hải,Lao động - Xã hội,"Xác nhận hộ nghèo, cận nghèo",Bưu chính công ích,5,5,2026-07-29,2026-07-29,0,Đã trả kết quả,Đúng hạn,5.0
HS2026001862,2026-07-24,7,3,Xã Nam Hải,Tư pháp - Hộ tịch,Đăng ký khai sinh,Trực tiếp,3,4,2026-07-27,2026-07-28,0,Đã trả kết quả,Trễ hạn,4.0
HS2026001863,2026-07-24,7,3,Xã Tân Phước,Kinh tế - Đăng ký KD,Đăng ký hộ kinh doanh,Trực tuyến,3,3,2026-07-27,2026-07-27,0,Đã trả kết quả,Đúng hạn,5.0
HS2026001864,2026-07-24,7,3,Phường Kim Sơn,Tư pháp - Hộ tịch,Đăng ký kết hôn,Trực tuyến,3,2,2026-07-27,2026-07-26,0,Đã trả kết quả,Đúng hạn,5.0
HS2026001865,2026-07-25,7,3,Xã Mỹ Trạch,Tư pháp - Hộ tịch,Đăng ký khai sinh,Trực tiếp,3,5,2026-07-28,2026-07-30,1,Đã trả kết quả,Trễ hạn,3.0
HS2026001866,2026-07-25,7,3,Xã Tân Phước,Tư pháp - Hộ tịch,Chứng thực bản sao từ bản chính,Bưu chính công ích,1,1,2026-07-26,2026-07-26,0,Đã trả kết quả,Đúng hạn,5.0
HS2026001867,2026-07-25,7,3,Xã Nam Hải,Lao động - Xã hội,Trợ cấp xã hội hằng tháng,Bưu chính công ích,20,15,2026-08-14,2026-08-09,0,Đã trả kết quả,Đúng hạn,5.0
HS2026001868,2026-07-25,7,3,Xã Mỹ Trạch,Tư pháp - Hộ tịch,Đăng ký khai sinh,Trực tiếp,3,3,2026-07-28,2026-07-28,0,Đã trả kết quả,Đúng hạn,5.0
HS2026001869,2026-07-25,7,3,Phường An Thịnh,Đất đai - Tài nguyên,Cấp giấy chứng nhận quyền sử dụng đất,Trực tiếp,30,15,2026-08-24,2026-08-09,0,Đã trả kết quả,Đúng hạn,5.0
HS2026001870,2026-07-25,7,3,Xã Nam Hải,Tư pháp - Hộ tịch,Đăng ký khai sinh,Trực tuyến,3,2,2026-07-28,2026-07-27,0,Đã trả kết quả,Đúng hạn,5.0
HS2026001871,2026-07-25,7,3,Phường Bình Minh,Đất đai - Tài nguyên,Đăng ký biến động đất đai,Trực tuyến,10,7,2026-08-04,2026-08-01,0,Đã trả kết quả,Đúng hạn,5.0
HS2026001872,2026-07-26,7,3,Phường An Thịnh,Kinh tế - Đăng ký KD,Đăng ký hộ kinh doanh,Trực tuyến,3,4,2026-07-29,2026-07-30,1,Đã trả kết quả,Trễ hạn,4.0
HS2026001873,2026-07-26,7,3,Phường Long Phú,Kinh tế - Đăng ký KD,Đăng ký hộ kinh doanh,Trực tuyến,3,3,2026-07-29,2026-07-29,0,Đã trả kết quả,Đúng hạn,5.0
HS2026001874,2026-07-26,7,3,Phường Long Phú,Tư pháp - Hộ tịch,Đăng ký khai tử,Trực tuyến,3,2,2026-07-29,2026-07-28,0,Đã trả kết quả,Đúng hạn,5.0
HS2026001875,2026-07-26,7,3,Phường Bình Minh,Tư pháp - Hộ tịch,Đăng ký khai tử,Trực tuyến,3,3,2026-07-29,2026-07-29,0,Đã trả kết quả,Đúng hạn,5.0
HS2026001876,2026-07-26,7,3,Phường An Thịnh,Tư pháp - Hộ tịch,Cấp bản sao trích lục hộ tịch,Trực tiếp,1,1,2026-07-27,2026-07-27,0,Đã trả kết quả,Đúng hạn,5.0
HS2026001877,2026-07-26,7,3,Phường Long Phú,Xây dựng - Đô thị,Cấp giấy phép xây dựng nhà ở riêng lẻ,Bưu chính công ích,15,16,2026-08-10,2026-08-11,0,Đã trả kết quả,Trễ hạn,5.0
HS2026001878,2026-07-26,7,3,Phường Hoà Lạc,Tư pháp - Hộ tịch,Chứng thực bản sao từ bản chính,Trực tuyến,1,5,2026-07-27,2026-07-31,1,Đã trả kết quả,Trễ hạn,3.0
HS2026001879,2026-07-26,7,3,Phường Hoà Lạc,Tư pháp - Hộ tịch,Đăng ký khai sinh,Trực tuyến,3,2,2026-07-29,2026-07-28,0,Đã trả kết quả,Đúng hạn,5.0
HS2026001880,2026-07-26,7,3,Phường An Thịnh,Tư pháp - Hộ tịch,Cấp phiếu lý lịch tư pháp số 1,Trực tuyến,10,12,2026-08-05,2026-08-07,2,Đã trả kết quả,Trễ hạn,3.0
HS2026001881,2026-07-26,7,3,Phường An Thịnh,Đất đai - Tài nguyên,Cấp giấy chứng nhận quyền sử dụng đất,Trực tuyến,30,12,2026-08-25,2026-08-07,0,Đã trả kết quả,Đúng hạn,5.0
HS2026001882,2026-07-27,7,3,Phường Hoà Lạc,Tư pháp - Hộ tịch,Cấp bản sao trích lục hộ tịch,Trực tuyến,1,1,2026-07-28,2026-07-28,0,Đã trả kết quả,Đúng hạn,5.0
HS2026001883,2026-07-27,7,3,Phường An Thịnh,Tư pháp - Hộ tịch,Chứng thực bản sao từ bản chính,Trực tuyến,1,1,2026-07-28,2026-07-28,0,Đã trả kết quả,Đúng hạn,5.0
HS2026001884,2026-07-27,7,3,Xã Tân Phước,Tư pháp - Hộ tịch,Cấp bản sao trích lục hộ tịch,Trực tuyến,1,1,2026-07-28,2026-07-28,0,Đã trả kết quả,Đúng hạn,5.0
HS2026001885,2026-07-27,7,3,Xã Tân Phước,Tư pháp - Hộ tịch,Cấp phiếu lý lịch tư pháp số 1,Trực tuyến,10,15,2026-08-06,2026-08-11,2,Đã trả kết quả,Trễ hạn,2.0
HS2026001886,2026-07-27,7,3,Xã Nam Hải,Đất đai - Tài nguyên,Đăng ký biến động đất đai,Trực tiếp,10,10,2026-08-06,2026-08-06,0,Đã trả kết quả,Đúng hạn,5.0
HS2026001887,2026-07-27,7,3,Phường Long Phú,Đất đai - Tài nguyên,Đăng ký biến động đất đai,Trực tuyến,10,5,2026-08-06,2026-08-01,0,Đã trả kết quả,Đúng hạn,5.0
HS2026001888,2026-07-27,7,3,Phường An Thịnh,Lao động - Xã hội,Trợ cấp xã hội hằng tháng,Trực tuyến,20,12,2026-08-16,2026-08-08,0,Đã trả kết quả,Đúng hạn,5.0
HS2026001889,2026-07-27,7,3,Phường An Thịnh,Lao động - Xã hội,"Xác nhận hộ nghèo, cận nghèo",Trực tiếp,5,4,2026-08-01,2026-07-31,0,Đã trả kết quả,Đúng hạn,5.0
HS2026001890,2026-07-28,7,3,Phường An Thịnh,Tư pháp - Hộ tịch,Đăng ký khai sinh,Trực tuyến,3,7,2026-07-31,2026-08-04,2,Đã trả kết quả,Trễ hạn,4.0
HS2026001891,2026-07-28,7,3,Phường Long Phú,Đất đai - Tài nguyên,Cấp giấy chứng nhận quyền sử dụng đất,Trực tiếp,30,34,2026-08-27,2026-08-31,0,Đã trả kết quả,Trễ hạn,5.0
HS2026001892,2026-07-28,7,3,Phường Bình Minh,Tư pháp - Hộ tịch,Đăng ký kết hôn,Trực tiếp,3,2,2026-07-31,2026-07-30,0,Đã trả kết quả,Đúng hạn,5.0
HS2026001893,2026-07-28,7,3,Phường Bình Minh,Tư pháp - Hộ tịch,Đăng ký khai sinh,Trực tiếp,3,6,2026-07-31,2026-08-03,2,Đã trả kết quả,Trễ hạn,3.0
HS2026001894,2026-07-28,7,3,Phường Kim Sơn,Kinh tế - Đăng ký KD,Đăng ký hộ kinh doanh,Trực tuyến,3,4,2026-07-31,2026-08-01,1,Đã trả kết quả,Trễ hạn,2.0
HS2026001895,2026-07-28,7,3,Xã Tân Phước,Tư pháp - Hộ tịch,Đăng ký khai sinh,Bưu chính công ích,3,2,2026-07-31,2026-07-30,0,Đã trả kết quả,Đúng hạn,5.0
HS2026001896,2026-07-28,7,3,Phường An Thịnh,Tư pháp - Hộ tịch,Đăng ký khai sinh,Trực tuyến,3,5,2026-07-31,2026-08-02,1,Đã trả kết quả,Trễ hạn,3.0
HS2026001897,2026-07-28,7,3,Xã Mỹ Trạch,Xây dựng - Đô thị,Cấp giấy phép xây dựng nhà ở riêng lẻ,Trực tuyến,15,10,2026-08-12,2026-08-07,0,Đã trả kết quả,Đúng hạn,5.0
HS2026001898,2026-07-29,7,3,Xã Nam Hải,Xây dựng - Đô thị,Cấp giấy phép xây dựng nhà ở riêng lẻ,Bưu chính công ích,15,15,2026-08-13,2026-08-13,0,Đã trả kết quả,Đúng hạn,5.0
HS2026001899,2026-07-29,7,3,Phường Long Phú,Lao động - Xã hội,Trợ cấp xã hội hằng tháng,Trực tiếp,20,20,2026-08-18,2026-08-18,2,Đã trả kết quả,Đúng hạn,3.0
HS2026001900,2026-07-29,7,3,Xã Tân Phước,Tư pháp - Hộ tịch,Cấp bản sao trích lục hộ tịch,Bưu chính công ích,1,1,2026-07-30,2026-07-30,0,Đã trả kết quả,Đúng hạn,5.0
HS2026001901,2026-07-29,7,3,Phường Bình Minh,Tư pháp - Hộ tịch,Đăng ký khai sinh,Trực tuyến,3,4,2026-08-01,2026-08-02,1,Đã trả kết quả,Trễ hạn,3.0
HS2026001902,2026-07-29,7,3,Xã Nam Hải,Xây dựng - Đô thị,Cấp giấy phép xây dựng nhà ở riêng lẻ,Trực tuyến,15,16,2026-08-13,2026-08-14,2,Đã trả kết quả,Trễ hạn,1.0
HS2026001903,2026-07-29,7,3,Phường Long Phú,Tư pháp - Hộ tịch,Đăng ký khai sinh,Bưu chính công ích,3,3,2026-08-01,2026-08-01,0,Đã trả kết quả,Đúng hạn,5.0
HS2026001904,2026-07-30,7,3,Xã Mỹ Trạch,Tư pháp - Hộ tịch,Cấp phiếu lý lịch tư pháp số 1,Trực tuyến,10,7,2026-08-09,2026-08-06,0,Đã trả kết quả,Đúng hạn,5.0
HS2026001905,2026-07-30,7,3,Phường Hoà Lạc,Tư pháp - Hộ tịch,Cấp phiếu lý lịch tư pháp số 1,Trực tuyến,10,10,2026-08-09,2026-08-09,1,Đã trả kết quả,Đúng hạn,4.0
HS2026001906,2026-07-30,7,3,Phường Long Phú,Tư pháp - Hộ tịch,Chứng thực bản sao từ bản chính,Trực tuyến,1,1,2026-07-31,2026-07-31,0,Đã trả kết quả,Đúng hạn,5.0
HS2026001907,2026-07-30,7,3,Phường Kim Sơn,Lao động - Xã hội,Trợ cấp xã hội hằng tháng,Trực tiếp,20,18,2026-08-19,2026-08-17,0,Đã trả kết quả,Đúng hạn,5.0
HS2026001908,2026-07-30,7,3,Phường Bình Minh,Tư pháp - Hộ tịch,Cấp bản sao trích lục hộ tịch,Trực tuyến,1,1,2026-07-31,2026-07-31,0,Đã trả kết quả,Đúng hạn,4.0
HS2026001909,2026-07-30,7,3,Phường An Thịnh,Tư pháp - Hộ tịch,Chứng thực bản sao từ bản chính,Trực tiếp,1,1,2026-07-31,2026-07-31,0,Đã trả kết quả,Đúng hạn,4.0
HS2026001910,2026-07-30,7,3,Xã Nam Hải,Kinh tế - Đăng ký KD,Đăng ký hộ kinh doanh,Trực tiếp,3,4,2026-08-02,2026-08-03,0,Đã trả kết quả,Trễ hạn,3.0
HS2026001911,2026-07-30,7,3,Phường Kim Sơn,Tư pháp - Hộ tịch,Chứng thực bản sao từ bản chính,Trực tiếp,1,1,2026-07-31,2026-07-31,0,Đã trả kết quả,Đúng hạn,4.0
HS2026001912,2026-07-30,7,3,Phường An Thịnh,Đất đai - Tài nguyên,Cấp giấy chứng nhận quyền sử dụng đất,Trực tuyến,30,21,2026-08-29,2026-08-20,0,Đã trả kết quả,Đúng hạn,5.0
HS2026001913,2026-07-30,7,3,Phường Long Phú,Tư pháp - Hộ tịch,Chứng thực bản sao từ bản chính,Trực tiếp,1,2,2026-07-31,2026-08-01,0,Đã trả kết quả,Trễ hạn,2.0
HS2026001914,2026-07-30,7,3,Xã Nam Hải,Tư pháp - Hộ tịch,Đăng ký khai sinh,Trực tiếp,3,3,2026-08-02,2026-08-02,0,Đã trả kết quả,Đúng hạn,5.0
HS2026001915,2026-07-30,7,3,Xã Tân Phước,Tư pháp - Hộ tịch,Cấp phiếu lý lịch tư pháp số 1,Trực tuyến,10,6,2026-08-09,2026-08-05,0,Đã trả kết quả,Đúng hạn,5.0
HS2026001916,2026-07-30,7,3,Xã Nam Hải,Tư pháp - Hộ tịch,Đăng ký khai sinh,Trực tuyến,3,3,2026-08-02,2026-08-02,0,Đã trả kết quả,Đúng hạn,5.0
HS2026001917,2026-07-30,7,3,Xã Mỹ Trạch,Tư pháp - Hộ tịch,Đăng ký khai tử,Bưu chính công ích,3,3,2026-08-02,2026-08-02,0,Đã trả kết quả,Đúng hạn,5.0
HS2026001918,2026-07-30,7,3,Phường An Thịnh,Lao động - Xã hội,"Xác nhận hộ nghèo, cận nghèo",Trực tiếp,5,4,2026-08-04,2026-08-03,0,Đã trả kết quả,Đúng hạn,5.0
HS2026001919,2026-07-30,7,3,Xã Tân Phước,Tư pháp - Hộ tịch,Cấp phiếu lý lịch tư pháp số 1,Trực tuyến,10,8,2026-08-09,2026-08-07,0,Đã trả kết quả,Đúng hạn,5.0
HS2026001920,2026-07-31,7,3,Xã Tân Phước,Tư pháp - Hộ tịch,Đăng ký kết hôn,Trực tuyến,3,5,2026-08-03,2026-08-05,1,Đã trả kết quả,Trễ hạn,1.0
HS2026001921,2026-07-31,7,3,Xã Tân Phước,Tư pháp - Hộ tịch,Đăng ký khai sinh,Trực tuyến,3,2,2026-08-03,2026-08-02,0,Đã trả kết quả,Đúng hạn,5.0
HS2026001922,2026-07-31,7,3,Xã Tân Phước,Đất đai - Tài nguyên,Đăng ký biến động đất đai,Trực tiếp,10,5,2026-08-10,2026-08-05,0,Đã trả kết quả,Đúng hạn,5.0
HS2026001923,2026-07-31,7,3,Phường Bình Minh,Tư pháp - Hộ tịch,Chứng thực bản sao từ bản chính,Trực tiếp,1,1,2026-08-01,2026-08-01,0,Đã trả kết quả,Đúng hạn,5.0
HS2026001924,2026-07-31,7,3,Phường Hoà Lạc,Kinh tế - Đăng ký KD,Đăng ký hộ kinh doanh,Trực tiếp,3,8,2026-08-03,2026-08-08,2,Đã trả kết quả,Trễ hạn,4.0
HS2026001925,2026-07-31,7,3,Phường An Thịnh,Tư pháp - Hộ tịch,Cấp bản sao trích lục hộ tịch,Trực tuyến,1,1,2026-08-01,2026-08-01,0,Đã trả kết quả,Đúng hạn,5.0
HS2026001926,2026-07-31,7,3,Phường Bình Minh,Lao động - Xã hội,Trợ cấp xã hội hằng tháng,Trực tuyến,20,14,2026-08-20,2026-08-14,0,Đã trả kết quả,Đúng hạn,5.0
HS2026001927,2026-07-31,7,3,Phường Long Phú,Đất đai - Tài nguyên,Đăng ký biến động đất đai,Trực tiếp,10,12,2026-08-10,2026-08-12,0,Đã trả kết quả,Trễ hạn,4.0
HS2026001928,2026-07-31,7,3,Phường An Thịnh,Tư pháp - Hộ tịch,Chứng thực bản sao từ bản chính,Trực tuyến,1,6,2026-08-01,2026-08-06,2,Đã trả kết quả,Trễ hạn,4.0
HS2026001929,2026-07-31,7,3,Xã Mỹ Trạch,Xây dựng - Đô thị,Cấp giấy phép xây dựng nhà ở riêng lẻ,Trực tiếp,15,14,2026-08-15,2026-08-14,1,Đã trả kết quả,Đúng hạn,4.0
HS2026001930,2026-07-31,7,3,Phường Hoà Lạc,Kinh tế - Đăng ký KD,Đăng ký hộ kinh doanh,Trực tuyến,3,3,2026-08-03,2026-08-03,0,Đã trả kết quả,Đúng hạn,5.0
HS2026001931,2026-07-31,7,3,Xã Nam Hải,Kinh tế - Đăng ký KD,Đăng ký hộ kinh doanh,Trực tuyến,3,3,2026-08-03,2026-08-03,0,Đã trả kết quả,Đúng hạn,4.0
HS2026001932,2026-07-31,7,3,Phường Kim Sơn,Tư pháp - Hộ tịch,Đăng ký kết hôn,Trực tiếp,3,4,2026-08-03,2026-08-04,0,Đã trả kết quả,Trễ hạn,3.0
HS2026001933,2026-07-31,7,3,Phường Long Phú,Tư pháp - Hộ tịch,Đăng ký khai sinh,Trực tuyến,3,3,2026-08-03,2026-08-03,0,Đã trả kết quả,Đúng hạn,5.0
HS2026001934,2026-07-31,7,3,Phường Bình Minh,Tư pháp - Hộ tịch,Cấp phiếu lý lịch tư pháp số 1,Trực tuyến,10,5,2026-08-10,2026-08-05,0,Đã trả kết quả,Đúng hạn,5.0
HS2026001935,2026-07-31,7,3,Xã Tân Phước,Đất đai - Tài nguyên,Đăng ký biến động đất đai,Trực tuyến,10,5,2026-08-10,2026-08-05,0,Đã trả kết quả,Đúng hạn,5.0
HS2026001936,2026-08-01,8,3,Phường Long Phú,Tư pháp - Hộ tịch,Chứng thực bản sao từ bản chính,Trực tuyến,1,1,2026-08-02,2026-08-02,0,Đã trả kết quả,Đúng hạn,5.0
HS2026001937,2026-08-01,8,3,Xã Tân Phước,Tư pháp - Hộ tịch,Cấp phiếu lý lịch tư pháp số 1,Trực tuyến,10,4,2026-08-11,2026-08-05,0,Đã trả kết quả,Đúng hạn,5.0
HS2026001938,2026-08-01,8,3,Phường An Thịnh,Kinh tế - Đăng ký KD,Đăng ký hộ kinh doanh,Bưu chính công ích,3,3,2026-08-04,2026-08-04,0,Đã trả kết quả,Đúng hạn,5.0
HS2026001939,2026-08-01,8,3,Xã Mỹ Trạch,Tư pháp - Hộ tịch,Cấp bản sao trích lục hộ tịch,Trực tuyến,1,1,2026-08-02,2026-08-02,0,Đã trả kết quả,Đúng hạn,5.0
HS2026001940,2026-08-01,8,3,Xã Nam Hải,Kinh tế - Đăng ký KD,Đăng ký hộ kinh doanh,Trực tuyến,3,2,2026-08-04,2026-08-03,0,Đã trả kết quả,Đúng hạn,5.0
HS2026001941,2026-08-01,8,3,Xã Nam Hải,Tư pháp - Hộ tịch,Đăng ký khai tử,Trực tuyến,3,2,2026-08-04,2026-08-03,0,Đã trả kết quả,Đúng hạn,5.0
HS2026001942,2026-08-01,8,3,Phường An Thịnh,Tư pháp - Hộ tịch,Cấp bản sao trích lục hộ tịch,Trực tuyến,1,1,2026-08-02,2026-08-02,0,Đã trả kết quả,Đúng hạn,5.0
HS2026001943,2026-08-01,8,3,Xã Tân Phước,Kinh tế - Đăng ký KD,Đăng ký hộ kinh doanh,Trực tiếp,3,2,2026-08-04,2026-08-03,0,Đã trả kết quả,Đúng hạn,4.0
HS2026001944,2026-08-01,8,3,Xã Mỹ Trạch,Lao động - Xã hội,"Xác nhận hộ nghèo, cận nghèo",Trực tiếp,5,5,2026-08-06,2026-08-06,0,Đã trả kết quả,Đúng hạn,5.0
HS2026001945,2026-08-01,8,3,Phường Long Phú,Đất đai - Tài nguyên,Đăng ký biến động đất đai,Trực tuyến,10,15,2026-08-11,2026-08-16,2,Đã trả kết quả,Trễ hạn,1.0
HS2026001946,2026-08-01,8,3,Phường Kim Sơn,Tư pháp - Hộ tịch,Chứng thực bản sao từ bản chính,Trực tiếp,1,4,2026-08-02,2026-08-05,1,Đã trả kết quả,Trễ hạn,4.0
HS2026001947,2026-08-02,8,3,Phường Hoà Lạc,Kinh tế - Đăng ký KD,Đăng ký hộ kinh doanh,Trực tuyến,3,2,2026-08-05,2026-08-04,0,Đã trả kết quả,Đúng hạn,5.0
HS2026001948,2026-08-02,8,3,Phường Bình Minh,Tư pháp - Hộ tịch,Cấp bản sao trích lục hộ tịch,Bưu chính công ích,1,4,2026-08-03,2026-08-06,1,Đã trả kết quả,Trễ hạn,2.0
HS2026001949,2026-08-02,8,3,Phường Bình Minh,Tư pháp - Hộ tịch,Chứng thực bản sao từ bản chính,Trực tiếp,1,1,2026-08-03,2026-08-03,0,Đã trả kết quả,Đúng hạn,5.0
HS2026001950,2026-08-02,8,3,Phường Hoà Lạc,Tư pháp - Hộ tịch,Cấp bản sao trích lục hộ tịch,Trực tuyến,1,1,2026-08-03,2026-08-03,0,Đã trả kết quả,Đúng hạn,5.0
HS2026001951,2026-08-02,8,3,Xã Tân Phước,Tư pháp - Hộ tịch,Đăng ký khai sinh,Trực tuyến,3,6,2026-08-05,2026-08-08,2,Đã trả kết quả,Trễ hạn,3.0
HS2026001952,2026-08-02,8,3,Phường Bình Minh,Tư pháp - Hộ tịch,Chứng thực bản sao từ bản chính,Trực tiếp,1,1,2026-08-03,2026-08-03,0,Đã trả kết quả,Đúng hạn,5.0
HS2026001953,2026-08-02,8,3,Phường Long Phú,Tư pháp - Hộ tịch,Đăng ký khai sinh,Trực tiếp,3,6,2026-08-05,2026-08-08,1,Đã trả kết quả,Trễ hạn,3.0
HS2026001954,2026-08-02,8,3,Phường Bình Minh,Đất đai - Tài nguyên,Cấp giấy chứng nhận quyền sử dụng đất,Trực tiếp,30,16,2026-09-01,2026-08-18,0,Đã trả kết quả,Đúng hạn,5.0
HS2026001955,2026-08-02,8,3,Phường Bình Minh,Lao động - Xã hội,Trợ cấp xã hội hằng tháng,Trực tuyến,20,21,2026-08-22,2026-08-23,2,Đã trả kết quả,Trễ hạn,3.0
HS2026001956,2026-08-03,8,3,Xã Mỹ Trạch,Tư pháp - Hộ tịch,Đăng ký khai sinh,Trực tiếp,3,2,2026-08-06,2026-08-05,0,Đã trả kết quả,Đúng hạn,5.0
HS2026001957,2026-08-03,8,3,Xã Tân Phước,Xây dựng - Đô thị,Cấp giấy phép xây dựng nhà ở riêng lẻ,Trực tiếp,15,9,2026-08-18,2026-08-12,0,Đã trả kết quả,Đúng hạn,5.0
HS2026001958,2026-08-03,8,3,Phường Bình Minh,Đất đai - Tài nguyên,Đăng ký biến động đất đai,Trực tiếp,10,6,2026-08-13,2026-08-09,0,Đã trả kết quả,Đúng hạn,5.0
HS2026001959,2026-08-03,8,3,Phường Hoà Lạc,Tư pháp - Hộ tịch,Đăng ký kết hôn,Trực tuyến,3,3,2026-08-06,2026-08-06,0,Đã trả kết quả,Đúng hạn,5.0
HS2026001960,2026-08-03,8,3,Phường Kim Sơn,Tư pháp - Hộ tịch,Đăng ký kết hôn,Trực tiếp,3,2,2026-08-06,2026-08-05,0,Đã trả kết quả,Đúng hạn,5.0
HS2026001961,2026-08-03,8,3,Xã Nam Hải,Tư pháp - Hộ tịch,Đăng ký khai sinh,Trực tuyến,3,3,2026-08-06,2026-08-06,0,Đã trả kết quả,Đúng hạn,5.0
HS2026001962,2026-08-03,8,3,Xã Nam Hải,Tư pháp - Hộ tịch,Đăng ký khai sinh,Trực tuyến,3,2,2026-08-06,2026-08-05,0,Đã trả kết quả,Đúng hạn,4.0
HS2026001963,2026-08-03,8,3,Phường Kim Sơn,Tư pháp - Hộ tịch,Đăng ký khai tử,Bưu chính công ích,3,2,2026-08-06,2026-08-05,0,Đã trả kết quả,Đúng hạn,5.0
HS2026001964,2026-08-03,8,3,Phường Hoà Lạc,Tư pháp - Hộ tịch,Cấp phiếu lý lịch tư pháp số 1,Trực tuyến,10,9,2026-08-13,2026-08-12,0,Đã trả kết quả,Đúng hạn,5.0
HS2026001965,2026-08-03,8,3,Phường An Thịnh,Tư pháp - Hộ tịch,Đăng ký khai sinh,Trực tiếp,3,6,2026-08-06,2026-08-09,2,Đã trả kết quả,Trễ hạn,2.0
HS2026001966,2026-08-03,8,3,Phường Kim Sơn,Đất đai - Tài nguyên,Đăng ký biến động đất đai,Trực tiếp,10,6,2026-08-13,2026-08-09,0,Đã trả kết quả,Đúng hạn,4.0
HS2026001967,2026-08-03,8,3,Phường An Thịnh,Tư pháp - Hộ tịch,Đăng ký khai tử,Trực tiếp,3,3,2026-08-06,2026-08-06,0,Đã trả kết quả,Đúng hạn,4.0
HS2026001968,2026-08-03,8,3,Phường Kim Sơn,Tư pháp - Hộ tịch,Đăng ký khai tử,Trực tiếp,3,3,2026-08-06,2026-08-06,0,Đã trả kết quả,Đúng hạn,5.0
HS2026001969,2026-08-04,8,3,Phường Hoà Lạc,Lao động - Xã hội,"Xác nhận hộ nghèo, cận nghèo",Trực tiếp,5,4,2026-08-09,2026-08-08,0,Đã trả kết quả,Đúng hạn,5.0
HS2026001970,2026-08-04,8,3,Phường Hoà Lạc,Xây dựng - Đô thị,Cấp giấy phép xây dựng nhà ở riêng lẻ,Trực tiếp,15,20,2026-08-19,2026-08-24,2,Đã trả kết quả,Trễ hạn,2.0
HS2026001971,2026-08-04,8,3,Xã Mỹ Trạch,Đất đai - Tài nguyên,Cấp giấy chứng nhận quyền sử dụng đất,Bưu chính công ích,30,22,2026-09-03,2026-08-26,0,Đã trả kết quả,Đúng hạn,5.0
HS2026001972,2026-08-04,8,3,Phường Kim Sơn,Đất đai - Tài nguyên,Đăng ký biến động đất đai,Trực tiếp,10,10,2026-08-14,2026-08-14,0,Đã trả kết quả,Đúng hạn,5.0
HS2026001973,2026-08-04,8,3,Phường An Thịnh,Đất đai - Tài nguyên,Đăng ký biến động đất đai,Trực tiếp,10,8,2026-08-14,2026-08-12,0,Đã trả kết quả,Đúng hạn,5.0
HS2026001974,2026-08-04,8,3,Xã Nam Hải,Tư pháp - Hộ tịch,Đăng ký khai sinh,Trực tuyến,3,7,2026-08-07,2026-08-11,2,Đã trả kết quả,Trễ hạn,4.0
HS2026001975,2026-08-04,8,3,Xã Nam Hải,Tư pháp - Hộ tịch,Chứng thực bản sao từ bản chính,Trực tiếp,1,1,2026-08-05,2026-08-05,0,Đã trả kết quả,Đúng hạn,4.0
HS2026001976,2026-08-04,8,3,Phường An Thịnh,Tư pháp - Hộ tịch,Cấp bản sao trích lục hộ tịch,Trực tuyến,1,4,2026-08-05,2026-08-08,1,Đã trả kết quả,Trễ hạn,2.0
HS2026001977,2026-08-04,8,3,Phường Kim Sơn,Kinh tế - Đăng ký KD,Đăng ký hộ kinh doanh,Trực tuyến,3,3,2026-08-07,2026-08-07,0,Đã trả kết quả,Đúng hạn,5.0
HS2026001978,2026-08-04,8,3,Xã Nam Hải,Lao động - Xã hội,"Xác nhận hộ nghèo, cận nghèo",Trực tuyến,5,4,2026-08-09,2026-08-08,0,Đã trả kết quả,Đúng hạn,4.0
HS2026001979,2026-08-04,8,3,Phường Long Phú,Đất đai - Tài nguyên,Cấp giấy chứng nhận quyền sử dụng đất,Bưu chính công ích,30,29,2026-09-03,2026-09-02,0,Đã trả kết quả,Đúng hạn,4.0
HS2026001980,2026-08-04,8,3,Xã Tân Phước,Tư pháp - Hộ tịch,Chứng thực bản sao từ bản chính,Trực tuyến,1,1,2026-08-05,2026-08-05,0,Đã trả kết quả,Đúng hạn,5.0
HS2026001981,2026-08-05,8,3,Phường Hoà Lạc,Tư pháp - Hộ tịch,Chứng thực bản sao từ bản chính,Bưu chính công ích,1,1,2026-08-06,2026-08-06,0,Đã trả kết quả,Đúng hạn,5.0
HS2026001982,2026-08-05,8,3,Phường An Thịnh,Đất đai - Tài nguyên,Đăng ký biến động đất đai,Trực tiếp,10,8,2026-08-15,2026-08-13,0,Đã trả kết quả,Đúng hạn,4.0
HS2026001983,2026-08-05,8,3,Phường Hoà Lạc,Kinh tế - Đăng ký KD,Đăng ký hộ kinh doanh,Trực tuyến,3,2,2026-08-08,2026-08-07,0,Đã trả kết quả,Đúng hạn,4.0
HS2026001984,2026-08-05,8,3,Xã Tân Phước,Tư pháp - Hộ tịch,Đăng ký khai sinh,Trực tuyến,3,3,2026-08-08,2026-08-08,0,Đã trả kết quả,Đúng hạn,5.0
HS2026001985,2026-08-05,8,3,Xã Nam Hải,Kinh tế - Đăng ký KD,Đăng ký hộ kinh doanh,Trực tuyến,3,2,2026-08-08,2026-08-07,0,Đã trả kết quả,Đúng hạn,5.0
HS2026001986,2026-08-05,8,3,Phường An Thịnh,Tư pháp - Hộ tịch,Đăng ký kết hôn,Trực tiếp,3,3,2026-08-08,2026-08-08,0,Đã trả kết quả,Đúng hạn,5.0
HS2026001987,2026-08-05,8,3,Phường An Thịnh,Lao động - Xã hội,Trợ cấp xã hội hằng tháng,Bưu chính công ích,20,15,2026-08-25,2026-08-20,0,Đã trả kết quả,Đúng hạn,5.0
HS2026001988,2026-08-05,8,3,Phường Bình Minh,Tư pháp - Hộ tịch,Chứng thực bản sao từ bản chính,Trực tiếp,1,3,2026-08-06,2026-08-08,1,Đã trả kết quả,Trễ hạn,3.0
HS2026001989,2026-08-06,8,3,Phường Hoà Lạc,Tư pháp - Hộ tịch,Chứng thực bản sao từ bản chính,Trực tiếp,1,1,2026-08-07,2026-08-07,0,Đã trả kết quả,Đúng hạn,5.0
HS2026001990,2026-08-06,8,3,Phường Hoà Lạc,Tư pháp - Hộ tịch,Chứng thực bản sao từ bản chính,Bưu chính công ích,1,1,2026-08-07,2026-08-07,0,Đã trả kết quả,Đúng hạn,5.0
HS2026001991,2026-08-06,8,3,Phường Bình Minh,Tư pháp - Hộ tịch,Cấp bản sao trích lục hộ tịch,Trực tuyến,1,1,2026-08-07,2026-08-07,0,Đã trả kết quả,Đúng hạn,5.0
HS2026001992,2026-08-06,8,3,Phường Long Phú,Tư pháp - Hộ tịch,Đăng ký kết hôn,Trực tiếp,3,2,2026-08-09,2026-08-08,0,Đã trả kết quả,Đúng hạn,5.0
HS2026001993,2026-08-06,8,3,Phường Bình Minh,Đất đai - Tài nguyên,Cấp giấy chứng nhận quyền sử dụng đất,Trực tiếp,30,29,2026-09-05,2026-09-04,0,Đã trả kết quả,Đúng hạn,5.0
HS2026001994,2026-08-06,8,3,Xã Nam Hải,Tư pháp - Hộ tịch,Đăng ký khai sinh,Trực tiếp,3,2,2026-08-09,2026-08-08,0,Đã trả kết quả,Đúng hạn,5.0
HS2026001995,2026-08-06,8,3,Phường Hoà Lạc,Tư pháp - Hộ tịch,Chứng thực bản sao từ bản chính,Trực tiếp,1,1,2026-08-07,2026-08-07,0,Đã trả kết quả,Đúng hạn,5.0
HS2026001996,2026-08-06,8,3,Xã Mỹ Trạch,Đất đai - Tài nguyên,Đăng ký biến động đất đai,Trực tuyến,10,10,2026-08-16,2026-08-16,2,Đã trả kết quả,Đúng hạn,4.0
HS2026001997,2026-08-06,8,3,Xã Mỹ Trạch,Tư pháp - Hộ tịch,Đăng ký khai sinh,Trực tiếp,3,2,2026-08-09,2026-08-08,0,Đã trả kết quả,Đúng hạn,5.0
HS2026001998,2026-08-06,8,3,Phường Hoà Lạc,Tư pháp - Hộ tịch,Chứng thực bản sao từ bản chính,Trực tuyến,1,4,2026-08-07,2026-08-10,1,Đã trả kết quả,Trễ hạn,4.0
HS2026001999,2026-08-07,8,3,Phường Hoà Lạc,Xây dựng - Đô thị,Cấp giấy phép xây dựng nhà ở riêng lẻ,Trực tuyến,15,6,2026-08-22,2026-08-13,0,Đã trả kết quả,Đúng hạn,5.0
HS2026002000,2026-08-07,8,3,Phường Hoà Lạc,Tư pháp - Hộ tịch,Chứng thực bản sao từ bản chính,Trực tiếp,1,1,2026-08-08,2026-08-08,0,Đã trả kết quả,Đúng hạn,5.0
HS2026002001,2026-08-07,8,3,Xã Tân Phước,Đất đai - Tài nguyên,Đăng ký biến động đất đai,Trực tiếp,10,10,2026-08-17,2026-08-17,0,Đã trả kết quả,Đúng hạn,5.0
HS2026002002,2026-08-07,8,3,Xã Tân Phước,Đất đai - Tài nguyên,Đăng ký biến động đất đai,Trực tiếp,10,9,2026-08-17,2026-08-16,0,Đã trả kết quả,Đúng hạn,4.0
HS2026002003,2026-08-08,8,3,Phường Kim Sơn,Tư pháp - Hộ tịch,Cấp bản sao trích lục hộ tịch,Bưu chính công ích,1,1,2026-08-09,2026-08-09,0,Đã trả kết quả,Đúng hạn,5.0
HS2026002004,2026-08-08,8,3,Xã Nam Hải,Tư pháp - Hộ tịch,Chứng thực bản sao từ bản chính,Bưu chính công ích,1,1,2026-08-09,2026-08-09,0,Đã trả kết quả,Đúng hạn,5.0
HS2026002005,2026-08-08,8,3,Xã Tân Phước,Xây dựng - Đô thị,Cấp giấy phép xây dựng nhà ở riêng lẻ,Trực tiếp,15,15,2026-08-23,2026-08-23,0,Đã trả kết quả,Đúng hạn,5.0
HS2026002006,2026-08-08,8,3,Phường Long Phú,Đất đai - Tài nguyên,Đăng ký biến động đất đai,Trực tiếp,10,16,2026-08-18,2026-08-24,2,Đã trả kết quả,Trễ hạn,1.0
HS2026002007,2026-08-08,8,3,Phường Bình Minh,Tư pháp - Hộ tịch,Chứng thực bản sao từ bản chính,Bưu chính công ích,1,1,2026-08-09,2026-08-09,0,Đã trả kết quả,Đúng hạn,5.0
HS2026002008,2026-08-08,8,3,Xã Mỹ Trạch,Tư pháp - Hộ tịch,Đăng ký khai sinh,Trực tiếp,3,3,2026-08-11,2026-08-11,0,Đã trả kết quả,Đúng hạn,5.0
HS2026002009,2026-08-08,8,3,Xã Nam Hải,Tư pháp - Hộ tịch,Đăng ký khai sinh,Trực tuyến,3,3,2026-08-11,2026-08-11,0,Đã trả kết quả,Đúng hạn,5.0
HS2026002010,2026-08-08,8,3,Phường Kim Sơn,Đất đai - Tài nguyên,Cấp giấy chứng nhận quyền sử dụng đất,Trực tuyến,30,26,2026-09-07,2026-09-03,0,Đã trả kết quả,Đúng hạn,5.0
HS2026002011,2026-08-08,8,3,Phường Bình Minh,Kinh tế - Đăng ký KD,Đăng ký hộ kinh doanh,Trực tuyến,3,2,2026-08-11,2026-08-10,0,Đã trả kết quả,Đúng hạn,4.0
HS2026002012,2026-08-08,8,3,Xã Mỹ Trạch,Tư pháp - Hộ tịch,Đăng ký khai sinh,Trực tuyến,3,2,2026-08-11,2026-08-10,0,Đã trả kết quả,Đúng hạn,5.0
HS2026002013,2026-08-08,8,3,Phường An Thịnh,Tư pháp - Hộ tịch,Cấp phiếu lý lịch tư pháp số 1,Trực tuyến,10,11,2026-08-18,2026-08-19,2,Đã trả kết quả,Trễ hạn,2.0
HS2026002014,2026-08-09,8,3,Phường Long Phú,Tư pháp - Hộ tịch,Cấp phiếu lý lịch tư pháp số 1,Trực tuyến,10,6,2026-08-19,2026-08-15,0,Đã trả kết quả,Đúng hạn,4.0
HS2026002015,2026-08-09,8,3,Phường Long Phú,Đất đai - Tài nguyên,Cấp giấy chứng nhận quyền sử dụng đất,Trực tiếp,30,30,2026-09-08,2026-09-08,0,Đã trả kết quả,Đúng hạn,5.0
HS2026002016,2026-08-09,8,3,Xã Tân Phước,Lao động - Xã hội,"Xác nhận hộ nghèo, cận nghèo",Trực tiếp,5,4,2026-08-14,2026-08-13,0,Đã trả kết quả,Đúng hạn,5.0
HS2026002017,2026-08-09,8,3,Xã Nam Hải,Tư pháp - Hộ tịch,Cấp phiếu lý lịch tư pháp số 1,Trực tuyến,10,14,2026-08-19,2026-08-23,2,Đã trả kết quả,Trễ hạn,2.0
HS2026002018,2026-08-09,8,3,Phường Long Phú,Tư pháp - Hộ tịch,Chứng thực bản sao từ bản chính,Trực tiếp,1,2,2026-08-10,2026-08-11,0,Đã trả kết quả,Trễ hạn,4.0
HS2026002019,2026-08-09,8,3,Phường Hoà Lạc,Kinh tế - Đăng ký KD,Đăng ký hộ kinh doanh,Trực tuyến,3,2,2026-08-12,2026-08-11,0,Đã trả kết quả,Đúng hạn,5.0
HS2026002020,2026-08-09,8,3,Xã Mỹ Trạch,Lao động - Xã hội,"Xác nhận hộ nghèo, cận nghèo",Trực tuyến,5,4,2026-08-14,2026-08-13,0,Đã trả kết quả,Đúng hạn,5.0
HS2026002021,2026-08-09,8,3,Phường Bình Minh,Kinh tế - Đăng ký KD,Đăng ký hộ kinh doanh,Trực tuyến,3,2,2026-08-12,2026-08-11,0,Đã trả kết quả,Đúng hạn,5.0
HS2026002022,2026-08-09,8,3,Xã Tân Phước,Đất đai - Tài nguyên,Cấp giấy chứng nhận quyền sử dụng đất,Trực tuyến,30,15,2026-09-08,2026-08-24,0,Đã trả kết quả,Đúng hạn,5.0
HS2026002023,2026-08-09,8,3,Xã Nam Hải,Tư pháp - Hộ tịch,Chứng thực bản sao từ bản chính,Trực tiếp,1,1,2026-08-10,2026-08-10,0,Đã trả kết quả,Đúng hạn,5.0
HS2026002024,2026-08-10,8,3,Xã Tân Phước,Tư pháp - Hộ tịch,Cấp bản sao trích lục hộ tịch,Trực tuyến,1,1,2026-08-11,2026-08-11,0,Đã trả kết quả,Đúng hạn,5.0
HS2026002025,2026-08-10,8,3,Phường Kim Sơn,Tư pháp - Hộ tịch,Chứng thực bản sao từ bản chính,Trực tuyến,1,1,2026-08-11,2026-08-11,0,Đã trả kết quả,Đúng hạn,5.0
HS2026002026,2026-08-10,8,3,Phường Long Phú,Tư pháp - Hộ tịch,Cấp phiếu lý lịch tư pháp số 1,Trực tiếp,10,9,2026-08-20,2026-08-19,0,Đã trả kết quả,Đúng hạn,5.0
HS2026002027,2026-08-10,8,3,Phường An Thịnh,Xây dựng - Đô thị,Cấp giấy phép xây dựng nhà ở riêng lẻ,Trực tuyến,15,7,2026-08-25,2026-08-17,0,Đã trả kết quả,Đúng hạn,5.0
HS2026002028,2026-08-10,8,3,Phường Hoà Lạc,Tư pháp - Hộ tịch,Đăng ký khai tử,Trực tiếp,3,2,2026-08-13,2026-08-12,0,Đã trả kết quả,Đúng hạn,5.0
HS2026002029,2026-08-10,8,3,Phường Kim Sơn,Kinh tế - Đăng ký KD,Đăng ký hộ kinh doanh,Trực tuyến,3,8,2026-08-13,2026-08-18,2,Đã trả kết quả,Trễ hạn,2.0
HS2026002030,2026-08-10,8,3,Phường Bình Minh,Lao động - Xã hội,"Xác nhận hộ nghèo, cận nghèo",Trực tuyến,5,4,2026-08-15,2026-08-14,0,Đã trả kết quả,Đúng hạn,5.0
HS2026002031,2026-08-10,8,3,Phường An Thịnh,Tư pháp - Hộ tịch,Chứng thực bản sao từ bản chính,Bưu chính công ích,1,1,2026-08-11,2026-08-11,0,Đã trả kết quả,Đúng hạn,5.0
HS2026002032,2026-08-10,8,3,Phường Hoà Lạc,Tư pháp - Hộ tịch,Cấp bản sao trích lục hộ tịch,Trực tuyến,1,1,2026-08-11,2026-08-11,0,Đã trả kết quả,Đúng hạn,5.0
HS2026002033,2026-08-10,8,3,Phường Hoà Lạc,Tư pháp - Hộ tịch,Cấp phiếu lý lịch tư pháp số 1,Trực tiếp,10,6,2026-08-20,2026-08-16,0,Đã trả kết quả,Đúng hạn,4.0
HS2026002034,2026-08-10,8,3,Phường Long Phú,Tư pháp - Hộ tịch,Cấp bản sao trích lục hộ tịch,Trực tuyến,1,7,2026-08-11,2026-08-17,2,Đã trả kết quả,Trễ hạn,3.0
HS2026002035,2026-08-10,8,3,Xã Mỹ Trạch,Đất đai - Tài nguyên,Cấp giấy chứng nhận quyền sử dụng đất,Trực tiếp,30,19,2026-09-09,2026-08-29,0,Đã trả kết quả,Đúng hạn,5.0
HS2026002036,2026-08-10,8,3,Phường Long Phú,Xây dựng - Đô thị,Cấp giấy phép xây dựng nhà ở riêng lẻ,Trực tuyến,15,15,2026-08-25,2026-08-25,0,Đã trả kết quả,Đúng hạn,5.0
HS2026002037,2026-08-10,8,3,Phường Hoà Lạc,Tư pháp - Hộ tịch,Cấp bản sao trích lục hộ tịch,Trực tuyến,1,3,2026-08-11,2026-08-13,1,Đã trả kết quả,Trễ hạn,2.0
HS2026002038,2026-08-10,8,3,Xã Nam Hải,Đất đai - Tài nguyên,Đăng ký biến động đất đai,Trực tiếp,10,15,2026-08-20,2026-08-25,2,Đã trả kết quả,Trễ hạn,2.0
HS2026002039,2026-08-11,8,3,Phường Bình Minh,Đất đai - Tài nguyên,Đăng ký biến động đất đai,Trực tiếp,10,12,2026-08-21,2026-08-23,2,Đã trả kết quả,Trễ hạn,3.0
HS2026002040,2026-08-11,8,3,Xã Mỹ Trạch,Kinh tế - Đăng ký KD,Đăng ký hộ kinh doanh,Trực tuyến,3,5,2026-08-14,2026-08-16,1,Đã trả kết quả,Trễ hạn,2.0
HS2026002041,2026-08-11,8,3,Phường An Thịnh,Tư pháp - Hộ tịch,Cấp bản sao trích lục hộ tịch,Trực tuyến,1,6,2026-08-12,2026-08-17,2,Đã trả kết quả,Trễ hạn,2.0
HS2026002042,2026-08-11,8,3,Phường Hoà Lạc,Tư pháp - Hộ tịch,Đăng ký khai tử,Trực tiếp,3,2,2026-08-14,2026-08-13,0,Đã trả kết quả,Đúng hạn,5.0
HS2026002043,2026-08-11,8,3,Xã Tân Phước,Tư pháp - Hộ tịch,Đăng ký khai sinh,Trực tuyến,3,3,2026-08-14,2026-08-14,0,Đã trả kết quả,Đúng hạn,5.0
HS2026002044,2026-08-11,8,3,Phường Long Phú,Tư pháp - Hộ tịch,Đăng ký kết hôn,Trực tuyến,3,6,2026-08-14,2026-08-17,2,Đã trả kết quả,Trễ hạn,2.0
HS2026002045,2026-08-11,8,3,Phường Bình Minh,Tư pháp - Hộ tịch,Đăng ký kết hôn,Trực tuyến,3,2,2026-08-14,2026-08-13,0,Đã trả kết quả,Đúng hạn,5.0
HS2026002046,2026-08-11,8,3,Xã Nam Hải,Đất đai - Tài nguyên,Đăng ký biến động đất đai,Trực tiếp,10,8,2026-08-21,2026-08-19,0,Đã trả kết quả,Đúng hạn,5.0
HS2026002047,2026-08-11,8,3,Phường An Thịnh,Tư pháp - Hộ tịch,Đăng ký khai sinh,Trực tuyến,3,2,2026-08-14,2026-08-13,0,Đã trả kết quả,Đúng hạn,5.0
HS2026002048,2026-08-12,8,3,Xã Nam Hải,Tư pháp - Hộ tịch,Cấp phiếu lý lịch tư pháp số 1,Trực tuyến,10,9,2026-08-22,2026-08-21,0,Đã trả kết quả,Đúng hạn,5.0
HS2026002049,2026-08-12,8,3,Xã Tân Phước,Tư pháp - Hộ tịch,Đăng ký khai sinh,Trực tuyến,3,2,2026-08-15,2026-08-14,0,Đã trả kết quả,Đúng hạn,5.0
HS2026002050,2026-08-12,8,3,Phường Bình Minh,Tư pháp - Hộ tịch,Cấp bản sao trích lục hộ tịch,Trực tuyến,1,1,2026-08-13,2026-08-13,0,Đã trả kết quả,Đúng hạn,5.0
HS2026002051,2026-08-12,8,3,Phường Hoà Lạc,Tư pháp - Hộ tịch,Cấp phiếu lý lịch tư pháp số 1,Trực tuyến,10,8,2026-08-22,2026-08-20,2,Đã trả kết quả,Đúng hạn,5.0
HS2026002052,2026-08-12,8,3,Phường Hoà Lạc,Kinh tế - Đăng ký KD,Đăng ký hộ kinh doanh,Trực tuyến,3,3,2026-08-15,2026-08-15,0,Đã trả kết quả,Đúng hạn,5.0
HS2026002053,2026-08-12,8,3,Phường Bình Minh,Đất đai - Tài nguyên,Đăng ký biến động đất đai,Trực tiếp,10,9,2026-08-22,2026-08-21,0,Đã trả kết quả,Đúng hạn,5.0
HS2026002054,2026-08-12,8,3,Phường Kim Sơn,Tư pháp - Hộ tịch,Đăng ký kết hôn,Trực tuyến,3,2,2026-08-15,2026-08-14,0,Đã trả kết quả,Đúng hạn,5.0
HS2026002055,2026-08-12,8,3,Xã Mỹ Trạch,Xây dựng - Đô thị,Cấp giấy phép xây dựng nhà ở riêng lẻ,Trực tuyến,15,12,2026-08-27,2026-08-24,0,Đã trả kết quả,Đúng hạn,5.0
HS2026002056,2026-08-12,8,3,Xã Mỹ Trạch,Tư pháp - Hộ tịch,Đăng ký khai sinh,Trực tuyến,3,2,2026-08-15,2026-08-14,0,Đã trả kết quả,Đúng hạn,4.0
HS2026002057,2026-08-12,8,3,Phường Kim Sơn,Tư pháp - Hộ tịch,Cấp bản sao trích lục hộ tịch,Trực tuyến,1,1,2026-08-13,2026-08-13,0,Đã trả kết quả,Đúng hạn,4.0
HS2026002058,2026-08-12,8,3,Phường Long Phú,Tư pháp - Hộ tịch,Chứng thực bản sao từ bản chính,Trực tiếp,1,1,2026-08-13,2026-08-13,0,Đã trả kết quả,Đúng hạn,5.0
HS2026002059,2026-08-12,8,3,Phường Bình Minh,Tư pháp - Hộ tịch,Cấp bản sao trích lục hộ tịch,Trực tuyến,1,1,2026-08-13,2026-08-13,0,Đã trả kết quả,Đúng hạn,5.0
HS2026002060,2026-08-12,8,3,Phường An Thịnh,Lao động - Xã hội,Trợ cấp xã hội hằng tháng,Trực tiếp,20,13,2026-09-01,2026-08-25,0,Đã trả kết quả,Đúng hạn,5.0
HS2026002061,2026-08-13,8,3,Xã Mỹ Trạch,Tư pháp - Hộ tịch,Cấp bản sao trích lục hộ tịch,Trực tiếp,1,7,2026-08-14,2026-08-20,2,Đã trả kết quả,Trễ hạn,2.0
HS2026002062,2026-08-13,8,3,Phường Bình Minh,Xây dựng - Đô thị,Cấp giấy phép xây dựng nhà ở riêng lẻ,Trực tiếp,15,10,2026-08-28,2026-08-23,1,Đã trả kết quả,Đúng hạn,5.0
HS2026002063,2026-08-13,8,3,Phường An Thịnh,Tư pháp - Hộ tịch,Đăng ký kết hôn,Trực tiếp,3,7,2026-08-16,2026-08-20,2,Đã trả kết quả,Trễ hạn,2.0
HS2026002064,2026-08-13,8,3,Phường Kim Sơn,Tư pháp - Hộ tịch,Đăng ký khai tử,Trực tiếp,3,5,2026-08-16,2026-08-18,1,Đã trả kết quả,Trễ hạn,2.0
HS2026002065,2026-08-13,8,3,Xã Nam Hải,Lao động - Xã hội,Trợ cấp xã hội hằng tháng,Trực tuyến,20,13,2026-09-02,2026-08-26,0,Đã trả kết quả,Đúng hạn,5.0
HS2026002066,2026-08-13,8,3,Xã Mỹ Trạch,Tư pháp - Hộ tịch,Cấp bản sao trích lục hộ tịch,Trực tuyến,1,3,2026-08-14,2026-08-16,1,Đã trả kết quả,Trễ hạn,4.0
HS2026002067,2026-08-13,8,3,Phường Hoà Lạc,Tư pháp - Hộ tịch,Đăng ký khai tử,Trực tiếp,3,2,2026-08-16,2026-08-15,0,Đã trả kết quả,Đúng hạn,4.0
HS2026002068,2026-08-13,8,3,Phường Bình Minh,Tư pháp - Hộ tịch,Chứng thực bản sao từ bản chính,Trực tiếp,1,1,2026-08-14,2026-08-14,0,Đã trả kết quả,Đúng hạn,5.0
HS2026002069,2026-08-13,8,3,Xã Mỹ Trạch,Tư pháp - Hộ tịch,Chứng thực bản sao từ bản chính,Trực tuyến,1,5,2026-08-14,2026-08-18,2,Đã trả kết quả,Trễ hạn,2.0
HS2026002070,2026-08-13,8,3,Phường Long Phú,Tư pháp - Hộ tịch,Chứng thực bản sao từ bản chính,Trực tiếp,1,1,2026-08-14,2026-08-14,0,Đã trả kết quả,Đúng hạn,5.0
HS2026002071,2026-08-13,8,3,Xã Nam Hải,Tư pháp - Hộ tịch,Chứng thực bản sao từ bản chính,Trực tiếp,1,2,2026-08-14,2026-08-15,0,Đã trả kết quả,Trễ hạn,4.0
HS2026002072,2026-08-14,8,3,Phường Kim Sơn,Tư pháp - Hộ tịch,Cấp phiếu lý lịch tư pháp số 1,Trực tuyến,10,8,2026-08-24,2026-08-22,0,Đã trả kết quả,Đúng hạn,4.0
HS2026002073,2026-08-14,8,3,Phường Long Phú,Tư pháp - Hộ tịch,Cấp phiếu lý lịch tư pháp số 1,Trực tuyến,10,10,2026-08-24,2026-08-24,0,Đã trả kết quả,Đúng hạn,4.0
HS2026002074,2026-08-14,8,3,Xã Nam Hải,Lao động - Xã hội,Trợ cấp xã hội hằng tháng,Trực tiếp,20,25,2026-09-03,2026-09-08,2,Đã trả kết quả,Trễ hạn,2.0
HS2026002075,2026-08-14,8,3,Xã Nam Hải,Tư pháp - Hộ tịch,Chứng thực bản sao từ bản chính,Trực tiếp,1,1,2026-08-15,2026-08-15,0,Đã trả kết quả,Đúng hạn,5.0
HS2026002076,2026-08-14,8,3,Phường An Thịnh,Tư pháp - Hộ tịch,Cấp phiếu lý lịch tư pháp số 1,Trực tuyến,10,4,2026-08-24,2026-08-18,0,Đã trả kết quả,Đúng hạn,5.0
HS2026002077,2026-08-14,8,3,Xã Mỹ Trạch,Đất đai - Tài nguyên,Đăng ký biến động đất đai,Trực tuyến,10,5,2026-08-24,2026-08-19,0,Đã trả kết quả,Đúng hạn,5.0
HS2026002078,2026-08-14,8,3,Phường Kim Sơn,Đất đai - Tài nguyên,Đăng ký biến động đất đai,Trực tuyến,10,7,2026-08-24,2026-08-21,0,Đã trả kết quả,Đúng hạn,4.0
HS2026002079,2026-08-14,8,3,Phường An Thịnh,Tư pháp - Hộ tịch,Đăng ký khai sinh,Trực tiếp,3,2,2026-08-17,2026-08-16,0,Đã trả kết quả,Đúng hạn,5.0
HS2026002080,2026-08-14,8,3,Phường An Thịnh,Tư pháp - Hộ tịch,Đăng ký kết hôn,Trực tuyến,3,2,2026-08-17,2026-08-16,0,Đã trả kết quả,Đúng hạn,5.0
HS2026002081,2026-08-14,8,3,Xã Tân Phước,Lao động - Xã hội,"Xác nhận hộ nghèo, cận nghèo",Trực tuyến,5,4,2026-08-19,2026-08-18,0,Đã trả kết quả,Đúng hạn,5.0
HS2026002082,2026-08-15,8,3,Phường Long Phú,Tư pháp - Hộ tịch,Đăng ký khai tử,Trực tiếp,3,4,2026-08-18,2026-08-19,0,Đã trả kết quả,Trễ hạn,3.0
HS2026002083,2026-08-15,8,3,Xã Tân Phước,Tư pháp - Hộ tịch,Chứng thực bản sao từ bản chính,Trực tiếp,1,1,2026-08-16,2026-08-16,0,Đã trả kết quả,Đúng hạn,5.0
HS2026002084,2026-08-15,8,3,Phường Hoà Lạc,Tư pháp - Hộ tịch,Đăng ký kết hôn,Trực tiếp,3,3,2026-08-18,2026-08-18,0,Đã trả kết quả,Đúng hạn,5.0
HS2026002085,2026-08-15,8,3,Xã Tân Phước,Tư pháp - Hộ tịch,Cấp phiếu lý lịch tư pháp số 1,Trực tuyến,10,6,2026-08-25,2026-08-21,0,Đã trả kết quả,Đúng hạn,5.0
HS2026002086,2026-08-15,8,3,Phường Bình Minh,Tư pháp - Hộ tịch,Chứng thực bản sao từ bản chính,Trực tiếp,1,1,2026-08-16,2026-08-16,0,Đã trả kết quả,Đúng hạn,5.0
HS2026002087,2026-08-15,8,3,Xã Nam Hải,Tư pháp - Hộ tịch,Đăng ký kết hôn,Bưu chính công ích,3,4,2026-08-18,2026-08-19,0,Đã trả kết quả,Trễ hạn,3.0
HS2026002088,2026-08-15,8,3,Xã Nam Hải,Tư pháp - Hộ tịch,Đăng ký kết hôn,Bưu chính công ích,3,3,2026-08-18,2026-08-18,0,Đã trả kết quả,Đúng hạn,5.0
HS2026002089,2026-08-15,8,3,Phường An Thịnh,Tư pháp - Hộ tịch,Cấp phiếu lý lịch tư pháp số 1,Trực tuyến,10,5,2026-08-25,2026-08-20,0,Đã trả kết quả,Đúng hạn,5.0
HS2026002090,2026-08-15,8,3,Phường Kim Sơn,Kinh tế - Đăng ký KD,Đăng ký hộ kinh doanh,Trực tuyến,3,2,2026-08-18,2026-08-17,0,Đã trả kết quả,Đúng hạn,4.0
HS2026002091,2026-08-15,8,3,Phường Kim Sơn,Tư pháp - Hộ tịch,Đăng ký kết hôn,Trực tiếp,3,2,2026-08-18,2026-08-17,0,Đã trả kết quả,Đúng hạn,5.0
HS2026002092,2026-08-15,8,3,Xã Tân Phước,Tư pháp - Hộ tịch,Đăng ký khai sinh,Trực tuyến,3,3,2026-08-18,2026-08-18,0,Đã trả kết quả,Đúng hạn,4.0
HS2026002093,2026-08-15,8,3,Phường Hoà Lạc,Tư pháp - Hộ tịch,Đăng ký khai sinh,Trực tuyến,3,8,2026-08-18,2026-08-23,2,Đã trả kết quả,Trễ hạn,3.0
HS2026002094,2026-08-15,8,3,Phường Long Phú,Tư pháp - Hộ tịch,Cấp phiếu lý lịch tư pháp số 1,Trực tuyến,10,8,2026-08-25,2026-08-23,0,Đã trả kết quả,Đúng hạn,5.0
HS2026002095,2026-08-16,8,3,Phường Hoà Lạc,Tư pháp - Hộ tịch,Cấp phiếu lý lịch tư pháp số 1,Trực tuyến,10,8,2026-08-26,2026-08-24,0,Đã trả kết quả,Đúng hạn,5.0
HS2026002096,2026-08-16,8,3,Phường Hoà Lạc,Tư pháp - Hộ tịch,Đăng ký khai sinh,Bưu chính công ích,3,3,2026-08-19,2026-08-19,0,Đã trả kết quả,Đúng hạn,5.0
HS2026002097,2026-08-16,8,3,Xã Nam Hải,Lao động - Xã hội,Trợ cấp xã hội hằng tháng,Bưu chính công ích,20,18,2026-09-05,2026-09-03,0,Đã trả kết quả,Đúng hạn,5.0
HS2026002098,2026-08-16,8,3,Phường An Thịnh,Đất đai - Tài nguyên,Đăng ký biến động đất đai,Trực tiếp,10,9,2026-08-26,2026-08-25,0,Đã trả kết quả,Đúng hạn,5.0
HS2026002099,2026-08-16,8,3,Phường An Thịnh,Xây dựng - Đô thị,Cấp giấy phép xây dựng nhà ở riêng lẻ,Trực tiếp,15,9,2026-08-31,2026-08-25,0,Đã trả kết quả,Đúng hạn,4.0
HS2026002100,2026-08-16,8,3,Xã Mỹ Trạch,Tư pháp - Hộ tịch,Đăng ký khai sinh,Trực tuyến,3,3,2026-08-19,2026-08-19,0,Đã trả kết quả,Đúng hạn,5.0
HS2026002101,2026-08-16,8,3,Phường Hoà Lạc,Xây dựng - Đô thị,Cấp giấy phép xây dựng nhà ở riêng lẻ,Trực tiếp,15,16,2026-08-31,2026-09-01,2,Đã trả kết quả,Trễ hạn,2.0
HS2026002102,2026-08-16,8,3,Xã Nam Hải,Kinh tế - Đăng ký KD,Đăng ký hộ kinh doanh,Trực tuyến,3,2,2026-08-19,2026-08-18,0,Đã trả kết quả,Đúng hạn,5.0
HS2026002103,2026-08-16,8,3,Phường Bình Minh,Tư pháp - Hộ tịch,Cấp phiếu lý lịch tư pháp số 1,Trực tuyến,10,6,2026-08-26,2026-08-22,0,Đã trả kết quả,Đúng hạn,5.0
HS2026002104,2026-08-16,8,3,Xã Mỹ Trạch,Tư pháp - Hộ tịch,Cấp phiếu lý lịch tư pháp số 1,Bưu chính công ích,10,8,2026-08-26,2026-08-24,1,Đã trả kết quả,Đúng hạn,4.0
HS2026002105,2026-08-16,8,3,Phường Long Phú,Tư pháp - Hộ tịch,Đăng ký khai sinh,Trực tiếp,3,3,2026-08-19,2026-08-19,0,Đã trả kết quả,Đúng hạn,5.0
HS2026002106,2026-08-16,8,3,Phường Hoà Lạc,Lao động - Xã hội,Trợ cấp xã hội hằng tháng,Bưu chính công ích,20,16,2026-09-05,2026-09-01,0,Đã trả kết quả,Đúng hạn,5.0
HS2026002107,2026-08-16,8,3,Phường An Thịnh,Tư pháp - Hộ tịch,Đăng ký kết hôn,Trực tiếp,3,9,2026-08-19,2026-08-25,2,Đã trả kết quả,Trễ hạn,3.0
HS2026002108,2026-08-16,8,3,Phường Bình Minh,Tư pháp - Hộ tịch,Đăng ký khai sinh,Trực tuyến,3,2,2026-08-19,2026-08-18,0,Đã trả kết quả,Đúng hạn,5.0
HS2026002109,2026-08-16,8,3,Phường Bình Minh,Tư pháp - Hộ tịch,Đăng ký khai sinh,Trực tuyến,3,9,2026-08-19,2026-08-25,2,Đã trả kết quả,Trễ hạn,1.0
HS2026002110,2026-08-16,8,3,Phường Bình Minh,Tư pháp - Hộ tịch,Đăng ký kết hôn,Trực tiếp,3,3,2026-08-19,2026-08-19,0,Đã trả kết quả,Đúng hạn,5.0
HS2026002111,2026-08-16,8,3,Phường Hoà Lạc,Tư pháp - Hộ tịch,Đăng ký khai sinh,Bưu chính công ích,3,3,2026-08-19,2026-08-19,0,Đã trả kết quả,Đúng hạn,5.0
HS2026002112,2026-08-16,8,3,Xã Nam Hải,Kinh tế - Đăng ký KD,Đăng ký hộ kinh doanh,Trực tiếp,3,4,2026-08-19,2026-08-20,0,Đã trả kết quả,Trễ hạn,3.0
HS2026002113,2026-08-17,8,3,Phường An Thịnh,Đất đai - Tài nguyên,Cấp giấy chứng nhận quyền sử dụng đất,Trực tuyến,30,16,2026-09-16,2026-09-02,0,Đã trả kết quả,Đúng hạn,5.0
HS2026002114,2026-08-17,8,3,Xã Mỹ Trạch,Đất đai - Tài nguyên,Cấp giấy chứng nhận quyền sử dụng đất,Trực tiếp,30,28,2026-09-16,2026-09-14,0,Đã trả kết quả,Đúng hạn,5.0
HS2026002115,2026-08-17,8,3,Xã Tân Phước,Đất đai - Tài nguyên,Đăng ký biến động đất đai,Trực tiếp,10,8,2026-08-27,2026-08-25,0,Đã trả kết quả,Đúng hạn,5.0
HS2026002116,2026-08-17,8,3,Phường Long Phú,Tư pháp - Hộ tịch,Cấp bản sao trích lục hộ tịch,Trực tuyến,1,1,2026-08-18,2026-08-18,0,Đã trả kết quả,Đúng hạn,5.0
HS2026002117,2026-08-17,8,3,Phường An Thịnh,Xây dựng - Đô thị,Cấp giấy phép xây dựng nhà ở riêng lẻ,Bưu chính công ích,15,11,2026-09-01,2026-08-28,0,Đã trả kết quả,Đúng hạn,5.0
HS2026002118,2026-08-17,8,3,Phường Bình Minh,Tư pháp - Hộ tịch,Cấp bản sao trích lục hộ tịch,Trực tuyến,1,1,2026-08-18,2026-08-18,0,Đã trả kết quả,Đúng hạn,5.0
HS2026002119,2026-08-17,8,3,Phường An Thịnh,Tư pháp - Hộ tịch,Cấp phiếu lý lịch tư pháp số 1,Trực tuyến,10,5,2026-08-27,2026-08-22,0,Đã trả kết quả,Đúng hạn,4.0
HS2026002120,2026-08-17,8,3,Phường Kim Sơn,Đất đai - Tài nguyên,Đăng ký biến động đất đai,Trực tuyến,10,8,2026-08-27,2026-08-25,1,Đã trả kết quả,Đúng hạn,4.0
HS2026002121,2026-08-17,8,3,Xã Mỹ Trạch,Kinh tế - Đăng ký KD,Đăng ký hộ kinh doanh,Trực tuyến,3,2,2026-08-20,2026-08-19,0,Đã trả kết quả,Đúng hạn,5.0
HS2026002122,2026-08-17,8,3,Phường An Thịnh,Đất đai - Tài nguyên,Đăng ký biến động đất đai,Trực tuyến,10,7,2026-08-27,2026-08-24,0,Đã trả kết quả,Đúng hạn,5.0
HS2026002123,2026-08-17,8,3,Xã Nam Hải,Tư pháp - Hộ tịch,Cấp phiếu lý lịch tư pháp số 1,Trực tuyến,10,8,2026-08-27,2026-08-25,0,Đã trả kết quả,Đúng hạn,5.0
HS2026002124,2026-08-17,8,3,Phường An Thịnh,Tư pháp - Hộ tịch,Cấp phiếu lý lịch tư pháp số 1,Trực tuyến,10,7,2026-08-27,2026-08-24,0,Đã trả kết quả,Đúng hạn,4.0
HS2026002125,2026-08-17,8,3,Phường Kim Sơn,Tư pháp - Hộ tịch,Chứng thực bản sao từ bản chính,Trực tiếp,1,1,2026-08-18,2026-08-18,0,Đã trả kết quả,Đúng hạn,5.0
HS2026002126,2026-08-17,8,3,Xã Tân Phước,Kinh tế - Đăng ký KD,Đăng ký hộ kinh doanh,Trực tuyến,3,3,2026-08-20,2026-08-20,0,Đã trả kết quả,Đúng hạn,5.0
HS2026002127,2026-08-17,8,3,Phường Kim Sơn,Lao động - Xã hội,"Xác nhận hộ nghèo, cận nghèo",Trực tiếp,5,5,2026-08-22,2026-08-22,0,Đã trả kết quả,Đúng hạn,5.0
HS2026002128,2026-08-18,8,3,Xã Tân Phước,Tư pháp - Hộ tịch,Đăng ký khai sinh,Trực tuyến,3,2,2026-08-21,2026-08-20,0,Đã trả kết quả,Đúng hạn,4.0
HS2026002129,2026-08-18,8,3,Phường Hoà Lạc,Đất đai - Tài nguyên,Đăng ký biến động đất đai,Trực tuyến,10,6,2026-08-28,2026-08-24,0,Đã trả kết quả,Đúng hạn,5.0
HS2026002130,2026-08-18,8,3,Phường Hoà Lạc,Tư pháp - Hộ tịch,Chứng thực bản sao từ bản chính,Trực tuyến,1,1,2026-08-19,2026-08-19,0,Đã trả kết quả,Đúng hạn,5.0
HS2026002131,2026-08-18,8,3,Phường An Thịnh,Tư pháp - Hộ tịch,Cấp bản sao trích lục hộ tịch,Trực tuyến,1,1,2026-08-19,2026-08-19,0,Đã trả kết quả,Đúng hạn,5.0
HS2026002132,2026-08-18,8,3,Xã Nam Hải,Kinh tế - Đăng ký KD,Đăng ký hộ kinh doanh,Trực tuyến,3,9,2026-08-21,2026-08-27,2,Đã trả kết quả,Trễ hạn,3.0
HS2026002133,2026-08-18,8,3,Phường Bình Minh,Đất đai - Tài nguyên,Đăng ký biến động đất đai,Bưu chính công ích,10,7,2026-08-28,2026-08-25,0,Đã trả kết quả,Đúng hạn,5.0
HS2026002134,2026-08-18,8,3,Phường Kim Sơn,Tư pháp - Hộ tịch,Đăng ký khai sinh,Trực tuyến,3,8,2026-08-21,2026-08-26,2,Đã trả kết quả,Trễ hạn,3.0
HS2026002135,2026-08-18,8,3,Phường Kim Sơn,Tư pháp - Hộ tịch,Chứng thực bản sao từ bản chính,Trực tiếp,1,1,2026-08-19,2026-08-19,0,Đã trả kết quả,Đúng hạn,5.0
HS2026002136,2026-08-18,8,3,Phường Bình Minh,Tư pháp - Hộ tịch,Đăng ký kết hôn,Trực tuyến,3,3,2026-08-21,2026-08-21,0,Đã trả kết quả,Đúng hạn,4.0
HS2026002137,2026-08-18,8,3,Phường Hoà Lạc,Tư pháp - Hộ tịch,Chứng thực bản sao từ bản chính,Trực tiếp,1,1,2026-08-19,2026-08-19,0,Đã trả kết quả,Đúng hạn,5.0
HS2026002138,2026-08-18,8,3,Phường Hoà Lạc,Tư pháp - Hộ tịch,Đăng ký khai tử,Trực tiếp,3,6,2026-08-21,2026-08-24,2,Đã trả kết quả,Trễ hạn,2.0
HS2026002139,2026-08-18,8,3,Phường Kim Sơn,Tư pháp - Hộ tịch,Đăng ký khai sinh,Trực tiếp,3,2,2026-08-21,2026-08-20,0,Đã trả kết quả,Đúng hạn,4.0
HS2026002140,2026-08-18,8,3,Phường An Thịnh,Kinh tế - Đăng ký KD,Đăng ký hộ kinh doanh,Trực tuyến,3,9,2026-08-21,2026-08-27,2,Đã trả kết quả,Trễ hạn,1.0
HS2026002141,2026-08-19,8,3,Phường Bình Minh,Tư pháp - Hộ tịch,Đăng ký khai sinh,Trực tuyến,3,4,2026-08-22,2026-08-23,1,Đã trả kết quả,Trễ hạn,2.0
HS2026002142,2026-08-19,8,3,Phường Long Phú,Đất đai - Tài nguyên,Đăng ký biến động đất đai,Trực tiếp,10,7,2026-08-29,2026-08-26,0,Đã trả kết quả,Đúng hạn,5.0
HS2026002143,2026-08-19,8,3,Phường Kim Sơn,Tư pháp - Hộ tịch,Cấp phiếu lý lịch tư pháp số 1,Trực tuyến,10,5,2026-08-29,2026-08-24,0,Đã trả kết quả,Đúng hạn,5.0
HS2026002144,2026-08-19,8,3,Xã Mỹ Trạch,Tư pháp - Hộ tịch,Cấp bản sao trích lục hộ tịch,Trực tuyến,1,8,2026-08-20,2026-08-27,2,Đã trả kết quả,Trễ hạn,2.0
HS2026002145,2026-08-19,8,3,Phường Hoà Lạc,Tư pháp - Hộ tịch,Đăng ký khai tử,Trực tiếp,3,6,2026-08-22,2026-08-25,1,Đã trả kết quả,Trễ hạn,3.0
HS2026002146,2026-08-19,8,3,Phường Long Phú,Tư pháp - Hộ tịch,Đăng ký kết hôn,Trực tiếp,3,7,2026-08-22,2026-08-26,2,Đã trả kết quả,Trễ hạn,2.0
HS2026002147,2026-08-19,8,3,Phường An Thịnh,Tư pháp - Hộ tịch,Cấp phiếu lý lịch tư pháp số 1,Trực tiếp,10,5,2026-08-29,2026-08-24,0,Đã trả kết quả,Đúng hạn,5.0
HS2026002148,2026-08-19,8,3,Phường An Thịnh,Đất đai - Tài nguyên,Đăng ký biến động đất đai,Trực tuyến,10,4,2026-08-29,2026-08-23,0,Đã trả kết quả,Đúng hạn,5.0
HS2026002149,2026-08-19,8,3,Phường Long Phú,Tư pháp - Hộ tịch,Đăng ký khai sinh,Trực tuyến,3,3,2026-08-22,2026-08-22,0,Đã trả kết quả,Đúng hạn,5.0
HS2026002150,2026-08-19,8,3,Phường Bình Minh,Tư pháp - Hộ tịch,Đăng ký khai sinh,Trực tuyến,3,2,2026-08-22,2026-08-21,0,Đã trả kết quả,Đúng hạn,4.0
HS2026002151,2026-08-19,8,3,Xã Tân Phước,Tư pháp - Hộ tịch,Đăng ký khai tử,Bưu chính công ích,3,5,2026-08-22,2026-08-24,1,Đã trả kết quả,Trễ hạn,3.0
HS2026002152,2026-08-20,8,3,Phường Hoà Lạc,Tư pháp - Hộ tịch,Đăng ký khai tử,Trực tiếp,3,2,2026-08-23,2026-08-22,0,Đã trả kết quả,Đúng hạn,4.0
HS2026002153,2026-08-20,8,3,Xã Tân Phước,Tư pháp - Hộ tịch,Cấp phiếu lý lịch tư pháp số 1,Trực tiếp,10,8,2026-08-30,2026-08-28,0,Đã trả kết quả,Đúng hạn,5.0
HS2026002154,2026-08-20,8,3,Phường Bình Minh,Tư pháp - Hộ tịch,Đăng ký khai sinh,Trực tuyến,3,6,2026-08-23,2026-08-26,2,Đã trả kết quả,Trễ hạn,2.0
HS2026002155,2026-08-20,8,3,Xã Tân Phước,Tư pháp - Hộ tịch,Chứng thực bản sao từ bản chính,Trực tiếp,1,1,2026-08-21,2026-08-21,0,Đã trả kết quả,Đúng hạn,5.0
HS2026002156,2026-08-20,8,3,Phường Kim Sơn,Tư pháp - Hộ tịch,Đăng ký khai sinh,Trực tuyến,3,3,2026-08-23,2026-08-23,0,Đã trả kết quả,Đúng hạn,5.0
HS2026002157,2026-08-20,8,3,Phường Hoà Lạc,Tư pháp - Hộ tịch,Đăng ký khai tử,Trực tiếp,3,3,2026-08-23,2026-08-23,0,Đã trả kết quả,Đúng hạn,5.0
HS2026002158,2026-08-20,8,3,Phường Long Phú,Lao động - Xã hội,Trợ cấp xã hội hằng tháng,Trực tiếp,20,25,2026-09-09,2026-09-14,0,Đã trả kết quả,Trễ hạn,3.0
HS2026002159,2026-08-20,8,3,Phường An Thịnh,Kinh tế - Đăng ký KD,Đăng ký hộ kinh doanh,Trực tiếp,3,2,2026-08-23,2026-08-22,0,Đã trả kết quả,Đúng hạn,5.0
HS2026002160,2026-08-21,8,3,Phường An Thịnh,Lao động - Xã hội,Trợ cấp xã hội hằng tháng,Trực tuyến,20,17,2026-09-10,2026-09-07,1,Đã trả kết quả,Đúng hạn,5.0
HS2026002161,2026-08-21,8,3,Phường Long Phú,Tư pháp - Hộ tịch,Cấp phiếu lý lịch tư pháp số 1,Trực tuyến,10,10,2026-08-31,2026-08-31,0,Đã trả kết quả,Đúng hạn,5.0
HS2026002162,2026-08-21,8,3,Xã Mỹ Trạch,Tư pháp - Hộ tịch,Đăng ký kết hôn,Trực tiếp,3,3,2026-08-24,2026-08-24,0,Đã trả kết quả,Đúng hạn,5.0
HS2026002163,2026-08-21,8,3,Phường Hoà Lạc,Tư pháp - Hộ tịch,Đăng ký khai sinh,Trực tiếp,3,3,2026-08-24,2026-08-24,0,Đã trả kết quả,Đúng hạn,5.0
HS2026002164,2026-08-21,8,3,Phường Long Phú,Tư pháp - Hộ tịch,Chứng thực bản sao từ bản chính,Trực tiếp,1,2,2026-08-22,2026-08-23,0,Đã trả kết quả,Trễ hạn,4.0
HS2026002165,2026-08-21,8,3,Phường Kim Sơn,Tư pháp - Hộ tịch,Cấp phiếu lý lịch tư pháp số 1,Trực tuyến,10,8,2026-08-31,2026-08-29,0,Đã trả kết quả,Đúng hạn,5.0
HS2026002166,2026-08-21,8,3,Phường Hoà Lạc,Tư pháp - Hộ tịch,Cấp phiếu lý lịch tư pháp số 1,Trực tuyến,10,5,2026-08-31,2026-08-26,0,Đã trả kết quả,Đúng hạn,5.0
HS2026002167,2026-08-21,8,3,Xã Mỹ Trạch,Tư pháp - Hộ tịch,Đăng ký kết hôn,Bưu chính công ích,3,5,2026-08-24,2026-08-26,1,Đã trả kết quả,Trễ hạn,2.0
HS2026002168,2026-08-21,8,3,Phường Hoà Lạc,Tư pháp - Hộ tịch,Chứng thực bản sao từ bản chính,Trực tiếp,1,4,2026-08-22,2026-08-25,2,Đã trả kết quả,Trễ hạn,3.0
HS2026002169,2026-08-22,8,3,Phường Kim Sơn,Tư pháp - Hộ tịch,Cấp phiếu lý lịch tư pháp số 1,Trực tiếp,10,6,2026-09-01,2026-08-28,0,Đã trả kết quả,Đúng hạn,5.0
HS2026002170,2026-08-22,8,3,Phường An Thịnh,Lao động - Xã hội,"Xác nhận hộ nghèo, cận nghèo",Trực tiếp,5,4,2026-08-27,2026-08-26,0,Đã trả kết quả,Đúng hạn,5.0
HS2026002171,2026-08-22,8,3,Xã Nam Hải,Đất đai - Tài nguyên,Đăng ký biến động đất đai,Trực tiếp,10,13,2026-09-01,2026-09-04,2,Đã trả kết quả,Trễ hạn,3.0
HS2026002172,2026-08-22,8,3,Phường An Thịnh,Tư pháp - Hộ tịch,Đăng ký kết hôn,Trực tiếp,3,2,2026-08-25,2026-08-24,0,Đã trả kết quả,Đúng hạn,5.0
HS2026002173,2026-08-22,8,3,Phường An Thịnh,Tư pháp - Hộ tịch,Đăng ký kết hôn,Trực tiếp,3,2,2026-08-25,2026-08-24,0,Đã trả kết quả,Đúng hạn,5.0
HS2026002174,2026-08-22,8,3,Phường An Thịnh,Tư pháp - Hộ tịch,Chứng thực bản sao từ bản chính,Trực tiếp,1,1,2026-08-23,2026-08-23,0,Đã trả kết quả,Đúng hạn,5.0
HS2026002175,2026-08-22,8,3,Phường Long Phú,Tư pháp - Hộ tịch,Đăng ký kết hôn,Trực tiếp,3,3,2026-08-25,2026-08-25,0,Đã trả kết quả,Đúng hạn,5.0
HS2026002176,2026-08-22,8,3,Xã Nam Hải,Xây dựng - Đô thị,Cấp giấy phép xây dựng nhà ở riêng lẻ,Trực tuyến,15,11,2026-09-06,2026-09-02,0,Đã trả kết quả,Đúng hạn,5.0
HS2026002177,2026-08-22,8,3,Phường Kim Sơn,Đất đai - Tài nguyên,Đăng ký biến động đất đai,Trực tiếp,10,7,2026-09-01,2026-08-29,0,Đã trả kết quả,Đúng hạn,5.0
HS2026002178,2026-08-22,8,3,Xã Tân Phước,Xây dựng - Đô thị,Cấp giấy phép xây dựng nhà ở riêng lẻ,Trực tiếp,15,11,2026-09-06,2026-09-02,0,Đã trả kết quả,Đúng hạn,5.0
HS2026002179,2026-08-23,8,3,Xã Tân Phước,Tư pháp - Hộ tịch,Cấp phiếu lý lịch tư pháp số 1,Trực tuyến,10,8,2026-09-02,2026-08-31,0,Đã trả kết quả,Đúng hạn,5.0
HS2026002180,2026-08-23,8,3,Phường Kim Sơn,Tư pháp - Hộ tịch,Cấp bản sao trích lục hộ tịch,Trực tiếp,1,4,2026-08-24,2026-08-27,1,Đã trả kết quả,Trễ hạn,3.0
HS2026002181,2026-08-23,8,3,Xã Tân Phước,Tư pháp - Hộ tịch,Đăng ký kết hôn,Trực tiếp,3,3,2026-08-26,2026-08-26,0,Đã trả kết quả,Đúng hạn,5.0
HS2026002182,2026-08-23,8,3,Phường Long Phú,Tư pháp - Hộ tịch,Cấp bản sao trích lục hộ tịch,Trực tiếp,1,2,2026-08-24,2026-08-25,0,Đã trả kết quả,Trễ hạn,4.0
HS2026002183,2026-08-23,8,3,Phường Bình Minh,Tư pháp - Hộ tịch,Cấp phiếu lý lịch tư pháp số 1,Trực tuyến,10,7,2026-09-02,2026-08-30,0,Đã trả kết quả,Đúng hạn,5.0
HS2026002184,2026-08-23,8,3,Xã Tân Phước,Đất đai - Tài nguyên,Đăng ký biến động đất đai,Bưu chính công ích,10,10,2026-09-02,2026-09-02,0,Đã trả kết quả,Đúng hạn,5.0
HS2026002185,2026-08-23,8,3,Phường An Thịnh,Tư pháp - Hộ tịch,Đăng ký kết hôn,Trực tuyến,3,2,2026-08-26,2026-08-25,0,Đã trả kết quả,Đúng hạn,5.0
HS2026002186,2026-08-23,8,3,Xã Tân Phước,Tư pháp - Hộ tịch,Cấp phiếu lý lịch tư pháp số 1,Trực tiếp,10,8,2026-09-02,2026-08-31,0,Đã trả kết quả,Đúng hạn,5.0
HS2026002187,2026-08-23,8,3,Phường Hoà Lạc,Xây dựng - Đô thị,Cấp giấy phép xây dựng nhà ở riêng lẻ,Trực tuyến,15,16,2026-09-07,2026-09-08,2,Đã trả kết quả,Trễ hạn,3.0
HS2026002188,2026-08-24,8,3,Phường An Thịnh,Lao động - Xã hội,Trợ cấp xã hội hằng tháng,Trực tiếp,20,12,2026-09-13,2026-09-05,0,Đã trả kết quả,Đúng hạn,5.0
HS2026002189,2026-08-24,8,3,Xã Mỹ Trạch,Tư pháp - Hộ tịch,Cấp bản sao trích lục hộ tịch,Trực tiếp,1,1,2026-08-25,2026-08-25,0,Đã trả kết quả,Đúng hạn,5.0
HS2026002190,2026-08-24,8,3,Xã Nam Hải,Tư pháp - Hộ tịch,Đăng ký khai sinh,Trực tuyến,3,3,2026-08-27,2026-08-27,0,Đã trả kết quả,Đúng hạn,5.0
HS2026002191,2026-08-24,8,3,Xã Nam Hải,Tư pháp - Hộ tịch,Đăng ký khai sinh,Trực tiếp,3,6,2026-08-27,2026-08-30,1,Đã trả kết quả,Trễ hạn,3.0
HS2026002192,2026-08-24,8,3,Xã Nam Hải,Tư pháp - Hộ tịch,Đăng ký khai sinh,Trực tiếp,3,7,2026-08-27,2026-08-31,2,Đã trả kết quả,Trễ hạn,3.0
HS2026002193,2026-08-24,8,3,Phường Kim Sơn,Tư pháp - Hộ tịch,Đăng ký khai tử,Trực tuyến,3,2,2026-08-27,2026-08-26,0,Đã trả kết quả,Đúng hạn,5.0
HS2026002194,2026-08-24,8,3,Xã Nam Hải,Tư pháp - Hộ tịch,Đăng ký kết hôn,Bưu chính công ích,3,3,2026-08-27,2026-08-27,0,Đã trả kết quả,Đúng hạn,5.0
HS2026002195,2026-08-24,8,3,Phường Kim Sơn,Lao động - Xã hội,Trợ cấp xã hội hằng tháng,Trực tiếp,20,17,2026-09-13,2026-09-10,1,Đã trả kết quả,Đúng hạn,3.0
HS2026002196,2026-08-24,8,3,Phường Hoà Lạc,Tư pháp - Hộ tịch,Đăng ký khai sinh,Trực tiếp,3,2,2026-08-27,2026-08-26,0,Đã trả kết quả,Đúng hạn,5.0
HS2026002197,2026-08-24,8,3,Phường Bình Minh,Tư pháp - Hộ tịch,Chứng thực bản sao từ bản chính,Trực tiếp,1,1,2026-08-25,2026-08-25,0,Đã trả kết quả,Đúng hạn,4.0
HS2026002198,2026-08-24,8,3,Phường Kim Sơn,Lao động - Xã hội,Trợ cấp xã hội hằng tháng,Trực tiếp,20,19,2026-09-13,2026-09-12,0,Đã trả kết quả,Đúng hạn,5.0
HS2026002199,2026-08-24,8,3,Xã Mỹ Trạch,Tư pháp - Hộ tịch,Chứng thực bản sao từ bản chính,Trực tuyến,1,1,2026-08-25,2026-08-25,0,Đã trả kết quả,Đúng hạn,5.0
HS2026002200,2026-08-25,8,3,Phường An Thịnh,Tư pháp - Hộ tịch,Cấp phiếu lý lịch tư pháp số 1,Trực tuyến,10,6,2026-09-04,2026-08-31,0,Đã trả kết quả,Đúng hạn,5.0
HS2026002201,2026-08-25,8,3,Phường Bình Minh,Tư pháp - Hộ tịch,Chứng thực bản sao từ bản chính,Trực tiếp,1,1,2026-08-26,2026-08-26,0,Đã trả kết quả,Đúng hạn,5.0
HS2026002202,2026-08-25,8,3,Phường Kim Sơn,Kinh tế - Đăng ký KD,Đăng ký hộ kinh doanh,Trực tuyến,3,2,2026-08-28,2026-08-27,0,Đã trả kết quả,Đúng hạn,5.0
HS2026002203,2026-08-25,8,3,Phường Kim Sơn,Tư pháp - Hộ tịch,Đăng ký kết hôn,Trực tuyến,3,2,2026-08-28,2026-08-27,0,Đã trả kết quả,Đúng hạn,4.0
HS2026002204,2026-08-25,8,3,Phường Kim Sơn,Lao động - Xã hội,Trợ cấp xã hội hằng tháng,Trực tiếp,20,16,2026-09-14,2026-09-10,0,Đã trả kết quả,Đúng hạn,5.0
HS2026002205,2026-08-25,8,3,Xã Tân Phước,Xây dựng - Đô thị,Cấp giấy phép xây dựng nhà ở riêng lẻ,Trực tuyến,15,9,2026-09-09,2026-09-03,0,Đã trả kết quả,Đúng hạn,4.0
HS2026002206,2026-08-25,8,3,Xã Nam Hải,Xây dựng - Đô thị,Cấp giấy phép xây dựng nhà ở riêng lẻ,Trực tiếp,15,10,2026-09-09,2026-09-04,0,Đã trả kết quả,Đúng hạn,5.0
HS2026002207,2026-08-25,8,3,Phường Hoà Lạc,Đất đai - Tài nguyên,Cấp giấy chứng nhận quyền sử dụng đất,Trực tiếp,30,30,2026-09-24,2026-09-24,0,Đã trả kết quả,Đúng hạn,5.0
HS2026002208,2026-08-26,8,3,Xã Nam Hải,Tư pháp - Hộ tịch,Đăng ký kết hôn,Trực tiếp,3,6,2026-08-29,2026-09-01,1,Đã trả kết quả,Trễ hạn,4.0
HS2026002209,2026-08-26,8,3,Phường An Thịnh,Tư pháp - Hộ tịch,Đăng ký khai sinh,Trực tiếp,3,3,2026-08-29,2026-08-29,0,Đã trả kết quả,Đúng hạn,5.0
HS2026002210,2026-08-26,8,3,Phường Hoà Lạc,Tư pháp - Hộ tịch,Đăng ký khai sinh,Trực tiếp,3,3,2026-08-29,2026-08-29,0,Đã trả kết quả,Đúng hạn,5.0
HS2026002211,2026-08-26,8,3,Phường Kim Sơn,Kinh tế - Đăng ký KD,Đăng ký hộ kinh doanh,Trực tuyến,3,3,2026-08-29,2026-08-29,0,Đã trả kết quả,Đúng hạn,5.0
HS2026002212,2026-08-26,8,3,Phường Kim Sơn,Tư pháp - Hộ tịch,Cấp phiếu lý lịch tư pháp số 1,Trực tuyến,10,6,2026-09-05,2026-09-01,0,Đã trả kết quả,Đúng hạn,5.0
HS2026002213,2026-08-26,8,3,Phường An Thịnh,Tư pháp - Hộ tịch,Đăng ký khai sinh,Trực tiếp,3,4,2026-08-29,2026-08-30,1,Đã trả kết quả,Trễ hạn,3.0
HS2026002214,2026-08-26,8,3,Phường An Thịnh,Tư pháp - Hộ tịch,Đăng ký khai sinh,Trực tuyến,3,2,2026-08-29,2026-08-28,0,Đã trả kết quả,Đúng hạn,5.0
HS2026002215,2026-08-26,8,3,Xã Tân Phước,Tư pháp - Hộ tịch,Đăng ký khai tử,Trực tiếp,3,2,2026-08-29,2026-08-28,0,Đã trả kết quả,Đúng hạn,5.0
HS2026002216,2026-08-26,8,3,Phường Kim Sơn,Tư pháp - Hộ tịch,Cấp phiếu lý lịch tư pháp số 1,Trực tiếp,10,6,2026-09-05,2026-09-01,0,Đã trả kết quả,Đúng hạn,5.0
HS2026002217,2026-08-26,8,3,Phường Kim Sơn,Đất đai - Tài nguyên,Đăng ký biến động đất đai,Trực tuyến,10,9,2026-09-05,2026-09-04,0,Đã trả kết quả,Đúng hạn,5.0
HS2026002218,2026-08-27,8,3,Phường Bình Minh,Tư pháp - Hộ tịch,Cấp bản sao trích lục hộ tịch,Bưu chính công ích,1,1,2026-08-28,2026-08-28,0,Đã trả kết quả,Đúng hạn,5.0
HS2026002219,2026-08-27,8,3,Phường Bình Minh,Tư pháp - Hộ tịch,Cấp bản sao trích lục hộ tịch,Trực tiếp,1,1,2026-08-28,2026-08-28,0,Đã trả kết quả,Đúng hạn,5.0
HS2026002220,2026-08-27,8,3,Xã Mỹ Trạch,Tư pháp - Hộ tịch,Đăng ký khai tử,Trực tuyến,3,2,2026-08-30,2026-08-29,0,Đã trả kết quả,Đúng hạn,5.0
HS2026002221,2026-08-27,8,3,Phường Bình Minh,Tư pháp - Hộ tịch,Đăng ký khai sinh,Trực tuyến,3,2,2026-08-30,2026-08-29,0,Đã trả kết quả,Đúng hạn,5.0
HS2026002222,2026-08-27,8,3,Phường Hoà Lạc,Tư pháp - Hộ tịch,Cấp phiếu lý lịch tư pháp số 1,Trực tuyến,10,5,2026-09-06,2026-09-01,0,Đã trả kết quả,Đúng hạn,5.0
HS2026002223,2026-08-27,8,3,Phường Kim Sơn,Lao động - Xã hội,"Xác nhận hộ nghèo, cận nghèo",Bưu chính công ích,5,3,2026-09-01,2026-08-30,0,Đã trả kết quả,Đúng hạn,5.0
HS2026002224,2026-08-27,8,3,Xã Nam Hải,Kinh tế - Đăng ký KD,Đăng ký hộ kinh doanh,Trực tuyến,3,2,2026-08-30,2026-08-29,0,Đã trả kết quả,Đúng hạn,4.0
HS2026002225,2026-08-27,8,3,Phường Hoà Lạc,Tư pháp - Hộ tịch,Đăng ký khai sinh,Trực tuyến,3,2,2026-08-30,2026-08-29,0,Đã trả kết quả,Đúng hạn,5.0
HS2026002226,2026-08-27,8,3,Xã Mỹ Trạch,Tư pháp - Hộ tịch,Đăng ký kết hôn,Bưu chính công ích,3,3,2026-08-30,2026-08-30,0,Đã trả kết quả,Đúng hạn,5.0
HS2026002227,2026-08-27,8,3,Phường Bình Minh,Tư pháp - Hộ tịch,Đăng ký khai sinh,Trực tiếp,3,2,2026-08-30,2026-08-29,0,Đã trả kết quả,Đúng hạn,5.0
HS2026002228,2026-08-27,8,3,Phường Bình Minh,Tư pháp - Hộ tịch,Đăng ký khai sinh,Trực tuyến,3,2,2026-08-30,2026-08-29,0,Đã trả kết quả,Đúng hạn,5.0
HS2026002229,2026-08-27,8,3,Phường Long Phú,Tư pháp - Hộ tịch,Chứng thực bản sao từ bản chính,Trực tiếp,1,4,2026-08-28,2026-08-31,1,Đã trả kết quả,Trễ hạn,5.0
HS2026002230,2026-08-27,8,3,Phường Long Phú,Tư pháp - Hộ tịch,Chứng thực bản sao từ bản chính,Trực tiếp,1,2,2026-08-28,2026-08-29,0,Đã trả kết quả,Trễ hạn,4.0
HS2026002231,2026-08-27,8,3,Xã Mỹ Trạch,Lao động - Xã hội,Trợ cấp xã hội hằng tháng,Trực tiếp,20,22,2026-09-16,2026-09-18,1,Đã trả kết quả,Trễ hạn,3.0
HS2026002232,2026-08-28,8,3,Phường An Thịnh,Tư pháp - Hộ tịch,Cấp phiếu lý lịch tư pháp số 1,Trực tiếp,10,6,2026-09-07,2026-09-03,0,Đã trả kết quả,Đúng hạn,5.0
HS2026002233,2026-08-28,8,3,Phường An Thịnh,Đất đai - Tài nguyên,Đăng ký biến động đất đai,Trực tiếp,10,5,2026-09-07,2026-09-02,0,Đã trả kết quả,Đúng hạn,5.0
HS2026002234,2026-08-28,8,3,Xã Tân Phước,Kinh tế - Đăng ký KD,Đăng ký hộ kinh doanh,Trực tuyến,3,2,2026-08-31,2026-08-30,0,Đã trả kết quả,Đúng hạn,5.0
HS2026002235,2026-08-28,8,3,Phường Long Phú,Tư pháp - Hộ tịch,Đăng ký khai tử,Trực tiếp,3,3,2026-08-31,2026-08-31,0,Đã trả kết quả,Đúng hạn,5.0
HS2026002236,2026-08-28,8,3,Phường Long Phú,Xây dựng - Đô thị,Cấp giấy phép xây dựng nhà ở riêng lẻ,Trực tuyến,15,13,2026-09-12,2026-09-10,0,Đã trả kết quả,Đúng hạn,5.0
HS2026002237,2026-08-28,8,3,Xã Nam Hải,Tư pháp - Hộ tịch,Cấp phiếu lý lịch tư pháp số 1,Trực tuyến,10,6,2026-09-07,2026-09-03,0,Đã trả kết quả,Đúng hạn,5.0
HS2026002238,2026-08-28,8,3,Phường Long Phú,Tư pháp - Hộ tịch,Cấp bản sao trích lục hộ tịch,Trực tuyến,1,1,2026-08-29,2026-08-29,0,Đã trả kết quả,Đúng hạn,4.0
HS2026002239,2026-08-28,8,3,Phường An Thịnh,Tư pháp - Hộ tịch,Đăng ký khai tử,Bưu chính công ích,3,4,2026-08-31,2026-09-01,1,Đã trả kết quả,Trễ hạn,3.0
HS2026002240,2026-08-28,8,3,Phường An Thịnh,Kinh tế - Đăng ký KD,Đăng ký hộ kinh doanh,Trực tiếp,3,3,2026-08-31,2026-08-31,0,Đã trả kết quả,Đúng hạn,5.0
HS2026002241,2026-08-28,8,3,Phường An Thịnh,Tư pháp - Hộ tịch,Đăng ký khai tử,Trực tuyến,3,7,2026-08-31,2026-09-04,2,Đã trả kết quả,Trễ hạn,3.0
HS2026002242,2026-08-28,8,3,Xã Nam Hải,Lao động - Xã hội,Trợ cấp xã hội hằng tháng,Trực tuyến,20,11,2026-09-17,2026-09-08,0,Đã trả kết quả,Đúng hạn,4.0
HS2026002243,2026-08-28,8,3,Phường Bình Minh,Tư pháp - Hộ tịch,Đăng ký kết hôn,Trực tiếp,3,3,2026-08-31,2026-08-31,0,Đã trả kết quả,Đúng hạn,5.0
HS2026002244,2026-08-29,8,3,Phường An Thịnh,Tư pháp - Hộ tịch,Đăng ký khai sinh,Trực tiếp,3,2,2026-09-01,2026-08-31,0,Đã trả kết quả,Đúng hạn,5.0
HS2026002245,2026-08-29,8,3,Phường Hoà Lạc,Đất đai - Tài nguyên,Đăng ký biến động đất đai,Trực tiếp,10,6,2026-09-08,2026-09-04,0,Đã trả kết quả,Đúng hạn,5.0
HS2026002246,2026-08-29,8,3,Phường Long Phú,Đất đai - Tài nguyên,Đăng ký biến động đất đai,Bưu chính công ích,10,9,2026-09-08,2026-09-07,0,Đã trả kết quả,Đúng hạn,5.0
HS2026002247,2026-08-29,8,3,Phường Hoà Lạc,Lao động - Xã hội,Trợ cấp xã hội hằng tháng,Trực tuyến,20,11,2026-09-18,2026-09-09,0,Đã trả kết quả,Đúng hạn,5.0
HS2026002248,2026-08-29,8,3,Phường Kim Sơn,Tư pháp - Hộ tịch,Chứng thực bản sao từ bản chính,Trực tuyến,1,1,2026-08-30,2026-08-30,0,Đã trả kết quả,Đúng hạn,5.0
HS2026002249,2026-08-29,8,3,Phường Long Phú,Đất đai - Tài nguyên,Cấp giấy chứng nhận quyền sử dụng đất,Bưu chính công ích,30,26,2026-09-28,2026-09-24,0,Đã trả kết quả,Đúng hạn,5.0
HS2026002250,2026-08-29,8,3,Phường Bình Minh,Tư pháp - Hộ tịch,Đăng ký khai sinh,Trực tuyến,3,6,2026-09-01,2026-09-04,2,Đã trả kết quả,Trễ hạn,3.0
HS2026002251,2026-08-29,8,3,Xã Nam Hải,Tư pháp - Hộ tịch,Đăng ký khai sinh,Trực tuyến,3,7,2026-09-01,2026-09-05,2,Đã trả kết quả,Trễ hạn,3.0
HS2026002252,2026-08-29,8,3,Phường Bình Minh,Đất đai - Tài nguyên,Đăng ký biến động đất đai,Trực tuyến,10,11,2026-09-08,2026-09-09,1,Đã trả kết quả,Trễ hạn,2.0
HS2026002253,2026-08-29,8,3,Phường Hoà Lạc,Lao động - Xã hội,"Xác nhận hộ nghèo, cận nghèo",Trực tiếp,5,4,2026-09-03,2026-09-02,0,Đã trả kết quả,Đúng hạn,4.0
HS2026002254,2026-08-29,8,3,Phường An Thịnh,Tư pháp - Hộ tịch,Cấp bản sao trích lục hộ tịch,Trực tiếp,1,1,2026-08-30,2026-08-30,0,Đã trả kết quả,Đúng hạn,5.0
HS2026002255,2026-08-29,8,3,Xã Tân Phước,Tư pháp - Hộ tịch,Cấp phiếu lý lịch tư pháp số 1,Trực tuyến,10,7,2026-09-08,2026-09-05,0,Đã trả kết quả,Đúng hạn,5.0
HS2026002256,2026-08-29,8,3,Xã Nam Hải,Kinh tế - Đăng ký KD,Đăng ký hộ kinh doanh,Trực tuyến,3,5,2026-09-01,2026-09-03,1,Đã trả kết quả,Trễ hạn,3.0
HS2026002257,2026-08-29,8,3,Phường Bình Minh,Tư pháp - Hộ tịch,Đăng ký kết hôn,Trực tuyến,3,2,2026-09-01,2026-08-31,0,Đã trả kết quả,Đúng hạn,5.0
HS2026002258,2026-08-29,8,3,Phường An Thịnh,Tư pháp - Hộ tịch,Đăng ký kết hôn,Trực tiếp,3,3,2026-09-01,2026-09-01,0,Đã trả kết quả,Đúng hạn,5.0
HS2026002259,2026-08-30,8,3,Xã Nam Hải,Tư pháp - Hộ tịch,Cấp phiếu lý lịch tư pháp số 1,Bưu chính công ích,10,8,2026-09-09,2026-09-07,0,Đã trả kết quả,Đúng hạn,4.0
HS2026002260,2026-08-30,8,3,Xã Mỹ Trạch,Tư pháp - Hộ tịch,Cấp bản sao trích lục hộ tịch,Trực tuyến,1,1,2026-08-31,2026-08-31,0,Đã trả kết quả,Đúng hạn,5.0
HS2026002261,2026-08-30,8,3,Phường Hoà Lạc,Kinh tế - Đăng ký KD,Đăng ký hộ kinh doanh,Trực tuyến,3,5,2026-09-02,2026-09-04,1,Đã trả kết quả,Trễ hạn,2.0
HS2026002262,2026-08-30,8,3,Xã Tân Phước,Tư pháp - Hộ tịch,Chứng thực bản sao từ bản chính,Trực tiếp,1,1,2026-08-31,2026-08-31,0,Đã trả kết quả,Đúng hạn,4.0
HS2026002263,2026-08-30,8,3,Xã Mỹ Trạch,Xây dựng - Đô thị,Cấp giấy phép xây dựng nhà ở riêng lẻ,Trực tuyến,15,9,2026-09-14,2026-09-08,0,Đã trả kết quả,Đúng hạn,5.0
HS2026002264,2026-08-30,8,3,Phường Long Phú,Đất đai - Tài nguyên,Đăng ký biến động đất đai,Trực tiếp,10,11,2026-09-09,2026-09-10,0,Đã trả kết quả,Trễ hạn,4.0
HS2026002265,2026-08-30,8,3,Phường Hoà Lạc,Tư pháp - Hộ tịch,Chứng thực bản sao từ bản chính,Bưu chính công ích,1,1,2026-08-31,2026-08-31,0,Đã trả kết quả,Đúng hạn,5.0
HS2026002266,2026-08-30,8,3,Phường Bình Minh,Tư pháp - Hộ tịch,Chứng thực bản sao từ bản chính,Trực tiếp,1,6,2026-08-31,2026-09-05,2,Đã trả kết quả,Trễ hạn,3.0
HS2026002267,2026-08-30,8,3,Phường Hoà Lạc,Tư pháp - Hộ tịch,Đăng ký khai sinh,Trực tuyến,3,2,2026-09-02,2026-09-01,0,Đã trả kết quả,Đúng hạn,4.0
HS2026002268,2026-08-30,8,3,Phường Hoà Lạc,Tư pháp - Hộ tịch,Đăng ký khai sinh,Trực tuyến,3,3,2026-09-02,2026-09-02,0,Đã trả kết quả,Đúng hạn,5.0
HS2026002269,2026-08-30,8,3,Phường An Thịnh,Lao động - Xã hội,"Xác nhận hộ nghèo, cận nghèo",Bưu chính công ích,5,5,2026-09-04,2026-09-04,0,Đã trả kết quả,Đúng hạn,5.0
HS2026002270,2026-08-30,8,3,Phường Kim Sơn,Xây dựng - Đô thị,Cấp giấy phép xây dựng nhà ở riêng lẻ,Trực tuyến,15,12,2026-09-14,2026-09-11,0,Đã trả kết quả,Đúng hạn,5.0
HS2026002271,2026-08-30,8,3,Phường Long Phú,Tư pháp - Hộ tịch,Chứng thực bản sao từ bản chính,Trực tuyến,1,1,2026-08-31,2026-08-31,0,Đã trả kết quả,Đúng hạn,5.0
HS2026002272,2026-08-30,8,3,Phường Hoà Lạc,Tư pháp - Hộ tịch,Chứng thực bản sao từ bản chính,Trực tuyến,1,5,2026-08-31,2026-09-04,2,Đã trả kết quả,Trễ hạn,3.0
HS2026002273,2026-08-30,8,3,Xã Nam Hải,Lao động - Xã hội,"Xác nhận hộ nghèo, cận nghèo",Trực tiếp,5,6,2026-09-04,2026-09-05,0,Đã trả kết quả,Trễ hạn,4.0
HS2026002274,2026-08-30,8,3,Phường An Thịnh,Tư pháp - Hộ tịch,Cấp phiếu lý lịch tư pháp số 1,Trực tuyến,10,8,2026-09-09,2026-09-07,1,Đã trả kết quả,Đúng hạn,5.0
HS2026002275,2026-08-30,8,3,Phường Bình Minh,Đất đai - Tài nguyên,Đăng ký biến động đất đai,Trực tiếp,10,7,2026-09-09,2026-09-06,0,Đã trả kết quả,Đúng hạn,5.0
HS2026002276,2026-08-31,8,3,Phường Bình Minh,Tư pháp - Hộ tịch,Đăng ký khai sinh,Trực tuyến,3,2,2026-09-03,2026-09-02,0,Đã trả kết quả,Đúng hạn,5.0
HS2026002277,2026-08-31,8,3,Phường Bình Minh,Tư pháp - Hộ tịch,Cấp bản sao trích lục hộ tịch,Trực tiếp,1,6,2026-09-01,2026-09-06,2,Đã trả kết quả,Trễ hạn,3.0
HS2026002278,2026-08-31,8,3,Xã Mỹ Trạch,Lao động - Xã hội,Trợ cấp xã hội hằng tháng,Bưu chính công ích,20,11,2026-09-20,2026-09-11,0,Đã trả kết quả,Đúng hạn,5.0
HS2026002279,2026-08-31,8,3,Phường Long Phú,Kinh tế - Đăng ký KD,Đăng ký hộ kinh doanh,Trực tuyến,3,2,2026-09-03,2026-09-02,0,Đã trả kết quả,Đúng hạn,5.0
HS2026002280,2026-08-31,8,3,Phường Bình Minh,Tư pháp - Hộ tịch,Chứng thực bản sao từ bản chính,Trực tuyến,1,3,2026-09-01,2026-09-03,1,Đã trả kết quả,Trễ hạn,4.0
HS2026002281,2026-08-31,8,3,Xã Mỹ Trạch,Xây dựng - Đô thị,Cấp giấy phép xây dựng nhà ở riêng lẻ,Trực tiếp,15,12,2026-09-15,2026-09-12,0,Đã trả kết quả,Đúng hạn,5.0
HS2026002282,2026-08-31,8,3,Phường Long Phú,Đất đai - Tài nguyên,Đăng ký biến động đất đai,Trực tuyến,10,11,2026-09-10,2026-09-11,1,Đã trả kết quả,Trễ hạn,4.0
HS2026002283,2026-08-31,8,3,Phường Bình Minh,Tư pháp - Hộ tịch,Chứng thực bản sao từ bản chính,Trực tuyến,1,1,2026-09-01,2026-09-01,0,Đã trả kết quả,Đúng hạn,5.0
HS2026002284,2026-08-31,8,3,Phường An Thịnh,Tư pháp - Hộ tịch,Chứng thực bản sao từ bản chính,Bưu chính công ích,1,1,2026-09-01,2026-09-01,0,Đã trả kết quả,Đúng hạn,5.0
HS2026002285,2026-08-31,8,3,Phường Bình Minh,Tư pháp - Hộ tịch,Chứng thực bản sao từ bản chính,Trực tuyến,1,1,2026-09-01,2026-09-01,0,Đã trả kết quả,Đúng hạn,5.0
HS2026002286,2026-08-31,8,3,Xã Tân Phước,Lao động - Xã hội,Trợ cấp xã hội hằng tháng,Trực tuyến,20,15,2026-09-20,2026-09-15,0,Đã trả kết quả,Đúng hạn,5.0
HS2026002287,2026-08-31,8,3,Phường Bình Minh,Tư pháp - Hộ tịch,Cấp phiếu lý lịch tư pháp số 1,Trực tuyến,10,7,2026-09-10,2026-09-07,0,Đã trả kết quả,Đúng hạn,5.0
HS2026002288,2026-08-31,8,3,Phường An Thịnh,Kinh tế - Đăng ký KD,Đăng ký hộ kinh doanh,Trực tuyến,3,2,2026-09-03,2026-09-02,0,Đã trả kết quả,Đúng hạn,5.0
HS2026002289,2026-08-31,8,3,Phường Long Phú,Tư pháp - Hộ tịch,Đăng ký khai tử,Trực tiếp,3,10,2026-09-03,2026-09-10,2,Đã trả kết quả,Trễ hạn,2.0
HS2026002290,2026-08-31,8,3,Phường Long Phú,Tư pháp - Hộ tịch,Chứng thực bản sao từ bản chính,Trực tuyến,1,1,2026-09-01,2026-09-01,0,Đã trả kết quả,Đúng hạn,5.0
HS2026002291,2026-08-31,8,3,Xã Nam Hải,Tư pháp - Hộ tịch,Cấp phiếu lý lịch tư pháp số 1,Trực tiếp,10,16,2026-09-10,2026-09-16,2,Đã trả kết quả,Trễ hạn,2.0
HS2026002292,2026-09-01,9,3,Phường Long Phú,Tư pháp - Hộ tịch,Cấp bản sao trích lục hộ tịch,Trực tuyến,1,1,2026-09-02,2026-09-02,0,Đã trả kết quả,Đúng hạn,5.0
HS2026002293,2026-09-01,9,3,Xã Nam Hải,Đất đai - Tài nguyên,Cấp giấy chứng nhận quyền sử dụng đất,Trực tuyến,30,16,2026-10-01,2026-09-17,0,Đã trả kết quả,Đúng hạn,5.0
HS2026002294,2026-09-01,9,3,Phường Bình Minh,Tư pháp - Hộ tịch,Chứng thực bản sao từ bản chính,Trực tiếp,1,1,2026-09-02,2026-09-02,0,Đã trả kết quả,Đúng hạn,5.0
HS2026002295,2026-09-01,9,3,Phường Bình Minh,Tư pháp - Hộ tịch,Chứng thực bản sao từ bản chính,Trực tiếp,1,1,2026-09-02,2026-09-02,0,Đã trả kết quả,Đúng hạn,5.0
HS2026002296,2026-09-01,9,3,Phường Kim Sơn,Tư pháp - Hộ tịch,Cấp phiếu lý lịch tư pháp số 1,Trực tuyến,10,8,2026-09-11,2026-09-09,0,Đã trả kết quả,Đúng hạn,5.0
HS2026002297,2026-09-01,9,3,Xã Tân Phước,Tư pháp - Hộ tịch,Chứng thực bản sao từ bản chính,Trực tiếp,1,1,2026-09-02,2026-09-02,0,Đã trả kết quả,Đúng hạn,5.0
HS2026002298,2026-09-01,9,3,Xã Tân Phước,Tư pháp - Hộ tịch,Đăng ký khai sinh,Trực tuyến,3,3,2026-09-04,2026-09-04,0,Đã trả kết quả,Đúng hạn,5.0
HS2026002299,2026-09-01,9,3,Phường An Thịnh,Đất đai - Tài nguyên,Đăng ký biến động đất đai,Trực tiếp,10,8,2026-09-11,2026-09-09,0,Đã trả kết quả,Đúng hạn,5.0
HS2026002300,2026-09-01,9,3,Xã Nam Hải,Tư pháp - Hộ tịch,Đăng ký khai tử,Trực tiếp,3,3,2026-09-04,2026-09-04,0,Đã trả kết quả,Đúng hạn,5.0
HS2026002301,2026-09-01,9,3,Phường An Thịnh,Lao động - Xã hội,Trợ cấp xã hội hằng tháng,Trực tiếp,20,13,2026-09-21,2026-09-14,0,Đã trả kết quả,Đúng hạn,5.0
HS2026002302,2026-09-02,9,3,Phường An Thịnh,Tư pháp - Hộ tịch,Đăng ký kết hôn,Trực tuyến,3,2,2026-09-05,2026-09-04,0,Đã trả kết quả,Đúng hạn,5.0
HS2026002303,2026-09-02,9,3,Phường Bình Minh,Tư pháp - Hộ tịch,Đăng ký khai sinh,Trực tuyến,3,2,2026-09-05,2026-09-04,0,Đã trả kết quả,Đúng hạn,5.0
HS2026002304,2026-09-02,9,3,Xã Mỹ Trạch,Đất đai - Tài nguyên,Đăng ký biến động đất đai,Trực tuyến,10,7,2026-09-12,2026-09-09,0,Đã trả kết quả,Đúng hạn,4.0
HS2026002305,2026-09-02,9,3,Phường An Thịnh,Lao động - Xã hội,"Xác nhận hộ nghèo, cận nghèo",Bưu chính công ích,5,3,2026-09-07,2026-09-05,0,Đã trả kết quả,Đúng hạn,4.0
HS2026002306,2026-09-02,9,3,Phường Long Phú,Tư pháp - Hộ tịch,Chứng thực bản sao từ bản chính,Trực tiếp,1,4,2026-09-03,2026-09-06,1,Đã trả kết quả,Trễ hạn,4.0
HS2026002307,2026-09-02,9,3,Phường An Thịnh,Tư pháp - Hộ tịch,Đăng ký khai sinh,Trực tuyến,3,4,2026-09-05,2026-09-06,1,Đã trả kết quả,Trễ hạn,2.0
HS2026002308,2026-09-02,9,3,Xã Nam Hải,Đất đai - Tài nguyên,Đăng ký biến động đất đai,Trực tiếp,10,11,2026-09-12,2026-09-13,0,Đã trả kết quả,Trễ hạn,2.0
HS2026002309,2026-09-02,9,3,Xã Mỹ Trạch,Kinh tế - Đăng ký KD,Đăng ký hộ kinh doanh,Trực tuyến,3,3,2026-09-05,2026-09-05,0,Đã trả kết quả,Đúng hạn,5.0
HS2026002310,2026-09-02,9,3,Phường An Thịnh,Tư pháp - Hộ tịch,Cấp bản sao trích lục hộ tịch,Trực tuyến,1,1,2026-09-03,2026-09-03,0,Đã trả kết quả,Đúng hạn,5.0
HS2026002311,2026-09-02,9,3,Xã Mỹ Trạch,Đất đai - Tài nguyên,Cấp giấy chứng nhận quyền sử dụng đất,Trực tiếp,30,27,2026-10-02,2026-09-29,0,Đã trả kết quả,Đúng hạn,5.0
HS2026002312,2026-09-02,9,3,Phường An Thịnh,Đất đai - Tài nguyên,Đăng ký biến động đất đai,Trực tuyến,10,7,2026-09-12,2026-09-09,0,Đã trả kết quả,Đúng hạn,5.0
HS2026002313,2026-09-03,9,3,Xã Nam Hải,Xây dựng - Đô thị,Cấp giấy phép xây dựng nhà ở riêng lẻ,Trực tiếp,15,11,2026-09-18,2026-09-14,0,Đã trả kết quả,Đúng hạn,5.0
HS2026002314,2026-09-03,9,3,Xã Tân Phước,Kinh tế - Đăng ký KD,Đăng ký hộ kinh doanh,Trực tuyến,3,3,2026-09-06,2026-09-06,0,Đã trả kết quả,Đúng hạn,5.0
HS2026002315,2026-09-03,9,3,Xã Nam Hải,Tư pháp - Hộ tịch,Đăng ký khai sinh,Trực tiếp,3,3,2026-09-06,2026-09-06,0,Đã trả kết quả,Đúng hạn,5.0
HS2026002316,2026-09-03,9,3,Phường An Thịnh,Tư pháp - Hộ tịch,Đăng ký khai sinh,Trực tuyến,3,2,2026-09-06,2026-09-05,0,Đã trả kết quả,Đúng hạn,5.0
HS2026002317,2026-09-03,9,3,Xã Nam Hải,Lao động - Xã hội,Trợ cấp xã hội hằng tháng,Trực tuyến,20,13,2026-09-23,2026-09-16,0,Đã trả kết quả,Đúng hạn,5.0
HS2026002318,2026-09-03,9,3,Phường Hoà Lạc,Đất đai - Tài nguyên,Đăng ký biến động đất đai,Trực tuyến,10,8,2026-09-13,2026-09-11,0,Đã trả kết quả,Đúng hạn,5.0
HS2026002319,2026-09-03,9,3,Phường Bình Minh,Lao động - Xã hội,"Xác nhận hộ nghèo, cận nghèo",Trực tiếp,5,3,2026-09-08,2026-09-06,0,Đã trả kết quả,Đúng hạn,4.0
HS2026002320,2026-09-03,9,3,Phường An Thịnh,Lao động - Xã hội,Trợ cấp xã hội hằng tháng,Trực tiếp,20,10,2026-09-23,2026-09-13,0,Đã trả kết quả,Đúng hạn,5.0
HS2026002321,2026-09-03,9,3,Phường Long Phú,Tư pháp - Hộ tịch,Đăng ký khai tử,Trực tiếp,3,2,2026-09-06,2026-09-05,0,Đã trả kết quả,Đúng hạn,4.0
HS2026002322,2026-09-03,9,3,Phường Hoà Lạc,Lao động - Xã hội,"Xác nhận hộ nghèo, cận nghèo",Bưu chính công ích,5,3,2026-09-08,2026-09-06,0,Đã trả kết quả,Đúng hạn,5.0
HS2026002323,2026-09-03,9,3,Xã Tân Phước,Đất đai - Tài nguyên,Cấp giấy chứng nhận quyền sử dụng đất,Trực tiếp,30,29,2026-10-03,2026-10-02,0,Đã trả kết quả,Đúng hạn,5.0
HS2026002324,2026-09-03,9,3,Phường Hoà Lạc,Tư pháp - Hộ tịch,Đăng ký khai sinh,Trực tiếp,3,3,2026-09-06,2026-09-06,0,Đã trả kết quả,Đúng hạn,5.0
HS2026002325,2026-09-03,9,3,Xã Mỹ Trạch,Kinh tế - Đăng ký KD,Đăng ký hộ kinh doanh,Trực tuyến,3,2,2026-09-06,2026-09-05,0,Đã trả kết quả,Đúng hạn,5.0
HS2026002326,2026-09-04,9,3,Phường Bình Minh,Đất đai - Tài nguyên,Đăng ký biến động đất đai,Trực tuyến,10,6,2026-09-14,2026-09-10,0,Đã trả kết quả,Đúng hạn,5.0
HS2026002327,2026-09-04,9,3,Phường Hoà Lạc,Tư pháp - Hộ tịch,Cấp phiếu lý lịch tư pháp số 1,Trực tuyến,10,6,2026-09-14,2026-09-10,0,Đã trả kết quả,Đúng hạn,5.0
HS2026002328,2026-09-04,9,3,Phường Bình Minh,Tư pháp - Hộ tịch,Cấp phiếu lý lịch tư pháp số 1,Trực tiếp,10,16,2026-09-14,2026-09-20,2,Đã trả kết quả,Trễ hạn,3.0
HS2026002329,2026-09-04,9,3,Xã Tân Phước,Lao động - Xã hội,Trợ cấp xã hội hằng tháng,Trực tiếp,20,11,2026-09-24,2026-09-15,0,Đã trả kết quả,Đúng hạn,5.0
HS2026002330,2026-09-04,9,3,Phường Bình Minh,Lao động - Xã hội,Trợ cấp xã hội hằng tháng,Trực tiếp,20,19,2026-09-24,2026-09-23,0,Đã trả kết quả,Đúng hạn,5.0
HS2026002331,2026-09-04,9,3,Phường Bình Minh,Tư pháp - Hộ tịch,Đăng ký khai sinh,Trực tuyến,3,3,2026-09-07,2026-09-07,0,Đã trả kết quả,Đúng hạn,5.0
HS2026002332,2026-09-04,9,3,Phường Kim Sơn,Tư pháp - Hộ tịch,Đăng ký kết hôn,Trực tiếp,3,3,2026-09-07,2026-09-07,0,Đã trả kết quả,Đúng hạn,5.0
HS2026002333,2026-09-04,9,3,Phường Hoà Lạc,Kinh tế - Đăng ký KD,Đăng ký hộ kinh doanh,Trực tuyến,3,2,2026-09-07,2026-09-06,0,Đã trả kết quả,Đúng hạn,5.0
HS2026002334,2026-09-04,9,3,Phường An Thịnh,Kinh tế - Đăng ký KD,Đăng ký hộ kinh doanh,Trực tiếp,3,3,2026-09-07,2026-09-07,0,Đã trả kết quả,Đúng hạn,4.0
HS2026002335,2026-09-04,9,3,Phường Hoà Lạc,Tư pháp - Hộ tịch,Chứng thực bản sao từ bản chính,Trực tiếp,1,1,2026-09-05,2026-09-05,0,Đã trả kết quả,Đúng hạn,5.0
HS2026002336,2026-09-04,9,3,Phường An Thịnh,Xây dựng - Đô thị,Cấp giấy phép xây dựng nhà ở riêng lẻ,Trực tiếp,15,13,2026-09-19,2026-09-17,2,Đã trả kết quả,Đúng hạn,3.0
HS2026002337,2026-09-04,9,3,Xã Tân Phước,Kinh tế - Đăng ký KD,Đăng ký hộ kinh doanh,Trực tuyến,3,3,2026-09-07,2026-09-07,0,Đã trả kết quả,Đúng hạn,5.0
HS2026002338,2026-09-04,9,3,Phường Hoà Lạc,Đất đai - Tài nguyên,Đăng ký biến động đất đai,Trực tuyến,10,7,2026-09-14,2026-09-11,0,Đã trả kết quả,Đúng hạn,5.0
HS2026002339,2026-09-04,9,3,Phường An Thịnh,Lao động - Xã hội,"Xác nhận hộ nghèo, cận nghèo",Trực tuyến,5,4,2026-09-09,2026-09-08,0,Đã trả kết quả,Đúng hạn,5.0
HS2026002340,2026-09-04,9,3,Xã Tân Phước,Tư pháp - Hộ tịch,Chứng thực bản sao từ bản chính,Trực tiếp,1,4,2026-09-05,2026-09-08,1,Đã trả kết quả,Trễ hạn,3.0
HS2026002341,2026-09-05,9,3,Xã Mỹ Trạch,Kinh tế - Đăng ký KD,Đăng ký hộ kinh doanh,Trực tuyến,3,4,2026-09-08,2026-09-09,1,Đã trả kết quả,Trễ hạn,2.0
HS2026002342,2026-09-05,9,3,Phường Long Phú,Tư pháp - Hộ tịch,Chứng thực bản sao từ bản chính,Trực tiếp,1,3,2026-09-06,2026-09-08,1,Đã trả kết quả,Trễ hạn,3.0
HS2026002343,2026-09-05,9,3,Phường An Thịnh,Tư pháp - Hộ tịch,Chứng thực bản sao từ bản chính,Trực tiếp,1,1,2026-09-06,2026-09-06,0,Đã trả kết quả,Đúng hạn,5.0
HS2026002344,2026-09-05,9,3,Phường An Thịnh,Tư pháp - Hộ tịch,Cấp phiếu lý lịch tư pháp số 1,Trực tuyến,10,6,2026-09-15,2026-09-11,0,Đã trả kết quả,Đúng hạn,5.0
HS2026002345,2026-09-05,9,3,Xã Mỹ Trạch,Tư pháp - Hộ tịch,Chứng thực bản sao từ bản chính,Trực tiếp,1,1,2026-09-06,2026-09-06,0,Đã trả kết quả,Đúng hạn,5.0
HS2026002346,2026-09-05,9,3,Phường An Thịnh,Kinh tế - Đăng ký KD,Đăng ký hộ kinh doanh,Trực tuyến,3,3,2026-09-08,2026-09-08,0,Đã trả kết quả,Đúng hạn,5.0
HS2026002347,2026-09-05,9,3,Phường Kim Sơn,Tư pháp - Hộ tịch,Cấp phiếu lý lịch tư pháp số 1,Trực tiếp,10,9,2026-09-15,2026-09-14,0,Đã trả kết quả,Đúng hạn,5.0
HS2026002348,2026-09-05,9,3,Xã Mỹ Trạch,Kinh tế - Đăng ký KD,Đăng ký hộ kinh doanh,Trực tiếp,3,2,2026-09-08,2026-09-07,0,Đã trả kết quả,Đúng hạn,5.0
HS2026002349,2026-09-05,9,3,Xã Nam Hải,Đất đai - Tài nguyên,Cấp giấy chứng nhận quyền sử dụng đất,Bưu chính công ích,30,30,2026-10-05,2026-10-05,0,Đã trả kết quả,Đúng hạn,5.0
HS2026002350,2026-09-05,9,3,Phường Long Phú,Tư pháp - Hộ tịch,Cấp phiếu lý lịch tư pháp số 1,Trực tiếp,10,15,2026-09-15,2026-09-20,1,Đã trả kết quả,Trễ hạn,3.0
HS2026002351,2026-09-05,9,3,Phường Bình Minh,Tư pháp - Hộ tịch,Cấp bản sao trích lục hộ tịch,Trực tuyến,1,1,2026-09-06,2026-09-06,0,Đã trả kết quả,Đúng hạn,5.0
HS2026002352,2026-09-05,9,3,Phường An Thịnh,Đất đai - Tài nguyên,Đăng ký biến động đất đai,Trực tiếp,10,9,2026-09-15,2026-09-14,0,Đã trả kết quả,Đúng hạn,5.0
HS2026002353,2026-09-05,9,3,Xã Nam Hải,Tư pháp - Hộ tịch,Đăng ký kết hôn,Trực tuyến,3,3,2026-09-08,2026-09-08,0,Đã trả kết quả,Đúng hạn,5.0
HS2026002354,2026-09-05,9,3,Xã Nam Hải,Lao động - Xã hội,Trợ cấp xã hội hằng tháng,Trực tiếp,20,21,2026-09-25,2026-09-26,0,Đã trả kết quả,Trễ hạn,4.0
HS2026002355,2026-09-05,9,3,Phường Long Phú,Tư pháp - Hộ tịch,Đăng ký kết hôn,Trực tuyến,3,7,2026-09-08,2026-09-12,2,Đã trả kết quả,Trễ hạn,3.0
HS2026002356,2026-09-05,9,3,Phường Bình Minh,Kinh tế - Đăng ký KD,Đăng ký hộ kinh doanh,Trực tuyến,3,3,2026-09-08,2026-09-08,0,Đã trả kết quả,Đúng hạn,5.0
HS2026002357,2026-09-06,9,3,Xã Mỹ Trạch,Tư pháp - Hộ tịch,Chứng thực bản sao từ bản chính,Trực tiếp,1,4,2026-09-07,2026-09-10,1,Đã trả kết quả,Trễ hạn,3.0
HS2026002358,2026-09-06,9,3,Phường An Thịnh,Tư pháp - Hộ tịch,Chứng thực bản sao từ bản chính,Bưu chính công ích,1,1,2026-09-07,2026-09-07,0,Đã trả kết quả,Đúng hạn,5.0
HS2026002359,2026-09-06,9,3,Phường An Thịnh,Tư pháp - Hộ tịch,Cấp bản sao trích lục hộ tịch,Trực tuyến,1,1,2026-09-07,2026-09-07,0,Đã trả kết quả,Đúng hạn,5.0
HS2026002360,2026-09-06,9,3,Phường Bình Minh,Tư pháp - Hộ tịch,Đăng ký khai sinh,Trực tiếp,3,2,2026-09-09,2026-09-08,0,Đã trả kết quả,Đúng hạn,4.0
HS2026002361,2026-09-06,9,3,Phường Hoà Lạc,Lao động - Xã hội,Trợ cấp xã hội hằng tháng,Trực tuyến,20,9,2026-09-26,2026-09-15,0,Đã trả kết quả,Đúng hạn,5.0
HS2026002362,2026-09-06,9,3,Phường An Thịnh,Tư pháp - Hộ tịch,Đăng ký khai sinh,Trực tuyến,3,2,2026-09-09,2026-09-08,0,Đã trả kết quả,Đúng hạn,5.0
HS2026002363,2026-09-06,9,3,Phường An Thịnh,Tư pháp - Hộ tịch,Chứng thực bản sao từ bản chính,Trực tiếp,1,1,2026-09-07,2026-09-07,0,Đã trả kết quả,Đúng hạn,4.0
HS2026002364,2026-09-06,9,3,Phường Bình Minh,Xây dựng - Đô thị,Cấp giấy phép xây dựng nhà ở riêng lẻ,Trực tiếp,15,14,2026-09-21,2026-09-20,0,Đã trả kết quả,Đúng hạn,4.0
HS2026002365,2026-09-07,9,3,Xã Nam Hải,Lao động - Xã hội,Trợ cấp xã hội hằng tháng,Trực tiếp,20,14,2026-09-27,2026-09-21,0,Đã trả kết quả,Đúng hạn,5.0
HS2026002366,2026-09-07,9,3,Phường An Thịnh,Tư pháp - Hộ tịch,Đăng ký kết hôn,Trực tiếp,3,2,2026-09-10,2026-09-09,0,Đã trả kết quả,Đúng hạn,5.0
HS2026002367,2026-09-07,9,3,Phường Kim Sơn,Lao động - Xã hội,"Xác nhận hộ nghèo, cận nghèo",Trực tiếp,5,5,2026-09-12,2026-09-12,0,Đã trả kết quả,Đúng hạn,5.0
HS2026002368,2026-09-07,9,3,Xã Tân Phước,Đất đai - Tài nguyên,Cấp giấy chứng nhận quyền sử dụng đất,Trực tiếp,30,17,2026-10-07,2026-09-24,0,Đã trả kết quả,Đúng hạn,5.0
HS2026002369,2026-09-07,9,3,Phường Hoà Lạc,Tư pháp - Hộ tịch,Chứng thực bản sao từ bản chính,Trực tuyến,1,1,2026-09-08,2026-09-08,0,Đã trả kết quả,Đúng hạn,5.0
HS2026002370,2026-09-07,9,3,Xã Tân Phước,Lao động - Xã hội,"Xác nhận hộ nghèo, cận nghèo",Trực tiếp,5,8,2026-09-12,2026-09-15,1,Đã trả kết quả,Trễ hạn,2.0
HS2026002371,2026-09-07,9,3,Phường Bình Minh,Tư pháp - Hộ tịch,Đăng ký khai sinh,Trực tuyến,3,2,2026-09-10,2026-09-09,0,Đã trả kết quả,Đúng hạn,5.0
HS2026002372,2026-09-07,9,3,Xã Nam Hải,Tư pháp - Hộ tịch,Cấp phiếu lý lịch tư pháp số 1,Trực tuyến,10,8,2026-09-17,2026-09-15,0,Đã trả kết quả,Đúng hạn,5.0
HS2026002373,2026-09-07,9,3,Xã Mỹ Trạch,Kinh tế - Đăng ký KD,Đăng ký hộ kinh doanh,Trực tuyến,3,2,2026-09-10,2026-09-09,0,Đã trả kết quả,Đúng hạn,4.0
HS2026002374,2026-09-08,9,3,Xã Mỹ Trạch,Tư pháp - Hộ tịch,Cấp phiếu lý lịch tư pháp số 1,Trực tuyến,10,11,2026-09-18,2026-09-19,2,Đã trả kết quả,Trễ hạn,3.0
HS2026002375,2026-09-08,9,3,Phường Bình Minh,Tư pháp - Hộ tịch,Cấp phiếu lý lịch tư pháp số 1,Trực tuyến,10,8,2026-09-18,2026-09-16,0,Đã trả kết quả,Đúng hạn,4.0
HS2026002376,2026-09-08,9,3,Phường Bình Minh,Kinh tế - Đăng ký KD,Đăng ký hộ kinh doanh,Trực tuyến,3,2,2026-09-11,2026-09-10,0,Đã trả kết quả,Đúng hạn,4.0
HS2026002377,2026-09-08,9,3,Xã Nam Hải,Tư pháp - Hộ tịch,Đăng ký khai sinh,Trực tuyến,3,3,2026-09-11,2026-09-11,0,Đã trả kết quả,Đúng hạn,5.0
HS2026002378,2026-09-08,9,3,Phường Hoà Lạc,Tư pháp - Hộ tịch,Cấp phiếu lý lịch tư pháp số 1,Trực tuyến,10,7,2026-09-18,2026-09-15,0,Đã trả kết quả,Đúng hạn,5.0
HS2026002379,2026-09-08,9,3,Phường Long Phú,Tư pháp - Hộ tịch,Cấp phiếu lý lịch tư pháp số 1,Trực tuyến,10,7,2026-09-18,2026-09-15,0,Đã trả kết quả,Đúng hạn,5.0
HS2026002380,2026-09-08,9,3,Xã Tân Phước,Kinh tế - Đăng ký KD,Đăng ký hộ kinh doanh,Trực tuyến,3,2,2026-09-11,2026-09-10,0,Đã trả kết quả,Đúng hạn,5.0
HS2026002381,2026-09-08,9,3,Phường Kim Sơn,Lao động - Xã hội,Trợ cấp xã hội hằng tháng,Bưu chính công ích,20,19,2026-09-28,2026-09-27,0,Đã trả kết quả,Đúng hạn,5.0
HS2026002382,2026-09-08,9,3,Xã Tân Phước,Xây dựng - Đô thị,Cấp giấy phép xây dựng nhà ở riêng lẻ,Trực tuyến,15,12,2026-09-23,2026-09-20,2,Đã trả kết quả,Đúng hạn,3.0
HS2026002383,2026-09-08,9,3,Phường Kim Sơn,Tư pháp - Hộ tịch,Cấp phiếu lý lịch tư pháp số 1,Trực tuyến,10,5,2026-09-18,2026-09-13,0,Đã trả kết quả,Đúng hạn,5.0
HS2026002384,2026-09-08,9,3,Xã Tân Phước,Tư pháp - Hộ tịch,Đăng ký khai sinh,Trực tuyến,3,3,2026-09-11,2026-09-11,0,Đã trả kết quả,Đúng hạn,5.0
HS2026002385,2026-09-08,9,3,Xã Nam Hải,Tư pháp - Hộ tịch,Đăng ký kết hôn,Trực tiếp,3,3,2026-09-11,2026-09-11,0,Đã trả kết quả,Đúng hạn,4.0
HS2026002386,2026-09-08,9,3,Phường Long Phú,Tư pháp - Hộ tịch,Chứng thực bản sao từ bản chính,Trực tuyến,1,5,2026-09-09,2026-09-13,2,Đã trả kết quả,Trễ hạn,2.0
HS2026002387,2026-09-09,9,3,Xã Nam Hải,Tư pháp - Hộ tịch,Cấp bản sao trích lục hộ tịch,Trực tuyến,1,1,2026-09-10,2026-09-10,0,Đã trả kết quả,Đúng hạn,5.0
HS2026002388,2026-09-09,9,3,Phường Hoà Lạc,Tư pháp - Hộ tịch,Đăng ký khai sinh,Trực tuyến,3,2,2026-09-12,2026-09-11,0,Đã trả kết quả,Đúng hạn,5.0
HS2026002389,2026-09-09,9,3,Phường Bình Minh,Tư pháp - Hộ tịch,Đăng ký kết hôn,Trực tuyến,3,3,2026-09-12,2026-09-12,0,Đã trả kết quả,Đúng hạn,5.0
HS2026002390,2026-09-09,9,3,Phường An Thịnh,Tư pháp - Hộ tịch,Cấp bản sao trích lục hộ tịch,Trực tuyến,1,1,2026-09-10,2026-09-10,0,Đã trả kết quả,Đúng hạn,5.0
HS2026002391,2026-09-09,9,3,Phường Kim Sơn,Kinh tế - Đăng ký KD,Đăng ký hộ kinh doanh,Trực tuyến,3,5,2026-09-12,2026-09-14,1,Đã trả kết quả,Trễ hạn,3.0
HS2026002392,2026-09-09,9,3,Phường Long Phú,Tư pháp - Hộ tịch,Đăng ký khai sinh,Trực tiếp,3,3,2026-09-12,2026-09-12,0,Đã trả kết quả,Đúng hạn,4.0
HS2026002393,2026-09-09,9,3,Phường Kim Sơn,Tư pháp - Hộ tịch,Cấp bản sao trích lục hộ tịch,Trực tuyến,1,1,2026-09-10,2026-09-10,0,Đã trả kết quả,Đúng hạn,5.0
HS2026002394,2026-09-09,9,3,Phường Long Phú,Xây dựng - Đô thị,Cấp giấy phép xây dựng nhà ở riêng lẻ,Trực tuyến,15,11,2026-09-24,2026-09-20,0,Đã trả kết quả,Đúng hạn,4.0
HS2026002395,2026-09-10,9,3,Phường Bình Minh,Tư pháp - Hộ tịch,Chứng thực bản sao từ bản chính,Trực tiếp,1,1,2026-09-11,2026-09-11,0,Đã trả kết quả,Đúng hạn,5.0
HS2026002396,2026-09-10,9,3,Xã Nam Hải,Kinh tế - Đăng ký KD,Đăng ký hộ kinh doanh,Trực tiếp,3,2,2026-09-13,2026-09-12,0,Đã trả kết quả,Đúng hạn,5.0
HS2026002397,2026-09-10,9,3,Xã Nam Hải,Lao động - Xã hội,"Xác nhận hộ nghèo, cận nghèo",Trực tuyến,5,3,2026-09-15,2026-09-13,0,Đã trả kết quả,Đúng hạn,5.0
HS2026002398,2026-09-10,9,3,Phường Bình Minh,Tư pháp - Hộ tịch,Cấp bản sao trích lục hộ tịch,Trực tuyến,1,4,2026-09-11,2026-09-14,1,Đã trả kết quả,Trễ hạn,4.0
HS2026002399,2026-09-10,9,3,Phường An Thịnh,Tư pháp - Hộ tịch,Cấp bản sao trích lục hộ tịch,Trực tiếp,1,1,2026-09-11,2026-09-11,0,Đã trả kết quả,Đúng hạn,5.0
HS2026002400,2026-09-10,9,3,Phường An Thịnh,Tư pháp - Hộ tịch,Chứng thực bản sao từ bản chính,Trực tiếp,1,3,2026-09-11,2026-09-13,1,Đã trả kết quả,Trễ hạn,3.0
HS2026002401,2026-09-11,9,3,Phường Bình Minh,Tư pháp - Hộ tịch,Đăng ký khai sinh,Trực tuyến,3,2,2026-09-14,2026-09-13,0,Đã trả kết quả,Đúng hạn,5.0
HS2026002402,2026-09-11,9,3,Phường Long Phú,Tư pháp - Hộ tịch,Đăng ký khai tử,Trực tuyến,3,3,2026-09-14,2026-09-14,0,Đã trả kết quả,Đúng hạn,5.0
HS2026002403,2026-09-11,9,3,Phường An Thịnh,Tư pháp - Hộ tịch,Đăng ký khai tử,Trực tuyến,3,2,2026-09-14,2026-09-13,0,Đã trả kết quả,Đúng hạn,5.0
HS2026002404,2026-09-11,9,3,Phường Hoà Lạc,Đất đai - Tài nguyên,Đăng ký biến động đất đai,Trực tuyến,10,7,2026-09-21,2026-09-18,0,Đã trả kết quả,Đúng hạn,4.0
HS2026002405,2026-09-11,9,3,Phường Kim Sơn,Tư pháp - Hộ tịch,Đăng ký khai sinh,Trực tuyến,3,2,2026-09-14,2026-09-13,0,Đã trả kết quả,Đúng hạn,5.0
HS2026002406,2026-09-11,9,3,Phường Long Phú,Tư pháp - Hộ tịch,Đăng ký khai sinh,Trực tuyến,3,2,2026-09-14,2026-09-13,0,Đã trả kết quả,Đúng hạn,5.0
HS2026002407,2026-09-12,9,3,Phường Kim Sơn,Tư pháp - Hộ tịch,Cấp bản sao trích lục hộ tịch,Bưu chính công ích,1,1,2026-09-13,2026-09-13,0,Đã trả kết quả,Đúng hạn,5.0
HS2026002408,2026-09-12,9,3,Phường Long Phú,Tư pháp - Hộ tịch,Đăng ký khai sinh,Trực tuyến,3,3,2026-09-15,2026-09-15,0,Đã trả kết quả,Đúng hạn,5.0
HS2026002409,2026-09-12,9,3,Xã Nam Hải,Tư pháp - Hộ tịch,Đăng ký khai sinh,Trực tuyến,3,3,2026-09-15,2026-09-15,0,Đã trả kết quả,Đúng hạn,5.0
HS2026002410,2026-09-12,9,3,Xã Mỹ Trạch,Tư pháp - Hộ tịch,Đăng ký khai sinh,Trực tuyến,3,2,2026-09-15,2026-09-14,0,Đã trả kết quả,Đúng hạn,5.0
HS2026002411,2026-09-13,9,3,Xã Mỹ Trạch,Tư pháp - Hộ tịch,Chứng thực bản sao từ bản chính,Bưu chính công ích,1,1,2026-09-14,2026-09-14,0,Đã trả kết quả,Đúng hạn,5.0
HS2026002412,2026-09-13,9,3,Phường Kim Sơn,Đất đai - Tài nguyên,Cấp giấy chứng nhận quyền sử dụng đất,Trực tuyến,30,23,2026-10-13,2026-10-06,2,Đã trả kết quả,Đúng hạn,3.0
HS2026002413,2026-09-13,9,3,Phường Bình Minh,Tư pháp - Hộ tịch,Đăng ký khai sinh,Trực tiếp,3,3,2026-09-16,2026-09-16,0,Đã trả kết quả,Đúng hạn,4.0
HS2026002414,2026-09-13,9,3,Phường An Thịnh,Tư pháp - Hộ tịch,Cấp phiếu lý lịch tư pháp số 1,Trực tuyến,10,5,2026-09-23,2026-09-18,0,Đã trả kết quả,Đúng hạn,5.0
HS2026002415,2026-09-13,9,3,Phường An Thịnh,Tư pháp - Hộ tịch,Đăng ký khai sinh,Trực tuyến,3,2,2026-09-16,2026-09-15,0,Đã trả kết quả,Đúng hạn,4.0
HS2026002416,2026-09-13,9,3,Xã Nam Hải,Lao động - Xã hội,Trợ cấp xã hội hằng tháng,Trực tiếp,20,16,2026-10-03,2026-09-29,0,Đã trả kết quả,Đúng hạn,5.0
HS2026002417,2026-09-14,9,3,Phường Long Phú,Tư pháp - Hộ tịch,Chứng thực bản sao từ bản chính,Trực tuyến,1,5,2026-09-15,2026-09-19,2,Đã trả kết quả,Trễ hạn,1.0
HS2026002418,2026-09-14,9,3,Xã Tân Phước,Lao động - Xã hội,"Xác nhận hộ nghèo, cận nghèo",Bưu chính công ích,5,4,2026-09-19,2026-09-18,0,Đã trả kết quả,Đúng hạn,5.0
HS2026002419,2026-09-14,9,3,Phường An Thịnh,Tư pháp - Hộ tịch,Chứng thực bản sao từ bản chính,Trực tuyến,1,6,2026-09-15,2026-09-20,2,Đã trả kết quả,Trễ hạn,3.0
HS2026002420,2026-09-14,9,3,Phường Kim Sơn,Tư pháp - Hộ tịch,Cấp phiếu lý lịch tư pháp số 1,Trực tuyến,10,5,2026-09-24,2026-09-19,0,Đã trả kết quả,Đúng hạn,5.0
HS2026002421,2026-09-14,9,3,Xã Nam Hải,Đất đai - Tài nguyên,Đăng ký biến động đất đai,Trực tuyến,10,6,2026-09-24,2026-09-20,0,Đã trả kết quả,Đúng hạn,5.0
HS2026002422,2026-09-14,9,3,Phường Kim Sơn,Tư pháp - Hộ tịch,Cấp bản sao trích lục hộ tịch,Trực tuyến,1,1,2026-09-15,2026-09-15,0,Đã trả kết quả,Đúng hạn,5.0
HS2026002423,2026-09-14,9,3,Xã Mỹ Trạch,Tư pháp - Hộ tịch,Đăng ký khai sinh,Trực tuyến,3,3,2026-09-17,2026-09-17,0,Đã trả kết quả,Đúng hạn,5.0
HS2026002424,2026-09-14,9,3,Phường Kim Sơn,Kinh tế - Đăng ký KD,Đăng ký hộ kinh doanh,Trực tuyến,3,2,2026-09-17,2026-09-16,0,Đã trả kết quả,Đúng hạn,5.0
HS2026002425,2026-09-14,9,3,Xã Nam Hải,Đất đai - Tài nguyên,Đăng ký biến động đất đai,Trực tuyến,10,9,2026-09-24,2026-09-23,1,Đã trả kết quả,Đúng hạn,5.0
HS2026002426,2026-09-14,9,3,Phường Kim Sơn,Tư pháp - Hộ tịch,Đăng ký kết hôn,Trực tuyến,3,2,2026-09-17,2026-09-16,0,Đã trả kết quả,Đúng hạn,5.0
HS2026002427,2026-09-14,9,3,Xã Nam Hải,Tư pháp - Hộ tịch,Đăng ký khai sinh,Trực tuyến,3,3,2026-09-17,2026-09-17,0,Đã trả kết quả,Đúng hạn,5.0
HS2026002428,2026-09-14,9,3,Phường Long Phú,Tư pháp - Hộ tịch,Cấp bản sao trích lục hộ tịch,Trực tiếp,1,6,2026-09-15,2026-09-20,2,Đã trả kết quả,Trễ hạn,2.0
HS2026002429,2026-09-14,9,3,Xã Tân Phước,Tư pháp - Hộ tịch,Chứng thực bản sao từ bản chính,Trực tiếp,1,4,2026-09-15,2026-09-18,1,Đã trả kết quả,Trễ hạn,2.0
HS2026002430,2026-09-14,9,3,Xã Nam Hải,Đất đai - Tài nguyên,Đăng ký biến động đất đai,Trực tuyến,10,13,2026-09-24,2026-09-27,2,Đã trả kết quả,Trễ hạn,3.0
HS2026002431,2026-09-15,9,3,Phường An Thịnh,Đất đai - Tài nguyên,Đăng ký biến động đất đai,Trực tiếp,10,7,2026-09-25,2026-09-22,0,Đã trả kết quả,Đúng hạn,5.0
HS2026002432,2026-09-15,9,3,Phường Kim Sơn,Tư pháp - Hộ tịch,Đăng ký khai sinh,Trực tuyến,3,2,2026-09-18,2026-09-17,0,Đã trả kết quả,Đúng hạn,5.0
HS2026002433,2026-09-15,9,3,Phường Hoà Lạc,Tư pháp - Hộ tịch,Cấp bản sao trích lục hộ tịch,Bưu chính công ích,1,1,2026-09-16,2026-09-16,0,Đã trả kết quả,Đúng hạn,4.0
HS2026002434,2026-09-15,9,3,Phường Kim Sơn,Lao động - Xã hội,"Xác nhận hộ nghèo, cận nghèo",Trực tuyến,5,4,2026-09-20,2026-09-19,0,Đã trả kết quả,Đúng hạn,5.0
HS2026002435,2026-09-16,9,3,Xã Mỹ Trạch,Tư pháp - Hộ tịch,Cấp phiếu lý lịch tư pháp số 1,Trực tuyến,10,6,2026-09-26,2026-09-22,0,Đã trả kết quả,Đúng hạn,4.0
HS2026002436,2026-09-16,9,3,Phường Hoà Lạc,Đất đai - Tài nguyên,Cấp giấy chứng nhận quyền sử dụng đất,Trực tuyến,30,16,2026-10-16,2026-10-02,0,Đã trả kết quả,Đúng hạn,5.0
HS2026002437,2026-09-16,9,3,Phường Long Phú,Tư pháp - Hộ tịch,Chứng thực bản sao từ bản chính,Trực tiếp,1,1,2026-09-17,2026-09-17,0,Đã trả kết quả,Đúng hạn,5.0
HS2026002438,2026-09-16,9,3,Xã Tân Phước,Tư pháp - Hộ tịch,Cấp phiếu lý lịch tư pháp số 1,Trực tuyến,10,7,2026-09-26,2026-09-23,0,Đã trả kết quả,Đúng hạn,5.0
HS2026002439,2026-09-16,9,3,Xã Mỹ Trạch,Tư pháp - Hộ tịch,Đăng ký khai sinh,Trực tuyến,3,8,2026-09-19,2026-09-24,2,Đã trả kết quả,Trễ hạn,3.0
HS2026002440,2026-09-16,9,3,Phường Hoà Lạc,Đất đai - Tài nguyên,Đăng ký biến động đất đai,Trực tiếp,10,7,2026-09-26,2026-09-23,0,Đã trả kết quả,Đúng hạn,5.0
HS2026002441,2026-09-16,9,3,Phường Long Phú,Tư pháp - Hộ tịch,Chứng thực bản sao từ bản chính,Trực tiếp,1,2,2026-09-17,2026-09-18,0,Đã trả kết quả,Trễ hạn,2.0
HS2026002442,2026-09-16,9,3,Phường Hoà Lạc,Lao động - Xã hội,Trợ cấp xã hội hằng tháng,Trực tiếp,20,19,2026-10-06,2026-10-05,2,Đã trả kết quả,Đúng hạn,4.0
HS2026002443,2026-09-16,9,3,Phường Kim Sơn,Tư pháp - Hộ tịch,Cấp phiếu lý lịch tư pháp số 1,Trực tiếp,10,13,2026-09-26,2026-09-29,2,Đã trả kết quả,Trễ hạn,2.0
HS2026002444,2026-09-16,9,3,Phường Bình Minh,Đất đai - Tài nguyên,Đăng ký biến động đất đai,Trực tuyến,10,8,2026-09-26,2026-09-24,0,Đã trả kết quả,Đúng hạn,5.0
HS2026002445,2026-09-16,9,3,Phường An Thịnh,Tư pháp - Hộ tịch,Chứng thực bản sao từ bản chính,Trực tiếp,1,1,2026-09-17,2026-09-17,0,Đã trả kết quả,Đúng hạn,5.0
HS2026002446,2026-09-16,9,3,Phường An Thịnh,Kinh tế - Đăng ký KD,Đăng ký hộ kinh doanh,Trực tuyến,3,2,2026-09-19,2026-09-18,0,Đã trả kết quả,Đúng hạn,5.0
HS2026002447,2026-09-17,9,3,Phường Long Phú,Lao động - Xã hội,"Xác nhận hộ nghèo, cận nghèo",Trực tiếp,5,8,2026-09-22,2026-09-25,1,Đã trả kết quả,Trễ hạn,4.0
HS2026002448,2026-09-17,9,3,Xã Tân Phước,Lao động - Xã hội,"Xác nhận hộ nghèo, cận nghèo",Trực tuyến,5,4,2026-09-22,2026-09-21,0,Đã trả kết quả,Đúng hạn,5.0
HS2026002449,2026-09-17,9,3,Phường Bình Minh,Tư pháp - Hộ tịch,Cấp phiếu lý lịch tư pháp số 1,Trực tuyến,10,9,2026-09-27,2026-09-26,1,Đã trả kết quả,Đúng hạn,4.0
HS2026002450,2026-09-17,9,3,Phường Kim Sơn,Đất đai - Tài nguyên,Đăng ký biến động đất đai,Bưu chính công ích,10,8,2026-09-27,2026-09-25,0,Đã trả kết quả,Đúng hạn,5.0
HS2026002451,2026-09-17,9,3,Phường Hoà Lạc,Tư pháp - Hộ tịch,Đăng ký khai tử,Trực tuyến,3,4,2026-09-20,2026-09-21,1,Đã trả kết quả,Trễ hạn,3.0
HS2026002452,2026-09-17,9,3,Phường Bình Minh,Tư pháp - Hộ tịch,Chứng thực bản sao từ bản chính,Trực tiếp,1,1,2026-09-18,2026-09-18,0,Đã trả kết quả,Đúng hạn,5.0
HS2026002453,2026-09-17,9,3,Xã Mỹ Trạch,Tư pháp - Hộ tịch,Đăng ký khai tử,Trực tiếp,3,3,2026-09-20,2026-09-20,0,Đã trả kết quả,Đúng hạn,5.0
HS2026002454,2026-09-17,9,3,Phường Bình Minh,Tư pháp - Hộ tịch,Cấp bản sao trích lục hộ tịch,Trực tuyến,1,1,2026-09-18,2026-09-18,0,Đã trả kết quả,Đúng hạn,4.0
HS2026002455,2026-09-17,9,3,Xã Tân Phước,Lao động - Xã hội,Trợ cấp xã hội hằng tháng,Trực tuyến,20,9,2026-10-07,2026-09-26,0,Đã trả kết quả,Đúng hạn,4.0
HS2026002456,2026-09-17,9,3,Phường An Thịnh,Tư pháp - Hộ tịch,Chứng thực bản sao từ bản chính,Trực tuyến,1,8,2026-09-18,2026-09-25,2,Đã trả kết quả,Trễ hạn,2.0
HS2026002457,2026-09-18,9,3,Xã Tân Phước,Đất đai - Tài nguyên,Đăng ký biến động đất đai,Trực tiếp,10,6,2026-09-28,2026-09-24,0,Đã trả kết quả,Đúng hạn,4.0
HS2026002458,2026-09-18,9,3,Xã Nam Hải,Tư pháp - Hộ tịch,Cấp bản sao trích lục hộ tịch,Trực tiếp,1,1,2026-09-19,2026-09-19,0,Đã trả kết quả,Đúng hạn,5.0
HS2026002459,2026-09-18,9,3,Xã Nam Hải,Tư pháp - Hộ tịch,Chứng thực bản sao từ bản chính,Trực tuyến,1,1,2026-09-19,2026-09-19,0,Đã trả kết quả,Đúng hạn,5.0
HS2026002460,2026-09-19,9,3,Phường Long Phú,Tư pháp - Hộ tịch,Đăng ký kết hôn,Bưu chính công ích,3,3,2026-09-22,2026-09-22,0,Đã trả kết quả,Đúng hạn,5.0
HS2026002461,2026-09-19,9,3,Xã Mỹ Trạch,Tư pháp - Hộ tịch,Chứng thực bản sao từ bản chính,Trực tuyến,1,1,2026-09-20,2026-09-20,0,Đã trả kết quả,Đúng hạn,5.0
HS2026002462,2026-09-19,9,3,Xã Tân Phước,Tư pháp - Hộ tịch,Đăng ký kết hôn,Trực tiếp,3,3,2026-09-22,2026-09-22,0,Đã trả kết quả,Đúng hạn,5.0
HS2026002463,2026-09-19,9,3,Phường Kim Sơn,Tư pháp - Hộ tịch,Chứng thực bản sao từ bản chính,Trực tiếp,1,1,2026-09-20,2026-09-20,0,Đã trả kết quả,Đúng hạn,5.0
HS2026002464,2026-09-19,9,3,Phường Long Phú,Tư pháp - Hộ tịch,Cấp phiếu lý lịch tư pháp số 1,Trực tuyến,10,9,2026-09-29,2026-09-28,0,Đã trả kết quả,Đúng hạn,5.0
HS2026002465,2026-09-19,9,3,Xã Nam Hải,Kinh tế - Đăng ký KD,Đăng ký hộ kinh doanh,Trực tuyến,3,5,2026-09-22,2026-09-24,1,Đã trả kết quả,Trễ hạn,3.0
HS2026002466,2026-09-19,9,3,Phường Kim Sơn,Tư pháp - Hộ tịch,Chứng thực bản sao từ bản chính,Trực tiếp,1,5,2026-09-20,2026-09-24,2,Đã trả kết quả,Trễ hạn,2.0
HS2026002467,2026-09-19,9,3,Phường Long Phú,Lao động - Xã hội,"Xác nhận hộ nghèo, cận nghèo",Trực tiếp,5,5,2026-09-24,2026-09-24,0,Đã trả kết quả,Đúng hạn,5.0
HS2026002468,2026-09-19,9,3,Xã Tân Phước,Tư pháp - Hộ tịch,Đăng ký khai sinh,Trực tuyến,3,7,2026-09-22,2026-09-26,2,Đã trả kết quả,Trễ hạn,3.0
HS2026002469,2026-09-19,9,3,Phường Long Phú,Tư pháp - Hộ tịch,Đăng ký khai tử,Trực tiếp,3,3,2026-09-22,2026-09-22,0,Đã trả kết quả,Đúng hạn,5.0
HS2026002470,2026-09-20,9,3,Phường Bình Minh,Tư pháp - Hộ tịch,Cấp phiếu lý lịch tư pháp số 1,Trực tuyến,10,9,2026-09-30,2026-09-29,1,Đã trả kết quả,Đúng hạn,4.0
HS2026002471,2026-09-20,9,3,Phường Long Phú,Đất đai - Tài nguyên,Cấp giấy chứng nhận quyền sử dụng đất,Trực tiếp,30,20,2026-10-20,2026-10-10,0,Đã trả kết quả,Đúng hạn,5.0
HS2026002472,2026-09-20,9,3,Phường An Thịnh,Tư pháp - Hộ tịch,Đăng ký khai sinh,Trực tuyến,3,2,2026-09-23,2026-09-22,0,Đã trả kết quả,Đúng hạn,4.0
HS2026002473,2026-09-20,9,3,Phường Bình Minh,Lao động - Xã hội,"Xác nhận hộ nghèo, cận nghèo",Trực tiếp,5,3,2026-09-25,2026-09-23,0,Đã trả kết quả,Đúng hạn,4.0
HS2026002474,2026-09-20,9,3,Phường An Thịnh,Kinh tế - Đăng ký KD,Đăng ký hộ kinh doanh,Bưu chính công ích,3,3,2026-09-23,2026-09-23,0,Đã trả kết quả,Đúng hạn,5.0
HS2026002475,2026-09-20,9,3,Phường Long Phú,Tư pháp - Hộ tịch,Đăng ký kết hôn,Trực tiếp,3,3,2026-09-23,2026-09-23,0,Đã trả kết quả,Đúng hạn,5.0
HS2026002476,2026-09-20,9,3,Phường Bình Minh,Tư pháp - Hộ tịch,Cấp bản sao trích lục hộ tịch,Trực tuyến,1,1,2026-09-21,2026-09-21,0,Đã trả kết quả,Đúng hạn,4.0
HS2026002477,2026-09-20,9,3,Phường Bình Minh,Kinh tế - Đăng ký KD,Đăng ký hộ kinh doanh,Trực tuyến,3,2,2026-09-23,2026-09-22,0,Đã trả kết quả,Đúng hạn,5.0
HS2026002478,2026-09-20,9,3,Xã Mỹ Trạch,Đất đai - Tài nguyên,Đăng ký biến động đất đai,Trực tuyến,10,7,2026-09-30,2026-09-27,0,Đã trả kết quả,Đúng hạn,5.0
HS2026002479,2026-09-20,9,3,Phường Long Phú,Tư pháp - Hộ tịch,Cấp phiếu lý lịch tư pháp số 1,Trực tuyến,10,10,2026-09-30,2026-09-30,0,Đã trả kết quả,Đúng hạn,5.0
HS2026002480,2026-09-21,9,3,Phường Hoà Lạc,Tư pháp - Hộ tịch,Chứng thực bản sao từ bản chính,Trực tiếp,1,1,2026-09-22,2026-09-22,0,Đã trả kết quả,Đúng hạn,5.0
HS2026002481,2026-09-21,9,3,Phường Bình Minh,Tư pháp - Hộ tịch,Đăng ký khai sinh,Bưu chính công ích,3,2,2026-09-24,2026-09-23,0,Đã trả kết quả,Đúng hạn,5.0
HS2026002482,2026-09-21,9,3,Phường An Thịnh,Đất đai - Tài nguyên,Đăng ký biến động đất đai,Trực tuyến,10,4,2026-10-01,2026-09-25,0,Đã trả kết quả,Đúng hạn,5.0
HS2026002483,2026-09-21,9,3,Phường Bình Minh,Tư pháp - Hộ tịch,Cấp phiếu lý lịch tư pháp số 1,Trực tuyến,10,7,2026-10-01,2026-09-28,0,Đã trả kết quả,Đúng hạn,5.0
HS2026002484,2026-09-21,9,3,Xã Tân Phước,Tư pháp - Hộ tịch,Đăng ký khai tử,Bưu chính công ích,3,3,2026-09-24,2026-09-24,0,Đã trả kết quả,Đúng hạn,5.0
HS2026002485,2026-09-21,9,3,Xã Mỹ Trạch,Tư pháp - Hộ tịch,Chứng thực bản sao từ bản chính,Trực tuyến,1,5,2026-09-22,2026-09-26,2,Đã trả kết quả,Trễ hạn,3.0
HS2026002486,2026-09-21,9,3,Xã Tân Phước,Đất đai - Tài nguyên,Cấp giấy chứng nhận quyền sử dụng đất,Trực tuyến,30,22,2026-10-21,2026-10-13,1,Đã trả kết quả,Đúng hạn,4.0
HS2026002487,2026-09-22,9,3,Phường Bình Minh,Tư pháp - Hộ tịch,Cấp bản sao trích lục hộ tịch,Trực tiếp,1,1,2026-09-23,2026-09-23,0,Đã trả kết quả,Đúng hạn,5.0
HS2026002488,2026-09-22,9,3,Phường Kim Sơn,Tư pháp - Hộ tịch,Cấp phiếu lý lịch tư pháp số 1,Trực tuyến,10,11,2026-10-02,2026-10-03,1,Đã trả kết quả,Trễ hạn,3.0
HS2026002489,2026-09-22,9,3,Xã Mỹ Trạch,Đất đai - Tài nguyên,Cấp giấy chứng nhận quyền sử dụng đất,Trực tuyến,30,23,2026-10-22,2026-10-15,2,Đã trả kết quả,Đúng hạn,4.0
HS2026002490,2026-09-22,9,3,Xã Mỹ Trạch,Kinh tế - Đăng ký KD,Đăng ký hộ kinh doanh,Trực tuyến,3,2,2026-09-25,2026-09-24,0,Đã trả kết quả,Đúng hạn,5.0
HS2026002491,2026-09-22,9,3,Xã Nam Hải,Tư pháp - Hộ tịch,Đăng ký kết hôn,Trực tiếp,3,4,2026-09-25,2026-09-26,0,Đã trả kết quả,Trễ hạn,3.0
HS2026002492,2026-09-22,9,3,Phường Hoà Lạc,Lao động - Xã hội,"Xác nhận hộ nghèo, cận nghèo",Trực tiếp,5,4,2026-09-27,2026-09-26,0,Đã trả kết quả,Đúng hạn,5.0
HS2026002493,2026-09-22,9,3,Phường Hoà Lạc,Xây dựng - Đô thị,Cấp giấy phép xây dựng nhà ở riêng lẻ,Trực tiếp,15,11,2026-10-07,2026-10-03,0,Đã trả kết quả,Đúng hạn,5.0
HS2026002494,2026-09-22,9,3,Phường Kim Sơn,Tư pháp - Hộ tịch,Cấp bản sao trích lục hộ tịch,Trực tuyến,1,1,2026-09-23,2026-09-23,0,Đã trả kết quả,Đúng hạn,5.0
HS2026002495,2026-09-23,9,3,Phường An Thịnh,Tư pháp - Hộ tịch,Đăng ký khai sinh,Trực tiếp,3,2,2026-09-26,2026-09-25,0,Đã trả kết quả,Đúng hạn,5.0
HS2026002496,2026-09-23,9,3,Phường An Thịnh,Tư pháp - Hộ tịch,Chứng thực bản sao từ bản chính,Bưu chính công ích,1,1,2026-09-24,2026-09-24,0,Đã trả kết quả,Đúng hạn,4.0
HS2026002497,2026-09-23,9,3,Phường Hoà Lạc,Lao động - Xã hội,Trợ cấp xã hội hằng tháng,Trực tuyến,20,15,2026-10-13,2026-10-08,0,Đã trả kết quả,Đúng hạn,5.0
HS2026002498,2026-09-23,9,3,Phường Long Phú,Tư pháp - Hộ tịch,Cấp phiếu lý lịch tư pháp số 1,Trực tuyến,10,9,2026-10-03,2026-10-02,0,Đã trả kết quả,Đúng hạn,5.0
HS2026002499,2026-09-23,9,3,Phường Kim Sơn,Tư pháp - Hộ tịch,Chứng thực bản sao từ bản chính,Trực tuyến,1,1,2026-09-24,2026-09-24,0,Đã trả kết quả,Đúng hạn,5.0
HS2026002500,2026-09-23,9,3,Phường Hoà Lạc,Tư pháp - Hộ tịch,Đăng ký khai tử,Trực tuyến,3,3,2026-09-26,2026-09-26,0,Đã trả kết quả,Đúng hạn,5.0
HS2026002501,2026-09-23,9,3,Xã Nam Hải,Tư pháp - Hộ tịch,Cấp phiếu lý lịch tư pháp số 1,Trực tiếp,10,9,2026-10-03,2026-10-02,0,Đã trả kết quả,Đúng hạn,5.0
HS2026002502,2026-09-24,9,3,Phường An Thịnh,Tư pháp - Hộ tịch,Đăng ký kết hôn,Trực tiếp,3,5,2026-09-27,2026-09-29,1,Đã trả kết quả,Trễ hạn,3.0
HS2026002503,2026-09-24,9,3,Xã Nam Hải,Tư pháp - Hộ tịch,Đăng ký khai sinh,Trực tuyến,3,3,2026-09-27,2026-09-27,0,Đã trả kết quả,Đúng hạn,5.0
HS2026002504,2026-09-24,9,3,Phường Bình Minh,Xây dựng - Đô thị,Cấp giấy phép xây dựng nhà ở riêng lẻ,Trực tiếp,15,12,2026-10-09,2026-10-06,0,Đã trả kết quả,Đúng hạn,5.0
HS2026002505,2026-09-24,9,3,Xã Mỹ Trạch,Tư pháp - Hộ tịch,Chứng thực bản sao từ bản chính,Trực tuyến,1,1,2026-09-25,2026-09-25,0,Đã trả kết quả,Đúng hạn,4.0
HS2026002506,2026-09-24,9,3,Phường Long Phú,Đất đai - Tài nguyên,Cấp giấy chứng nhận quyền sử dụng đất,Trực tiếp,30,30,2026-10-24,2026-10-24,0,Đã trả kết quả,Đúng hạn,5.0
HS2026002507,2026-09-24,9,3,Phường An Thịnh,Kinh tế - Đăng ký KD,Đăng ký hộ kinh doanh,Trực tuyến,3,2,2026-09-27,2026-09-26,0,Đã trả kết quả,Đúng hạn,4.0
HS2026002508,2026-09-24,9,3,Phường An Thịnh,Đất đai - Tài nguyên,Đăng ký biến động đất đai,Trực tiếp,10,8,2026-10-04,2026-10-02,0,Đã trả kết quả,Đúng hạn,5.0
HS2026002509,2026-09-24,9,3,Phường Bình Minh,Tư pháp - Hộ tịch,Đăng ký khai sinh,Trực tuyến,3,7,2026-09-27,2026-10-01,2,Đã trả kết quả,Trễ hạn,3.0
HS2026002510,2026-09-24,9,3,Phường Kim Sơn,Đất đai - Tài nguyên,Cấp giấy chứng nhận quyền sử dụng đất,Trực tiếp,30,16,2026-10-24,2026-10-10,0,Đã trả kết quả,Đúng hạn,4.0
HS2026002511,2026-09-24,9,3,Phường An Thịnh,Tư pháp - Hộ tịch,Chứng thực bản sao từ bản chính,Trực tiếp,1,7,2026-09-25,2026-10-01,2,Đã trả kết quả,Trễ hạn,1.0
HS2026002512,2026-09-25,9,3,Phường Bình Minh,Tư pháp - Hộ tịch,Đăng ký khai sinh,Bưu chính công ích,3,2,2026-09-28,2026-09-27,0,Đã trả kết quả,Đúng hạn,5.0
HS2026002513,2026-09-25,9,3,Phường An Thịnh,Tư pháp - Hộ tịch,Cấp phiếu lý lịch tư pháp số 1,Trực tiếp,10,10,2026-10-05,2026-10-05,2,Đã trả kết quả,Đúng hạn,5.0
HS2026002514,2026-09-25,9,3,Phường Kim Sơn,Tư pháp - Hộ tịch,Cấp bản sao trích lục hộ tịch,Trực tiếp,1,1,2026-09-26,2026-09-26,0,Đã trả kết quả,Đúng hạn,5.0
HS2026002515,2026-09-25,9,3,Phường Long Phú,Tư pháp - Hộ tịch,Đăng ký kết hôn,Trực tuyến,3,2,2026-09-28,2026-09-27,0,Đã trả kết quả,Đúng hạn,5.0
HS2026002516,2026-09-26,9,3,Phường Kim Sơn,Tư pháp - Hộ tịch,Cấp bản sao trích lục hộ tịch,Trực tuyến,1,4,2026-09-27,2026-09-30,1,Đã trả kết quả,Trễ hạn,3.0
HS2026002517,2026-09-27,9,3,Xã Mỹ Trạch,Tư pháp - Hộ tịch,Đăng ký khai sinh,Trực tuyến,3,3,2026-09-30,2026-09-30,0,Đã trả kết quả,Đúng hạn,5.0
HS2026002518,2026-09-27,9,3,Xã Tân Phước,Tư pháp - Hộ tịch,Cấp bản sao trích lục hộ tịch,Trực tiếp,1,1,2026-09-28,2026-09-28,0,Đã trả kết quả,Đúng hạn,5.0
HS2026002519,2026-09-27,9,3,Xã Tân Phước,Lao động - Xã hội,Trợ cấp xã hội hằng tháng,Trực tiếp,20,18,2026-10-17,2026-10-15,0,Đã trả kết quả,Đúng hạn,5.0
HS2026002520,2026-09-27,9,3,Phường Bình Minh,Đất đai - Tài nguyên,Đăng ký biến động đất đai,Trực tuyến,10,5,2026-10-07,2026-10-02,0,Đã trả kết quả,Đúng hạn,4.0
HS2026002521,2026-09-27,9,3,Phường Kim Sơn,Lao động - Xã hội,"Xác nhận hộ nghèo, cận nghèo",Trực tiếp,5,4,2026-10-02,2026-10-01,0,Đã trả kết quả,Đúng hạn,4.0
HS2026002522,2026-09-27,9,3,Xã Tân Phước,Lao động - Xã hội,"Xác nhận hộ nghèo, cận nghèo",Bưu chính công ích,5,5,2026-10-02,2026-10-02,0,Đã trả kết quả,Đúng hạn,5.0
HS2026002523,2026-09-27,9,3,Phường An Thịnh,Lao động - Xã hội,"Xác nhận hộ nghèo, cận nghèo",Trực tuyến,5,5,2026-10-02,2026-10-02,1,Đã trả kết quả,Đúng hạn,5.0
HS2026002524,2026-09-27,9,3,Phường Bình Minh,Kinh tế - Đăng ký KD,Đăng ký hộ kinh doanh,Trực tuyến,3,2,2026-09-30,2026-09-29,0,Đã trả kết quả,Đúng hạn,5.0
HS2026002525,2026-09-27,9,3,Phường An Thịnh,Tư pháp - Hộ tịch,Cấp phiếu lý lịch tư pháp số 1,Trực tuyến,10,6,2026-10-07,2026-10-03,0,Đã trả kết quả,Đúng hạn,5.0
HS2026002526,2026-09-27,9,3,Xã Nam Hải,Kinh tế - Đăng ký KD,Đăng ký hộ kinh doanh,Trực tuyến,3,2,2026-09-30,2026-09-29,0,Đã trả kết quả,Đúng hạn,5.0
HS2026002527,2026-09-27,9,3,Phường Long Phú,Tư pháp - Hộ tịch,Cấp phiếu lý lịch tư pháp số 1,Trực tuyến,10,8,2026-10-07,2026-10-05,0,Đã trả kết quả,Đúng hạn,4.0
HS2026002528,2026-09-28,9,3,Phường Bình Minh,Tư pháp - Hộ tịch,Cấp phiếu lý lịch tư pháp số 1,Trực tuyến,10,5,2026-10-08,2026-10-03,0,Đã trả kết quả,Đúng hạn,5.0
HS2026002529,2026-09-28,9,3,Phường Bình Minh,Tư pháp - Hộ tịch,Chứng thực bản sao từ bản chính,Trực tiếp,1,1,2026-09-29,2026-09-29,0,Đã trả kết quả,Đúng hạn,4.0
HS2026002530,2026-09-28,9,3,Phường Kim Sơn,Đất đai - Tài nguyên,Đăng ký biến động đất đai,Bưu chính công ích,10,11,2026-10-08,2026-10-09,0,Đã trả kết quả,Trễ hạn,4.0
HS2026002531,2026-09-28,9,3,Phường Hoà Lạc,Tư pháp - Hộ tịch,Cấp phiếu lý lịch tư pháp số 1,Trực tuyến,10,8,2026-10-08,2026-10-06,0,Đã trả kết quả,Đúng hạn,5.0
HS2026002532,2026-09-28,9,3,Xã Nam Hải,Lao động - Xã hội,"Xác nhận hộ nghèo, cận nghèo",Trực tiếp,5,6,2026-10-03,2026-10-04,0,Đã trả kết quả,Trễ hạn,2.0
HS2026002533,2026-09-28,9,3,Xã Tân Phước,Tư pháp - Hộ tịch,Chứng thực bản sao từ bản chính,Trực tiếp,1,1,2026-09-29,2026-09-29,0,Đã trả kết quả,Đúng hạn,5.0
HS2026002534,2026-09-28,9,3,Phường Long Phú,Đất đai - Tài nguyên,Cấp giấy chứng nhận quyền sử dụng đất,Trực tiếp,30,31,2026-10-28,2026-10-29,0,Đã trả kết quả,Trễ hạn,4.0
HS2026002535,2026-09-28,9,3,Phường Kim Sơn,Đất đai - Tài nguyên,Đăng ký biến động đất đai,Trực tiếp,10,7,2026-10-08,2026-10-05,0,Đã trả kết quả,Đúng hạn,5.0
HS2026002536,2026-09-29,9,3,Phường Hoà Lạc,Tư pháp - Hộ tịch,Chứng thực bản sao từ bản chính,Trực tiếp,1,1,2026-09-30,2026-09-30,0,Đã trả kết quả,Đúng hạn,5.0
HS2026002537,2026-09-29,9,3,Phường An Thịnh,Tư pháp - Hộ tịch,Đăng ký khai tử,Trực tiếp,3,2,2026-10-02,2026-10-01,0,Đã trả kết quả,Đúng hạn,5.0
HS2026002538,2026-09-29,9,3,Phường Long Phú,Lao động - Xã hội,Trợ cấp xã hội hằng tháng,Trực tuyến,20,12,2026-10-19,2026-10-11,0,Đã trả kết quả,Đúng hạn,5.0
HS2026002539,2026-09-29,9,3,Phường Bình Minh,Tư pháp - Hộ tịch,Cấp bản sao trích lục hộ tịch,Trực tuyến,1,1,2026-09-30,2026-09-30,0,Đã trả kết quả,Đúng hạn,5.0
HS2026002540,2026-09-29,9,3,Phường Hoà Lạc,Tư pháp - Hộ tịch,Đăng ký kết hôn,Trực tiếp,3,3,2026-10-02,2026-10-02,0,Đã trả kết quả,Đúng hạn,4.0
HS2026002541,2026-09-29,9,3,Phường Hoà Lạc,Xây dựng - Đô thị,Cấp giấy phép xây dựng nhà ở riêng lẻ,Trực tiếp,15,15,2026-10-14,2026-10-14,0,Đã trả kết quả,Đúng hạn,5.0
HS2026002542,2026-09-29,9,3,Phường Long Phú,Tư pháp - Hộ tịch,Chứng thực bản sao từ bản chính,Trực tiếp,1,4,2026-09-30,2026-10-03,1,Đã trả kết quả,Trễ hạn,3.0
HS2026002543,2026-09-29,9,3,Phường Kim Sơn,Tư pháp - Hộ tịch,Cấp bản sao trích lục hộ tịch,Trực tuyến,1,4,2026-09-30,2026-10-03,2,Đã trả kết quả,Trễ hạn,3.0
HS2026002544,2026-09-29,9,3,Phường An Thịnh,Kinh tế - Đăng ký KD,Đăng ký hộ kinh doanh,Trực tuyến,3,2,2026-10-02,2026-10-01,0,Đã trả kết quả,Đúng hạn,5.0
HS2026002545,2026-09-29,9,3,Phường Bình Minh,Tư pháp - Hộ tịch,Chứng thực bản sao từ bản chính,Bưu chính công ích,1,3,2026-09-30,2026-10-02,1,Đã trả kết quả,Trễ hạn,2.0
HS2026002546,2026-09-29,9,3,Phường Hoà Lạc,Tư pháp - Hộ tịch,Đăng ký khai sinh,Trực tiếp,3,2,2026-10-02,2026-10-01,0,Đã trả kết quả,Đúng hạn,5.0
HS2026002547,2026-09-29,9,3,Phường Long Phú,Tư pháp - Hộ tịch,Cấp phiếu lý lịch tư pháp số 1,Trực tiếp,10,9,2026-10-09,2026-10-08,0,Đã trả kết quả,Đúng hạn,5.0
HS2026002548,2026-09-30,9,3,Phường An Thịnh,Tư pháp - Hộ tịch,Chứng thực bản sao từ bản chính,Trực tiếp,1,1,2026-10-01,2026-10-01,0,Đã trả kết quả,Đúng hạn,5.0
HS2026002549,2026-09-30,9,3,Phường An Thịnh,Tư pháp - Hộ tịch,Đăng ký khai sinh,Trực tuyến,3,9,2026-10-03,2026-10-09,2,Đã trả kết quả,Trễ hạn,2.0
HS2026002550,2026-09-30,9,3,Xã Mỹ Trạch,Tư pháp - Hộ tịch,Cấp phiếu lý lịch tư pháp số 1,Trực tuyến,10,7,2026-10-10,2026-10-07,0,Đã trả kết quả,Đúng hạn,5.0
HS2026002551,2026-09-30,9,3,Xã Mỹ Trạch,Kinh tế - Đăng ký KD,Đăng ký hộ kinh doanh,Trực tuyến,3,2,2026-10-03,2026-10-02,0,Đã trả kết quả,Đúng hạn,5.0
HS2026002552,2026-09-30,9,3,Phường Hoà Lạc,Tư pháp - Hộ tịch,Chứng thực bản sao từ bản chính,Bưu chính công ích,1,1,2026-10-01,2026-10-01,0,Đã trả kết quả,Đúng hạn,5.0
HS2026002553,2026-09-30,9,3,Phường Hoà Lạc,Tư pháp - Hộ tịch,Chứng thực bản sao từ bản chính,Trực tuyến,1,1,2026-10-01,2026-10-01,0,Đã trả kết quả,Đúng hạn,5.0
HS2026002554,2026-09-30,9,3,Phường Hoà Lạc,Tư pháp - Hộ tịch,Chứng thực bản sao từ bản chính,Bưu chính công ích,1,3,2026-10-01,2026-10-03,1,Đã trả kết quả,Trễ hạn,2.0
HS2026002555,2026-09-30,9,3,Phường Long Phú,Tư pháp - Hộ tịch,Đăng ký kết hôn,Trực tiếp,3,4,2026-10-03,2026-10-04,0,Đã trả kết quả,Trễ hạn,4.0
HS2026002556,2026-09-30,9,3,Xã Nam Hải,Lao động - Xã hội,Trợ cấp xã hội hằng tháng,Trực tiếp,20,17,2026-10-20,2026-10-17,0,Đã trả kết quả,Đúng hạn,4.0
HS2026002557,2026-10-01,10,4,Xã Tân Phước,Xây dựng - Đô thị,Cấp giấy phép xây dựng nhà ở riêng lẻ,Trực tiếp,15,13,2026-10-16,2026-10-14,1,Đã trả kết quả,Đúng hạn,4.0
HS2026002558,2026-10-01,10,4,Xã Mỹ Trạch,Tư pháp - Hộ tịch,Đăng ký khai sinh,Trực tuyến,3,3,2026-10-04,2026-10-04,0,Đã trả kết quả,Đúng hạn,5.0
HS2026002559,2026-10-01,10,4,Phường Kim Sơn,Tư pháp - Hộ tịch,Đăng ký khai tử,Trực tuyến,3,2,2026-10-04,2026-10-03,0,Đã trả kết quả,Đúng hạn,5.0
HS2026002560,2026-10-01,10,4,Phường Kim Sơn,Tư pháp - Hộ tịch,Cấp bản sao trích lục hộ tịch,Trực tuyến,1,1,2026-10-02,2026-10-02,0,Đã trả kết quả,Đúng hạn,5.0
HS2026002561,2026-10-01,10,4,Phường Bình Minh,Tư pháp - Hộ tịch,Cấp phiếu lý lịch tư pháp số 1,Trực tuyến,10,5,2026-10-11,2026-10-06,0,Đã trả kết quả,Đúng hạn,5.0
HS2026002562,2026-10-01,10,4,Phường Bình Minh,Tư pháp - Hộ tịch,Đăng ký khai sinh,Trực tuyến,3,2,2026-10-04,2026-10-03,0,Đã trả kết quả,Đúng hạn,5.0
HS2026002563,2026-10-01,10,4,Phường Bình Minh,Đất đai - Tài nguyên,Cấp giấy chứng nhận quyền sử dụng đất,Trực tuyến,30,22,2026-10-31,2026-10-23,0,Đã trả kết quả,Đúng hạn,5.0
HS2026002564,2026-10-02,10,4,Xã Tân Phước,Tư pháp - Hộ tịch,Đăng ký khai tử,Trực tiếp,3,3,2026-10-05,2026-10-05,0,Đã trả kết quả,Đúng hạn,5.0
HS2026002565,2026-10-02,10,4,Phường Hoà Lạc,Tư pháp - Hộ tịch,Đăng ký khai sinh,Trực tiếp,3,3,2026-10-05,2026-10-05,0,Đã trả kết quả,Đúng hạn,5.0
HS2026002566,2026-10-02,10,4,Phường Long Phú,Xây dựng - Đô thị,Cấp giấy phép xây dựng nhà ở riêng lẻ,Bưu chính công ích,15,10,2026-10-17,2026-10-12,0,Đã trả kết quả,Đúng hạn,5.0
HS2026002567,2026-10-02,10,4,Phường Kim Sơn,Tư pháp - Hộ tịch,Cấp phiếu lý lịch tư pháp số 1,Trực tiếp,10,8,2026-10-12,2026-10-10,0,Đã trả kết quả,Đúng hạn,5.0
HS2026002568,2026-10-02,10,4,Xã Nam Hải,Tư pháp - Hộ tịch,Cấp phiếu lý lịch tư pháp số 1,Trực tiếp,10,11,2026-10-12,2026-10-13,1,Đã trả kết quả,Trễ hạn,3.0
HS2026002569,2026-10-02,10,4,Phường An Thịnh,Tư pháp - Hộ tịch,Cấp phiếu lý lịch tư pháp số 1,Trực tuyến,10,4,2026-10-12,2026-10-06,0,Đã trả kết quả,Đúng hạn,5.0
HS2026002570,2026-10-03,10,4,Xã Mỹ Trạch,Xây dựng - Đô thị,Cấp giấy phép xây dựng nhà ở riêng lẻ,Trực tiếp,15,8,2026-10-18,2026-10-11,0,Đã trả kết quả,Đúng hạn,5.0
HS2026002571,2026-10-03,10,4,Phường Long Phú,Kinh tế - Đăng ký KD,Đăng ký hộ kinh doanh,Trực tuyến,3,3,2026-10-06,2026-10-06,0,Đã trả kết quả,Đúng hạn,5.0
HS2026002572,2026-10-03,10,4,Xã Tân Phước,Xây dựng - Đô thị,Cấp giấy phép xây dựng nhà ở riêng lẻ,Trực tuyến,15,10,2026-10-18,2026-10-13,0,Đã trả kết quả,Đúng hạn,5.0
HS2026002573,2026-10-03,10,4,Phường An Thịnh,Đất đai - Tài nguyên,Cấp giấy chứng nhận quyền sử dụng đất,Trực tuyến,30,12,2026-11-02,2026-10-15,0,Đã trả kết quả,Đúng hạn,5.0
HS2026002574,2026-10-03,10,4,Phường Hoà Lạc,Tư pháp - Hộ tịch,Chứng thực bản sao từ bản chính,Trực tiếp,1,1,2026-10-04,2026-10-04,0,Đã trả kết quả,Đúng hạn,4.0
HS2026002575,2026-10-03,10,4,Xã Nam Hải,Tư pháp - Hộ tịch,Đăng ký khai tử,Trực tiếp,3,3,2026-10-06,2026-10-06,0,Đã trả kết quả,Đúng hạn,5.0
HS2026002576,2026-10-03,10,4,Xã Tân Phước,Tư pháp - Hộ tịch,Chứng thực bản sao từ bản chính,Trực tiếp,1,1,2026-10-04,2026-10-04,0,Đã trả kết quả,Đúng hạn,5.0
HS2026002577,2026-10-04,10,4,Xã Nam Hải,Tư pháp - Hộ tịch,Cấp bản sao trích lục hộ tịch,Trực tiếp,1,5,2026-10-05,2026-10-09,2,Đã trả kết quả,Trễ hạn,2.0
HS2026002578,2026-10-04,10,4,Xã Mỹ Trạch,Tư pháp - Hộ tịch,Đăng ký khai sinh,Trực tuyến,3,2,2026-10-07,2026-10-06,0,Đã trả kết quả,Đúng hạn,5.0
HS2026002579,2026-10-04,10,4,Phường An Thịnh,Đất đai - Tài nguyên,Đăng ký biến động đất đai,Trực tiếp,10,5,2026-10-14,2026-10-09,0,Đã trả kết quả,Đúng hạn,5.0
HS2026002580,2026-10-04,10,4,Phường Bình Minh,Xây dựng - Đô thị,Cấp giấy phép xây dựng nhà ở riêng lẻ,Trực tuyến,15,10,2026-10-19,2026-10-14,0,Đã trả kết quả,Đúng hạn,5.0
HS2026002581,2026-10-04,10,4,Phường Hoà Lạc,Tư pháp - Hộ tịch,Đăng ký khai tử,Bưu chính công ích,3,3,2026-10-07,2026-10-07,0,Đã trả kết quả,Đúng hạn,5.0
HS2026002582,2026-10-04,10,4,Xã Mỹ Trạch,Đất đai - Tài nguyên,Đăng ký biến động đất đai,Trực tuyến,10,7,2026-10-14,2026-10-11,0,Đã trả kết quả,Đúng hạn,5.0
HS2026002583,2026-10-04,10,4,Phường Long Phú,Kinh tế - Đăng ký KD,Đăng ký hộ kinh doanh,Trực tuyến,3,3,2026-10-07,2026-10-07,0,Đã trả kết quả,Đúng hạn,4.0
HS2026002584,2026-10-04,10,4,Phường Bình Minh,Tư pháp - Hộ tịch,Đăng ký khai tử,Trực tuyến,3,2,2026-10-07,2026-10-06,0,Đã trả kết quả,Đúng hạn,5.0
HS2026002585,2026-10-04,10,4,Xã Mỹ Trạch,Xây dựng - Đô thị,Cấp giấy phép xây dựng nhà ở riêng lẻ,Trực tiếp,15,10,2026-10-19,2026-10-14,0,Đã trả kết quả,Đúng hạn,5.0
HS2026002586,2026-10-05,10,4,Phường Hoà Lạc,Đất đai - Tài nguyên,Đăng ký biến động đất đai,Trực tuyến,10,6,2026-10-15,2026-10-11,0,Đã trả kết quả,Đúng hạn,5.0
HS2026002587,2026-10-05,10,4,Phường Long Phú,Kinh tế - Đăng ký KD,Đăng ký hộ kinh doanh,Trực tuyến,3,3,2026-10-08,2026-10-08,0,Đã trả kết quả,Đúng hạn,5.0
HS2026002588,2026-10-05,10,4,Xã Tân Phước,Kinh tế - Đăng ký KD,Đăng ký hộ kinh doanh,Trực tuyến,3,6,2026-10-08,2026-10-11,2,Đã trả kết quả,Trễ hạn,3.0
HS2026002589,2026-10-05,10,4,Phường Bình Minh,Tư pháp - Hộ tịch,Cấp phiếu lý lịch tư pháp số 1,Trực tuyến,10,6,2026-10-15,2026-10-11,0,Đã trả kết quả,Đúng hạn,5.0
HS2026002590,2026-10-05,10,4,Xã Mỹ Trạch,Đất đai - Tài nguyên,Cấp giấy chứng nhận quyền sử dụng đất,Trực tiếp,30,21,2026-11-04,2026-10-26,0,Đã trả kết quả,Đúng hạn,5.0
HS2026002591,2026-10-05,10,4,Xã Tân Phước,Tư pháp - Hộ tịch,Cấp bản sao trích lục hộ tịch,Trực tiếp,1,1,2026-10-06,2026-10-06,0,Đã trả kết quả,Đúng hạn,5.0
HS2026002592,2026-10-05,10,4,Phường Bình Minh,Tư pháp - Hộ tịch,Đăng ký khai tử,Bưu chính công ích,3,6,2026-10-08,2026-10-11,2,Đã trả kết quả,Trễ hạn,3.0
HS2026002593,2026-10-06,10,4,Phường Kim Sơn,Xây dựng - Đô thị,Cấp giấy phép xây dựng nhà ở riêng lẻ,Trực tuyến,15,9,2026-10-21,2026-10-15,0,Đã trả kết quả,Đúng hạn,5.0
HS2026002594,2026-10-06,10,4,Xã Tân Phước,Tư pháp - Hộ tịch,Chứng thực bản sao từ bản chính,Trực tuyến,1,1,2026-10-07,2026-10-07,0,Đã trả kết quả,Đúng hạn,5.0
HS2026002595,2026-10-06,10,4,Phường An Thịnh,Tư pháp - Hộ tịch,Cấp phiếu lý lịch tư pháp số 1,Trực tuyến,10,13,2026-10-16,2026-10-19,2,Đã trả kết quả,Trễ hạn,3.0
HS2026002596,2026-10-06,10,4,Xã Mỹ Trạch,Tư pháp - Hộ tịch,Đăng ký kết hôn,Trực tuyến,3,2,2026-10-09,2026-10-08,0,Đã trả kết quả,Đúng hạn,5.0
HS2026002597,2026-10-06,10,4,Phường Bình Minh,Tư pháp - Hộ tịch,Chứng thực bản sao từ bản chính,Bưu chính công ích,1,1,2026-10-07,2026-10-07,0,Đã trả kết quả,Đúng hạn,5.0
HS2026002598,2026-10-06,10,4,Phường Long Phú,Tư pháp - Hộ tịch,Chứng thực bản sao từ bản chính,Trực tiếp,1,1,2026-10-07,2026-10-07,0,Đã trả kết quả,Đúng hạn,5.0
HS2026002599,2026-10-06,10,4,Phường An Thịnh,Lao động - Xã hội,"Xác nhận hộ nghèo, cận nghèo",Bưu chính công ích,5,3,2026-10-11,2026-10-09,0,Đã trả kết quả,Đúng hạn,5.0
HS2026002600,2026-10-06,10,4,Xã Tân Phước,Đất đai - Tài nguyên,Đăng ký biến động đất đai,Trực tuyến,10,5,2026-10-16,2026-10-11,0,Đã trả kết quả,Đúng hạn,4.0
HS2026002601,2026-10-06,10,4,Phường An Thịnh,Tư pháp - Hộ tịch,Cấp bản sao trích lục hộ tịch,Trực tuyến,1,4,2026-10-07,2026-10-10,1,Đã trả kết quả,Trễ hạn,3.0
HS2026002602,2026-10-06,10,4,Xã Nam Hải,Lao động - Xã hội,Trợ cấp xã hội hằng tháng,Trực tiếp,20,30,2026-10-26,2026-11-05,2,Đã trả kết quả,Trễ hạn,2.0
HS2026002603,2026-10-06,10,4,Xã Nam Hải,Tư pháp - Hộ tịch,Đăng ký kết hôn,Trực tuyến,3,3,2026-10-09,2026-10-09,0,Đã trả kết quả,Đúng hạn,5.0
HS2026002604,2026-10-06,10,4,Phường Hoà Lạc,Đất đai - Tài nguyên,Đăng ký biến động đất đai,Bưu chính công ích,10,6,2026-10-16,2026-10-12,0,Đã trả kết quả,Đúng hạn,5.0
HS2026002605,2026-10-07,10,4,Phường An Thịnh,Tư pháp - Hộ tịch,Đăng ký kết hôn,Bưu chính công ích,3,2,2026-10-10,2026-10-09,0,Đã trả kết quả,Đúng hạn,5.0
HS2026002606,2026-10-07,10,4,Phường Kim Sơn,Đất đai - Tài nguyên,Đăng ký biến động đất đai,Bưu chính công ích,10,9,2026-10-17,2026-10-16,0,Đã trả kết quả,Đúng hạn,5.0
HS2026002607,2026-10-07,10,4,Phường Hoà Lạc,Tư pháp - Hộ tịch,Cấp phiếu lý lịch tư pháp số 1,Trực tiếp,10,5,2026-10-17,2026-10-12,0,Đã trả kết quả,Đúng hạn,5.0
HS2026002608,2026-10-07,10,4,Phường An Thịnh,Tư pháp - Hộ tịch,Chứng thực bản sao từ bản chính,Trực tiếp,1,1,2026-10-08,2026-10-08,0,Đã trả kết quả,Đúng hạn,5.0
HS2026002609,2026-10-07,10,4,Phường An Thịnh,Tư pháp - Hộ tịch,Cấp bản sao trích lục hộ tịch,Trực tuyến,1,1,2026-10-08,2026-10-08,0,Đã trả kết quả,Đúng hạn,5.0
HS2026002610,2026-10-07,10,4,Phường Bình Minh,Tư pháp - Hộ tịch,Cấp bản sao trích lục hộ tịch,Trực tuyến,1,1,2026-10-08,2026-10-08,0,Đã trả kết quả,Đúng hạn,5.0
HS2026002611,2026-10-07,10,4,Xã Nam Hải,Đất đai - Tài nguyên,Đăng ký biến động đất đai,Trực tuyến,10,7,2026-10-17,2026-10-14,0,Đã trả kết quả,Đúng hạn,5.0
HS2026002612,2026-10-07,10,4,Phường An Thịnh,Lao động - Xã hội,Trợ cấp xã hội hằng tháng,Trực tuyến,20,8,2026-10-27,2026-10-15,0,Đã trả kết quả,Đúng hạn,5.0
HS2026002613,2026-10-08,10,4,Phường Kim Sơn,Lao động - Xã hội,"Xác nhận hộ nghèo, cận nghèo",Trực tiếp,5,4,2026-10-13,2026-10-12,0,Đã trả kết quả,Đúng hạn,4.0
HS2026002614,2026-10-08,10,4,Phường Long Phú,Đất đai - Tài nguyên,Đăng ký biến động đất đai,Trực tiếp,10,11,2026-10-18,2026-10-19,0,Đã trả kết quả,Trễ hạn,3.0
HS2026002615,2026-10-08,10,4,Xã Nam Hải,Đất đai - Tài nguyên,Cấp giấy chứng nhận quyền sử dụng đất,Trực tuyến,30,16,2026-11-07,2026-10-24,0,Đã trả kết quả,Đúng hạn,5.0
HS2026002616,2026-10-08,10,4,Xã Nam Hải,Tư pháp - Hộ tịch,Đăng ký kết hôn,Trực tuyến,3,6,2026-10-11,2026-10-14,1,Đã trả kết quả,Trễ hạn,2.0
HS2026002617,2026-10-08,10,4,Phường An Thịnh,Tư pháp - Hộ tịch,Đăng ký khai sinh,Trực tuyến,3,2,2026-10-11,2026-10-10,0,Đã trả kết quả,Đúng hạn,5.0
HS2026002618,2026-10-08,10,4,Xã Mỹ Trạch,Tư pháp - Hộ tịch,Cấp phiếu lý lịch tư pháp số 1,Trực tuyến,10,6,2026-10-18,2026-10-14,0,Đã trả kết quả,Đúng hạn,4.0
HS2026002619,2026-10-08,10,4,Xã Tân Phước,Kinh tế - Đăng ký KD,Đăng ký hộ kinh doanh,Trực tuyến,3,4,2026-10-11,2026-10-12,1,Đã trả kết quả,Trễ hạn,3.0
HS2026002620,2026-10-08,10,4,Xã Mỹ Trạch,Tư pháp - Hộ tịch,Đăng ký khai sinh,Trực tuyến,3,3,2026-10-11,2026-10-11,0,Đã trả kết quả,Đúng hạn,5.0
HS2026002621,2026-10-08,10,4,Phường An Thịnh,Tư pháp - Hộ tịch,Đăng ký khai sinh,Trực tuyến,3,2,2026-10-11,2026-10-10,0,Đã trả kết quả,Đúng hạn,5.0
HS2026002622,2026-10-08,10,4,Phường An Thịnh,Tư pháp - Hộ tịch,Chứng thực bản sao từ bản chính,Trực tuyến,1,1,2026-10-09,2026-10-09,0,Đã trả kết quả,Đúng hạn,5.0
HS2026002623,2026-10-08,10,4,Xã Tân Phước,Tư pháp - Hộ tịch,Đăng ký kết hôn,Trực tiếp,3,2,2026-10-11,2026-10-10,0,Đã trả kết quả,Đúng hạn,5.0
HS2026002624,2026-10-08,10,4,Phường Bình Minh,Kinh tế - Đăng ký KD,Đăng ký hộ kinh doanh,Trực tuyến,3,3,2026-10-11,2026-10-11,0,Đã trả kết quả,Đúng hạn,5.0
HS2026002625,2026-10-09,10,4,Phường Long Phú,Tư pháp - Hộ tịch,Cấp bản sao trích lục hộ tịch,Trực tiếp,1,4,2026-10-10,2026-10-13,1,Đã trả kết quả,Trễ hạn,2.0
HS2026002626,2026-10-09,10,4,Phường An Thịnh,Tư pháp - Hộ tịch,Chứng thực bản sao từ bản chính,Trực tiếp,1,1,2026-10-10,2026-10-10,0,Đã trả kết quả,Đúng hạn,5.0
HS2026002627,2026-10-09,10,4,Phường Hoà Lạc,Tư pháp - Hộ tịch,Cấp bản sao trích lục hộ tịch,Bưu chính công ích,1,6,2026-10-10,2026-10-15,2,Đã trả kết quả,Trễ hạn,2.0
HS2026002628,2026-10-09,10,4,Xã Mỹ Trạch,Tư pháp - Hộ tịch,Cấp bản sao trích lục hộ tịch,Trực tiếp,1,1,2026-10-10,2026-10-10,0,Đã trả kết quả,Đúng hạn,5.0
HS2026002629,2026-10-09,10,4,Phường Hoà Lạc,Tư pháp - Hộ tịch,Đăng ký kết hôn,Trực tiếp,3,2,2026-10-12,2026-10-11,0,Đã trả kết quả,Đúng hạn,5.0
HS2026002630,2026-10-09,10,4,Xã Nam Hải,Tư pháp - Hộ tịch,Cấp phiếu lý lịch tư pháp số 1,Trực tuyến,10,8,2026-10-19,2026-10-17,0,Đã trả kết quả,Đúng hạn,5.0
HS2026002631,2026-10-09,10,4,Phường An Thịnh,Đất đai - Tài nguyên,Đăng ký biến động đất đai,Trực tiếp,10,5,2026-10-19,2026-10-14,0,Đã trả kết quả,Đúng hạn,5.0
HS2026002632,2026-10-10,10,4,Phường Bình Minh,Xây dựng - Đô thị,Cấp giấy phép xây dựng nhà ở riêng lẻ,Trực tuyến,15,8,2026-10-25,2026-10-18,0,Đã trả kết quả,Đúng hạn,5.0
HS2026002633,2026-10-10,10,4,Phường An Thịnh,Tư pháp - Hộ tịch,Đăng ký khai sinh,Trực tuyến,3,6,2026-10-13,2026-10-16,2,Đã trả kết quả,Trễ hạn,3.0
HS2026002634,2026-10-10,10,4,Phường Kim Sơn,Tư pháp - Hộ tịch,Đăng ký khai sinh,Trực tuyến,3,3,2026-10-13,2026-10-13,0,Đã trả kết quả,Đúng hạn,4.0
HS2026002635,2026-10-10,10,4,Phường Hoà Lạc,Tư pháp - Hộ tịch,Đăng ký khai sinh,Trực tuyến,3,3,2026-10-13,2026-10-13,0,Đã trả kết quả,Đúng hạn,5.0
HS2026002636,2026-10-10,10,4,Phường Bình Minh,Tư pháp - Hộ tịch,Cấp bản sao trích lục hộ tịch,Trực tuyến,1,1,2026-10-11,2026-10-11,0,Đã trả kết quả,Đúng hạn,5.0
HS2026002637,2026-10-10,10,4,Phường Hoà Lạc,Lao động - Xã hội,"Xác nhận hộ nghèo, cận nghèo",Trực tiếp,5,3,2026-10-15,2026-10-13,0,Đã trả kết quả,Đúng hạn,5.0
HS2026002638,2026-10-11,10,4,Phường An Thịnh,Lao động - Xã hội,Trợ cấp xã hội hằng tháng,Trực tuyến,20,17,2026-10-31,2026-10-28,2,Đã trả kết quả,Đúng hạn,3.0
HS2026002639,2026-10-11,10,4,Phường An Thịnh,Tư pháp - Hộ tịch,Đăng ký khai sinh,Trực tuyến,3,2,2026-10-14,2026-10-13,0,Đã trả kết quả,Đúng hạn,5.0
HS2026002640,2026-10-11,10,4,Xã Nam Hải,Lao động - Xã hội,"Xác nhận hộ nghèo, cận nghèo",Trực tiếp,5,6,2026-10-16,2026-10-17,0,Đã trả kết quả,Trễ hạn,4.0
HS2026002641,2026-10-11,10,4,Phường Bình Minh,Đất đai - Tài nguyên,Cấp giấy chứng nhận quyền sử dụng đất,Trực tuyến,30,23,2026-11-10,2026-11-03,0,Đã trả kết quả,Đúng hạn,5.0
HS2026002642,2026-10-12,10,4,Phường Hoà Lạc,Tư pháp - Hộ tịch,Chứng thực bản sao từ bản chính,Trực tuyến,1,1,2026-10-13,2026-10-13,0,Đã trả kết quả,Đúng hạn,5.0
HS2026002643,2026-10-12,10,4,Xã Tân Phước,Tư pháp - Hộ tịch,Đăng ký khai sinh,Trực tuyến,3,4,2026-10-15,2026-10-16,1,Đã trả kết quả,Trễ hạn,3.0
HS2026002644,2026-10-12,10,4,Xã Mỹ Trạch,Tư pháp - Hộ tịch,Cấp phiếu lý lịch tư pháp số 1,Trực tuyến,10,7,2026-10-22,2026-10-19,0,Đã trả kết quả,Đúng hạn,4.0
HS2026002645,2026-10-12,10,4,Phường Kim Sơn,Tư pháp - Hộ tịch,Đăng ký kết hôn,Trực tiếp,3,3,2026-10-15,2026-10-15,0,Đã trả kết quả,Đúng hạn,5.0
HS2026002646,2026-10-12,10,4,Phường Hoà Lạc,Tư pháp - Hộ tịch,Đăng ký khai sinh,Trực tuyến,3,3,2026-10-15,2026-10-15,0,Đã trả kết quả,Đúng hạn,5.0
HS2026002647,2026-10-12,10,4,Xã Nam Hải,Tư pháp - Hộ tịch,Cấp phiếu lý lịch tư pháp số 1,Trực tuyến,10,8,2026-10-22,2026-10-20,0,Đã trả kết quả,Đúng hạn,5.0
HS2026002648,2026-10-12,10,4,Xã Mỹ Trạch,Tư pháp - Hộ tịch,Đăng ký kết hôn,Trực tuyến,3,2,2026-10-15,2026-10-14,0,Đã trả kết quả,Đúng hạn,5.0
HS2026002649,2026-10-12,10,4,Xã Tân Phước,Tư pháp - Hộ tịch,Đăng ký khai sinh,Trực tuyến,3,2,2026-10-15,2026-10-14,0,Đã trả kết quả,Đúng hạn,5.0
HS2026002650,2026-10-12,10,4,Phường Long Phú,Tư pháp - Hộ tịch,Đăng ký khai sinh,Trực tiếp,3,3,2026-10-15,2026-10-15,0,Đã trả kết quả,Đúng hạn,5.0
HS2026002651,2026-10-13,10,4,Phường Bình Minh,Tư pháp - Hộ tịch,Đăng ký khai sinh,Trực tiếp,3,7,2026-10-16,2026-10-20,2,Đã trả kết quả,Trễ hạn,3.0
HS2026002652,2026-10-13,10,4,Xã Mỹ Trạch,Xây dựng - Đô thị,Cấp giấy phép xây dựng nhà ở riêng lẻ,Bưu chính công ích,15,14,2026-10-28,2026-10-27,0,Đã trả kết quả,Đúng hạn,5.0
HS2026002653,2026-10-13,10,4,Phường Long Phú,Xây dựng - Đô thị,Cấp giấy phép xây dựng nhà ở riêng lẻ,Trực tiếp,15,18,2026-10-28,2026-10-31,0,Đã trả kết quả,Trễ hạn,3.0
HS2026002654,2026-10-13,10,4,Xã Nam Hải,Tư pháp - Hộ tịch,Cấp phiếu lý lịch tư pháp số 1,Trực tuyến,10,5,2026-10-23,2026-10-18,0,Đã trả kết quả,Đúng hạn,5.0
HS2026002655,2026-10-13,10,4,Xã Mỹ Trạch,Tư pháp - Hộ tịch,Cấp phiếu lý lịch tư pháp số 1,Trực tuyến,10,6,2026-10-23,2026-10-19,0,Đã trả kết quả,Đúng hạn,5.0
HS2026002656,2026-10-13,10,4,Phường An Thịnh,Tư pháp - Hộ tịch,Chứng thực bản sao từ bản chính,Trực tuyến,1,1,2026-10-14,2026-10-14,0,Đã trả kết quả,Đúng hạn,5.0
HS2026002657,2026-10-13,10,4,Xã Mỹ Trạch,Tư pháp - Hộ tịch,Đăng ký khai tử,Trực tiếp,3,6,2026-10-16,2026-10-19,1,Đã trả kết quả,Trễ hạn,3.0
HS2026002658,2026-10-13,10,4,Xã Tân Phước,Tư pháp - Hộ tịch,Đăng ký khai sinh,Trực tuyến,3,3,2026-10-16,2026-10-16,0,Đã trả kết quả,Đúng hạn,5.0
HS2026002659,2026-10-13,10,4,Phường Bình Minh,Tư pháp - Hộ tịch,Cấp phiếu lý lịch tư pháp số 1,Trực tuyến,10,6,2026-10-23,2026-10-19,0,Đã trả kết quả,Đúng hạn,5.0
HS2026002660,2026-10-13,10,4,Xã Tân Phước,Tư pháp - Hộ tịch,Cấp bản sao trích lục hộ tịch,Trực tuyến,1,1,2026-10-14,2026-10-14,0,Đã trả kết quả,Đúng hạn,5.0
HS2026002661,2026-10-13,10,4,Phường Bình Minh,Tư pháp - Hộ tịch,Chứng thực bản sao từ bản chính,Trực tuyến,1,1,2026-10-14,2026-10-14,0,Đã trả kết quả,Đúng hạn,5.0
HS2026002662,2026-10-14,10,4,Phường An Thịnh,Lao động - Xã hội,"Xác nhận hộ nghèo, cận nghèo",Trực tuyến,5,3,2026-10-19,2026-10-17,0,Đã trả kết quả,Đúng hạn,5.0
HS2026002663,2026-10-14,10,4,Xã Nam Hải,Tư pháp - Hộ tịch,Đăng ký khai sinh,Trực tuyến,3,3,2026-10-17,2026-10-17,0,Đã trả kết quả,Đúng hạn,4.0
HS2026002664,2026-10-14,10,4,Xã Nam Hải,Tư pháp - Hộ tịch,Đăng ký kết hôn,Bưu chính công ích,3,3,2026-10-17,2026-10-17,0,Đã trả kết quả,Đúng hạn,5.0
HS2026002665,2026-10-14,10,4,Phường An Thịnh,Tư pháp - Hộ tịch,Cấp bản sao trích lục hộ tịch,Trực tuyến,1,4,2026-10-15,2026-10-18,1,Đã trả kết quả,Trễ hạn,3.0
HS2026002666,2026-10-14,10,4,Phường Kim Sơn,Tư pháp - Hộ tịch,Đăng ký khai sinh,Trực tiếp,3,2,2026-10-17,2026-10-16,0,Đã trả kết quả,Đúng hạn,5.0
HS2026002667,2026-10-14,10,4,Phường Bình Minh,Tư pháp - Hộ tịch,Cấp bản sao trích lục hộ tịch,Trực tuyến,1,1,2026-10-15,2026-10-15,0,Đã trả kết quả,Đúng hạn,5.0
HS2026002668,2026-10-15,10,4,Phường Kim Sơn,Tư pháp - Hộ tịch,Đăng ký khai tử,Trực tiếp,3,2,2026-10-18,2026-10-17,0,Đã trả kết quả,Đúng hạn,5.0
HS2026002669,2026-10-15,10,4,Phường Kim Sơn,Lao động - Xã hội,"Xác nhận hộ nghèo, cận nghèo",Trực tuyến,5,4,2026-10-20,2026-10-19,0,Đã trả kết quả,Đúng hạn,5.0
HS2026002670,2026-10-15,10,4,Phường An Thịnh,Tư pháp - Hộ tịch,Cấp phiếu lý lịch tư pháp số 1,Trực tuyến,10,5,2026-10-25,2026-10-20,0,Đã trả kết quả,Đúng hạn,5.0
HS2026002671,2026-10-15,10,4,Phường Kim Sơn,Tư pháp - Hộ tịch,Đăng ký khai sinh,Trực tiếp,3,2,2026-10-18,2026-10-17,0,Đã trả kết quả,Đúng hạn,5.0
HS2026002672,2026-10-15,10,4,Xã Mỹ Trạch,Tư pháp - Hộ tịch,Đăng ký khai sinh,Trực tuyến,3,3,2026-10-18,2026-10-18,0,Đã trả kết quả,Đúng hạn,5.0
HS2026002673,2026-10-15,10,4,Phường An Thịnh,Tư pháp - Hộ tịch,Cấp bản sao trích lục hộ tịch,Trực tuyến,1,1,2026-10-16,2026-10-16,0,Đã trả kết quả,Đúng hạn,5.0
HS2026002674,2026-10-15,10,4,Xã Tân Phước,Tư pháp - Hộ tịch,Đăng ký khai sinh,Trực tiếp,3,3,2026-10-18,2026-10-18,0,Đã trả kết quả,Đúng hạn,5.0
HS2026002675,2026-10-16,10,4,Phường An Thịnh,Lao động - Xã hội,"Xác nhận hộ nghèo, cận nghèo",Trực tiếp,5,3,2026-10-21,2026-10-19,0,Đã trả kết quả,Đúng hạn,4.0
HS2026002676,2026-10-16,10,4,Phường An Thịnh,Lao động - Xã hội,"Xác nhận hộ nghèo, cận nghèo",Bưu chính công ích,5,5,2026-10-21,2026-10-21,0,Đã trả kết quả,Đúng hạn,5.0
HS2026002677,2026-10-16,10,4,Xã Nam Hải,Đất đai - Tài nguyên,Đăng ký biến động đất đai,Bưu chính công ích,10,7,2026-10-26,2026-10-23,0,Đã trả kết quả,Đúng hạn,5.0
HS2026002678,2026-10-16,10,4,Xã Nam Hải,Lao động - Xã hội,Trợ cấp xã hội hằng tháng,Trực tuyến,20,17,2026-11-05,2026-11-02,0,Đã trả kết quả,Đúng hạn,5.0
HS2026002679,2026-10-16,10,4,Phường Kim Sơn,Tư pháp - Hộ tịch,Đăng ký khai sinh,Trực tuyến,3,3,2026-10-19,2026-10-19,0,Đã trả kết quả,Đúng hạn,5.0
HS2026002680,2026-10-16,10,4,Xã Mỹ Trạch,Xây dựng - Đô thị,Cấp giấy phép xây dựng nhà ở riêng lẻ,Trực tuyến,15,6,2026-10-31,2026-10-22,0,Đã trả kết quả,Đúng hạn,5.0
HS2026002681,2026-10-16,10,4,Phường Bình Minh,Tư pháp - Hộ tịch,Đăng ký khai tử,Trực tiếp,3,7,2026-10-19,2026-10-23,2,Đã trả kết quả,Trễ hạn,3.0
HS2026002682,2026-10-16,10,4,Phường Bình Minh,Tư pháp - Hộ tịch,Chứng thực bản sao từ bản chính,Trực tiếp,1,1,2026-10-17,2026-10-17,0,Đã trả kết quả,Đúng hạn,5.0
HS2026002683,2026-10-16,10,4,Phường An Thịnh,Lao động - Xã hội,"Xác nhận hộ nghèo, cận nghèo",Trực tuyến,5,3,2026-10-21,2026-10-19,0,Đã trả kết quả,Đúng hạn,5.0
HS2026002684,2026-10-16,10,4,Phường Kim Sơn,Kinh tế - Đăng ký KD,Đăng ký hộ kinh doanh,Trực tuyến,3,5,2026-10-19,2026-10-21,1,Đã trả kết quả,Trễ hạn,3.0
HS2026002685,2026-10-16,10,4,Phường An Thịnh,Đất đai - Tài nguyên,Đăng ký biến động đất đai,Trực tiếp,10,10,2026-10-26,2026-10-26,1,Đã trả kết quả,Đúng hạn,4.0
HS2026002686,2026-10-16,10,4,Phường An Thịnh,Tư pháp - Hộ tịch,Đăng ký kết hôn,Trực tuyến,3,2,2026-10-19,2026-10-18,0,Đã trả kết quả,Đúng hạn,5.0
HS2026002687,2026-10-17,10,4,Phường Hoà Lạc,Xây dựng - Đô thị,Cấp giấy phép xây dựng nhà ở riêng lẻ,Trực tiếp,15,10,2026-11-01,2026-10-27,0,Đã trả kết quả,Đúng hạn,5.0
HS2026002688,2026-10-17,10,4,Phường An Thịnh,Đất đai - Tài nguyên,Cấp giấy chứng nhận quyền sử dụng đất,Trực tiếp,30,23,2026-11-16,2026-11-09,1,Đã trả kết quả,Đúng hạn,4.0
HS2026002689,2026-10-17,10,4,Xã Tân Phước,Tư pháp - Hộ tịch,Đăng ký kết hôn,Trực tuyến,3,2,2026-10-20,2026-10-19,0,Đã trả kết quả,Đúng hạn,5.0
HS2026002690,2026-10-17,10,4,Phường Bình Minh,Kinh tế - Đăng ký KD,Đăng ký hộ kinh doanh,Bưu chính công ích,3,8,2026-10-20,2026-10-25,2,Đã trả kết quả,Trễ hạn,2.0
HS2026002691,2026-10-17,10,4,Xã Mỹ Trạch,Kinh tế - Đăng ký KD,Đăng ký hộ kinh doanh,Trực tuyến,3,2,2026-10-20,2026-10-19,0,Đã trả kết quả,Đúng hạn,5.0
HS2026002692,2026-10-17,10,4,Phường Hoà Lạc,Tư pháp - Hộ tịch,Đăng ký khai sinh,Trực tuyến,3,2,2026-10-20,2026-10-19,0,Đã trả kết quả,Đúng hạn,5.0
HS2026002693,2026-10-17,10,4,Phường Bình Minh,Tư pháp - Hộ tịch,Cấp phiếu lý lịch tư pháp số 1,Trực tuyến,10,5,2026-10-27,2026-10-22,0,Đã trả kết quả,Đúng hạn,5.0
HS2026002694,2026-10-17,10,4,Phường An Thịnh,Xây dựng - Đô thị,Cấp giấy phép xây dựng nhà ở riêng lẻ,Trực tiếp,15,10,2026-11-01,2026-10-27,0,Đã trả kết quả,Đúng hạn,5.0
HS2026002695,2026-10-17,10,4,Phường An Thịnh,Kinh tế - Đăng ký KD,Đăng ký hộ kinh doanh,Trực tuyến,3,4,2026-10-20,2026-10-21,1,Đã trả kết quả,Trễ hạn,2.0
HS2026002696,2026-10-18,10,4,Xã Mỹ Trạch,Tư pháp - Hộ tịch,Chứng thực bản sao từ bản chính,Trực tiếp,1,1,2026-10-19,2026-10-19,0,Đã trả kết quả,Đúng hạn,5.0
HS2026002697,2026-10-18,10,4,Xã Tân Phước,Xây dựng - Đô thị,Cấp giấy phép xây dựng nhà ở riêng lẻ,Trực tiếp,15,13,2026-11-02,2026-10-31,0,Đã trả kết quả,Đúng hạn,5.0
HS2026002698,2026-10-18,10,4,Phường Hoà Lạc,Tư pháp - Hộ tịch,Cấp phiếu lý lịch tư pháp số 1,Trực tuyến,10,5,2026-10-28,2026-10-23,0,Đã trả kết quả,Đúng hạn,5.0
HS2026002699,2026-10-18,10,4,Phường Kim Sơn,Tư pháp - Hộ tịch,Đăng ký khai sinh,Trực tuyến,3,3,2026-10-21,2026-10-21,0,Đã trả kết quả,Đúng hạn,5.0
HS2026002700,2026-10-18,10,4,Xã Tân Phước,Tư pháp - Hộ tịch,Đăng ký kết hôn,Trực tuyến,3,5,2026-10-21,2026-10-23,1,Đã trả kết quả,Trễ hạn,3.0
HS2026002701,2026-10-18,10,4,Phường Kim Sơn,Tư pháp - Hộ tịch,Chứng thực bản sao từ bản chính,Bưu chính công ích,1,4,2026-10-19,2026-10-22,1,Đã trả kết quả,Trễ hạn,2.0
HS2026002702,2026-10-18,10,4,Xã Nam Hải,Tư pháp - Hộ tịch,Cấp phiếu lý lịch tư pháp số 1,Trực tuyến,10,8,2026-10-28,2026-10-26,0,Đã trả kết quả,Đúng hạn,5.0
HS2026002703,2026-10-18,10,4,Phường An Thịnh,Đất đai - Tài nguyên,Đăng ký biến động đất đai,Trực tuyến,10,4,2026-10-28,2026-10-22,0,Đã trả kết quả,Đúng hạn,5.0
HS2026002704,2026-10-18,10,4,Phường An Thịnh,Kinh tế - Đăng ký KD,Đăng ký hộ kinh doanh,Trực tuyến,3,3,2026-10-21,2026-10-21,0,Đã trả kết quả,Đúng hạn,5.0
HS2026002705,2026-10-19,10,4,Xã Nam Hải,Tư pháp - Hộ tịch,Cấp bản sao trích lục hộ tịch,Trực tuyến,1,1,2026-10-20,2026-10-20,0,Đã trả kết quả,Đúng hạn,5.0
HS2026002706,2026-10-19,10,4,Phường Long Phú,Tư pháp - Hộ tịch,Đăng ký khai sinh,Bưu chính công ích,3,7,2026-10-22,2026-10-26,2,Đã trả kết quả,Trễ hạn,2.0
HS2026002707,2026-10-19,10,4,Phường Kim Sơn,Tư pháp - Hộ tịch,Đăng ký khai sinh,Trực tuyến,3,5,2026-10-22,2026-10-24,1,Đã trả kết quả,Trễ hạn,3.0
HS2026002708,2026-10-19,10,4,Xã Mỹ Trạch,Tư pháp - Hộ tịch,Đăng ký kết hôn,Bưu chính công ích,3,4,2026-10-22,2026-10-23,1,Đã trả kết quả,Trễ hạn,1.0
HS2026002709,2026-10-19,10,4,Xã Mỹ Trạch,Tư pháp - Hộ tịch,Đăng ký kết hôn,Bưu chính công ích,3,2,2026-10-22,2026-10-21,0,Đã trả kết quả,Đúng hạn,4.0
HS2026002710,2026-10-19,10,4,Phường An Thịnh,Tư pháp - Hộ tịch,Đăng ký khai sinh,Trực tuyến,3,2,2026-10-22,2026-10-21,0,Đã trả kết quả,Đúng hạn,5.0
HS2026002711,2026-10-19,10,4,Xã Nam Hải,Lao động - Xã hội,Trợ cấp xã hội hằng tháng,Trực tuyến,20,12,2026-11-08,2026-10-31,0,Đã trả kết quả,Đúng hạn,5.0
HS2026002712,2026-10-19,10,4,Phường An Thịnh,Lao động - Xã hội,"Xác nhận hộ nghèo, cận nghèo",Bưu chính công ích,5,3,2026-10-24,2026-10-22,0,Đã trả kết quả,Đúng hạn,5.0
HS2026002713,2026-10-20,10,4,Phường An Thịnh,Tư pháp - Hộ tịch,Chứng thực bản sao từ bản chính,Bưu chính công ích,1,1,2026-10-21,2026-10-21,0,Đã trả kết quả,Đúng hạn,5.0
HS2026002714,2026-10-20,10,4,Phường Hoà Lạc,Tư pháp - Hộ tịch,Đăng ký khai sinh,Trực tuyến,3,3,2026-10-23,2026-10-23,0,Đã trả kết quả,Đúng hạn,5.0
HS2026002715,2026-10-20,10,4,Phường Bình Minh,Tư pháp - Hộ tịch,Đăng ký khai sinh,Trực tuyến,3,3,2026-10-23,2026-10-23,0,Đã trả kết quả,Đúng hạn,5.0
HS2026002716,2026-10-20,10,4,Phường Bình Minh,Tư pháp - Hộ tịch,Đăng ký khai sinh,Trực tuyến,3,2,2026-10-23,2026-10-22,0,Đã trả kết quả,Đúng hạn,5.0
HS2026002717,2026-10-20,10,4,Phường An Thịnh,Lao động - Xã hội,Trợ cấp xã hội hằng tháng,Trực tiếp,20,9,2026-11-09,2026-10-29,0,Đã trả kết quả,Đúng hạn,5.0
HS2026002718,2026-10-20,10,4,Phường Bình Minh,Lao động - Xã hội,Trợ cấp xã hội hằng tháng,Trực tiếp,20,25,2026-11-09,2026-11-14,2,Đã trả kết quả,Trễ hạn,2.0
HS2026002719,2026-10-20,10,4,Phường Kim Sơn,Xây dựng - Đô thị,Cấp giấy phép xây dựng nhà ở riêng lẻ,Trực tuyến,15,10,2026-11-04,2026-10-30,0,Đã trả kết quả,Đúng hạn,5.0
HS2026002720,2026-10-20,10,4,Xã Mỹ Trạch,Tư pháp - Hộ tịch,Chứng thực bản sao từ bản chính,Trực tiếp,1,1,2026-10-21,2026-10-21,0,Đã trả kết quả,Đúng hạn,5.0
HS2026002721,2026-10-20,10,4,Phường Long Phú,Lao động - Xã hội,"Xác nhận hộ nghèo, cận nghèo",Trực tiếp,5,4,2026-10-25,2026-10-24,0,Đã trả kết quả,Đúng hạn,5.0
HS2026002722,2026-10-20,10,4,Xã Mỹ Trạch,Tư pháp - Hộ tịch,Đăng ký kết hôn,Trực tiếp,3,2,2026-10-23,2026-10-22,0,Đã trả kết quả,Đúng hạn,5.0
HS2026002723,2026-10-20,10,4,Xã Nam Hải,Đất đai - Tài nguyên,Đăng ký biến động đất đai,Trực tuyến,10,11,2026-10-30,2026-10-31,1,Đã trả kết quả,Trễ hạn,4.0
HS2026002724,2026-10-20,10,4,Phường An Thịnh,Tư pháp - Hộ tịch,Đăng ký khai tử,Bưu chính công ích,3,4,2026-10-23,2026-10-24,1,Đã trả kết quả,Trễ hạn,3.0
HS2026002725,2026-10-20,10,4,Phường Bình Minh,Tư pháp - Hộ tịch,Cấp phiếu lý lịch tư pháp số 1,Trực tuyến,10,7,2026-10-30,2026-10-27,1,Đã trả kết quả,Đúng hạn,5.0
HS2026002726,2026-10-20,10,4,Phường Hoà Lạc,Lao động - Xã hội,"Xác nhận hộ nghèo, cận nghèo",Trực tiếp,5,4,2026-10-25,2026-10-24,0,Đã trả kết quả,Đúng hạn,5.0
HS2026002727,2026-10-21,10,4,Xã Tân Phước,Tư pháp - Hộ tịch,Đăng ký khai sinh,Trực tuyến,3,2,2026-10-24,2026-10-23,0,Đã trả kết quả,Đúng hạn,5.0
HS2026002728,2026-10-21,10,4,Phường Long Phú,Đất đai - Tài nguyên,Đăng ký biến động đất đai,Trực tuyến,10,9,2026-10-31,2026-10-30,1,Đã trả kết quả,Đúng hạn,4.0
HS2026002729,2026-10-21,10,4,Phường Kim Sơn,Tư pháp - Hộ tịch,Đăng ký khai sinh,Trực tuyến,3,3,2026-10-24,2026-10-24,0,Đã trả kết quả,Đúng hạn,5.0
HS2026002730,2026-10-21,10,4,Phường An Thịnh,Lao động - Xã hội,"Xác nhận hộ nghèo, cận nghèo",Trực tiếp,5,8,2026-10-26,2026-10-29,1,Đã trả kết quả,Trễ hạn,3.0
HS2026002731,2026-10-21,10,4,Xã Nam Hải,Tư pháp - Hộ tịch,Đăng ký kết hôn,Trực tuyến,3,5,2026-10-24,2026-10-26,1,Đã trả kết quả,Trễ hạn,3.0
HS2026002732,2026-10-21,10,4,Phường Hoà Lạc,Tư pháp - Hộ tịch,Đăng ký khai sinh,Bưu chính công ích,3,2,2026-10-24,2026-10-23,0,Đã trả kết quả,Đúng hạn,5.0
HS2026002733,2026-10-21,10,4,Phường An Thịnh,Tư pháp - Hộ tịch,Cấp bản sao trích lục hộ tịch,Trực tiếp,1,4,2026-10-22,2026-10-25,1,Đã trả kết quả,Trễ hạn,3.0
HS2026002734,2026-10-21,10,4,Phường Long Phú,Tư pháp - Hộ tịch,Cấp phiếu lý lịch tư pháp số 1,Trực tiếp,10,11,2026-10-31,2026-11-01,1,Đã trả kết quả,Trễ hạn,4.0
HS2026002735,2026-10-21,10,4,Phường An Thịnh,Đất đai - Tài nguyên,Đăng ký biến động đất đai,Trực tiếp,10,7,2026-10-31,2026-10-28,0,Đã trả kết quả,Đúng hạn,5.0
HS2026002736,2026-10-21,10,4,Phường Bình Minh,Tư pháp - Hộ tịch,Đăng ký kết hôn,Trực tuyến,3,3,2026-10-24,2026-10-24,0,Đã trả kết quả,Đúng hạn,5.0
HS2026002737,2026-10-21,10,4,Phường Kim Sơn,Tư pháp - Hộ tịch,Chứng thực bản sao từ bản chính,Trực tiếp,1,2,2026-10-22,2026-10-23,0,Đã trả kết quả,Trễ hạn,4.0
HS2026002738,2026-10-21,10,4,Phường Kim Sơn,Tư pháp - Hộ tịch,Chứng thực bản sao từ bản chính,Trực tiếp,1,1,2026-10-22,2026-10-22,0,Đã trả kết quả,Đúng hạn,5.0
HS2026002739,2026-10-22,10,4,Phường Kim Sơn,Kinh tế - Đăng ký KD,Đăng ký hộ kinh doanh,Trực tuyến,3,2,2026-10-25,2026-10-24,0,Đã trả kết quả,Đúng hạn,5.0
HS2026002740,2026-10-22,10,4,Phường An Thịnh,Tư pháp - Hộ tịch,Cấp phiếu lý lịch tư pháp số 1,Trực tuyến,10,5,2026-11-01,2026-10-27,0,Đã trả kết quả,Đúng hạn,5.0
HS2026002741,2026-10-22,10,4,Phường Long Phú,Đất đai - Tài nguyên,Đăng ký biến động đất đai,Trực tuyến,10,10,2026-11-01,2026-11-01,0,Đã trả kết quả,Đúng hạn,5.0
HS2026002742,2026-10-22,10,4,Phường An Thịnh,Xây dựng - Đô thị,Cấp giấy phép xây dựng nhà ở riêng lẻ,Trực tiếp,15,7,2026-11-06,2026-10-29,0,Đã trả kết quả,Đúng hạn,5.0
HS2026002743,2026-10-22,10,4,Xã Mỹ Trạch,Tư pháp - Hộ tịch,Đăng ký kết hôn,Trực tiếp,3,2,2026-10-25,2026-10-24,0,Đã trả kết quả,Đúng hạn,4.0
HS2026002744,2026-10-22,10,4,Xã Tân Phước,Tư pháp - Hộ tịch,Cấp bản sao trích lục hộ tịch,Trực tiếp,1,1,2026-10-23,2026-10-23,0,Đã trả kết quả,Đúng hạn,5.0
HS2026002745,2026-10-22,10,4,Phường Long Phú,Tư pháp - Hộ tịch,Cấp bản sao trích lục hộ tịch,Trực tuyến,1,1,2026-10-23,2026-10-23,0,Đã trả kết quả,Đúng hạn,5.0
HS2026002746,2026-10-22,10,4,Phường Bình Minh,Tư pháp - Hộ tịch,Đăng ký kết hôn,Trực tiếp,3,3,2026-10-25,2026-10-25,0,Đã trả kết quả,Đúng hạn,5.0
HS2026002747,2026-10-22,10,4,Phường Bình Minh,Tư pháp - Hộ tịch,Cấp phiếu lý lịch tư pháp số 1,Trực tuyến,10,6,2026-11-01,2026-10-28,0,Đã trả kết quả,Đúng hạn,4.0
HS2026002748,2026-10-22,10,4,Phường Kim Sơn,Đất đai - Tài nguyên,Đăng ký biến động đất đai,Bưu chính công ích,10,8,2026-11-01,2026-10-30,0,Đã trả kết quả,Đúng hạn,5.0
HS2026002749,2026-10-23,10,4,Xã Nam Hải,Tư pháp - Hộ tịch,Đăng ký khai sinh,Trực tuyến,3,3,2026-10-26,2026-10-26,0,Đã trả kết quả,Đúng hạn,5.0
HS2026002750,2026-10-23,10,4,Phường Long Phú,Lao động - Xã hội,"Xác nhận hộ nghèo, cận nghèo",Bưu chính công ích,5,5,2026-10-28,2026-10-28,0,Đã trả kết quả,Đúng hạn,5.0
HS2026002751,2026-10-23,10,4,Phường Hoà Lạc,Tư pháp - Hộ tịch,Chứng thực bản sao từ bản chính,Trực tuyến,1,1,2026-10-24,2026-10-24,0,Đã trả kết quả,Đúng hạn,5.0
HS2026002752,2026-10-23,10,4,Xã Tân Phước,Tư pháp - Hộ tịch,Cấp phiếu lý lịch tư pháp số 1,Trực tuyến,10,7,2026-11-02,2026-10-30,0,Đã trả kết quả,Đúng hạn,5.0
HS2026002753,2026-10-23,10,4,Xã Tân Phước,Đất đai - Tài nguyên,Đăng ký biến động đất đai,Trực tiếp,10,6,2026-11-02,2026-10-29,0,Đã trả kết quả,Đúng hạn,5.0
HS2026002754,2026-10-23,10,4,Xã Tân Phước,Tư pháp - Hộ tịch,Đăng ký khai tử,Trực tiếp,3,3,2026-10-26,2026-10-26,0,Đã trả kết quả,Đúng hạn,5.0
HS2026002755,2026-10-23,10,4,Phường Long Phú,Tư pháp - Hộ tịch,Đăng ký khai tử,Bưu chính công ích,3,3,2026-10-26,2026-10-26,0,Đã trả kết quả,Đúng hạn,5.0
HS2026002756,2026-10-23,10,4,Xã Nam Hải,Tư pháp - Hộ tịch,Đăng ký khai sinh,Trực tuyến,3,5,2026-10-26,2026-10-28,1,Đã trả kết quả,Trễ hạn,4.0
HS2026002757,2026-10-24,10,4,Xã Tân Phước,Tư pháp - Hộ tịch,Đăng ký kết hôn,Trực tiếp,3,3,2026-10-27,2026-10-27,0,Đã trả kết quả,Đúng hạn,5.0
HS2026002758,2026-10-24,10,4,Xã Tân Phước,Đất đai - Tài nguyên,Đăng ký biến động đất đai,Trực tiếp,10,9,2026-11-03,2026-11-02,1,Đã trả kết quả,Đúng hạn,4.0
HS2026002759,2026-10-24,10,4,Phường Kim Sơn,Tư pháp - Hộ tịch,Đăng ký khai tử,Trực tuyến,3,8,2026-10-27,2026-11-01,2,Đã trả kết quả,Trễ hạn,3.0
HS2026002760,2026-10-24,10,4,Phường An Thịnh,Đất đai - Tài nguyên,Đăng ký biến động đất đai,Trực tuyến,10,5,2026-11-03,2026-10-29,0,Đã trả kết quả,Đúng hạn,5.0
HS2026002761,2026-10-24,10,4,Phường An Thịnh,Kinh tế - Đăng ký KD,Đăng ký hộ kinh doanh,Trực tuyến,3,2,2026-10-27,2026-10-26,0,Đã trả kết quả,Đúng hạn,5.0
HS2026002762,2026-10-24,10,4,Phường Kim Sơn,Đất đai - Tài nguyên,Đăng ký biến động đất đai,Trực tuyến,10,5,2026-11-03,2026-10-29,0,Đã trả kết quả,Đúng hạn,5.0
HS2026002763,2026-10-24,10,4,Xã Tân Phước,Lao động - Xã hội,"Xác nhận hộ nghèo, cận nghèo",Trực tiếp,5,5,2026-10-29,2026-10-29,0,Đã trả kết quả,Đúng hạn,5.0
HS2026002764,2026-10-25,10,4,Phường An Thịnh,Tư pháp - Hộ tịch,Đăng ký khai tử,Bưu chính công ích,3,2,2026-10-28,2026-10-27,0,Đã trả kết quả,Đúng hạn,5.0
HS2026002765,2026-10-25,10,4,Phường Hoà Lạc,Đất đai - Tài nguyên,Đăng ký biến động đất đai,Trực tiếp,10,8,2026-11-04,2026-11-02,0,Đã trả kết quả,Đúng hạn,5.0
HS2026002766,2026-10-25,10,4,Phường Hoà Lạc,Tư pháp - Hộ tịch,Chứng thực bản sao từ bản chính,Trực tiếp,1,1,2026-10-26,2026-10-26,0,Đã trả kết quả,Đúng hạn,5.0
HS2026002767,2026-10-25,10,4,Phường Kim Sơn,Tư pháp - Hộ tịch,Cấp bản sao trích lục hộ tịch,Trực tuyến,1,1,2026-10-26,2026-10-26,0,Đã trả kết quả,Đúng hạn,5.0
HS2026002768,2026-10-25,10,4,Phường Long Phú,Tư pháp - Hộ tịch,Đăng ký khai sinh,Trực tiếp,3,4,2026-10-28,2026-10-29,0,Đã trả kết quả,Trễ hạn,4.0
HS2026002769,2026-10-25,10,4,Xã Tân Phước,Tư pháp - Hộ tịch,Đăng ký khai sinh,Trực tuyến,3,3,2026-10-28,2026-10-28,0,Đã trả kết quả,Đúng hạn,5.0
HS2026002770,2026-10-25,10,4,Xã Nam Hải,Tư pháp - Hộ tịch,Cấp bản sao trích lục hộ tịch,Trực tuyến,1,4,2026-10-26,2026-10-29,1,Đã trả kết quả,Trễ hạn,2.0
HS2026002771,2026-10-26,10,4,Phường Long Phú,Lao động - Xã hội,"Xác nhận hộ nghèo, cận nghèo",Trực tiếp,5,5,2026-10-31,2026-10-31,0,Đã trả kết quả,Đúng hạn,5.0
HS2026002772,2026-10-26,10,4,Phường Bình Minh,Tư pháp - Hộ tịch,Chứng thực bản sao từ bản chính,Trực tuyến,1,1,2026-10-27,2026-10-27,0,Đã trả kết quả,Đúng hạn,5.0
HS2026002773,2026-10-26,10,4,Phường Bình Minh,Tư pháp - Hộ tịch,Chứng thực bản sao từ bản chính,Trực tiếp,1,1,2026-10-27,2026-10-27,0,Đã trả kết quả,Đúng hạn,5.0
HS2026002774,2026-10-26,10,4,Phường Kim Sơn,Tư pháp - Hộ tịch,Đăng ký khai sinh,Trực tiếp,3,5,2026-10-29,2026-10-31,1,Đã trả kết quả,Trễ hạn,2.0
HS2026002775,2026-10-27,10,4,Phường An Thịnh,Tư pháp - Hộ tịch,Cấp phiếu lý lịch tư pháp số 1,Bưu chính công ích,10,6,2026-11-06,2026-11-02,0,Đã trả kết quả,Đúng hạn,5.0
HS2026002776,2026-10-27,10,4,Phường Bình Minh,Tư pháp - Hộ tịch,Cấp phiếu lý lịch tư pháp số 1,Trực tiếp,10,7,2026-11-06,2026-11-03,0,Đã trả kết quả,Đúng hạn,5.0
HS2026002777,2026-10-27,10,4,Phường Bình Minh,Đất đai - Tài nguyên,Đăng ký biến động đất đai,Trực tiếp,10,7,2026-11-06,2026-11-03,0,Đã trả kết quả,Đúng hạn,5.0
HS2026002778,2026-10-27,10,4,Phường Hoà Lạc,Tư pháp - Hộ tịch,Đăng ký kết hôn,Trực tuyến,3,2,2026-10-30,2026-10-29,0,Đã trả kết quả,Đúng hạn,5.0
HS2026002779,2026-10-27,10,4,Phường An Thịnh,Đất đai - Tài nguyên,Cấp giấy chứng nhận quyền sử dụng đất,Trực tuyến,30,13,2026-11-26,2026-11-09,0,Đã trả kết quả,Đúng hạn,5.0
HS2026002780,2026-10-27,10,4,Phường Bình Minh,Lao động - Xã hội,Trợ cấp xã hội hằng tháng,Trực tiếp,20,18,2026-11-16,2026-11-14,0,Đã trả kết quả,Đúng hạn,4.0
HS2026002781,2026-10-28,10,4,Phường Long Phú,Kinh tế - Đăng ký KD,Đăng ký hộ kinh doanh,Trực tuyến,3,9,2026-10-31,2026-11-06,2,Đã trả kết quả,Trễ hạn,4.0
HS2026002782,2026-10-28,10,4,Phường Hoà Lạc,Lao động - Xã hội,Trợ cấp xã hội hằng tháng,Trực tiếp,20,17,2026-11-17,2026-11-14,0,Đã trả kết quả,Đúng hạn,5.0
HS2026002783,2026-10-28,10,4,Phường Long Phú,Đất đai - Tài nguyên,Đăng ký biến động đất đai,Trực tuyến,10,8,2026-11-07,2026-11-05,0,Đã trả kết quả,Đúng hạn,5.0
HS2026002784,2026-10-28,10,4,Phường Bình Minh,Tư pháp - Hộ tịch,Cấp phiếu lý lịch tư pháp số 1,Trực tuyến,10,4,2026-11-07,2026-11-01,0,Đã trả kết quả,Đúng hạn,5.0
HS2026002785,2026-10-28,10,4,Phường Long Phú,Xây dựng - Đô thị,Cấp giấy phép xây dựng nhà ở riêng lẻ,Bưu chính công ích,15,11,2026-11-12,2026-11-08,0,Đã trả kết quả,Đúng hạn,5.0
HS2026002786,2026-10-29,10,4,Xã Mỹ Trạch,Xây dựng - Đô thị,Cấp giấy phép xây dựng nhà ở riêng lẻ,Bưu chính công ích,15,11,2026-11-13,2026-11-09,0,Đã trả kết quả,Đúng hạn,5.0
HS2026002787,2026-10-29,10,4,Phường An Thịnh,Kinh tế - Đăng ký KD,Đăng ký hộ kinh doanh,Trực tuyến,3,2,2026-11-01,2026-10-31,0,Đã trả kết quả,Đúng hạn,5.0
HS2026002788,2026-10-29,10,4,Phường Bình Minh,Đất đai - Tài nguyên,Đăng ký biến động đất đai,Trực tiếp,10,10,2026-11-08,2026-11-08,0,Đã trả kết quả,Đúng hạn,5.0
HS2026002789,2026-10-29,10,4,Phường An Thịnh,Tư pháp - Hộ tịch,Đăng ký kết hôn,Bưu chính công ích,3,3,2026-11-01,2026-11-01,0,Đã trả kết quả,Đúng hạn,5.0
HS2026002790,2026-10-29,10,4,Phường Long Phú,Tư pháp - Hộ tịch,Chứng thực bản sao từ bản chính,Trực tuyến,1,1,2026-10-30,2026-10-30,0,Đã trả kết quả,Đúng hạn,5.0
HS2026002791,2026-10-29,10,4,Phường An Thịnh,Tư pháp - Hộ tịch,Cấp bản sao trích lục hộ tịch,Trực tuyến,1,5,2026-10-30,2026-11-03,2,Đã trả kết quả,Trễ hạn,2.0
HS2026002792,2026-10-29,10,4,Xã Tân Phước,Tư pháp - Hộ tịch,Đăng ký khai sinh,Trực tuyến,3,3,2026-11-01,2026-11-01,0,Đã trả kết quả,Đúng hạn,4.0
HS2026002793,2026-10-29,10,4,Xã Nam Hải,Tư pháp - Hộ tịch,Đăng ký kết hôn,Trực tuyến,3,3,2026-11-01,2026-11-01,0,Đã trả kết quả,Đúng hạn,4.0
HS2026002794,2026-10-29,10,4,Xã Mỹ Trạch,Tư pháp - Hộ tịch,Đăng ký khai sinh,Trực tuyến,3,2,2026-11-01,2026-10-31,0,Đã trả kết quả,Đúng hạn,5.0
HS2026002795,2026-10-29,10,4,Phường Bình Minh,Lao động - Xã hội,"Xác nhận hộ nghèo, cận nghèo",Trực tiếp,5,3,2026-11-03,2026-11-01,0,Đã trả kết quả,Đúng hạn,4.0
HS2026002796,2026-10-29,10,4,Phường Hoà Lạc,Tư pháp - Hộ tịch,Cấp bản sao trích lục hộ tịch,Trực tuyến,1,3,2026-10-30,2026-11-01,1,Đã trả kết quả,Trễ hạn,3.0
HS2026002797,2026-10-29,10,4,Phường Hoà Lạc,Tư pháp - Hộ tịch,Đăng ký khai sinh,Trực tuyến,3,2,2026-11-01,2026-10-31,0,Đã trả kết quả,Đúng hạn,5.0
HS2026002798,2026-10-30,10,4,Xã Nam Hải,Tư pháp - Hộ tịch,Cấp bản sao trích lục hộ tịch,Trực tuyến,1,4,2026-10-31,2026-11-03,1,Đã trả kết quả,Trễ hạn,2.0
HS2026002799,2026-10-30,10,4,Phường Bình Minh,Tư pháp - Hộ tịch,Cấp bản sao trích lục hộ tịch,Trực tuyến,1,3,2026-10-31,2026-11-02,1,Đã trả kết quả,Trễ hạn,2.0
HS2026002800,2026-10-30,10,4,Phường An Thịnh,Lao động - Xã hội,Trợ cấp xã hội hằng tháng,Trực tuyến,20,11,2026-11-19,2026-11-10,0,Đã trả kết quả,Đúng hạn,5.0
HS2026002801,2026-10-30,10,4,Phường Long Phú,Tư pháp - Hộ tịch,Cấp bản sao trích lục hộ tịch,Trực tuyến,1,1,2026-10-31,2026-10-31,0,Đã trả kết quả,Đúng hạn,5.0
HS2026002802,2026-10-30,10,4,Phường Hoà Lạc,Tư pháp - Hộ tịch,Chứng thực bản sao từ bản chính,Trực tiếp,1,1,2026-10-31,2026-10-31,0,Đã trả kết quả,Đúng hạn,5.0
HS2026002803,2026-10-30,10,4,Xã Nam Hải,Tư pháp - Hộ tịch,Cấp phiếu lý lịch tư pháp số 1,Trực tuyến,10,10,2026-11-09,2026-11-09,0,Đã trả kết quả,Đúng hạn,5.0
HS2026002804,2026-10-30,10,4,Phường Kim Sơn,Tư pháp - Hộ tịch,Cấp phiếu lý lịch tư pháp số 1,Trực tuyến,10,10,2026-11-09,2026-11-09,1,Đã trả kết quả,Đúng hạn,4.0
HS2026002805,2026-10-30,10,4,Xã Tân Phước,Tư pháp - Hộ tịch,Đăng ký kết hôn,Trực tuyến,3,2,2026-11-02,2026-11-01,0,Đã trả kết quả,Đúng hạn,5.0
HS2026002806,2026-10-30,10,4,Phường Long Phú,Tư pháp - Hộ tịch,Đăng ký khai sinh,Trực tuyến,3,8,2026-11-02,2026-11-07,2,Đã trả kết quả,Trễ hạn,2.0
HS2026002807,2026-10-30,10,4,Phường Long Phú,Tư pháp - Hộ tịch,Đăng ký khai sinh,Trực tuyến,3,3,2026-11-02,2026-11-02,0,Đã trả kết quả,Đúng hạn,5.0
HS2026002808,2026-10-31,10,4,Phường Kim Sơn,Tư pháp - Hộ tịch,Đăng ký khai sinh,Trực tuyến,3,6,2026-11-03,2026-11-06,2,Đã trả kết quả,Trễ hạn,3.0
HS2026002809,2026-10-31,10,4,Phường Hoà Lạc,Tư pháp - Hộ tịch,Cấp bản sao trích lục hộ tịch,Trực tuyến,1,1,2026-11-01,2026-11-01,0,Đã trả kết quả,Đúng hạn,5.0
HS2026002810,2026-10-31,10,4,Phường Long Phú,Kinh tế - Đăng ký KD,Đăng ký hộ kinh doanh,Trực tuyến,3,4,2026-11-03,2026-11-04,0,Đã trả kết quả,Trễ hạn,4.0
HS2026002811,2026-10-31,10,4,Phường Kim Sơn,Đất đai - Tài nguyên,Đăng ký biến động đất đai,Trực tuyến,10,5,2026-11-10,2026-11-05,0,Đã trả kết quả,Đúng hạn,5.0
HS2026002812,2026-10-31,10,4,Phường Bình Minh,Tư pháp - Hộ tịch,Đăng ký kết hôn,Trực tuyến,3,6,2026-11-03,2026-11-06,2,Đã trả kết quả,Trễ hạn,2.0
HS2026002813,2026-10-31,10,4,Phường Long Phú,Tư pháp - Hộ tịch,Cấp bản sao trích lục hộ tịch,Trực tuyến,1,1,2026-11-01,2026-11-01,0,Đã trả kết quả,Đúng hạn,5.0
HS2026002814,2026-11-01,11,4,Xã Nam Hải,Tư pháp - Hộ tịch,Cấp bản sao trích lục hộ tịch,Trực tuyến,1,1,2026-11-02,2026-11-02,0,Đã trả kết quả,Đúng hạn,5.0
HS2026002815,2026-11-01,11,4,Phường Hoà Lạc,Tư pháp - Hộ tịch,Cấp bản sao trích lục hộ tịch,Trực tiếp,1,1,2026-11-02,2026-11-02,0,Đã trả kết quả,Đúng hạn,5.0
HS2026002816,2026-11-01,11,4,Xã Nam Hải,Tư pháp - Hộ tịch,Chứng thực bản sao từ bản chính,Trực tiếp,1,2,2026-11-02,2026-11-03,0,Đã trả kết quả,Trễ hạn,4.0
HS2026002817,2026-11-01,11,4,Xã Tân Phước,Kinh tế - Đăng ký KD,Đăng ký hộ kinh doanh,Trực tuyến,3,2,2026-11-04,2026-11-03,0,Đã trả kết quả,Đúng hạn,5.0
HS2026002818,2026-11-02,11,4,Phường Hoà Lạc,Tư pháp - Hộ tịch,Đăng ký khai tử,Bưu chính công ích,3,3,2026-11-05,2026-11-05,0,Đã trả kết quả,Đúng hạn,5.0
HS2026002819,2026-11-02,11,4,Phường Bình Minh,Tư pháp - Hộ tịch,Chứng thực bản sao từ bản chính,Trực tiếp,1,1,2026-11-03,2026-11-03,0,Đã trả kết quả,Đúng hạn,4.0
HS2026002820,2026-11-02,11,4,Phường Hoà Lạc,Tư pháp - Hộ tịch,Đăng ký khai tử,Trực tuyến,3,2,2026-11-05,2026-11-04,0,Đã trả kết quả,Đúng hạn,5.0
HS2026002821,2026-11-02,11,4,Phường An Thịnh,Tư pháp - Hộ tịch,Đăng ký khai sinh,Trực tiếp,3,2,2026-11-05,2026-11-04,0,Đã trả kết quả,Đúng hạn,4.0
HS2026002822,2026-11-02,11,4,Phường Hoà Lạc,Xây dựng - Đô thị,Cấp giấy phép xây dựng nhà ở riêng lẻ,Trực tiếp,15,11,2026-11-17,2026-11-13,0,Đã trả kết quả,Đúng hạn,5.0
HS2026002823,2026-11-02,11,4,Phường An Thịnh,Đất đai - Tài nguyên,Đăng ký biến động đất đai,Trực tuyến,10,7,2026-11-12,2026-11-09,0,Đã trả kết quả,Đúng hạn,5.0
HS2026002824,2026-11-02,11,4,Xã Mỹ Trạch,Kinh tế - Đăng ký KD,Đăng ký hộ kinh doanh,Trực tuyến,3,2,2026-11-05,2026-11-04,0,Đã trả kết quả,Đúng hạn,5.0
HS2026002825,2026-11-02,11,4,Phường Long Phú,Tư pháp - Hộ tịch,Đăng ký khai tử,Trực tuyến,3,2,2026-11-05,2026-11-04,0,Đã trả kết quả,Đúng hạn,5.0
HS2026002826,2026-11-02,11,4,Phường Bình Minh,Tư pháp - Hộ tịch,Chứng thực bản sao từ bản chính,Trực tiếp,1,7,2026-11-03,2026-11-09,2,Đã trả kết quả,Trễ hạn,3.0
HS2026002827,2026-11-03,11,4,Phường Hoà Lạc,Tư pháp - Hộ tịch,Đăng ký kết hôn,Trực tiếp,3,2,2026-11-06,2026-11-05,0,Đã trả kết quả,Đúng hạn,5.0
HS2026002828,2026-11-03,11,4,Xã Mỹ Trạch,Kinh tế - Đăng ký KD,Đăng ký hộ kinh doanh,Trực tuyến,3,8,2026-11-06,2026-11-11,2,Đã trả kết quả,Trễ hạn,3.0
HS2026002829,2026-11-03,11,4,Phường Long Phú,Tư pháp - Hộ tịch,Cấp bản sao trích lục hộ tịch,Trực tiếp,1,1,2026-11-04,2026-11-04,0,Đã trả kết quả,Đúng hạn,5.0
HS2026002830,2026-11-03,11,4,Xã Mỹ Trạch,Tư pháp - Hộ tịch,Đăng ký khai sinh,Trực tuyến,3,7,2026-11-06,2026-11-10,2,Đã trả kết quả,Trễ hạn,2.0
HS2026002831,2026-11-03,11,4,Phường Bình Minh,Tư pháp - Hộ tịch,Đăng ký khai tử,Bưu chính công ích,3,5,2026-11-06,2026-11-08,1,Đã trả kết quả,Trễ hạn,3.0
HS2026002832,2026-11-03,11,4,Xã Tân Phước,Kinh tế - Đăng ký KD,Đăng ký hộ kinh doanh,Trực tiếp,3,3,2026-11-06,2026-11-06,0,Đã trả kết quả,Đúng hạn,5.0
HS2026002833,2026-11-03,11,4,Phường Kim Sơn,Kinh tế - Đăng ký KD,Đăng ký hộ kinh doanh,Trực tuyến,3,2,2026-11-06,2026-11-05,0,Đã trả kết quả,Đúng hạn,5.0
HS2026002834,2026-11-03,11,4,Phường Bình Minh,Kinh tế - Đăng ký KD,Đăng ký hộ kinh doanh,Trực tiếp,3,2,2026-11-06,2026-11-05,0,Đã trả kết quả,Đúng hạn,4.0
HS2026002835,2026-11-03,11,4,Xã Nam Hải,Kinh tế - Đăng ký KD,Đăng ký hộ kinh doanh,Trực tuyến,3,8,2026-11-06,2026-11-11,2,Đã trả kết quả,Trễ hạn,1.0
HS2026002836,2026-11-03,11,4,Phường Kim Sơn,Kinh tế - Đăng ký KD,Đăng ký hộ kinh doanh,Trực tuyến,3,9,2026-11-06,2026-11-12,2,Đã trả kết quả,Trễ hạn,1.0
HS2026002837,2026-11-03,11,4,Xã Tân Phước,Kinh tế - Đăng ký KD,Đăng ký hộ kinh doanh,Trực tuyến,3,3,2026-11-06,2026-11-06,0,Đã trả kết quả,Đúng hạn,4.0
HS2026002838,2026-11-04,11,4,Xã Tân Phước,Tư pháp - Hộ tịch,Đăng ký khai tử,Trực tuyến,3,6,2026-11-07,2026-11-10,1,Đã trả kết quả,Trễ hạn,2.0
HS2026002839,2026-11-04,11,4,Xã Tân Phước,Tư pháp - Hộ tịch,Đăng ký khai sinh,Trực tuyến,3,5,2026-11-07,2026-11-09,1,Đã trả kết quả,Trễ hạn,3.0
HS2026002840,2026-11-04,11,4,Phường Hoà Lạc,Tư pháp - Hộ tịch,Đăng ký kết hôn,Trực tuyến,3,2,2026-11-07,2026-11-06,0,Đã trả kết quả,Đúng hạn,5.0
HS2026002841,2026-11-04,11,4,Xã Nam Hải,Xây dựng - Đô thị,Cấp giấy phép xây dựng nhà ở riêng lẻ,Trực tiếp,15,12,2026-11-19,2026-11-16,0,Đã trả kết quả,Đúng hạn,5.0
HS2026002842,2026-11-04,11,4,Phường Hoà Lạc,Lao động - Xã hội,"Xác nhận hộ nghèo, cận nghèo",Trực tiếp,5,5,2026-11-09,2026-11-09,0,Đã trả kết quả,Đúng hạn,5.0
HS2026002843,2026-11-04,11,4,Phường Hoà Lạc,Tư pháp - Hộ tịch,Cấp bản sao trích lục hộ tịch,Trực tuyến,1,1,2026-11-05,2026-11-05,0,Đã trả kết quả,Đúng hạn,5.0
HS2026002844,2026-11-05,11,4,Phường Bình Minh,Đất đai - Tài nguyên,Đăng ký biến động đất đai,Trực tuyến,10,8,2026-11-15,2026-11-13,0,Đã trả kết quả,Đúng hạn,5.0
HS2026002845,2026-11-05,11,4,Phường Bình Minh,Tư pháp - Hộ tịch,Đăng ký khai sinh,Bưu chính công ích,3,7,2026-11-08,2026-11-12,2,Đã trả kết quả,Trễ hạn,1.0
HS2026002846,2026-11-05,11,4,Phường Bình Minh,Tư pháp - Hộ tịch,Đăng ký khai sinh,Trực tuyến,3,2,2026-11-08,2026-11-07,0,Đã trả kết quả,Đúng hạn,4.0
HS2026002847,2026-11-05,11,4,Phường Hoà Lạc,Tư pháp - Hộ tịch,Cấp bản sao trích lục hộ tịch,Trực tiếp,1,7,2026-11-06,2026-11-12,2,Đã trả kết quả,Trễ hạn,3.0
HS2026002848,2026-11-05,11,4,Phường An Thịnh,Lao động - Xã hội,Trợ cấp xã hội hằng tháng,Trực tiếp,20,9,2026-11-25,2026-11-14,0,Đã trả kết quả,Đúng hạn,5.0
HS2026002849,2026-11-05,11,4,Phường An Thịnh,Lao động - Xã hội,"Xác nhận hộ nghèo, cận nghèo",Trực tiếp,5,3,2026-11-10,2026-11-08,0,Đã trả kết quả,Đúng hạn,5.0
HS2026002850,2026-11-05,11,4,Phường An Thịnh,Kinh tế - Đăng ký KD,Đăng ký hộ kinh doanh,Trực tiếp,3,2,2026-11-08,2026-11-07,0,Đã trả kết quả,Đúng hạn,5.0
HS2026002851,2026-11-05,11,4,Xã Nam Hải,Tư pháp - Hộ tịch,Chứng thực bản sao từ bản chính,Trực tiếp,1,1,2026-11-06,2026-11-06,0,Đã trả kết quả,Đúng hạn,5.0
HS2026002852,2026-11-06,11,4,Phường Hoà Lạc,Tư pháp - Hộ tịch,Đăng ký khai sinh,Trực tuyến,3,6,2026-11-09,2026-11-12,2,Đã trả kết quả,Trễ hạn,3.0
HS2026002853,2026-11-06,11,4,Xã Tân Phước,Tư pháp - Hộ tịch,Cấp phiếu lý lịch tư pháp số 1,Trực tuyến,10,12,2026-11-16,2026-11-18,2,Đã trả kết quả,Trễ hạn,2.0
HS2026002854,2026-11-06,11,4,Phường Bình Minh,Tư pháp - Hộ tịch,Chứng thực bản sao từ bản chính,Trực tiếp,1,1,2026-11-07,2026-11-07,0,Đã trả kết quả,Đúng hạn,5.0
HS2026002855,2026-11-06,11,4,Phường Hoà Lạc,Xây dựng - Đô thị,Cấp giấy phép xây dựng nhà ở riêng lẻ,Trực tiếp,15,13,2026-11-21,2026-11-19,2,Đã trả kết quả,Đúng hạn,3.0
HS2026002856,2026-11-06,11,4,Xã Mỹ Trạch,Kinh tế - Đăng ký KD,Đăng ký hộ kinh doanh,Trực tuyến,3,6,2026-11-09,2026-11-12,1,Đã trả kết quả,Trễ hạn,3.0
HS2026002857,2026-11-06,11,4,Phường Hoà Lạc,Tư pháp - Hộ tịch,Đăng ký khai sinh,Trực tuyến,3,2,2026-11-09,2026-11-08,0,Đã trả kết quả,Đúng hạn,5.0
HS2026002858,2026-11-06,11,4,Phường Long Phú,Đất đai - Tài nguyên,Đăng ký biến động đất đai,Trực tuyến,10,8,2026-11-16,2026-11-14,1,Đã trả kết quả,Đúng hạn,4.0
HS2026002859,2026-11-06,11,4,Xã Mỹ Trạch,Tư pháp - Hộ tịch,Cấp bản sao trích lục hộ tịch,Trực tuyến,1,4,2026-11-07,2026-11-10,1,Đã trả kết quả,Trễ hạn,3.0
HS2026002860,2026-11-06,11,4,Phường An Thịnh,Tư pháp - Hộ tịch,Cấp phiếu lý lịch tư pháp số 1,Trực tuyến,10,5,2026-11-16,2026-11-11,0,Đã trả kết quả,Đúng hạn,5.0
HS2026002861,2026-11-06,11,4,Phường Hoà Lạc,Đất đai - Tài nguyên,Cấp giấy chứng nhận quyền sử dụng đất,Bưu chính công ích,30,15,2026-12-06,2026-11-21,0,Đã trả kết quả,Đúng hạn,5.0
HS2026002862,2026-11-06,11,4,Xã Tân Phước,Tư pháp - Hộ tịch,Đăng ký khai tử,Bưu chính công ích,3,3,2026-11-09,2026-11-09,0,Đã trả kết quả,Đúng hạn,5.0
HS2026002863,2026-11-06,11,4,Phường Kim Sơn,Tư pháp - Hộ tịch,Đăng ký khai tử,Trực tuyến,3,3,2026-11-09,2026-11-09,0,Đã trả kết quả,Đúng hạn,5.0
HS2026002864,2026-11-06,11,4,Phường Long Phú,Xây dựng - Đô thị,Cấp giấy phép xây dựng nhà ở riêng lẻ,Trực tiếp,15,19,2026-11-21,2026-11-25,0,Đã trả kết quả,Trễ hạn,3.0
HS2026002865,2026-11-06,11,4,Xã Mỹ Trạch,Tư pháp - Hộ tịch,Đăng ký khai tử,Trực tuyến,3,3,2026-11-09,2026-11-09,0,Đã trả kết quả,Đúng hạn,5.0
HS2026002866,2026-11-07,11,4,Phường Kim Sơn,Tư pháp - Hộ tịch,Cấp phiếu lý lịch tư pháp số 1,Bưu chính công ích,10,11,2026-11-17,2026-11-18,0,Đã trả kết quả,Trễ hạn,4.0
HS2026002867,2026-11-07,11,4,Phường Bình Minh,Tư pháp - Hộ tịch,Đăng ký kết hôn,Trực tuyến,3,3,2026-11-10,2026-11-10,0,Đã trả kết quả,Đúng hạn,4.0
HS2026002868,2026-11-07,11,4,Xã Tân Phước,Tư pháp - Hộ tịch,Đăng ký khai sinh,Trực tuyến,3,3,2026-11-10,2026-11-10,0,Đã trả kết quả,Đúng hạn,5.0
HS2026002869,2026-11-08,11,4,Phường Hoà Lạc,Tư pháp - Hộ tịch,Chứng thực bản sao từ bản chính,Trực tuyến,1,1,2026-11-09,2026-11-09,0,Đã trả kết quả,Đúng hạn,5.0
HS2026002870,2026-11-08,11,4,Phường An Thịnh,Tư pháp - Hộ tịch,Đăng ký khai tử,Trực tiếp,3,3,2026-11-11,2026-11-11,0,Đã trả kết quả,Đúng hạn,5.0
HS2026002871,2026-11-08,11,4,Xã Nam Hải,Tư pháp - Hộ tịch,Cấp bản sao trích lục hộ tịch,Trực tiếp,1,3,2026-11-09,2026-11-11,1,Đã trả kết quả,Trễ hạn,3.0
HS2026002872,2026-11-08,11,4,Phường Hoà Lạc,Tư pháp - Hộ tịch,Chứng thực bản sao từ bản chính,Trực tiếp,1,1,2026-11-09,2026-11-09,0,Đã trả kết quả,Đúng hạn,5.0
HS2026002873,2026-11-08,11,4,Phường Hoà Lạc,Tư pháp - Hộ tịch,Đăng ký khai tử,Trực tuyến,3,2,2026-11-11,2026-11-10,0,Đã trả kết quả,Đúng hạn,5.0
HS2026002874,2026-11-08,11,4,Xã Mỹ Trạch,Kinh tế - Đăng ký KD,Đăng ký hộ kinh doanh,Trực tuyến,3,2,2026-11-11,2026-11-10,0,Đã trả kết quả,Đúng hạn,5.0
HS2026002875,2026-11-08,11,4,Phường Long Phú,Tư pháp - Hộ tịch,Đăng ký khai tử,Trực tuyến,3,9,2026-11-11,2026-11-17,2,Đã trả kết quả,Trễ hạn,3.0
HS2026002876,2026-11-08,11,4,Xã Nam Hải,Tư pháp - Hộ tịch,Cấp bản sao trích lục hộ tịch,Trực tuyến,1,1,2026-11-09,2026-11-09,0,Đã trả kết quả,Đúng hạn,5.0
HS2026002877,2026-11-09,11,4,Phường Kim Sơn,Đất đai - Tài nguyên,Đăng ký biến động đất đai,Trực tiếp,10,10,2026-11-19,2026-11-19,0,Đã trả kết quả,Đúng hạn,5.0
HS2026002878,2026-11-09,11,4,Phường Long Phú,Đất đai - Tài nguyên,Đăng ký biến động đất đai,Trực tuyến,10,7,2026-11-19,2026-11-16,0,Đã trả kết quả,Đúng hạn,5.0
HS2026002879,2026-11-09,11,4,Xã Tân Phước,Đất đai - Tài nguyên,Đăng ký biến động đất đai,Trực tiếp,10,7,2026-11-19,2026-11-16,0,Đã trả kết quả,Đúng hạn,4.0
HS2026002880,2026-11-09,11,4,Phường Bình Minh,Tư pháp - Hộ tịch,Chứng thực bản sao từ bản chính,Trực tuyến,1,1,2026-11-10,2026-11-10,0,Đã trả kết quả,Đúng hạn,4.0
HS2026002881,2026-11-09,11,4,Phường Hoà Lạc,Tư pháp - Hộ tịch,Đăng ký khai sinh,Trực tuyến,3,3,2026-11-12,2026-11-12,0,Đã trả kết quả,Đúng hạn,5.0
HS2026002882,2026-11-09,11,4,Phường Hoà Lạc,Tư pháp - Hộ tịch,Đăng ký khai tử,Trực tuyến,3,2,2026-11-12,2026-11-11,0,Đã trả kết quả,Đúng hạn,5.0
HS2026002883,2026-11-09,11,4,Xã Mỹ Trạch,Tư pháp - Hộ tịch,Chứng thực bản sao từ bản chính,Trực tuyến,1,1,2026-11-10,2026-11-10,0,Đã trả kết quả,Đúng hạn,5.0
HS2026002884,2026-11-09,11,4,Phường Bình Minh,Lao động - Xã hội,Trợ cấp xã hội hằng tháng,Trực tiếp,20,18,2026-11-29,2026-11-27,0,Đã trả kết quả,Đúng hạn,5.0
HS2026002885,2026-11-09,11,4,Phường Kim Sơn,Kinh tế - Đăng ký KD,Đăng ký hộ kinh doanh,Trực tuyến,3,2,2026-11-12,2026-11-11,0,Đã trả kết quả,Đúng hạn,5.0
HS2026002886,2026-11-09,11,4,Phường Bình Minh,Kinh tế - Đăng ký KD,Đăng ký hộ kinh doanh,Trực tuyến,3,5,2026-11-12,2026-11-14,2,Đã trả kết quả,Trễ hạn,2.0
HS2026002887,2026-11-10,11,4,Phường An Thịnh,Tư pháp - Hộ tịch,Đăng ký khai sinh,Trực tiếp,3,2,2026-11-13,2026-11-12,0,Đã trả kết quả,Đúng hạn,5.0
HS2026002888,2026-11-10,11,4,Phường Hoà Lạc,Tư pháp - Hộ tịch,Cấp bản sao trích lục hộ tịch,Trực tiếp,1,1,2026-11-11,2026-11-11,0,Đã trả kết quả,Đúng hạn,5.0
HS2026002889,2026-11-10,11,4,Xã Nam Hải,Đất đai - Tài nguyên,Cấp giấy chứng nhận quyền sử dụng đất,Trực tiếp,30,23,2026-12-10,2026-12-03,0,Đã trả kết quả,Đúng hạn,5.0
HS2026002890,2026-11-10,11,4,Phường Bình Minh,Lao động - Xã hội,Trợ cấp xã hội hằng tháng,Trực tiếp,20,18,2026-11-30,2026-11-28,0,Đã trả kết quả,Đúng hạn,5.0
HS2026002891,2026-11-11,11,4,Xã Mỹ Trạch,Kinh tế - Đăng ký KD,Đăng ký hộ kinh doanh,Trực tuyến,3,2,2026-11-14,2026-11-13,0,Đã trả kết quả,Đúng hạn,5.0
HS2026002892,2026-11-11,11,4,Phường Long Phú,Đất đai - Tài nguyên,Cấp giấy chứng nhận quyền sử dụng đất,Trực tuyến,30,27,2026-12-11,2026-12-08,0,Đã trả kết quả,Đúng hạn,5.0
HS2026002893,2026-11-11,11,4,Phường An Thịnh,Đất đai - Tài nguyên,Cấp giấy chứng nhận quyền sử dụng đất,Trực tiếp,30,14,2026-12-11,2026-11-25,0,Đã trả kết quả,Đúng hạn,4.0
HS2026002894,2026-11-11,11,4,Xã Tân Phước,Xây dựng - Đô thị,Cấp giấy phép xây dựng nhà ở riêng lẻ,Trực tiếp,15,14,2026-11-26,2026-11-25,0,Đã trả kết quả,Đúng hạn,5.0
HS2026002895,2026-11-11,11,4,Xã Nam Hải,Tư pháp - Hộ tịch,Cấp bản sao trích lục hộ tịch,Trực tuyến,1,1,2026-11-12,2026-11-12,0,Đã trả kết quả,Đúng hạn,5.0
HS2026002896,2026-11-11,11,4,Phường Bình Minh,Tư pháp - Hộ tịch,Chứng thực bản sao từ bản chính,Trực tiếp,1,1,2026-11-12,2026-11-12,0,Đã trả kết quả,Đúng hạn,5.0
HS2026002897,2026-11-11,11,4,Xã Tân Phước,Tư pháp - Hộ tịch,Chứng thực bản sao từ bản chính,Bưu chính công ích,1,1,2026-11-12,2026-11-12,0,Đã trả kết quả,Đúng hạn,5.0
HS2026002898,2026-11-11,11,4,Phường Bình Minh,Tư pháp - Hộ tịch,Đăng ký khai sinh,Trực tiếp,3,2,2026-11-14,2026-11-13,0,Đã trả kết quả,Đúng hạn,5.0
HS2026002899,2026-11-11,11,4,Xã Mỹ Trạch,Tư pháp - Hộ tịch,Chứng thực bản sao từ bản chính,Trực tiếp,1,1,2026-11-12,2026-11-12,0,Đã trả kết quả,Đúng hạn,4.0
HS2026002900,2026-11-11,11,4,Xã Mỹ Trạch,Tư pháp - Hộ tịch,Cấp bản sao trích lục hộ tịch,Trực tuyến,1,4,2026-11-12,2026-11-15,1,Đã trả kết quả,Trễ hạn,2.0
HS2026002901,2026-11-12,11,4,Phường An Thịnh,Tư pháp - Hộ tịch,Chứng thực bản sao từ bản chính,Trực tuyến,1,1,2026-11-13,2026-11-13,0,Đã trả kết quả,Đúng hạn,5.0
HS2026002902,2026-11-12,11,4,Phường Hoà Lạc,Tư pháp - Hộ tịch,Đăng ký kết hôn,Trực tuyến,3,2,2026-11-15,2026-11-14,0,Đã trả kết quả,Đúng hạn,5.0
HS2026002903,2026-11-12,11,4,Phường Hoà Lạc,Tư pháp - Hộ tịch,Đăng ký khai tử,Trực tiếp,3,3,2026-11-15,2026-11-15,0,Đã trả kết quả,Đúng hạn,5.0
HS2026002904,2026-11-12,11,4,Xã Tân Phước,Kinh tế - Đăng ký KD,Đăng ký hộ kinh doanh,Trực tuyến,3,8,2026-11-15,2026-11-20,2,Đã trả kết quả,Trễ hạn,2.0
HS2026002905,2026-11-12,11,4,Xã Mỹ Trạch,Xây dựng - Đô thị,Cấp giấy phép xây dựng nhà ở riêng lẻ,Trực tuyến,15,12,2026-11-27,2026-11-24,0,Đã trả kết quả,Đúng hạn,5.0
HS2026002906,2026-11-12,11,4,Phường Long Phú,Lao động - Xã hội,"Xác nhận hộ nghèo, cận nghèo",Trực tuyến,5,7,2026-11-17,2026-11-19,1,Đã trả kết quả,Trễ hạn,4.0
HS2026002907,2026-11-12,11,4,Phường An Thịnh,Kinh tế - Đăng ký KD,Đăng ký hộ kinh doanh,Trực tuyến,3,2,2026-11-15,2026-11-14,0,Đã trả kết quả,Đúng hạn,5.0
HS2026002908,2026-11-12,11,4,Phường Bình Minh,Xây dựng - Đô thị,Cấp giấy phép xây dựng nhà ở riêng lẻ,Bưu chính công ích,15,11,2026-11-27,2026-11-23,0,Đã trả kết quả,Đúng hạn,5.0
HS2026002909,2026-11-12,11,4,Phường Long Phú,Đất đai - Tài nguyên,Đăng ký biến động đất đai,Trực tiếp,10,11,2026-11-22,2026-11-23,0,Đã trả kết quả,Trễ hạn,3.0
HS2026002910,2026-11-13,11,4,Phường Kim Sơn,Kinh tế - Đăng ký KD,Đăng ký hộ kinh doanh,Trực tuyến,3,3,2026-11-16,2026-11-16,0,Đã trả kết quả,Đúng hạn,5.0
HS2026002911,2026-11-13,11,4,Phường Kim Sơn,Tư pháp - Hộ tịch,Đăng ký khai sinh,Trực tuyến,3,2,2026-11-16,2026-11-15,0,Đã trả kết quả,Đúng hạn,5.0
HS2026002912,2026-11-13,11,4,Xã Nam Hải,Tư pháp - Hộ tịch,Cấp phiếu lý lịch tư pháp số 1,Trực tuyến,10,8,2026-11-23,2026-11-21,0,Đã trả kết quả,Đúng hạn,5.0
HS2026002913,2026-11-13,11,4,Phường Bình Minh,Tư pháp - Hộ tịch,Cấp phiếu lý lịch tư pháp số 1,Trực tuyến,10,8,2026-11-23,2026-11-21,0,Đã trả kết quả,Đúng hạn,5.0
HS2026002914,2026-11-13,11,4,Phường Kim Sơn,Tư pháp - Hộ tịch,Đăng ký khai sinh,Trực tuyến,3,2,2026-11-16,2026-11-15,0,Đã trả kết quả,Đúng hạn,4.0
HS2026002915,2026-11-13,11,4,Xã Tân Phước,Tư pháp - Hộ tịch,Đăng ký khai sinh,Trực tuyến,3,5,2026-11-16,2026-11-18,1,Đã trả kết quả,Trễ hạn,3.0
HS2026002916,2026-11-13,11,4,Phường Hoà Lạc,Tư pháp - Hộ tịch,Cấp phiếu lý lịch tư pháp số 1,Trực tuyến,10,10,2026-11-23,2026-11-23,1,Đã trả kết quả,Đúng hạn,4.0
HS2026002917,2026-11-13,11,4,Phường Kim Sơn,Kinh tế - Đăng ký KD,Đăng ký hộ kinh doanh,Trực tuyến,3,2,2026-11-16,2026-11-15,0,Đã trả kết quả,Đúng hạn,5.0
HS2026002918,2026-11-13,11,4,Phường Long Phú,Đất đai - Tài nguyên,Đăng ký biến động đất đai,Trực tiếp,10,9,2026-11-23,2026-11-22,0,Đã trả kết quả,Đúng hạn,5.0
HS2026002919,2026-11-13,11,4,Phường Long Phú,Tư pháp - Hộ tịch,Đăng ký khai sinh,Bưu chính công ích,3,3,2026-11-16,2026-11-16,0,Đã trả kết quả,Đúng hạn,5.0
HS2026002920,2026-11-13,11,4,Phường Long Phú,Kinh tế - Đăng ký KD,Đăng ký hộ kinh doanh,Trực tiếp,3,4,2026-11-16,2026-11-17,0,Đã trả kết quả,Trễ hạn,3.0
HS2026002921,2026-11-14,11,4,Phường Bình Minh,Tư pháp - Hộ tịch,Chứng thực bản sao từ bản chính,Trực tiếp,1,1,2026-11-15,2026-11-15,0,Đã trả kết quả,Đúng hạn,4.0
HS2026002922,2026-11-14,11,4,Phường Long Phú,Lao động - Xã hội,"Xác nhận hộ nghèo, cận nghèo",Trực tiếp,5,5,2026-11-19,2026-11-19,0,Đã trả kết quả,Đúng hạn,5.0
HS2026002923,2026-11-14,11,4,Phường Bình Minh,Tư pháp - Hộ tịch,Chứng thực bản sao từ bản chính,Trực tiếp,1,1,2026-11-15,2026-11-15,0,Đã trả kết quả,Đúng hạn,5.0
HS2026002924,2026-11-14,11,4,Phường An Thịnh,Tư pháp - Hộ tịch,Đăng ký khai sinh,Trực tiếp,3,3,2026-11-17,2026-11-17,0,Đã trả kết quả,Đúng hạn,5.0
HS2026002925,2026-11-14,11,4,Xã Tân Phước,Tư pháp - Hộ tịch,Đăng ký kết hôn,Trực tiếp,3,2,2026-11-17,2026-11-16,0,Đã trả kết quả,Đúng hạn,5.0
HS2026002926,2026-11-15,11,4,Phường Bình Minh,Tư pháp - Hộ tịch,Cấp bản sao trích lục hộ tịch,Trực tiếp,1,1,2026-11-16,2026-11-16,0,Đã trả kết quả,Đúng hạn,5.0
HS2026002927,2026-11-15,11,4,Phường Kim Sơn,Tư pháp - Hộ tịch,Cấp bản sao trích lục hộ tịch,Trực tiếp,1,2,2026-11-16,2026-11-17,0,Đã trả kết quả,Trễ hạn,4.0
HS2026002928,2026-11-15,11,4,Phường Kim Sơn,Đất đai - Tài nguyên,Cấp giấy chứng nhận quyền sử dụng đất,Trực tuyến,30,23,2026-12-15,2026-12-08,0,Đã trả kết quả,Đúng hạn,5.0
HS2026002929,2026-11-15,11,4,Phường Kim Sơn,Tư pháp - Hộ tịch,Cấp bản sao trích lục hộ tịch,Trực tuyến,1,4,2026-11-16,2026-11-19,1,Đã trả kết quả,Trễ hạn,3.0
HS2026002930,2026-11-15,11,4,Phường Bình Minh,Tư pháp - Hộ tịch,Đăng ký khai sinh,Trực tuyến,3,2,2026-11-18,2026-11-17,0,Đã trả kết quả,Đúng hạn,5.0
HS2026002931,2026-11-15,11,4,Phường Long Phú,Tư pháp - Hộ tịch,Cấp bản sao trích lục hộ tịch,Trực tuyến,1,1,2026-11-16,2026-11-16,0,Đã trả kết quả,Đúng hạn,5.0
HS2026002932,2026-11-15,11,4,Phường An Thịnh,Tư pháp - Hộ tịch,Chứng thực bản sao từ bản chính,Trực tiếp,1,1,2026-11-16,2026-11-16,0,Đã trả kết quả,Đúng hạn,5.0
HS2026002933,2026-11-15,11,4,Phường Long Phú,Tư pháp - Hộ tịch,Đăng ký kết hôn,Trực tiếp,3,3,2026-11-18,2026-11-18,0,Đã trả kết quả,Đúng hạn,5.0
HS2026002934,2026-11-15,11,4,Phường An Thịnh,Lao động - Xã hội,Trợ cấp xã hội hằng tháng,Trực tuyến,20,9,2026-12-05,2026-11-24,0,Đã trả kết quả,Đúng hạn,5.0
HS2026002935,2026-11-15,11,4,Phường An Thịnh,Tư pháp - Hộ tịch,Đăng ký khai sinh,Trực tuyến,3,2,2026-11-18,2026-11-17,0,Đã trả kết quả,Đúng hạn,5.0
HS2026002936,2026-11-15,11,4,Phường Kim Sơn,Tư pháp - Hộ tịch,Chứng thực bản sao từ bản chính,Trực tiếp,1,1,2026-11-16,2026-11-16,0,Đã trả kết quả,Đúng hạn,5.0
HS2026002937,2026-11-15,11,4,Phường Hoà Lạc,Tư pháp - Hộ tịch,Cấp bản sao trích lục hộ tịch,Trực tuyến,1,7,2026-11-16,2026-11-22,2,Đã trả kết quả,Trễ hạn,2.0
HS2026002938,2026-11-15,11,4,Phường Kim Sơn,Kinh tế - Đăng ký KD,Đăng ký hộ kinh doanh,Trực tiếp,3,2,2026-11-18,2026-11-17,0,Đã trả kết quả,Đúng hạn,5.0
HS2026002939,2026-11-15,11,4,Xã Nam Hải,Tư pháp - Hộ tịch,Đăng ký khai tử,Bưu chính công ích,3,4,2026-11-18,2026-11-19,0,Đã trả kết quả,Trễ hạn,3.0
HS2026002940,2026-11-15,11,4,Phường Long Phú,Tư pháp - Hộ tịch,Đăng ký kết hôn,Trực tiếp,3,3,2026-11-18,2026-11-18,0,Đã trả kết quả,Đúng hạn,5.0
HS2026002941,2026-11-16,11,4,Xã Mỹ Trạch,Đất đai - Tài nguyên,Đăng ký biến động đất đai,Trực tiếp,10,9,2026-11-26,2026-11-25,0,Đã trả kết quả,Đúng hạn,5.0
HS2026002942,2026-11-16,11,4,Phường Long Phú,Đất đai - Tài nguyên,Đăng ký biến động đất đai,Trực tiếp,10,12,2026-11-26,2026-11-28,0,Đã trả kết quả,Trễ hạn,4.0
HS2026002943,2026-11-16,11,4,Phường Kim Sơn,Tư pháp - Hộ tịch,Chứng thực bản sao từ bản chính,Trực tuyến,1,1,2026-11-17,2026-11-17,0,Đã trả kết quả,Đúng hạn,4.0
HS2026002944,2026-11-16,11,4,Phường Kim Sơn,Kinh tế - Đăng ký KD,Đăng ký hộ kinh doanh,Trực tuyến,3,7,2026-11-19,2026-11-23,2,Đã trả kết quả,Trễ hạn,2.0
HS2026002945,2026-11-16,11,4,Phường Kim Sơn,Tư pháp - Hộ tịch,Chứng thực bản sao từ bản chính,Trực tuyến,1,1,2026-11-17,2026-11-17,0,Đã trả kết quả,Đúng hạn,5.0
HS2026002946,2026-11-16,11,4,Xã Tân Phước,Đất đai - Tài nguyên,Đăng ký biến động đất đai,Trực tiếp,10,10,2026-11-26,2026-11-26,0,Đã trả kết quả,Đúng hạn,5.0
HS2026002947,2026-11-16,11,4,Phường An Thịnh,Tư pháp - Hộ tịch,Chứng thực bản sao từ bản chính,Trực tuyến,1,1,2026-11-17,2026-11-17,0,Đã trả kết quả,Đúng hạn,5.0
HS2026002948,2026-11-16,11,4,Phường Hoà Lạc,Tư pháp - Hộ tịch,Chứng thực bản sao từ bản chính,Trực tiếp,1,1,2026-11-17,2026-11-17,0,Đã trả kết quả,Đúng hạn,5.0
HS2026002949,2026-11-16,11,4,Phường Bình Minh,Đất đai - Tài nguyên,Cấp giấy chứng nhận quyền sử dụng đất,Trực tiếp,30,16,2026-12-16,2026-12-02,0,Đã trả kết quả,Đúng hạn,5.0
HS2026002950,2026-11-17,11,4,Xã Nam Hải,Tư pháp - Hộ tịch,Đăng ký khai sinh,Bưu chính công ích,3,3,2026-11-20,2026-11-20,0,Đã trả kết quả,Đúng hạn,5.0
HS2026002951,2026-11-17,11,4,Phường Hoà Lạc,Kinh tế - Đăng ký KD,Đăng ký hộ kinh doanh,Trực tiếp,3,2,2026-11-20,2026-11-19,0,Đã trả kết quả,Đúng hạn,5.0
HS2026002952,2026-11-17,11,4,Phường Long Phú,Tư pháp - Hộ tịch,Cấp bản sao trích lục hộ tịch,Trực tuyến,1,1,2026-11-18,2026-11-18,0,Đã trả kết quả,Đúng hạn,5.0
HS2026002953,2026-11-17,11,4,Phường An Thịnh,Tư pháp - Hộ tịch,Cấp phiếu lý lịch tư pháp số 1,Trực tiếp,10,7,2026-11-27,2026-11-24,0,Đã trả kết quả,Đúng hạn,5.0
HS2026002954,2026-11-17,11,4,Xã Mỹ Trạch,Tư pháp - Hộ tịch,Đăng ký kết hôn,Trực tuyến,3,2,2026-11-20,2026-11-19,0,Đã trả kết quả,Đúng hạn,5.0
HS2026002955,2026-11-17,11,4,Phường An Thịnh,Tư pháp - Hộ tịch,Cấp bản sao trích lục hộ tịch,Trực tuyến,1,1,2026-11-18,2026-11-18,0,Đã trả kết quả,Đúng hạn,5.0
HS2026002956,2026-11-17,11,4,Xã Tân Phước,Kinh tế - Đăng ký KD,Đăng ký hộ kinh doanh,Trực tuyến,3,2,2026-11-20,2026-11-19,0,Đã trả kết quả,Đúng hạn,5.0
HS2026002957,2026-11-17,11,4,Phường Bình Minh,Xây dựng - Đô thị,Cấp giấy phép xây dựng nhà ở riêng lẻ,Bưu chính công ích,15,12,2026-12-02,2026-11-29,0,Đã trả kết quả,Đúng hạn,5.0
HS2026002958,2026-11-17,11,4,Phường An Thịnh,Tư pháp - Hộ tịch,Chứng thực bản sao từ bản chính,Trực tiếp,1,1,2026-11-18,2026-11-18,0,Đã trả kết quả,Đúng hạn,5.0
HS2026002959,2026-11-18,11,4,Phường Long Phú,Tư pháp - Hộ tịch,Cấp bản sao trích lục hộ tịch,Trực tuyến,1,1,2026-11-19,2026-11-19,0,Đã trả kết quả,Đúng hạn,5.0
HS2026002960,2026-11-18,11,4,Phường Hoà Lạc,Xây dựng - Đô thị,Cấp giấy phép xây dựng nhà ở riêng lẻ,Trực tiếp,15,14,2026-12-03,2026-12-02,0,Đã trả kết quả,Đúng hạn,5.0
HS2026002961,2026-11-18,11,4,Phường Hoà Lạc,Kinh tế - Đăng ký KD,Đăng ký hộ kinh doanh,Trực tuyến,3,2,2026-11-21,2026-11-20,0,Đã trả kết quả,Đúng hạn,5.0
HS2026002962,2026-11-18,11,4,Phường Bình Minh,Xây dựng - Đô thị,Cấp giấy phép xây dựng nhà ở riêng lẻ,Trực tuyến,15,9,2026-12-03,2026-11-27,0,Đã trả kết quả,Đúng hạn,5.0
HS2026002963,2026-11-18,11,4,Phường Long Phú,Tư pháp - Hộ tịch,Cấp phiếu lý lịch tư pháp số 1,Trực tuyến,10,9,2026-11-28,2026-11-27,0,Đã trả kết quả,Đúng hạn,5.0
HS2026002964,2026-11-18,11,4,Phường Hoà Lạc,Tư pháp - Hộ tịch,Cấp bản sao trích lục hộ tịch,Trực tuyến,1,1,2026-11-19,2026-11-19,0,Đã trả kết quả,Đúng hạn,5.0
HS2026002965,2026-11-18,11,4,Phường Kim Sơn,Tư pháp - Hộ tịch,Chứng thực bản sao từ bản chính,Trực tiếp,1,1,2026-11-19,2026-11-19,0,Đã trả kết quả,Đúng hạn,5.0
HS2026002966,2026-11-18,11,4,Phường Hoà Lạc,Tư pháp - Hộ tịch,Chứng thực bản sao từ bản chính,Bưu chính công ích,1,4,2026-11-19,2026-11-22,1,Đã trả kết quả,Trễ hạn,3.0
HS2026002967,2026-11-18,11,4,Phường An Thịnh,Tư pháp - Hộ tịch,Cấp bản sao trích lục hộ tịch,Trực tiếp,1,8,2026-11-19,2026-11-26,2,Đã trả kết quả,Trễ hạn,3.0
HS2026002968,2026-11-18,11,4,Phường Hoà Lạc,Tư pháp - Hộ tịch,Cấp phiếu lý lịch tư pháp số 1,Trực tiếp,10,10,2026-11-28,2026-11-28,0,Đã trả kết quả,Đúng hạn,5.0
HS2026002969,2026-11-18,11,4,Phường Kim Sơn,Tư pháp - Hộ tịch,Chứng thực bản sao từ bản chính,Trực tiếp,1,1,2026-11-19,2026-11-19,0,Đã trả kết quả,Đúng hạn,5.0
HS2026002970,2026-11-18,11,4,Xã Nam Hải,Tư pháp - Hộ tịch,Đăng ký khai sinh,Trực tuyến,3,3,2026-11-21,2026-11-21,0,Đã trả kết quả,Đúng hạn,5.0
HS2026002971,2026-11-18,11,4,Xã Tân Phước,Đất đai - Tài nguyên,Đăng ký biến động đất đai,Trực tiếp,10,7,2026-11-28,2026-11-25,0,Đã trả kết quả,Đúng hạn,5.0
HS2026002972,2026-11-18,11,4,Phường Kim Sơn,Tư pháp - Hộ tịch,Đăng ký khai sinh,Trực tuyến,3,3,2026-11-21,2026-11-21,0,Đã trả kết quả,Đúng hạn,5.0
HS2026002973,2026-11-18,11,4,Phường Long Phú,Tư pháp - Hộ tịch,Đăng ký khai sinh,Trực tiếp,3,6,2026-11-21,2026-11-24,1,Đã trả kết quả,Trễ hạn,3.0
HS2026002974,2026-11-18,11,4,Phường An Thịnh,Kinh tế - Đăng ký KD,Đăng ký hộ kinh doanh,Trực tuyến,3,2,2026-11-21,2026-11-20,0,Đã trả kết quả,Đúng hạn,5.0
HS2026002975,2026-11-19,11,4,Phường An Thịnh,Tư pháp - Hộ tịch,Cấp bản sao trích lục hộ tịch,Trực tuyến,1,1,2026-11-20,2026-11-20,0,Đã trả kết quả,Đúng hạn,5.0
HS2026002976,2026-11-19,11,4,Phường An Thịnh,Xây dựng - Đô thị,Cấp giấy phép xây dựng nhà ở riêng lẻ,Trực tiếp,15,9,2026-12-04,2026-11-28,0,Đã trả kết quả,Đúng hạn,5.0
HS2026002977,2026-11-19,11,4,Phường Bình Minh,Xây dựng - Đô thị,Cấp giấy phép xây dựng nhà ở riêng lẻ,Trực tiếp,15,8,2026-12-04,2026-11-27,0,Đã trả kết quả,Đúng hạn,5.0
HS2026002978,2026-11-19,11,4,Xã Mỹ Trạch,Lao động - Xã hội,"Xác nhận hộ nghèo, cận nghèo",Bưu chính công ích,5,11,2026-11-24,2026-11-30,2,Đã trả kết quả,Trễ hạn,3.0
HS2026002979,2026-11-19,11,4,Xã Tân Phước,Kinh tế - Đăng ký KD,Đăng ký hộ kinh doanh,Trực tuyến,3,4,2026-11-22,2026-11-23,1,Đã trả kết quả,Trễ hạn,3.0
HS2026002980,2026-11-20,11,4,Phường An Thịnh,Tư pháp - Hộ tịch,Cấp phiếu lý lịch tư pháp số 1,Trực tuyến,10,4,2026-11-30,2026-11-24,0,Đã trả kết quả,Đúng hạn,5.0
HS2026002981,2026-11-20,11,4,Xã Tân Phước,Lao động - Xã hội,Trợ cấp xã hội hằng tháng,Trực tuyến,20,16,2026-12-10,2026-12-06,0,Đã trả kết quả,Đúng hạn,5.0
HS2026002982,2026-11-20,11,4,Phường Bình Minh,Đất đai - Tài nguyên,Cấp giấy chứng nhận quyền sử dụng đất,Trực tuyến,30,23,2026-12-20,2026-12-13,2,Đã trả kết quả,Đúng hạn,4.0
HS2026002983,2026-11-20,11,4,Phường An Thịnh,Tư pháp - Hộ tịch,Chứng thực bản sao từ bản chính,Trực tiếp,1,1,2026-11-21,2026-11-21,0,Đã trả kết quả,Đúng hạn,5.0
HS2026002984,2026-11-20,11,4,Xã Tân Phước,Tư pháp - Hộ tịch,Cấp phiếu lý lịch tư pháp số 1,Trực tuyến,10,6,2026-11-30,2026-11-26,0,Đã trả kết quả,Đúng hạn,4.0
HS2026002985,2026-11-20,11,4,Xã Nam Hải,Tư pháp - Hộ tịch,Chứng thực bản sao từ bản chính,Trực tuyến,1,1,2026-11-21,2026-11-21,0,Đã trả kết quả,Đúng hạn,5.0
HS2026002986,2026-11-20,11,4,Phường Kim Sơn,Lao động - Xã hội,"Xác nhận hộ nghèo, cận nghèo",Trực tiếp,5,6,2026-11-25,2026-11-26,0,Đã trả kết quả,Trễ hạn,3.0
HS2026002987,2026-11-20,11,4,Phường Long Phú,Tư pháp - Hộ tịch,Cấp phiếu lý lịch tư pháp số 1,Trực tuyến,10,8,2026-11-30,2026-11-28,0,Đã trả kết quả,Đúng hạn,5.0
HS2026002988,2026-11-21,11,4,Phường Hoà Lạc,Tư pháp - Hộ tịch,Cấp phiếu lý lịch tư pháp số 1,Trực tuyến,10,10,2026-12-01,2026-12-01,1,Đã trả kết quả,Đúng hạn,4.0
HS2026002989,2026-11-21,11,4,Phường Hoà Lạc,Tư pháp - Hộ tịch,Đăng ký khai sinh,Trực tuyến,3,3,2026-11-24,2026-11-24,0,Đã trả kết quả,Đúng hạn,5.0
HS2026002990,2026-11-21,11,4,Phường Hoà Lạc,Tư pháp - Hộ tịch,Cấp phiếu lý lịch tư pháp số 1,Trực tuyến,10,7,2026-12-01,2026-11-28,0,Đã trả kết quả,Đúng hạn,5.0
HS2026002991,2026-11-21,11,4,Phường An Thịnh,Lao động - Xã hội,Trợ cấp xã hội hằng tháng,Bưu chính công ích,20,19,2026-12-11,2026-12-10,1,Đã trả kết quả,Đúng hạn,5.0
HS2026002992,2026-11-21,11,4,Phường An Thịnh,Kinh tế - Đăng ký KD,Đăng ký hộ kinh doanh,Trực tuyến,3,2,2026-11-24,2026-11-23,0,Đã trả kết quả,Đúng hạn,5.0
HS2026002993,2026-11-21,11,4,Phường Bình Minh,Tư pháp - Hộ tịch,Cấp bản sao trích lục hộ tịch,Trực tiếp,1,3,2026-11-22,2026-11-24,1,Đã trả kết quả,Trễ hạn,3.0
HS2026002994,2026-11-21,11,4,Phường Long Phú,Lao động - Xã hội,Trợ cấp xã hội hằng tháng,Bưu chính công ích,20,22,2026-12-11,2026-12-13,0,Đã trả kết quả,Trễ hạn,3.0
HS2026002995,2026-11-21,11,4,Phường Hoà Lạc,Tư pháp - Hộ tịch,Đăng ký khai sinh,Trực tiếp,3,3,2026-11-24,2026-11-24,0,Đã trả kết quả,Đúng hạn,5.0
HS2026002996,2026-11-21,11,4,Phường Bình Minh,Tư pháp - Hộ tịch,Đăng ký khai sinh,Trực tuyến,3,2,2026-11-24,2026-11-23,0,Đã trả kết quả,Đúng hạn,5.0
HS2026002997,2026-11-21,11,4,Phường Hoà Lạc,Tư pháp - Hộ tịch,Chứng thực bản sao từ bản chính,Bưu chính công ích,1,1,2026-11-22,2026-11-22,0,Đã trả kết quả,Đúng hạn,5.0
HS2026002998,2026-11-22,11,4,Phường Kim Sơn,Kinh tế - Đăng ký KD,Đăng ký hộ kinh doanh,Trực tiếp,3,3,2026-11-25,2026-11-25,0,Đã trả kết quả,Đúng hạn,5.0
HS2026002999,2026-11-22,11,4,Xã Tân Phước,Xây dựng - Đô thị,Cấp giấy phép xây dựng nhà ở riêng lẻ,Trực tiếp,15,10,2026-12-07,2026-12-02,0,Đã trả kết quả,Đúng hạn,5.0
HS2026003000,2026-11-22,11,4,Phường Bình Minh,Lao động - Xã hội,"Xác nhận hộ nghèo, cận nghèo",Trực tiếp,5,4,2026-11-27,2026-11-26,0,Đã trả kết quả,Đúng hạn,5.0
HS2026003001,2026-11-22,11,4,Phường Hoà Lạc,Tư pháp - Hộ tịch,Đăng ký khai sinh,Trực tuyến,3,3,2026-11-25,2026-11-25,0,Đã trả kết quả,Đúng hạn,5.0
HS2026003002,2026-11-22,11,4,Phường Long Phú,Đất đai - Tài nguyên,Đăng ký biến động đất đai,Trực tuyến,10,13,2026-12-02,2026-12-05,2,Đã trả kết quả,Trễ hạn,2.0
HS2026003003,2026-11-22,11,4,Phường Bình Minh,Tư pháp - Hộ tịch,Cấp phiếu lý lịch tư pháp số 1,Trực tuyến,10,4,2026-12-02,2026-11-26,0,Đã trả kết quả,Đúng hạn,5.0
HS2026003004,2026-11-22,11,4,Phường Long Phú,Kinh tế - Đăng ký KD,Đăng ký hộ kinh doanh,Trực tiếp,3,4,2026-11-25,2026-11-26,0,Đã trả kết quả,Trễ hạn,4.0
HS2026003005,2026-11-22,11,4,Phường Hoà Lạc,Kinh tế - Đăng ký KD,Đăng ký hộ kinh doanh,Trực tuyến,3,2,2026-11-25,2026-11-24,0,Đã trả kết quả,Đúng hạn,5.0
HS2026003006,2026-11-22,11,4,Phường Long Phú,Lao động - Xã hội,"Xác nhận hộ nghèo, cận nghèo",Trực tuyến,5,3,2026-11-27,2026-11-25,0,Đã trả kết quả,Đúng hạn,5.0
HS2026003007,2026-11-23,11,4,Phường Long Phú,Kinh tế - Đăng ký KD,Đăng ký hộ kinh doanh,Trực tuyến,3,3,2026-11-26,2026-11-26,0,Đã trả kết quả,Đúng hạn,4.0
HS2026003008,2026-11-23,11,4,Phường Kim Sơn,Tư pháp - Hộ tịch,Cấp bản sao trích lục hộ tịch,Bưu chính công ích,1,1,2026-11-24,2026-11-24,0,Đã trả kết quả,Đúng hạn,4.0
HS2026003009,2026-11-23,11,4,Xã Nam Hải,Tư pháp - Hộ tịch,Đăng ký khai sinh,Trực tuyến,3,3,2026-11-26,2026-11-26,0,Đã trả kết quả,Đúng hạn,5.0
HS2026003010,2026-11-23,11,4,Phường An Thịnh,Tư pháp - Hộ tịch,Cấp phiếu lý lịch tư pháp số 1,Trực tuyến,10,5,2026-12-03,2026-11-28,0,Đã trả kết quả,Đúng hạn,5.0
HS2026003011,2026-11-23,11,4,Xã Mỹ Trạch,Tư pháp - Hộ tịch,Đăng ký kết hôn,Trực tiếp,3,2,2026-11-26,2026-11-25,0,Đã trả kết quả,Đúng hạn,5.0
HS2026003012,2026-11-23,11,4,Xã Nam Hải,Xây dựng - Đô thị,Cấp giấy phép xây dựng nhà ở riêng lẻ,Trực tuyến,15,13,2026-12-08,2026-12-06,0,Đã trả kết quả,Đúng hạn,5.0
HS2026003013,2026-11-23,11,4,Phường An Thịnh,Đất đai - Tài nguyên,Đăng ký biến động đất đai,Trực tuyến,10,7,2026-12-03,2026-11-30,0,Đã trả kết quả,Đúng hạn,5.0
HS2026003014,2026-11-23,11,4,Xã Tân Phước,Tư pháp - Hộ tịch,Cấp bản sao trích lục hộ tịch,Trực tuyến,1,1,2026-11-24,2026-11-24,0,Đã trả kết quả,Đúng hạn,5.0
HS2026003015,2026-11-23,11,4,Phường An Thịnh,Xây dựng - Đô thị,Cấp giấy phép xây dựng nhà ở riêng lẻ,Trực tuyến,15,10,2026-12-08,2026-12-03,1,Đã trả kết quả,Đúng hạn,4.0
HS2026003016,2026-11-23,11,4,Xã Nam Hải,Tư pháp - Hộ tịch,Chứng thực bản sao từ bản chính,Trực tiếp,1,1,2026-11-24,2026-11-24,0,Đã trả kết quả,Đúng hạn,5.0
HS2026003017,2026-11-24,11,4,Xã Nam Hải,Đất đai - Tài nguyên,Đăng ký biến động đất đai,Trực tiếp,10,18,2026-12-04,2026-12-12,2,Đã trả kết quả,Trễ hạn,2.0
HS2026003018,2026-11-24,11,4,Xã Tân Phước,Tư pháp - Hộ tịch,Đăng ký khai sinh,Trực tiếp,3,2,2026-11-27,2026-11-26,0,Đã trả kết quả,Đúng hạn,5.0
HS2026003019,2026-11-24,11,4,Xã Mỹ Trạch,Đất đai - Tài nguyên,Đăng ký biến động đất đai,Trực tuyến,10,8,2026-12-04,2026-12-02,0,Đã trả kết quả,Đúng hạn,5.0
HS2026003020,2026-11-24,11,4,Phường Hoà Lạc,Kinh tế - Đăng ký KD,Đăng ký hộ kinh doanh,Bưu chính công ích,3,2,2026-11-27,2026-11-26,0,Đã trả kết quả,Đúng hạn,5.0
HS2026003021,2026-11-24,11,4,Phường Kim Sơn,Tư pháp - Hộ tịch,Cấp phiếu lý lịch tư pháp số 1,Trực tiếp,10,6,2026-12-04,2026-11-30,0,Đã trả kết quả,Đúng hạn,5.0
HS2026003022,2026-11-24,11,4,Phường Long Phú,Tư pháp - Hộ tịch,Cấp phiếu lý lịch tư pháp số 1,Trực tuyến,10,7,2026-12-04,2026-12-01,0,Đã trả kết quả,Đúng hạn,4.0
HS2026003023,2026-11-24,11,4,Xã Tân Phước,Tư pháp - Hộ tịch,Đăng ký khai sinh,Trực tuyến,3,8,2026-11-27,2026-12-02,2,Đã trả kết quả,Trễ hạn,3.0
HS2026003024,2026-11-25,11,4,Phường An Thịnh,Xây dựng - Đô thị,Cấp giấy phép xây dựng nhà ở riêng lẻ,Trực tiếp,15,13,2026-12-10,2026-12-08,0,Đã trả kết quả,Đúng hạn,4.0
HS2026003025,2026-11-25,11,4,Phường Bình Minh,Tư pháp - Hộ tịch,Đăng ký khai sinh,Trực tiếp,3,3,2026-11-28,2026-11-28,0,Đã trả kết quả,Đúng hạn,5.0
HS2026003026,2026-11-25,11,4,Phường Long Phú,Tư pháp - Hộ tịch,Chứng thực bản sao từ bản chính,Bưu chính công ích,1,2,2026-11-26,2026-11-27,0,Đã trả kết quả,Trễ hạn,3.0
HS2026003027,2026-11-25,11,4,Phường Bình Minh,Tư pháp - Hộ tịch,Cấp bản sao trích lục hộ tịch,Trực tuyến,1,1,2026-11-26,2026-11-26,0,Đã trả kết quả,Đúng hạn,5.0
HS2026003028,2026-11-25,11,4,Phường Bình Minh,Kinh tế - Đăng ký KD,Đăng ký hộ kinh doanh,Trực tuyến,3,2,2026-11-28,2026-11-27,0,Đã trả kết quả,Đúng hạn,5.0
HS2026003029,2026-11-25,11,4,Phường An Thịnh,Lao động - Xã hội,Trợ cấp xã hội hằng tháng,Trực tiếp,20,12,2026-12-15,2026-12-07,0,Đã trả kết quả,Đúng hạn,5.0
HS2026003030,2026-11-25,11,4,Xã Nam Hải,Lao động - Xã hội,Trợ cấp xã hội hằng tháng,Trực tiếp,20,21,2026-12-15,2026-12-16,0,Đã trả kết quả,Trễ hạn,4.0
HS2026003031,2026-11-25,11,4,Phường Bình Minh,Tư pháp - Hộ tịch,Cấp phiếu lý lịch tư pháp số 1,Trực tuyến,10,7,2026-12-05,2026-12-02,0,Đã trả kết quả,Đúng hạn,5.0
HS2026003032,2026-11-25,11,4,Phường Hoà Lạc,Xây dựng - Đô thị,Cấp giấy phép xây dựng nhà ở riêng lẻ,Trực tiếp,15,11,2026-12-10,2026-12-06,1,Đã trả kết quả,Đúng hạn,5.0
HS2026003033,2026-11-25,11,4,Phường Long Phú,Tư pháp - Hộ tịch,Cấp phiếu lý lịch tư pháp số 1,Trực tuyến,10,7,2026-12-05,2026-12-02,0,Đã trả kết quả,Đúng hạn,5.0
HS2026003034,2026-11-25,11,4,Xã Nam Hải,Tư pháp - Hộ tịch,Đăng ký kết hôn,Trực tuyến,3,3,2026-11-28,2026-11-28,0,Đã trả kết quả,Đúng hạn,5.0
HS2026003035,2026-11-25,11,4,Xã Mỹ Trạch,Tư pháp - Hộ tịch,Chứng thực bản sao từ bản chính,Trực tiếp,1,1,2026-11-26,2026-11-26,0,Đã trả kết quả,Đúng hạn,5.0
HS2026003036,2026-11-26,11,4,Phường An Thịnh,Tư pháp - Hộ tịch,Cấp bản sao trích lục hộ tịch,Trực tuyến,1,1,2026-11-27,2026-11-27,0,Đã trả kết quả,Đúng hạn,5.0
HS2026003037,2026-11-26,11,4,Xã Nam Hải,Kinh tế - Đăng ký KD,Đăng ký hộ kinh doanh,Bưu chính công ích,3,2,2026-11-29,2026-11-28,0,Đã trả kết quả,Đúng hạn,4.0
HS2026003038,2026-11-26,11,4,Xã Nam Hải,Tư pháp - Hộ tịch,Cấp bản sao trích lục hộ tịch,Trực tiếp,1,4,2026-11-27,2026-11-30,1,Đã trả kết quả,Trễ hạn,4.0
HS2026003039,2026-11-26,11,4,Phường An Thịnh,Tư pháp - Hộ tịch,Đăng ký khai tử,Trực tiếp,3,3,2026-11-29,2026-11-29,0,Đã trả kết quả,Đúng hạn,4.0
HS2026003040,2026-11-26,11,4,Phường Bình Minh,Tư pháp - Hộ tịch,Đăng ký khai sinh,Trực tuyến,3,2,2026-11-29,2026-11-28,0,Đã trả kết quả,Đúng hạn,5.0
HS2026003041,2026-11-26,11,4,Phường An Thịnh,Tư pháp - Hộ tịch,Đăng ký kết hôn,Trực tuyến,3,2,2026-11-29,2026-11-28,0,Đã trả kết quả,Đúng hạn,5.0
HS2026003042,2026-11-27,11,4,Xã Nam Hải,Lao động - Xã hội,"Xác nhận hộ nghèo, cận nghèo",Trực tuyến,5,3,2026-12-02,2026-11-30,0,Đã trả kết quả,Đúng hạn,5.0
HS2026003043,2026-11-27,11,4,Phường Bình Minh,Tư pháp - Hộ tịch,Đăng ký kết hôn,Trực tuyến,3,3,2026-11-30,2026-11-30,0,Đã trả kết quả,Đúng hạn,5.0
HS2026003044,2026-11-27,11,4,Phường An Thịnh,Tư pháp - Hộ tịch,Chứng thực bản sao từ bản chính,Trực tuyến,1,5,2026-11-28,2026-12-02,1,Đã trả kết quả,Trễ hạn,4.0
HS2026003045,2026-11-27,11,4,Phường Bình Minh,Tư pháp - Hộ tịch,Chứng thực bản sao từ bản chính,Bưu chính công ích,1,1,2026-11-28,2026-11-28,0,Đã trả kết quả,Đúng hạn,5.0
HS2026003046,2026-11-27,11,4,Phường An Thịnh,Tư pháp - Hộ tịch,Cấp phiếu lý lịch tư pháp số 1,Trực tuyến,10,9,2026-12-07,2026-12-06,1,Đã trả kết quả,Đúng hạn,5.0
HS2026003047,2026-11-27,11,4,Xã Tân Phước,Tư pháp - Hộ tịch,Cấp bản sao trích lục hộ tịch,Trực tuyến,1,1,2026-11-28,2026-11-28,0,Đã trả kết quả,Đúng hạn,5.0
HS2026003048,2026-11-27,11,4,Phường Hoà Lạc,Tư pháp - Hộ tịch,Cấp phiếu lý lịch tư pháp số 1,Trực tuyến,10,5,2026-12-07,2026-12-02,0,Đã trả kết quả,Đúng hạn,5.0
HS2026003049,2026-11-27,11,4,Xã Mỹ Trạch,Tư pháp - Hộ tịch,Cấp phiếu lý lịch tư pháp số 1,Trực tuyến,10,4,2026-12-07,2026-12-01,0,Đã trả kết quả,Đúng hạn,5.0
HS2026003050,2026-11-27,11,4,Xã Mỹ Trạch,Tư pháp - Hộ tịch,Đăng ký khai tử,Trực tuyến,3,2,2026-11-30,2026-11-29,0,Đã trả kết quả,Đúng hạn,5.0
HS2026003051,2026-11-27,11,4,Phường Long Phú,Đất đai - Tài nguyên,Cấp giấy chứng nhận quyền sử dụng đất,Trực tiếp,30,20,2026-12-27,2026-12-17,0,Đã trả kết quả,Đúng hạn,5.0
HS2026003052,2026-11-28,11,4,Xã Nam Hải,Tư pháp - Hộ tịch,Đăng ký khai sinh,Trực tuyến,3,3,2026-12-01,2026-12-01,0,Đã trả kết quả,Đúng hạn,5.0
HS2026003053,2026-11-28,11,4,Phường Kim Sơn,Tư pháp - Hộ tịch,Đăng ký kết hôn,Trực tiếp,3,3,2026-12-01,2026-12-01,0,Đã trả kết quả,Đúng hạn,5.0
HS2026003054,2026-11-28,11,4,Phường Bình Minh,Tư pháp - Hộ tịch,Đăng ký khai sinh,Trực tuyến,3,3,2026-12-01,2026-12-01,0,Đã trả kết quả,Đúng hạn,5.0
HS2026003055,2026-11-28,11,4,Phường Kim Sơn,Tư pháp - Hộ tịch,Đăng ký khai sinh,Bưu chính công ích,3,3,2026-12-01,2026-12-01,0,Đã trả kết quả,Đúng hạn,5.0
HS2026003056,2026-11-28,11,4,Phường Bình Minh,Tư pháp - Hộ tịch,Cấp bản sao trích lục hộ tịch,Trực tuyến,1,1,2026-11-29,2026-11-29,0,Đã trả kết quả,Đúng hạn,5.0
HS2026003057,2026-11-28,11,4,Xã Mỹ Trạch,Tư pháp - Hộ tịch,Chứng thực bản sao từ bản chính,Trực tiếp,1,1,2026-11-29,2026-11-29,0,Đã trả kết quả,Đúng hạn,4.0
HS2026003058,2026-11-28,11,4,Xã Tân Phước,Tư pháp - Hộ tịch,Cấp phiếu lý lịch tư pháp số 1,Trực tuyến,10,8,2026-12-08,2026-12-06,0,Đã trả kết quả,Đúng hạn,5.0
HS2026003059,2026-11-28,11,4,Xã Nam Hải,Kinh tế - Đăng ký KD,Đăng ký hộ kinh doanh,Trực tuyến,3,3,2026-12-01,2026-12-01,0,Đã trả kết quả,Đúng hạn,5.0
HS2026003060,2026-11-28,11,4,Xã Tân Phước,Tư pháp - Hộ tịch,Chứng thực bản sao từ bản chính,Trực tiếp,1,1,2026-11-29,2026-11-29,0,Đã trả kết quả,Đúng hạn,5.0
HS2026003061,2026-11-29,11,4,Phường Kim Sơn,Tư pháp - Hộ tịch,Chứng thực bản sao từ bản chính,Trực tiếp,1,4,2026-11-30,2026-12-03,1,Đã trả kết quả,Trễ hạn,3.0
HS2026003062,2026-11-29,11,4,Phường Long Phú,Tư pháp - Hộ tịch,Chứng thực bản sao từ bản chính,Bưu chính công ích,1,1,2026-11-30,2026-11-30,0,Đã trả kết quả,Đúng hạn,5.0
HS2026003063,2026-11-29,11,4,Phường Bình Minh,Tư pháp - Hộ tịch,Đăng ký khai tử,Trực tiếp,3,2,2026-12-02,2026-12-01,0,Đã trả kết quả,Đúng hạn,5.0
HS2026003064,2026-11-29,11,4,Xã Tân Phước,Tư pháp - Hộ tịch,Chứng thực bản sao từ bản chính,Bưu chính công ích,1,1,2026-11-30,2026-11-30,0,Đã trả kết quả,Đúng hạn,5.0
HS2026003065,2026-11-29,11,4,Xã Nam Hải,Lao động - Xã hội,Trợ cấp xã hội hằng tháng,Trực tiếp,20,21,2026-12-19,2026-12-20,0,Đã trả kết quả,Trễ hạn,4.0
HS2026003066,2026-11-29,11,4,Phường Bình Minh,Kinh tế - Đăng ký KD,Đăng ký hộ kinh doanh,Trực tuyến,3,5,2026-12-02,2026-12-04,1,Đã trả kết quả,Trễ hạn,4.0
HS2026003067,2026-11-29,11,4,Phường Kim Sơn,Đất đai - Tài nguyên,Đăng ký biến động đất đai,Trực tuyến,10,7,2026-12-09,2026-12-06,0,Đã trả kết quả,Đúng hạn,5.0
HS2026003068,2026-11-30,11,4,Xã Mỹ Trạch,Tư pháp - Hộ tịch,Chứng thực bản sao từ bản chính,Trực tiếp,1,1,2026-12-01,2026-12-01,0,Đã trả kết quả,Đúng hạn,5.0
HS2026003069,2026-11-30,11,4,Xã Nam Hải,Tư pháp - Hộ tịch,Đăng ký kết hôn,Trực tuyến,3,2,2026-12-03,2026-12-02,0,Đã trả kết quả,Đúng hạn,5.0
HS2026003070,2026-11-30,11,4,Phường Bình Minh,Tư pháp - Hộ tịch,Đăng ký kết hôn,Trực tuyến,3,3,2026-12-03,2026-12-03,0,Đã trả kết quả,Đúng hạn,5.0
HS2026003071,2026-11-30,11,4,Phường An Thịnh,Tư pháp - Hộ tịch,Đăng ký khai sinh,Trực tuyến,3,6,2026-12-03,2026-12-06,2,Đã trả kết quả,Trễ hạn,2.0
HS2026003072,2026-11-30,11,4,Phường Hoà Lạc,Lao động - Xã hội,Trợ cấp xã hội hằng tháng,Trực tiếp,20,16,2026-12-20,2026-12-16,0,Đã trả kết quả,Đúng hạn,5.0
HS2026003073,2026-11-30,11,4,Phường Bình Minh,Đất đai - Tài nguyên,Đăng ký biến động đất đai,Trực tuyến,10,10,2026-12-10,2026-12-10,1,Đã trả kết quả,Đúng hạn,4.0
HS2026003074,2026-11-30,11,4,Phường Bình Minh,Tư pháp - Hộ tịch,Chứng thực bản sao từ bản chính,Trực tiếp,1,1,2026-12-01,2026-12-01,0,Đã trả kết quả,Đúng hạn,5.0
HS2026003075,2026-12-01,12,4,Xã Mỹ Trạch,Tư pháp - Hộ tịch,Đăng ký kết hôn,Trực tiếp,3,3,2026-12-04,2026-12-04,0,Đã trả kết quả,Đúng hạn,5.0
HS2026003076,2026-12-01,12,4,Xã Tân Phước,Tư pháp - Hộ tịch,Chứng thực bản sao từ bản chính,Trực tiếp,1,1,2026-12-02,2026-12-02,0,Đã trả kết quả,Đúng hạn,5.0
HS2026003077,2026-12-01,12,4,Phường An Thịnh,Tư pháp - Hộ tịch,Đăng ký kết hôn,Trực tiếp,3,3,2026-12-04,2026-12-04,0,Đã trả kết quả,Đúng hạn,5.0
HS2026003078,2026-12-01,12,4,Xã Mỹ Trạch,Tư pháp - Hộ tịch,Chứng thực bản sao từ bản chính,Trực tiếp,1,1,2026-12-02,2026-12-02,0,Đã trả kết quả,Đúng hạn,5.0
HS2026003079,2026-12-01,12,4,Phường Kim Sơn,Tư pháp - Hộ tịch,Đăng ký kết hôn,Trực tiếp,3,9,2026-12-04,2026-12-10,2,Đã trả kết quả,Trễ hạn,3.0
HS2026003080,2026-12-01,12,4,Phường Bình Minh,Lao động - Xã hội,"Xác nhận hộ nghèo, cận nghèo",Trực tiếp,5,4,2026-12-06,2026-12-05,0,Đã trả kết quả,Đúng hạn,5.0
HS2026003081,2026-12-01,12,4,Phường Hoà Lạc,Tư pháp - Hộ tịch,Đăng ký khai sinh,Trực tuyến,3,3,2026-12-04,2026-12-04,0,Đã trả kết quả,Đúng hạn,5.0
HS2026003082,2026-12-02,12,4,Phường Bình Minh,Tư pháp - Hộ tịch,Chứng thực bản sao từ bản chính,Trực tuyến,1,1,2026-12-03,2026-12-03,0,Đã trả kết quả,Đúng hạn,5.0
HS2026003083,2026-12-02,12,4,Phường An Thịnh,Lao động - Xã hội,Trợ cấp xã hội hằng tháng,Bưu chính công ích,20,16,2026-12-22,2026-12-18,0,Đã trả kết quả,Đúng hạn,5.0
HS2026003084,2026-12-02,12,4,Phường Kim Sơn,Tư pháp - Hộ tịch,Đăng ký khai sinh,Trực tuyến,3,8,2026-12-05,2026-12-10,2,Đã trả kết quả,Trễ hạn,2.0
HS2026003085,2026-12-02,12,4,Xã Mỹ Trạch,Tư pháp - Hộ tịch,Cấp phiếu lý lịch tư pháp số 1,Trực tuyến,10,7,2026-12-12,2026-12-09,0,Đã trả kết quả,Đúng hạn,5.0
HS2026003086,2026-12-02,12,4,Phường An Thịnh,Lao động - Xã hội,Trợ cấp xã hội hằng tháng,Trực tiếp,20,12,2026-12-22,2026-12-14,0,Đã trả kết quả,Đúng hạn,5.0
HS2026003087,2026-12-02,12,4,Xã Tân Phước,Tư pháp - Hộ tịch,Chứng thực bản sao từ bản chính,Trực tuyến,1,1,2026-12-03,2026-12-03,0,Đã trả kết quả,Đúng hạn,4.0
HS2026003088,2026-12-02,12,4,Phường An Thịnh,Tư pháp - Hộ tịch,Đăng ký khai sinh,Trực tuyến,3,6,2026-12-05,2026-12-08,1,Đã trả kết quả,Trễ hạn,3.0
HS2026003089,2026-12-02,12,4,Xã Mỹ Trạch,Đất đai - Tài nguyên,Đăng ký biến động đất đai,Trực tuyến,10,7,2026-12-12,2026-12-09,0,Đã trả kết quả,Đúng hạn,5.0
HS2026003090,2026-12-03,12,4,Xã Nam Hải,Xây dựng - Đô thị,Cấp giấy phép xây dựng nhà ở riêng lẻ,Trực tuyến,15,10,2026-12-18,2026-12-13,0,Đã trả kết quả,Đúng hạn,5.0
HS2026003091,2026-12-03,12,4,Phường Kim Sơn,Tư pháp - Hộ tịch,Cấp phiếu lý lịch tư pháp số 1,Trực tuyến,10,9,2026-12-13,2026-12-12,0,Đã trả kết quả,Đúng hạn,5.0
HS2026003092,2026-12-03,12,4,Phường Bình Minh,Tư pháp - Hộ tịch,Đăng ký khai sinh,Trực tuyến,3,2,2026-12-06,2026-12-05,0,Đã trả kết quả,Đúng hạn,4.0
HS2026003093,2026-12-03,12,4,Phường Bình Minh,Tư pháp - Hộ tịch,Chứng thực bản sao từ bản chính,Trực tiếp,1,1,2026-12-04,2026-12-04,0,Đã trả kết quả,Đúng hạn,5.0
HS2026003094,2026-12-03,12,4,Phường Bình Minh,Tư pháp - Hộ tịch,Đăng ký khai sinh,Trực tuyến,3,3,2026-12-06,2026-12-06,0,Đã trả kết quả,Đúng hạn,5.0
HS2026003095,2026-12-03,12,4,Phường Kim Sơn,Tư pháp - Hộ tịch,Chứng thực bản sao từ bản chính,Trực tuyến,1,1,2026-12-04,2026-12-04,0,Đã trả kết quả,Đúng hạn,5.0
HS2026003096,2026-12-03,12,4,Phường Long Phú,Đất đai - Tài nguyên,Đăng ký biến động đất đai,Trực tiếp,10,6,2026-12-13,2026-12-09,0,Đã trả kết quả,Đúng hạn,5.0
HS2026003097,2026-12-04,12,4,Xã Nam Hải,Tư pháp - Hộ tịch,Đăng ký khai tử,Trực tiếp,3,3,2026-12-07,2026-12-07,0,Đã trả kết quả,Đúng hạn,5.0
HS2026003098,2026-12-04,12,4,Xã Tân Phước,Lao động - Xã hội,"Xác nhận hộ nghèo, cận nghèo",Trực tiếp,5,3,2026-12-09,2026-12-07,0,Đã trả kết quả,Đúng hạn,5.0
HS2026003099,2026-12-04,12,4,Xã Nam Hải,Tư pháp - Hộ tịch,Cấp bản sao trích lục hộ tịch,Trực tuyến,1,1,2026-12-05,2026-12-05,0,Đã trả kết quả,Đúng hạn,5.0
HS2026003100,2026-12-05,12,4,Xã Tân Phước,Tư pháp - Hộ tịch,Đăng ký khai sinh,Trực tuyến,3,2,2026-12-08,2026-12-07,0,Đã trả kết quả,Đúng hạn,5.0
HS2026003101,2026-12-05,12,4,Xã Nam Hải,Tư pháp - Hộ tịch,Cấp bản sao trích lục hộ tịch,Trực tuyến,1,1,2026-12-06,2026-12-06,0,Đã trả kết quả,Đúng hạn,5.0
HS2026003102,2026-12-05,12,4,Xã Mỹ Trạch,Lao động - Xã hội,"Xác nhận hộ nghèo, cận nghèo",Trực tuyến,5,3,2026-12-10,2026-12-08,0,Đã trả kết quả,Đúng hạn,5.0
HS2026003103,2026-12-05,12,4,Xã Nam Hải,Kinh tế - Đăng ký KD,Đăng ký hộ kinh doanh,Trực tuyến,3,3,2026-12-08,2026-12-08,0,Đã trả kết quả,Đúng hạn,5.0
HS2026003104,2026-12-05,12,4,Phường Long Phú,Kinh tế - Đăng ký KD,Đăng ký hộ kinh doanh,Trực tuyến,3,3,2026-12-08,2026-12-08,0,Đã trả kết quả,Đúng hạn,5.0
HS2026003105,2026-12-05,12,4,Phường Long Phú,Lao động - Xã hội,"Xác nhận hộ nghèo, cận nghèo",Trực tiếp,5,4,2026-12-10,2026-12-09,0,Đã trả kết quả,Đúng hạn,5.0
HS2026003106,2026-12-06,12,4,Phường Long Phú,Tư pháp - Hộ tịch,Đăng ký khai sinh,Trực tuyến,3,3,2026-12-09,2026-12-09,0,Đã trả kết quả,Đúng hạn,4.0
HS2026003107,2026-12-06,12,4,Xã Tân Phước,Tư pháp - Hộ tịch,Đăng ký khai sinh,Trực tuyến,3,3,2026-12-09,2026-12-09,0,Đã trả kết quả,Đúng hạn,5.0
HS2026003108,2026-12-06,12,4,Phường Hoà Lạc,Đất đai - Tài nguyên,Cấp giấy chứng nhận quyền sử dụng đất,Trực tiếp,30,27,2027-01-05,,0,Đang xử lý,,
HS2026003109,2026-12-06,12,4,Phường Bình Minh,Tư pháp - Hộ tịch,Cấp phiếu lý lịch tư pháp số 1,Trực tuyến,10,8,2026-12-16,2026-12-14,2,Đã trả kết quả,Đúng hạn,3.0
HS2026003110,2026-12-06,12,4,Phường Kim Sơn,Đất đai - Tài nguyên,Đăng ký biến động đất đai,Bưu chính công ích,10,8,2026-12-16,2026-12-14,0,Đã trả kết quả,Đúng hạn,5.0
HS2026003111,2026-12-06,12,4,Phường An Thịnh,Lao động - Xã hội,"Xác nhận hộ nghèo, cận nghèo",Trực tiếp,5,9,2026-12-11,2026-12-15,2,Đã trả kết quả,Trễ hạn,1.0
HS2026003112,2026-12-06,12,4,Xã Nam Hải,Đất đai - Tài nguyên,Cấp giấy chứng nhận quyền sử dụng đất,Trực tuyến,30,14,2027-01-05,2026-12-20,0,Đã trả kết quả,Đúng hạn,5.0
HS2026003113,2026-12-06,12,4,Phường Long Phú,Đất đai - Tài nguyên,Cấp giấy chứng nhận quyền sử dụng đất,Bưu chính công ích,30,31,2027-01-05,,0,Đang xử lý,,
HS2026003114,2026-12-06,12,4,Xã Tân Phước,Tư pháp - Hộ tịch,Cấp bản sao trích lục hộ tịch,Trực tuyến,1,3,2026-12-07,2026-12-09,1,Đã trả kết quả,Trễ hạn,3.0
HS2026003115,2026-12-07,12,4,Phường Bình Minh,Tư pháp - Hộ tịch,Đăng ký khai sinh,Trực tuyến,3,3,2026-12-10,2026-12-10,0,Đã trả kết quả,Đúng hạn,5.0
HS2026003116,2026-12-07,12,4,Phường An Thịnh,Kinh tế - Đăng ký KD,Đăng ký hộ kinh doanh,Trực tuyến,3,2,2026-12-10,2026-12-09,0,Đã trả kết quả,Đúng hạn,5.0
HS2026003117,2026-12-07,12,4,Phường Kim Sơn,Lao động - Xã hội,Trợ cấp xã hội hằng tháng,Trực tuyến,20,12,2026-12-27,2026-12-19,0,Đã trả kết quả,Đúng hạn,5.0
HS2026003118,2026-12-07,12,4,Xã Tân Phước,Tư pháp - Hộ tịch,Đăng ký khai sinh,Trực tiếp,3,3,2026-12-10,2026-12-10,0,Đã trả kết quả,Đúng hạn,4.0
HS2026003119,2026-12-07,12,4,Xã Tân Phước,Tư pháp - Hộ tịch,Cấp bản sao trích lục hộ tịch,Trực tiếp,1,1,2026-12-08,2026-12-08,0,Đã trả kết quả,Đúng hạn,4.0
HS2026003120,2026-12-08,12,4,Phường Long Phú,Đất đai - Tài nguyên,Cấp giấy chứng nhận quyền sử dụng đất,Trực tiếp,30,27,2027-01-07,,0,Đang xử lý,,
HS2026003121,2026-12-08,12,4,Phường Hoà Lạc,Tư pháp - Hộ tịch,Đăng ký khai sinh,Trực tuyến,3,5,2026-12-11,2026-12-13,1,Đã trả kết quả,Trễ hạn,2.0
HS2026003122,2026-12-08,12,4,Phường Hoà Lạc,Tư pháp - Hộ tịch,Chứng thực bản sao từ bản chính,Trực tuyến,1,1,2026-12-09,2026-12-09,0,Đã trả kết quả,Đúng hạn,5.0
HS2026003123,2026-12-08,12,4,Xã Tân Phước,Xây dựng - Đô thị,Cấp giấy phép xây dựng nhà ở riêng lẻ,Trực tuyến,15,7,2026-12-23,2026-12-15,0,Đã trả kết quả,Đúng hạn,5.0
HS2026003124,2026-12-08,12,4,Phường Hoà Lạc,Tư pháp - Hộ tịch,Đăng ký khai sinh,Trực tuyến,3,2,2026-12-11,2026-12-10,0,Đã trả kết quả,Đúng hạn,5.0
HS2026003125,2026-12-08,12,4,Xã Nam Hải,Kinh tế - Đăng ký KD,Đăng ký hộ kinh doanh,Trực tiếp,3,4,2026-12-11,2026-12-12,0,Đã trả kết quả,Trễ hạn,4.0
HS2026003126,2026-12-08,12,4,Phường Long Phú,Lao động - Xã hội,"Xác nhận hộ nghèo, cận nghèo",Trực tuyến,5,4,2026-12-13,2026-12-12,0,Đã trả kết quả,Đúng hạn,5.0
HS2026003127,2026-12-09,12,4,Phường Long Phú,Lao động - Xã hội,Trợ cấp xã hội hằng tháng,Trực tiếp,20,25,2026-12-29,,0,Đang xử lý,,
HS2026003128,2026-12-09,12,4,Xã Nam Hải,Tư pháp - Hộ tịch,Chứng thực bản sao từ bản chính,Trực tiếp,1,1,2026-12-10,2026-12-10,0,Đã trả kết quả,Đúng hạn,5.0
HS2026003129,2026-12-09,12,4,Xã Mỹ Trạch,Tư pháp - Hộ tịch,Đăng ký khai sinh,Bưu chính công ích,3,4,2026-12-12,2026-12-13,1,Đã trả kết quả,Trễ hạn,3.0
HS2026003130,2026-12-09,12,4,Phường Bình Minh,Tư pháp - Hộ tịch,Cấp bản sao trích lục hộ tịch,Bưu chính công ích,1,1,2026-12-10,2026-12-10,0,Đã trả kết quả,Đúng hạn,5.0
HS2026003131,2026-12-09,12,4,Phường Hoà Lạc,Đất đai - Tài nguyên,Cấp giấy chứng nhận quyền sử dụng đất,Bưu chính công ích,30,30,2027-01-08,,0,Đang xử lý,,
HS2026003132,2026-12-10,12,4,Xã Mỹ Trạch,Kinh tế - Đăng ký KD,Đăng ký hộ kinh doanh,Trực tuyến,3,6,2026-12-13,2026-12-16,2,Đã trả kết quả,Trễ hạn,3.0
HS2026003133,2026-12-10,12,4,Phường Hoà Lạc,Tư pháp - Hộ tịch,Chứng thực bản sao từ bản chính,Trực tiếp,1,1,2026-12-11,2026-12-11,0,Đã trả kết quả,Đúng hạn,5.0
HS2026003134,2026-12-10,12,4,Phường Hoà Lạc,Tư pháp - Hộ tịch,Đăng ký khai sinh,Trực tuyến,3,5,2026-12-13,2026-12-15,1,Đã trả kết quả,Trễ hạn,3.0
HS2026003135,2026-12-10,12,4,Phường An Thịnh,Đất đai - Tài nguyên,Đăng ký biến động đất đai,Trực tiếp,10,12,2026-12-20,2026-12-22,2,Đã trả kết quả,Trễ hạn,3.0
HS2026003136,2026-12-10,12,4,Xã Mỹ Trạch,Đất đai - Tài nguyên,Cấp giấy chứng nhận quyền sử dụng đất,Trực tiếp,30,14,2027-01-09,2026-12-24,0,Đã trả kết quả,Đúng hạn,5.0
HS2026003137,2026-12-10,12,4,Phường Long Phú,Tư pháp - Hộ tịch,Cấp bản sao trích lục hộ tịch,Trực tuyến,1,2,2026-12-11,2026-12-12,0,Đã trả kết quả,Trễ hạn,4.0
HS2026003138,2026-12-10,12,4,Phường Bình Minh,Tư pháp - Hộ tịch,Cấp phiếu lý lịch tư pháp số 1,Trực tuyến,10,6,2026-12-20,2026-12-16,0,Đã trả kết quả,Đúng hạn,5.0
HS2026003139,2026-12-10,12,4,Phường Hoà Lạc,Đất đai - Tài nguyên,Đăng ký biến động đất đai,Trực tiếp,10,6,2026-12-20,2026-12-16,0,Đã trả kết quả,Đúng hạn,4.0
HS2026003140,2026-12-10,12,4,Xã Tân Phước,Tư pháp - Hộ tịch,Đăng ký khai sinh,Trực tuyến,3,2,2026-12-13,2026-12-12,0,Đã trả kết quả,Đúng hạn,5.0
HS2026003141,2026-12-10,12,4,Phường Bình Minh,Kinh tế - Đăng ký KD,Đăng ký hộ kinh doanh,Trực tuyến,3,4,2026-12-13,2026-12-14,1,Đã trả kết quả,Trễ hạn,3.0
HS2026003142,2026-12-10,12,4,Xã Tân Phước,Kinh tế - Đăng ký KD,Đăng ký hộ kinh doanh,Trực tuyến,3,2,2026-12-13,2026-12-12,0,Đã trả kết quả,Đúng hạn,5.0
HS2026003143,2026-12-10,12,4,Xã Nam Hải,Kinh tế - Đăng ký KD,Đăng ký hộ kinh doanh,Trực tuyến,3,2,2026-12-13,2026-12-12,0,Đã trả kết quả,Đúng hạn,4.0
HS2026003144,2026-12-10,12,4,Phường Bình Minh,Lao động - Xã hội,Trợ cấp xã hội hằng tháng,Trực tiếp,20,19,2026-12-30,2026-12-29,0,Đã trả kết quả,Đúng hạn,4.0
HS2026003145,2026-12-11,12,4,Phường An Thịnh,Tư pháp - Hộ tịch,Cấp phiếu lý lịch tư pháp số 1,Trực tuyến,10,4,2026-12-21,2026-12-15,0,Đã trả kết quả,Đúng hạn,4.0
HS2026003146,2026-12-11,12,4,Xã Mỹ Trạch,Lao động - Xã hội,"Xác nhận hộ nghèo, cận nghèo",Trực tiếp,5,5,2026-12-16,2026-12-16,0,Đã trả kết quả,Đúng hạn,5.0
HS2026003147,2026-12-11,12,4,Phường Kim Sơn,Tư pháp - Hộ tịch,Đăng ký khai sinh,Trực tiếp,3,3,2026-12-14,2026-12-14,0,Đã trả kết quả,Đúng hạn,5.0
HS2026003148,2026-12-11,12,4,Phường Kim Sơn,Tư pháp - Hộ tịch,Cấp phiếu lý lịch tư pháp số 1,Trực tuyến,10,6,2026-12-21,2026-12-17,0,Đã trả kết quả,Đúng hạn,5.0
HS2026003149,2026-12-11,12,4,Phường Hoà Lạc,Tư pháp - Hộ tịch,Chứng thực bản sao từ bản chính,Trực tiếp,1,3,2026-12-12,2026-12-14,1,Đã trả kết quả,Trễ hạn,4.0
HS2026003150,2026-12-12,12,4,Phường An Thịnh,Đất đai - Tài nguyên,Cấp giấy chứng nhận quyền sử dụng đất,Trực tuyến,30,12,2027-01-11,2026-12-24,0,Đã trả kết quả,Đúng hạn,5.0
HS2026003151,2026-12-12,12,4,Xã Tân Phước,Tư pháp - Hộ tịch,Cấp phiếu lý lịch tư pháp số 1,Trực tuyến,10,13,2026-12-22,2026-12-25,2,Đã trả kết quả,Trễ hạn,4.0
HS2026003152,2026-12-12,12,4,Xã Tân Phước,Tư pháp - Hộ tịch,Cấp phiếu lý lịch tư pháp số 1,Trực tuyến,10,7,2026-12-22,2026-12-19,0,Đã trả kết quả,Đúng hạn,5.0
HS2026003153,2026-12-12,12,4,Phường Long Phú,Kinh tế - Đăng ký KD,Đăng ký hộ kinh doanh,Trực tuyến,3,3,2026-12-15,2026-12-15,0,Đã trả kết quả,Đúng hạn,5.0
HS2026003154,2026-12-12,12,4,Phường An Thịnh,Kinh tế - Đăng ký KD,Đăng ký hộ kinh doanh,Trực tuyến,3,2,2026-12-15,2026-12-14,0,Đã trả kết quả,Đúng hạn,5.0
HS2026003155,2026-12-12,12,4,Xã Tân Phước,Đất đai - Tài nguyên,Đăng ký biến động đất đai,Trực tuyến,10,9,2026-12-22,2026-12-21,0,Đã trả kết quả,Đúng hạn,4.0
HS2026003156,2026-12-12,12,4,Phường Hoà Lạc,Tư pháp - Hộ tịch,Chứng thực bản sao từ bản chính,Trực tuyến,1,1,2026-12-13,2026-12-13,0,Đã trả kết quả,Đúng hạn,5.0
HS2026003157,2026-12-13,12,4,Phường Kim Sơn,Tư pháp - Hộ tịch,Chứng thực bản sao từ bản chính,Trực tiếp,1,4,2026-12-14,2026-12-17,1,Đã trả kết quả,Trễ hạn,4.0
HS2026003158,2026-12-13,12,4,Xã Mỹ Trạch,Kinh tế - Đăng ký KD,Đăng ký hộ kinh doanh,Trực tuyến,3,2,2026-12-16,2026-12-15,0,Đã trả kết quả,Đúng hạn,5.0
HS2026003159,2026-12-13,12,4,Phường Bình Minh,Kinh tế - Đăng ký KD,Đăng ký hộ kinh doanh,Trực tuyến,3,3,2026-12-16,2026-12-16,0,Đã trả kết quả,Đúng hạn,5.0
HS2026003160,2026-12-13,12,4,Xã Tân Phước,Tư pháp - Hộ tịch,Cấp phiếu lý lịch tư pháp số 1,Trực tuyến,10,6,2026-12-23,2026-12-19,0,Đã trả kết quả,Đúng hạn,5.0
HS2026003161,2026-12-13,12,4,Phường Kim Sơn,Tư pháp - Hộ tịch,Đăng ký khai tử,Trực tuyến,3,8,2026-12-16,2026-12-21,2,Đã trả kết quả,Trễ hạn,2.0
HS2026003162,2026-12-14,12,4,Phường Long Phú,Đất đai - Tài nguyên,Đăng ký biến động đất đai,Trực tiếp,10,10,2026-12-24,2026-12-24,1,Đã trả kết quả,Đúng hạn,4.0
HS2026003163,2026-12-14,12,4,Xã Tân Phước,Tư pháp - Hộ tịch,Đăng ký khai sinh,Trực tuyến,3,5,2026-12-17,2026-12-19,1,Đã trả kết quả,Trễ hạn,3.0
HS2026003164,2026-12-14,12,4,Phường Hoà Lạc,Xây dựng - Đô thị,Cấp giấy phép xây dựng nhà ở riêng lẻ,Trực tuyến,15,11,2026-12-29,2026-12-25,1,Đã trả kết quả,Đúng hạn,5.0
HS2026003165,2026-12-14,12,4,Xã Nam Hải,Đất đai - Tài nguyên,Đăng ký biến động đất đai,Trực tiếp,10,7,2026-12-24,2026-12-21,0,Đã trả kết quả,Đúng hạn,5.0
HS2026003166,2026-12-14,12,4,Phường Bình Minh,Đất đai - Tài nguyên,Cấp giấy chứng nhận quyền sử dụng đất,Trực tiếp,30,28,2027-01-13,,2,Đang xử lý,,
HS2026003167,2026-12-15,12,4,Phường Bình Minh,Tư pháp - Hộ tịch,Cấp phiếu lý lịch tư pháp số 1,Trực tuyến,10,5,2026-12-25,2026-12-20,0,Đã trả kết quả,Đúng hạn,5.0
HS2026003168,2026-12-15,12,4,Phường Bình Minh,Lao động - Xã hội,"Xác nhận hộ nghèo, cận nghèo",Trực tuyến,5,5,2026-12-20,2026-12-20,1,Đã trả kết quả,Đúng hạn,5.0
HS2026003169,2026-12-15,12,4,Phường Long Phú,Tư pháp - Hộ tịch,Cấp bản sao trích lục hộ tịch,Trực tiếp,1,1,2026-12-16,2026-12-16,0,Đã trả kết quả,Đúng hạn,4.0
HS2026003170,2026-12-15,12,4,Phường An Thịnh,Tư pháp - Hộ tịch,Cấp bản sao trích lục hộ tịch,Trực tuyến,1,1,2026-12-16,2026-12-16,0,Đã trả kết quả,Đúng hạn,4.0
HS2026003171,2026-12-15,12,4,Xã Mỹ Trạch,Tư pháp - Hộ tịch,Cấp bản sao trích lục hộ tịch,Bưu chính công ích,1,1,2026-12-16,2026-12-16,0,Đã trả kết quả,Đúng hạn,5.0
HS2026003172,2026-12-15,12,4,Phường Hoà Lạc,Tư pháp - Hộ tịch,Đăng ký khai sinh,Bưu chính công ích,3,2,2026-12-18,2026-12-17,0,Đã trả kết quả,Đúng hạn,5.0
HS2026003173,2026-12-15,12,4,Phường Hoà Lạc,Tư pháp - Hộ tịch,Chứng thực bản sao từ bản chính,Bưu chính công ích,1,1,2026-12-16,2026-12-16,0,Đã trả kết quả,Đúng hạn,5.0
HS2026003174,2026-12-15,12,4,Phường Kim Sơn,Tư pháp - Hộ tịch,Đăng ký khai sinh,Trực tuyến,3,3,2026-12-18,2026-12-18,0,Đã trả kết quả,Đúng hạn,5.0
HS2026003175,2026-12-15,12,4,Xã Tân Phước,Tư pháp - Hộ tịch,Cấp bản sao trích lục hộ tịch,Trực tuyến,1,1,2026-12-16,2026-12-16,0,Đã trả kết quả,Đúng hạn,5.0
HS2026003176,2026-12-15,12,4,Phường Kim Sơn,Tư pháp - Hộ tịch,Chứng thực bản sao từ bản chính,Trực tiếp,1,1,2026-12-16,2026-12-16,0,Đã trả kết quả,Đúng hạn,5.0
HS2026003177,2026-12-15,12,4,Phường Hoà Lạc,Tư pháp - Hộ tịch,Đăng ký khai sinh,Trực tuyến,3,6,2026-12-18,2026-12-21,1,Đã trả kết quả,Trễ hạn,3.0
HS2026003178,2026-12-15,12,4,Xã Nam Hải,Tư pháp - Hộ tịch,Đăng ký khai sinh,Trực tuyến,3,3,2026-12-18,2026-12-18,0,Đã trả kết quả,Đúng hạn,5.0
HS2026003179,2026-12-15,12,4,Phường Bình Minh,Tư pháp - Hộ tịch,Cấp bản sao trích lục hộ tịch,Trực tuyến,1,4,2026-12-16,2026-12-19,1,Đã trả kết quả,Trễ hạn,3.0
HS2026003180,2026-12-16,12,4,Xã Tân Phước,Kinh tế - Đăng ký KD,Đăng ký hộ kinh doanh,Trực tuyến,3,2,2026-12-19,2026-12-18,0,Đã trả kết quả,Đúng hạn,5.0
HS2026003181,2026-12-16,12,4,Phường Bình Minh,Tư pháp - Hộ tịch,Cấp bản sao trích lục hộ tịch,Trực tuyến,1,1,2026-12-17,2026-12-17,0,Đã trả kết quả,Đúng hạn,5.0
HS2026003182,2026-12-16,12,4,Phường Kim Sơn,Tư pháp - Hộ tịch,Đăng ký khai sinh,Trực tuyến,3,8,2026-12-19,2026-12-24,2,Đã trả kết quả,Trễ hạn,2.0
HS2026003183,2026-12-16,12,4,Xã Nam Hải,Tư pháp - Hộ tịch,Đăng ký khai sinh,Trực tuyến,3,5,2026-12-19,2026-12-21,1,Đã trả kết quả,Trễ hạn,2.0
HS2026003184,2026-12-16,12,4,Xã Nam Hải,Tư pháp - Hộ tịch,Cấp bản sao trích lục hộ tịch,Trực tiếp,1,5,2026-12-17,2026-12-21,2,Đã trả kết quả,Trễ hạn,2.0
HS2026003185,2026-12-16,12,4,Xã Mỹ Trạch,Lao động - Xã hội,"Xác nhận hộ nghèo, cận nghèo",Trực tiếp,5,4,2026-12-21,2026-12-20,0,Đã trả kết quả,Đúng hạn,5.0
HS2026003186,2026-12-16,12,4,Phường Kim Sơn,Đất đai - Tài nguyên,Đăng ký biến động đất đai,Trực tiếp,10,9,2026-12-26,2026-12-25,0,Đã trả kết quả,Đúng hạn,5.0
HS2026003187,2026-12-17,12,4,Xã Mỹ Trạch,Đất đai - Tài nguyên,Cấp giấy chứng nhận quyền sử dụng đất,Trực tuyến,30,13,2027-01-16,2026-12-30,0,Đã trả kết quả,Đúng hạn,4.0
HS2026003188,2026-12-17,12,4,Phường Hoà Lạc,Kinh tế - Đăng ký KD,Đăng ký hộ kinh doanh,Trực tuyến,3,2,2026-12-20,2026-12-19,0,Đã trả kết quả,Đúng hạn,5.0
HS2026003189,2026-12-17,12,4,Xã Tân Phước,Tư pháp - Hộ tịch,Đăng ký khai sinh,Trực tuyến,3,6,2026-12-20,2026-12-23,1,Đã trả kết quả,Trễ hạn,3.0
HS2026003190,2026-12-17,12,4,Xã Mỹ Trạch,Xây dựng - Đô thị,Cấp giấy phép xây dựng nhà ở riêng lẻ,Trực tiếp,15,11,2027-01-01,2026-12-28,0,Đã trả kết quả,Đúng hạn,4.0
HS2026003191,2026-12-17,12,4,Xã Nam Hải,Tư pháp - Hộ tịch,Đăng ký khai sinh,Trực tuyến,3,9,2026-12-20,2026-12-26,2,Đã trả kết quả,Trễ hạn,2.0
HS2026003192,2026-12-18,12,4,Xã Nam Hải,Tư pháp - Hộ tịch,Cấp bản sao trích lục hộ tịch,Trực tiếp,1,1,2026-12-19,2026-12-19,0,Đã trả kết quả,Đúng hạn,5.0
HS2026003193,2026-12-18,12,4,Xã Mỹ Trạch,Lao động - Xã hội,Trợ cấp xã hội hằng tháng,Trực tiếp,20,9,2027-01-07,2026-12-27,0,Đã trả kết quả,Đúng hạn,5.0
HS2026003194,2026-12-18,12,4,Xã Mỹ Trạch,Tư pháp - Hộ tịch,Đăng ký khai sinh,Trực tuyến,3,2,2026-12-21,2026-12-20,0,Đã trả kết quả,Đúng hạn,5.0
HS2026003195,2026-12-18,12,4,Phường Bình Minh,Đất đai - Tài nguyên,Đăng ký biến động đất đai,Trực tiếp,10,9,2026-12-28,2026-12-27,0,Đã trả kết quả,Đúng hạn,5.0
HS2026003196,2026-12-18,12,4,Phường Long Phú,Đất đai - Tài nguyên,Cấp giấy chứng nhận quyền sử dụng đất,Trực tuyến,30,25,2027-01-17,,2,Đang xử lý,,
HS2026003197,2026-12-18,12,4,Phường An Thịnh,Tư pháp - Hộ tịch,Đăng ký kết hôn,Trực tuyến,3,2,2026-12-21,2026-12-20,0,Đã trả kết quả,Đúng hạn,5.0
HS2026003198,2026-12-18,12,4,Xã Mỹ Trạch,Tư pháp - Hộ tịch,Đăng ký khai sinh,Trực tuyến,3,2,2026-12-21,2026-12-20,0,Đã trả kết quả,Đúng hạn,5.0
HS2026003199,2026-12-19,12,4,Xã Mỹ Trạch,Đất đai - Tài nguyên,Cấp giấy chứng nhận quyền sử dụng đất,Trực tuyến,30,13,2027-01-18,,0,Đang xử lý,,
HS2026003200,2026-12-19,12,4,Xã Nam Hải,Tư pháp - Hộ tịch,Đăng ký khai sinh,Trực tuyến,3,3,2026-12-22,2026-12-22,0,Đã trả kết quả,Đúng hạn,5.0
HS2026003201,2026-12-19,12,4,Phường An Thịnh,Kinh tế - Đăng ký KD,Đăng ký hộ kinh doanh,Trực tuyến,3,2,2026-12-22,2026-12-21,0,Đã trả kết quả,Đúng hạn,5.0
HS2026003202,2026-12-19,12,4,Phường Hoà Lạc,Xây dựng - Đô thị,Cấp giấy phép xây dựng nhà ở riêng lẻ,Trực tuyến,15,7,2027-01-03,2026-12-26,0,Đã trả kết quả,Đúng hạn,5.0
HS2026003203,2026-12-19,12,4,Phường Kim Sơn,Kinh tế - Đăng ký KD,Đăng ký hộ kinh doanh,Trực tuyến,3,2,2026-12-22,2026-12-21,0,Đã trả kết quả,Đúng hạn,5.0
HS2026003204,2026-12-19,12,4,Phường Kim Sơn,Tư pháp - Hộ tịch,Đăng ký khai sinh,Trực tuyến,3,6,2026-12-22,2026-12-25,2,Đã trả kết quả,Trễ hạn,3.0
HS2026003205,2026-12-19,12,4,Xã Mỹ Trạch,Tư pháp - Hộ tịch,Cấp bản sao trích lục hộ tịch,Bưu chính công ích,1,1,2026-12-20,2026-12-20,0,Đã trả kết quả,Đúng hạn,5.0
HS2026003206,2026-12-19,12,4,Phường An Thịnh,Tư pháp - Hộ tịch,Đăng ký khai sinh,Trực tuyến,3,2,2026-12-22,2026-12-21,0,Đã trả kết quả,Đúng hạn,5.0
HS2026003207,2026-12-19,12,4,Xã Nam Hải,Tư pháp - Hộ tịch,Cấp phiếu lý lịch tư pháp số 1,Trực tuyến,10,8,2026-12-29,2026-12-27,0,Đã trả kết quả,Đúng hạn,5.0
HS2026003208,2026-12-19,12,4,Xã Tân Phước,Đất đai - Tài nguyên,Đăng ký biến động đất đai,Trực tiếp,10,8,2026-12-29,2026-12-27,0,Đã trả kết quả,Đúng hạn,4.0
HS2026003209,2026-12-19,12,4,Xã Nam Hải,Xây dựng - Đô thị,Cấp giấy phép xây dựng nhà ở riêng lẻ,Trực tuyến,15,10,2027-01-03,2026-12-29,0,Đã trả kết quả,Đúng hạn,5.0
HS2026003210,2026-12-20,12,4,Xã Nam Hải,Tư pháp - Hộ tịch,Cấp bản sao trích lục hộ tịch,Trực tuyến,1,1,2026-12-21,2026-12-21,0,Đã trả kết quả,Đúng hạn,5.0
HS2026003211,2026-12-20,12,4,Phường Bình Minh,Tư pháp - Hộ tịch,Chứng thực bản sao từ bản chính,Bưu chính công ích,1,1,2026-12-21,2026-12-21,0,Đã trả kết quả,Đúng hạn,5.0
HS2026003212,2026-12-20,12,4,Xã Mỹ Trạch,Tư pháp - Hộ tịch,Đăng ký khai sinh,Trực tiếp,3,5,2026-12-23,2026-12-25,1,Đã trả kết quả,Trễ hạn,2.0
HS2026003213,2026-12-20,12,4,Xã Nam Hải,Tư pháp - Hộ tịch,Đăng ký khai sinh,Trực tuyến,3,3,2026-12-23,2026-12-23,0,Đã trả kết quả,Đúng hạn,4.0
HS2026003214,2026-12-20,12,4,Phường Hoà Lạc,Đất đai - Tài nguyên,Cấp giấy chứng nhận quyền sử dụng đất,Trực tiếp,30,20,2027-01-19,,0,Đang xử lý,,
HS2026003215,2026-12-20,12,4,Phường Kim Sơn,Tư pháp - Hộ tịch,Cấp bản sao trích lục hộ tịch,Trực tuyến,1,1,2026-12-21,2026-12-21,0,Đã trả kết quả,Đúng hạn,5.0
HS2026003216,2026-12-20,12,4,Phường An Thịnh,Tư pháp - Hộ tịch,Đăng ký kết hôn,Trực tiếp,3,3,2026-12-23,2026-12-23,0,Đã trả kết quả,Đúng hạn,5.0
HS2026003217,2026-12-20,12,4,Phường Hoà Lạc,Tư pháp - Hộ tịch,Cấp phiếu lý lịch tư pháp số 1,Trực tuyến,10,5,2026-12-30,2026-12-25,0,Đã trả kết quả,Đúng hạn,4.0
HS2026003218,2026-12-20,12,4,Xã Tân Phước,Tư pháp - Hộ tịch,Cấp bản sao trích lục hộ tịch,Trực tiếp,1,1,2026-12-21,2026-12-21,0,Đã trả kết quả,Đúng hạn,4.0
HS2026003219,2026-12-20,12,4,Phường Hoà Lạc,Lao động - Xã hội,"Xác nhận hộ nghèo, cận nghèo",Trực tiếp,5,3,2026-12-25,2026-12-23,0,Đã trả kết quả,Đúng hạn,5.0
HS2026003220,2026-12-21,12,4,Phường Long Phú,Tư pháp - Hộ tịch,Đăng ký khai tử,Trực tuyến,3,8,2026-12-24,2026-12-29,2,Đã trả kết quả,Trễ hạn,3.0
HS2026003221,2026-12-21,12,4,Phường Long Phú,Tư pháp - Hộ tịch,Cấp bản sao trích lục hộ tịch,Trực tuyến,1,3,2026-12-22,2026-12-24,1,Đã trả kết quả,Trễ hạn,3.0
HS2026003222,2026-12-21,12,4,Phường An Thịnh,Tư pháp - Hộ tịch,Cấp phiếu lý lịch tư pháp số 1,Trực tuyến,10,5,2026-12-31,2026-12-26,0,Đã trả kết quả,Đúng hạn,5.0
HS2026003223,2026-12-21,12,4,Phường Long Phú,Lao động - Xã hội,Trợ cấp xã hội hằng tháng,Trực tuyến,20,14,2027-01-10,,1,Đang xử lý,,
HS2026003224,2026-12-21,12,4,Phường Bình Minh,Đất đai - Tài nguyên,Cấp giấy chứng nhận quyền sử dụng đất,Trực tiếp,30,26,2027-01-20,,0,Đang xử lý,,
HS2026003225,2026-12-21,12,4,Xã Mỹ Trạch,Tư pháp - Hộ tịch,Đăng ký khai sinh,Trực tuyến,3,2,2026-12-24,2026-12-23,0,Đã trả kết quả,Đúng hạn,5.0
HS2026003226,2026-12-22,12,4,Phường Hoà Lạc,Tư pháp - Hộ tịch,Chứng thực bản sao từ bản chính,Trực tuyến,1,5,2026-12-23,2026-12-27,2,Đã trả kết quả,Trễ hạn,2.0
HS2026003227,2026-12-22,12,4,Phường Long Phú,Tư pháp - Hộ tịch,Cấp bản sao trích lục hộ tịch,Trực tuyến,1,1,2026-12-23,2026-12-23,0,Đã trả kết quả,Đúng hạn,5.0
HS2026003228,2026-12-22,12,4,Phường An Thịnh,Tư pháp - Hộ tịch,Đăng ký kết hôn,Trực tuyến,3,2,2026-12-25,2026-12-24,0,Đã trả kết quả,Đúng hạn,5.0
HS2026003229,2026-12-22,12,4,Phường Hoà Lạc,Tư pháp - Hộ tịch,Chứng thực bản sao từ bản chính,Trực tuyến,1,1,2026-12-23,2026-12-23,0,Đã trả kết quả,Đúng hạn,5.0
HS2026003230,2026-12-22,12,4,Xã Mỹ Trạch,Kinh tế - Đăng ký KD,Đăng ký hộ kinh doanh,Trực tuyến,3,2,2026-12-25,2026-12-24,0,Đã trả kết quả,Đúng hạn,5.0
HS2026003231,2026-12-22,12,4,Xã Mỹ Trạch,Xây dựng - Đô thị,Cấp giấy phép xây dựng nhà ở riêng lẻ,Trực tuyến,15,9,2027-01-06,2026-12-31,0,Đã trả kết quả,Đúng hạn,5.0
HS2026003232,2026-12-22,12,4,Phường Hoà Lạc,Kinh tế - Đăng ký KD,Đăng ký hộ kinh doanh,Trực tuyến,3,2,2026-12-25,2026-12-24,0,Đã trả kết quả,Đúng hạn,5.0
HS2026003233,2026-12-22,12,4,Phường Hoà Lạc,Tư pháp - Hộ tịch,Cấp phiếu lý lịch tư pháp số 1,Trực tuyến,10,8,2027-01-01,2026-12-30,0,Đã trả kết quả,Đúng hạn,5.0
HS2026003234,2026-12-22,12,4,Phường Hoà Lạc,Tư pháp - Hộ tịch,Đăng ký khai tử,Trực tiếp,3,2,2026-12-25,2026-12-24,0,Đã trả kết quả,Đúng hạn,5.0
HS2026003235,2026-12-22,12,4,Xã Tân Phước,Kinh tế - Đăng ký KD,Đăng ký hộ kinh doanh,Bưu chính công ích,3,8,2026-12-25,2026-12-30,2,Đã trả kết quả,Trễ hạn,2.0
HS2026003236,2026-12-22,12,4,Phường Bình Minh,Đất đai - Tài nguyên,Cấp giấy chứng nhận quyền sử dụng đất,Trực tuyến,30,18,2027-01-21,,0,Đang xử lý,,
HS2026003237,2026-12-22,12,4,Xã Nam Hải,Đất đai - Tài nguyên,Đăng ký biến động đất đai,Trực tiếp,10,9,2027-01-01,2026-12-31,0,Đã trả kết quả,Đúng hạn,5.0
HS2026003238,2026-12-23,12,4,Xã Nam Hải,Tư pháp - Hộ tịch,Cấp bản sao trích lục hộ tịch,Bưu chính công ích,1,1,2026-12-24,2026-12-24,0,Đã trả kết quả,Đúng hạn,5.0
HS2026003239,2026-12-23,12,4,Phường Bình Minh,Tư pháp - Hộ tịch,Đăng ký khai tử,Trực tiếp,3,3,2026-12-26,2026-12-26,0,Đã trả kết quả,Đúng hạn,5.0
HS2026003240,2026-12-23,12,4,Xã Nam Hải,Tư pháp - Hộ tịch,Đăng ký kết hôn,Trực tiếp,3,9,2026-12-26,,2,Đang xử lý,,
HS2026003241,2026-12-23,12,4,Phường Long Phú,Tư pháp - Hộ tịch,Đăng ký kết hôn,Trực tiếp,3,3,2026-12-26,2026-12-26,0,Đã trả kết quả,Đúng hạn,5.0
HS2026003242,2026-12-24,12,4,Phường Kim Sơn,Tư pháp - Hộ tịch,Đăng ký khai sinh,Trực tiếp,3,2,2026-12-27,2026-12-26,0,Đã trả kết quả,Đúng hạn,5.0
HS2026003243,2026-12-24,12,4,Xã Mỹ Trạch,Tư pháp - Hộ tịch,Đăng ký khai sinh,Trực tiếp,3,2,2026-12-27,2026-12-26,0,Đã trả kết quả,Đúng hạn,5.0
HS2026003244,2026-12-24,12,4,Phường Kim Sơn,Tư pháp - Hộ tịch,Đăng ký khai sinh,Bưu chính công ích,3,3,2026-12-27,2026-12-27,0,Đã trả kết quả,Đúng hạn,5.0
HS2026003245,2026-12-25,12,4,Xã Nam Hải,Tư pháp - Hộ tịch,Đăng ký khai tử,Trực tuyến,3,2,2026-12-28,2026-12-27,0,Đã trả kết quả,Đúng hạn,5.0
HS2026003246,2026-12-25,12,4,Xã Mỹ Trạch,Lao động - Xã hội,Trợ cấp xã hội hằng tháng,Trực tiếp,20,10,2027-01-14,,0,Đang xử lý,,
HS2026003247,2026-12-25,12,4,Xã Tân Phước,Tư pháp - Hộ tịch,Đăng ký kết hôn,Trực tiếp,3,3,2026-12-28,2026-12-28,0,Đã trả kết quả,Đúng hạn,4.0
HS2026003248,2026-12-25,12,4,Phường Hoà Lạc,Tư pháp - Hộ tịch,Đăng ký khai sinh,Trực tuyến,3,3,2026-12-28,2026-12-28,0,Đã trả kết quả,Đúng hạn,5.0
HS2026003249,2026-12-25,12,4,Xã Nam Hải,Tư pháp - Hộ tịch,Đăng ký khai tử,Trực tiếp,3,6,2026-12-28,2026-12-31,1,Đã trả kết quả,Trễ hạn,2.0
HS2026003250,2026-12-26,12,4,Xã Nam Hải,Tư pháp - Hộ tịch,Cấp phiếu lý lịch tư pháp số 1,Trực tuyến,10,9,2027-01-05,,0,Đang xử lý,,
HS2026003251,2026-12-26,12,4,Xã Mỹ Trạch,Tư pháp - Hộ tịch,Đăng ký khai tử,Bưu chính công ích,3,2,2026-12-29,2026-12-28,0,Đã trả kết quả,Đúng hạn,5.0
HS2026003252,2026-12-26,12,4,Phường Kim Sơn,Tư pháp - Hộ tịch,Đăng ký khai sinh,Trực tiếp,3,3,2026-12-29,2026-12-29,0,Đã trả kết quả,Đúng hạn,5.0
HS2026003253,2026-12-26,12,4,Phường Long Phú,Tư pháp - Hộ tịch,Đăng ký khai sinh,Trực tuyến,3,3,2026-12-29,2026-12-29,0,Đã trả kết quả,Đúng hạn,4.0
HS2026003254,2026-12-26,12,4,Phường Kim Sơn,Lao động - Xã hội,Trợ cấp xã hội hằng tháng,Trực tiếp,20,19,2027-01-15,,2,Đang xử lý,,
HS2026003255,2026-12-26,12,4,Xã Nam Hải,Tư pháp - Hộ tịch,Đăng ký khai sinh,Trực tuyến,3,3,2026-12-29,2026-12-29,0,Đã trả kết quả,Đúng hạn,5.0
HS2026003256,2026-12-26,12,4,Phường Bình Minh,Tư pháp - Hộ tịch,Đăng ký khai tử,Trực tuyến,3,3,2026-12-29,2026-12-29,0,Đã trả kết quả,Đúng hạn,5.0
HS2026003257,2026-12-26,12,4,Phường Hoà Lạc,Tư pháp - Hộ tịch,Đăng ký khai sinh,Trực tiếp,3,3,2026-12-29,2026-12-29,0,Đã trả kết quả,Đúng hạn,5.0
HS2026003258,2026-12-26,12,4,Xã Tân Phước,Đất đai - Tài nguyên,Cấp giấy chứng nhận quyền sử dụng đất,Trực tuyến,30,20,2027-01-25,,2,Đang xử lý,,
HS2026003259,2026-12-26,12,4,Phường Kim Sơn,Tư pháp - Hộ tịch,Chứng thực bản sao từ bản chính,Bưu chính công ích,1,1,2026-12-27,2026-12-27,0,Đã trả kết quả,Đúng hạn,5.0
HS2026003260,2026-12-26,12,4,Phường Kim Sơn,Xây dựng - Đô thị,Cấp giấy phép xây dựng nhà ở riêng lẻ,Trực tuyến,15,12,2027-01-10,,0,Đang xử lý,,
HS2026003261,2026-12-26,12,4,Xã Mỹ Trạch,Đất đai - Tài nguyên,Đăng ký biến động đất đai,Trực tuyến,10,10,2027-01-05,,1,Đang xử lý,,
HS2026003262,2026-12-26,12,4,Xã Nam Hải,Xây dựng - Đô thị,Cấp giấy phép xây dựng nhà ở riêng lẻ,Trực tiếp,15,18,2027-01-10,,0,Đang xử lý,,
HS2026003263,2026-12-27,12,4,Phường Long Phú,Lao động - Xã hội,"Xác nhận hộ nghèo, cận nghèo",Trực tuyến,5,3,2027-01-01,2026-12-30,0,Đã trả kết quả,Đúng hạn,4.0
HS2026003264,2026-12-27,12,4,Phường Bình Minh,Tư pháp - Hộ tịch,Đăng ký kết hôn,Trực tuyến,3,2,2026-12-30,2026-12-29,0,Đã trả kết quả,Đúng hạn,5.0
HS2026003265,2026-12-27,12,4,Phường Long Phú,Tư pháp - Hộ tịch,Đăng ký kết hôn,Bưu chính công ích,3,3,2026-12-30,2026-12-30,0,Đã trả kết quả,Đúng hạn,5.0
HS2026003266,2026-12-27,12,4,Phường Long Phú,Tư pháp - Hộ tịch,Cấp phiếu lý lịch tư pháp số 1,Trực tiếp,10,9,2027-01-06,,0,Đang xử lý,,
HS2026003267,2026-12-27,12,4,Phường Long Phú,Tư pháp - Hộ tịch,Cấp phiếu lý lịch tư pháp số 1,Trực tuyến,10,6,2027-01-06,,0,Đang xử lý,,
HS2026003268,2026-12-27,12,4,Xã Mỹ Trạch,Lao động - Xã hội,"Xác nhận hộ nghèo, cận nghèo",Trực tuyến,5,3,2027-01-01,2026-12-30,0,Đã trả kết quả,Đúng hạn,5.0
HS2026003269,2026-12-27,12,4,Xã Tân Phước,Tư pháp - Hộ tịch,Cấp bản sao trích lục hộ tịch,Trực tuyến,1,1,2026-12-28,2026-12-28,0,Đã trả kết quả,Đúng hạn,5.0
HS2026003270,2026-12-28,12,4,Phường Kim Sơn,Tư pháp - Hộ tịch,Chứng thực bản sao từ bản chính,Trực tuyến,1,1,2026-12-29,2026-12-29,0,Đã trả kết quả,Đúng hạn,4.0
HS2026003271,2026-12-28,12,4,Phường An Thịnh,Tư pháp - Hộ tịch,Cấp phiếu lý lịch tư pháp số 1,Trực tiếp,10,9,2027-01-07,,0,Đang xử lý,,
HS2026003272,2026-12-28,12,4,Xã Mỹ Trạch,Tư pháp - Hộ tịch,Cấp phiếu lý lịch tư pháp số 1,Trực tuyến,10,8,2027-01-07,,0,Đang xử lý,,
HS2026003273,2026-12-28,12,4,Xã Nam Hải,Tư pháp - Hộ tịch,Đăng ký khai sinh,Trực tuyến,3,3,2026-12-31,2026-12-31,0,Đã trả kết quả,Đúng hạn,5.0
HS2026003274,2026-12-28,12,4,Xã Tân Phước,Kinh tế - Đăng ký KD,Đăng ký hộ kinh doanh,Trực tuyến,3,2,2026-12-31,2026-12-30,0,Đã trả kết quả,Đúng hạn,5.0
HS2026003275,2026-12-28,12,4,Phường Hoà Lạc,Tư pháp - Hộ tịch,Cấp bản sao trích lục hộ tịch,Trực tuyến,1,1,2026-12-29,2026-12-29,0,Đã trả kết quả,Đúng hạn,5.0
HS2026003276,2026-12-28,12,4,Phường Hoà Lạc,Tư pháp - Hộ tịch,Cấp phiếu lý lịch tư pháp số 1,Trực tuyến,10,7,2027-01-07,,0,Đang xử lý,,
HS2026003277,2026-12-29,12,4,Phường Kim Sơn,Tư pháp - Hộ tịch,Đăng ký khai sinh,Trực tuyến,3,3,2027-01-01,,0,Đang xử lý,,
HS2026003278,2026-12-29,12,4,Phường Kim Sơn,Tư pháp - Hộ tịch,Đăng ký khai tử,Trực tuyến,3,3,2027-01-01,,0,Đang xử lý,,
HS2026003279,2026-12-29,12,4,Phường Hoà Lạc,Tư pháp - Hộ tịch,Cấp bản sao trích lục hộ tịch,Bưu chính công ích,1,1,2026-12-30,2026-12-30,0,Đã trả kết quả,Đúng hạn,5.0
HS2026003280,2026-12-29,12,4,Phường Bình Minh,Tư pháp - Hộ tịch,Chứng thực bản sao từ bản chính,Bưu chính công ích,1,1,2026-12-30,2026-12-30,0,Đã trả kết quả,Đúng hạn,4.0
HS2026003281,2026-12-29,12,4,Phường Long Phú,Kinh tế - Đăng ký KD,Đăng ký hộ kinh doanh,Trực tuyến,3,2,2027-01-01,2026-12-31,0,Đã trả kết quả,Đúng hạn,5.0
HS2026003282,2026-12-29,12,4,Phường An Thịnh,Đất đai - Tài nguyên,Đăng ký biến động đất đai,Trực tuyến,10,6,2027-01-08,,0,Đang xử lý,,
HS2026003283,2026-12-29,12,4,Phường Bình Minh,Tư pháp - Hộ tịch,Chứng thực bản sao từ bản chính,Trực tiếp,1,1,2026-12-30,2026-12-30,0,Đã trả kết quả,Đúng hạn,5.0
HS2026003284,2026-12-29,12,4,Phường Bình Minh,Kinh tế - Đăng ký KD,Đăng ký hộ kinh doanh,Trực tuyến,3,2,2027-01-01,2026-12-31,0,Đã trả kết quả,Đúng hạn,5.0
HS2026003285,2026-12-30,12,4,Phường Bình Minh,Đất đai - Tài nguyên,Đăng ký biến động đất đai,Trực tuyến,10,5,2027-01-09,,0,Đang xử lý,,
HS2026003286,2026-12-30,12,4,Xã Mỹ Trạch,Tư pháp - Hộ tịch,Đăng ký khai sinh,Trực tuyến,3,6,2027-01-02,,2,Đang xử lý,,
HS2026003287,2026-12-30,12,4,Xã Mỹ Trạch,Tư pháp - Hộ tịch,Đăng ký kết hôn,Trực tuyến,3,2,2027-01-02,,0,Đang xử lý,,
HS2026003288,2026-12-30,12,4,Phường Kim Sơn,Tư pháp - Hộ tịch,Đăng ký kết hôn,Trực tuyến,3,3,2027-01-02,,0,Đang xử lý,,
HS2026003289,2026-12-31,12,4,Xã Mỹ Trạch,Tư pháp - Hộ tịch,Chứng thực bản sao từ bản chính,Trực tiếp,1,1,2027-01-01,,0,Đang xử lý,,
HS2026003290,2026-12-31,12,4,Phường Bình Minh,Lao động - Xã hội,Trợ cấp xã hội hằng tháng,Trực tuyến,20,11,2027-01-20,,0,Đang xử lý,,
HS2026003291,2026-12-31,12,4,Phường Long Phú,Đất đai - Tài nguyên,Đăng ký biến động đất đai,Bưu chính công ích,10,9,2027-01-10,,0,Đang xử lý,,
HS2026003292,2026-12-31,12,4,Xã Mỹ Trạch,Tư pháp - Hộ tịch,Cấp phiếu lý lịch tư pháp số 1,Trực tuyến,10,7,2027-01-10,,0,Đang xử lý,,
HS2026003293,2026-12-31,12,4,Xã Nam Hải,Kinh tế - Đăng ký KD,Đăng ký hộ kinh doanh,Trực tuyến,3,3,2027-01-03,,0,Đang xử lý,,
HS2026003294,2026-12-31,12,4,Phường Kim Sơn,Đất đai - Tài nguyên,Đăng ký biến động đất đai,Trực tiếp,10,8,2027-01-10,,1,Đang xử lý,,
HS2026003295,2026-12-31,12,4,Phường An Thịnh,Tư pháp - Hộ tịch,Cấp phiếu lý lịch tư pháp số 1,Trực tiếp,10,9,2027-01-10,,0,Đang xử lý,,
